file,steps,details,size
.dockerignore,General/Simulation,"{""General/Simulation"": 1}",440
.env,Climate; General/Simulation,"{""Climate"": 5, ""General/Simulation"": 2}",5352
.env.example,General/Simulation,"{""General/Simulation"": 1}",1160
.env.template,Climate; Carbon & RothC; Monitoring & Calibration; General/Simulation,"{""Climate"": 1, ""Carbon & RothC"": 1, ""Monitoring & Calibration"": 1, ""General/Simulation"": 3}",4511
alembic.ini,General/Simulation,"{""General/Simulation"": 1}",5166
analyze_local_code.py,Land Recognition & GIS; Topography & DEM; Soil; Climate; Water Resources; Erosion (RUSLE); Carbon & RothC; Plant Selection & Crop Modeling; Irrigation & Water Requirement; Hydraulic & Structure Design; Optimization & Scenario; Economy & Carbon MRV; Livelihood & Rural Development; Monitoring & Calibration; General/Simulation,"{""Land Recognition & GIS"": 25, ""Topography & DEM"": 18, ""Soil"": 18, ""Climate"": 21, ""Water Resources"": 20, ""Erosion (RUSLE)"": 10, ""Carbon & RothC"": 16, ""Plant Selection & Crop Modeling"": 19, ""Irrigation & Water Requirement"": 14, ""Hydraulic & Structure Design"": 16, ""Optimization & Scenario"": 15, ""Economy & Carbon MRV"": 12, ""Livelihood & Rural Development"": 11, ""Monitoring & Calibration"": 13, ""General/Simulation"": 12}",12750
centralize_models.py,Plant Selection & Crop Modeling; Irrigation & Water Requirement; General/Simulation,"{""Plant Selection & Crop Modeling"": 1, ""Irrigation & Water Requirement"": 1, ""General/Simulation"": 2}",4605
CPP_INTEGRATION_GUIDE.md,Water Resources; Erosion (RUSLE); Plant Selection & Crop Modeling; Irrigation & Water Requirement; General/Simulation,"{""Water Resources"": 1, ""Erosion (RUSLE)"": 2, ""Plant Selection & Crop Modeling"": 1, ""Irrigation & Water Requirement"": 1, ""General/Simulation"": 1}",1838
create_test_db_module.py,Plant Selection & Crop Modeling; Irrigation & Water Requirement; General/Simulation,"{""Plant Selection & Crop Modeling"": 3, ""Irrigation & Water Requirement"": 1, ""General/Simulation"": 1}",4743
DEMO_SCRIPT.md,Topography & DEM; Soil; Climate; Water Resources; Carbon & RothC; Plant Selection & Crop Modeling; Irrigation & Water Requirement; Hydraulic & Structure Design; Optimization & Scenario; Economy & Carbon MRV; Livelihood & Rural Development; General/Simulation,"{""Topography & DEM"": 1, ""Soil"": 6, ""Climate"": 3, ""Water Resources"": 3, ""Carbon & RothC"": 14, ""Plant Selection & Crop Modeling"": 5, ""Irrigation & Water Requirement"": 1, ""Hydraulic & Structure Design"": 1, ""Optimization & Scenario"": 1, ""Economy & Carbon MRV"": 3, ""Livelihood & Rural Development"": 1, ""General/Simulation"": 7}",12142
Dockerfile,Land Recognition & GIS; General/Simulation,"{""Land Recognition & GIS"": 2, ""General/Simulation"": 1}",963
ECONOMIC_MODEL.md,Soil; Climate; Water Resources; Carbon & RothC; Plant Selection & Crop Modeling; Irrigation & Water Requirement; Optimization & Scenario; Economy & Carbon MRV; Monitoring & Calibration; General/Simulation,"{""Soil"": 1, ""Climate"": 3, ""Water Resources"": 2, ""Carbon & RothC"": 5, ""Plant Selection & Crop Modeling"": 3, ""Irrigation & Water Requirement"": 2, ""Optimization & Scenario"": 3, ""Economy & Carbon MRV"": 9, ""Monitoring & Calibration"": 3, ""General/Simulation"": 3}",10803
ECO_COIN_WHITEPAPER.md,Carbon & RothC; Plant Selection & Crop Modeling; Economy & Carbon MRV; Monitoring & Calibration; General/Simulation,"{""Carbon & RothC"": 36, ""Plant Selection & Crop Modeling"": 1, ""Economy & Carbon MRV"": 2, ""Monitoring & Calibration"": 1, ""General/Simulation"": 2}",10648
final_fix_auth_models_dynamic.py,General/Simulation,"{""General/Simulation"": 1}",3194
fix_ai_conversation.py,Plant Selection & Crop Modeling; Irrigation & Water Requirement; General/Simulation,"{""Plant Selection & Crop Modeling"": 1, ""Irrigation & Water Requirement"": 1, ""General/Simulation"": 1}",4422
fix_conftest_alias.py,Plant Selection & Crop Modeling; Irrigation & Water Requirement,"{""Plant Selection & Crop Modeling"": 1, ""Irrigation & Water Requirement"": 1}",1465
fix_database_models_dynamic.py,General/Simulation,"{""General/Simulation"": 1}",2741
fix_duplicate_models_clean.py,Plant Selection & Crop Modeling; Irrigation & Water Requirement,"{""Plant Selection & Crop Modeling"": 1, ""Irrigation & Water Requirement"": 1}",5377
fix_environment_final.py,Plant Selection & Crop Modeling; Irrigation & Water Requirement; General/Simulation,"{""Plant Selection & Crop Modeling"": 3, ""Irrigation & Water Requirement"": 1, ""General/Simulation"": 5}",7400
fix_getattr_recursion.py,General/Simulation,"{""General/Simulation"": 3}",5438
fix_test_db_pool.py,Plant Selection & Crop Modeling; Irrigation & Water Requirement,"{""Plant Selection & Crop Modeling"": 1, ""Irrigation & Water Requirement"": 1}",1483
fix_test_session_import.py,Plant Selection & Crop Modeling; Irrigation & Water Requirement,"{""Plant Selection & Crop Modeling"": 1, ""Irrigation & Water Requirement"": 1}",2157
INVESTOR_PITCH.md,Soil; Climate; Carbon & RothC; Plant Selection & Crop Modeling; Hydraulic & Structure Design; Optimization & Scenario; Economy & Carbon MRV; Monitoring & Calibration; General/Simulation,"{""Soil"": 1, ""Climate"": 7, ""Carbon & RothC"": 11, ""Plant Selection & Crop Modeling"": 2, ""Hydraulic & Structure Design"": 1, ""Optimization & Scenario"": 1, ""Economy & Carbon MRV"": 5, ""Monitoring & Calibration"": 1, ""General/Simulation"": 3}",6679
LEGAL_COMPLIANCE.md,Hydraulic & Structure Design; Monitoring & Calibration; General/Simulation,"{""Hydraulic & Structure Design"": 3, ""Monitoring & Calibration"": 5, ""General/Simulation"": 2}",6597
pnpm-lock.yaml,Land Recognition & GIS; Livelihood & Rural Development,"{""Land Recognition & GIS"": 12, ""Livelihood & Rural Development"": 8}",177837
PRESENTATION.md,Soil; Climate; Water Resources; Carbon & RothC; Plant Selection & Crop Modeling; Irrigation & Water Requirement; Optimization & Scenario; Economy & Carbon MRV; Livelihood & Rural Development; Monitoring & Calibration; General/Simulation,"{""Soil"": 3, ""Climate"": 7, ""Water Resources"": 2, ""Carbon & RothC"": 16, ""Plant Selection & Crop Modeling"": 7, ""Irrigation & Water Requirement"": 1, ""Optimization & Scenario"": 1, ""Economy & Carbon MRV"": 5, ""Livelihood & Rural Development"": 1, ""Monitoring & Calibration"": 2, ""General/Simulation"": 3}",9684
PROJECT_SUMMARY.md,Topography & DEM; Soil; Climate; Water Resources; Carbon & RothC; Plant Selection & Crop Modeling; Irrigation & Water Requirement; Optimization & Scenario; Economy & Carbon MRV; Livelihood & Rural Development; Monitoring & Calibration; General/Simulation,"{""Topography & DEM"": 1, ""Soil"": 2, ""Climate"": 6, ""Water Resources"": 2, ""Carbon & RothC"": 9, ""Plant Selection & Crop Modeling"": 5, ""Irrigation & Water Requirement"": 2, ""Optimization & Scenario"": 1, ""Economy & Carbon MRV"": 5, ""Livelihood & Rural Development"": 2, ""Monitoring & Calibration"": 1, ""General/Simulation"": 8}",7209
pyproject.toml,Land Recognition & GIS; Climate; Monitoring & Calibration; General/Simulation,"{""Land Recognition & GIS"": 10, ""Climate"": 2, ""Monitoring & Calibration"": 1, ""General/Simulation"": 2}",3940
README.md,Land Recognition & GIS; Soil; Climate; Water Resources; Erosion (RUSLE); Carbon & RothC; Irrigation & Water Requirement; Optimization & Scenario; Economy & Carbon MRV; Livelihood & Rural Development; Monitoring & Calibration; General/Simulation,"{""Land Recognition & GIS"": 1, ""Soil"": 4, ""Climate"": 2, ""Water Resources"": 3, ""Erosion (RUSLE)"": 4, ""Carbon & RothC"": 6, ""Irrigation & Water Requirement"": 2, ""Optimization & Scenario"": 2, ""Economy & Carbon MRV"": 3, ""Livelihood & Rural Development"": 1, ""Monitoring & Calibration"": 2, ""General/Simulation"": 7}",5578
remove_base_placeholder.py,Plant Selection & Crop Modeling; Irrigation & Water Requirement,"{""Plant Selection & Crop Modeling"": 1, ""Irrigation & Water Requirement"": 1}",2039
repo_analysis.csv,Land Recognition & GIS; Topography & DEM; Water Resources; Livelihood & Rural Development,"{""Land Recognition & GIS"": 7, ""Topography & DEM"": 1, ""Water Resources"": 1, ""Livelihood & Rural Development"": 2}",601
repo_analysis.json,Land Recognition & GIS; Topography & DEM; Water Resources; Livelihood & Rural Development; General/Simulation,"{""Land Recognition & GIS"": 16, ""Topography & DEM"": 2, ""Water Resources"": 1, ""Livelihood & Rural Development"": 4, ""General/Simulation"": 1}",6780
repo_analyzer.py,Land Recognition & GIS; Topography & DEM; Soil; Climate; Water Resources; Erosion (RUSLE); Carbon & RothC; Plant Selection & Crop Modeling; Irrigation & Water Requirement; Hydraulic & Structure Design; Optimization & Scenario; Economy & Carbon MRV; Livelihood & Rural Development; Monitoring & Calibration; General/Simulation,"{""Land Recognition & GIS"": 12, ""Topography & DEM"": 11, ""Soil"": 9, ""Climate"": 8, ""Water Resources"": 14, ""Erosion (RUSLE)"": 7, ""Carbon & RothC"": 13, ""Plant Selection & Crop Modeling"": 14, ""Irrigation & Water Requirement"": 11, ""Hydraulic & Structure Design"": 11, ""Optimization & Scenario"": 9, ""Economy & Carbon MRV"": 9, ""Livelihood & Rural Development"": 8, ""Monitoring & Calibration"": 10, ""General/Simulation"": 10}",12554
requirements-optional.txt,Land Recognition & GIS; Climate,"{""Land Recognition & GIS"": 3, ""Climate"": 1}",561
requirements-research.txt,Land Recognition & GIS; Climate,"{""Land Recognition & GIS"": 2, ""Climate"": 1}",188
requirements.lock.txt,Land Recognition & GIS; Climate; Plant Selection & Crop Modeling; Irrigation & Water Requirement; Livelihood & Rural Development,"{""Land Recognition & GIS"": 5, ""Climate"": 2, ""Plant Selection & Crop Modeling"": 1, ""Irrigation & Water Requirement"": 1, ""Livelihood & Rural Development"": 1}",9963
adapters\engine_adapter.py,Topography & DEM,"{""Topography & DEM"": 1}",1806
adapters\hydroma_adapter.py,Soil; Climate; Water Resources; Hydraulic & Structure Design; General/Simulation,"{""Soil"": 2, ""Climate"": 2, ""Water Resources"": 5, ""Hydraulic & Structure Design"": 1, ""General/Simulation"": 1}",3407
alembic\env.py,General/Simulation,"{""General/Simulation"": 1}",2148
analysis.json\analysis_20260821_182923.json,Soil; Climate; Carbon & RothC; Hydraulic & Structure Design; General/Simulation,"{""Soil"": 2, ""Climate"": 8, ""Carbon & RothC"": 1, ""Hydraulic & Structure Design"": 5, ""General/Simulation"": 1}",13414
benchmarks\benchmark.py,Optimization & Scenario,"{""Optimization & Scenario"": 1}",4460
benchmarks\benchmark_report.md,Soil; Water Resources; Erosion (RUSLE); Hydraulic & Structure Design; Optimization & Scenario,"{""Soil"": 1, ""Water Resources"": 1, ""Erosion (RUSLE)"": 1, ""Hydraulic & Structure Design"": 1, ""Optimization & Scenario"": 1}",2377
contracts\package-lock.json,Land Recognition & GIS,"{""Land Recognition & GIS"": 20}",154687
contracts\simulation.py,Erosion (RUSLE); Carbon & RothC; Plant Selection & Crop Modeling; Irrigation & Water Requirement; Hydraulic & Structure Design; General/Simulation,"{""Erosion (RUSLE)"": 2, ""Carbon & RothC"": 2, ""Plant Selection & Crop Modeling"": 2, ""Irrigation & Water Requirement"": 2, ""Hydraulic & Structure Design"": 4, ""General/Simulation"": 12}",3349
database\adapter.py,Land Recognition & GIS; Soil; General/Simulation,"{""Land Recognition & GIS"": 10, ""Soil"": 1, ""General/Simulation"": 1}",6167
database\analytics.py,Optimization & Scenario,"{""Optimization & Scenario"": 6}",1785
database\config.py,Plant Selection & Crop Modeling,"{""Plant Selection & Crop Modeling"": 1}",2338
database\config.py.bak_test_fix,Plant Selection & Crop Modeling,"{""Plant Selection & Crop Modeling"": 1}",2155
database\create_test_data.py,Soil; Plant Selection & Crop Modeling; Optimization & Scenario,"{""Soil"": 2, ""Plant Selection & Crop Modeling"": 1, ""Optimization & Scenario"": 1}",4365
database\models.py,General/Simulation,"{""General/Simulation"": 1}",4190
database\models.py.bak_ai,General/Simulation,"{""General/Simulation"": 1}",8790
database\models.py.bak_audit,General/Simulation,"{""General/Simulation"": 1}",8827
database\models.py.bak_central,General/Simulation,"{""General/Simulation"": 1}",8210
database\models.py.bak_clean_dup,General/Simulation,"{""General/Simulation"": 1}",7283
database\models.py.bak_dynamic_final,General/Simulation,"{""General/Simulation"": 1}",2741
database\models.py.bak_final_env,General/Simulation,"{""General/Simulation"": 1}",9083
database\models.py.bak_final_user_model,General/Simulation,"{""General/Simulation"": 1}",8827
database\models.py.bak_hash,General/Simulation,"{""General/Simulation"": 1}",8755
database\models.py.bak_missing_models,General/Simulation,"{""General/Simulation"": 1}",1025
database\models.py.bak_passhash,General/Simulation,"{""General/Simulation"": 1}",8828
database\models.py.bak_recursion_fix,General/Simulation,"{""General/Simulation"": 1}",2081
database\models.py.bak_remove_base,General/Simulation,"{""General/Simulation"": 1}",7546
database\models.py.bak_user_id,General/Simulation,"{""General/Simulation"": 1}",8828
DELIVERY\README.md,Soil; Climate; Erosion (RUSLE); Carbon & RothC; Plant Selection & Crop Modeling; General/Simulation,"{""Soil"": 1, ""Climate"": 1, ""Erosion (RUSLE)"": 4, ""Carbon & RothC"": 1, ""Plant Selection & Crop Modeling"": 1, ""General/Simulation"": 1}",4226
docs\API_REFERENCE.md,Land Recognition & GIS; Soil; Water Resources; Carbon & RothC; Plant Selection & Crop Modeling,"{""Land Recognition & GIS"": 1, ""Soil"": 4, ""Water Resources"": 2, ""Carbon & RothC"": 14, ""Plant Selection & Crop Modeling"": 1}",3694
docs\ARCHITECTURE.md,Land Recognition & GIS; Soil; Climate; Water Resources; Erosion (RUSLE); Carbon & RothC; Plant Selection & Crop Modeling; Irrigation & Water Requirement; Hydraulic & Structure Design; Optimization & Scenario; Economy & Carbon MRV; Monitoring & Calibration; General/Simulation,"{""Land Recognition & GIS"": 3, ""Soil"": 6, ""Climate"": 5, ""Water Resources"": 8, ""Erosion (RUSLE)"": 4, ""Carbon & RothC"": 8, ""Plant Selection & Crop Modeling"": 7, ""Irrigation & Water Requirement"": 6, ""Hydraulic & Structure Design"": 2, ""Optimization & Scenario"": 6, ""Economy & Carbon MRV"": 5, ""Monitoring & Calibration"": 6, ""General/Simulation"": 4}",8367
docs\ARCHITECTURE_STANDARD.md,Land Recognition & GIS; Soil; Climate; Livelihood & Rural Development; General/Simulation,"{""Land Recognition & GIS"": 1, ""Soil"": 2, ""Climate"": 2, ""Livelihood & Rural Development"": 1, ""General/Simulation"": 1}",3234
docs\file_structure.md,Land Recognition & GIS; Topography & DEM; Water Resources; Erosion (RUSLE); Irrigation & Water Requirement; Hydraulic & Structure Design; Economy & Carbon MRV; Monitoring & Calibration; General/Simulation,"{""Land Recognition & GIS"": 4, ""Topography & DEM"": 3, ""Water Resources"": 1, ""Erosion (RUSLE)"": 1, ""Irrigation & Water Requirement"": 3, ""Hydraulic & Structure Design"": 1, ""Economy & Carbon MRV"": 1, ""Monitoring & Calibration"": 2, ""General/Simulation"": 1}",1144
docs\HGW_HONESTY_NOTE.md,Climate; Water Resources; Economy & Carbon MRV; Monitoring & Calibration,"{""Climate"": 6, ""Water Resources"": 3, ""Economy & Carbon MRV"": 1, ""Monitoring & Calibration"": 1}",2948
docs\HYDROMA_MODELS.md,Land Recognition & GIS; Topography & DEM; Soil; Climate; Water Resources; Carbon & RothC; Plant Selection & Crop Modeling; Irrigation & Water Requirement; Economy & Carbon MRV; Monitoring & Calibration; General/Simulation,"{""Land Recognition & GIS"": 1, ""Topography & DEM"": 1, ""Soil"": 15, ""Climate"": 5, ""Water Resources"": 13, ""Carbon & RothC"": 14, ""Plant Selection & Crop Modeling"": 24, ""Irrigation & Water Requirement"": 12, ""Economy & Carbon MRV"": 1, ""Monitoring & Calibration"": 4, ""General/Simulation"": 7}",9402
docs\NEW_MODULES_API.md,Plant Selection & Crop Modeling,"{""Plant Selection & Crop Modeling"": 1}",714
docs\ROADMAP.md,Soil; Climate; Carbon & RothC; Plant Selection & Crop Modeling; Economy & Carbon MRV; Monitoring & Calibration; General/Simulation,"{""Soil"": 2, ""Climate"": 3, ""Carbon & RothC"": 5, ""Plant Selection & Crop Modeling"": 4, ""Economy & Carbon MRV"": 1, ""Monitoring & Calibration"": 1, ""General/Simulation"": 2}",3269
docs\SERVICE_MODULES.md,Land Recognition & GIS; Soil; Climate; Water Resources; Carbon & RothC; Plant Selection & Crop Modeling; Economy & Carbon MRV; Monitoring & Calibration,"{""Land Recognition & GIS"": 1, ""Soil"": 4, ""Climate"": 4, ""Water Resources"": 2, ""Carbon & RothC"": 4, ""Plant Selection & Crop Modeling"": 1, ""Economy & Carbon MRV"": 5, ""Monitoring & Calibration"": 3}",4581
docs\USER_GUIDE.md,Topography & DEM; Soil; Climate; Water Resources; Carbon & RothC; Plant Selection & Crop Modeling; Hydraulic & Structure Design; Optimization & Scenario; General/Simulation,"{""Topography & DEM"": 1, ""Soil"": 6, ""Climate"": 8, ""Water Resources"": 4, ""Carbon & RothC"": 8, ""Plant Selection & Crop Modeling"": 7, ""Hydraulic & Structure Design"": 2, ""Optimization & Scenario"": 3, ""General/Simulation"": 2}",4776
econojin.egg-info\PKG-INFO,Land Recognition & GIS; Soil; Climate; Water Resources; Erosion (RUSLE); Carbon & RothC; Optimization & Scenario; Livelihood & Rural Development; General/Simulation,"{""Land Recognition & GIS"": 6, ""Soil"": 4, ""Climate"": 3, ""Water Resources"": 1, ""Erosion (RUSLE)"": 4, ""Carbon & RothC"": 4, ""Optimization & Scenario"": 1, ""Livelihood & Rural Development"": 1, ""General/Simulation"": 7}",6649
econojin.egg-info\requires.txt,Land Recognition & GIS; Climate,"{""Land Recognition & GIS"": 4, ""Climate"": 1}",963
econojin.egg-info\SOURCES.txt,Land Recognition & GIS; Soil; Climate; Water Resources; Erosion (RUSLE); Carbon & RothC; Plant Selection & Crop Modeling; Optimization & Scenario; Economy & Carbon MRV; Monitoring & Calibration; General/Simulation,"{""Land Recognition & GIS"": 4, ""Soil"": 14, ""Climate"": 2, ""Water Resources"": 7, ""Erosion (RUSLE)"": 4, ""Carbon & RothC"": 6, ""Plant Selection & Crop Modeling"": 4, ""Optimization & Scenario"": 1, ""Economy & Carbon MRV"": 10, ""Monitoring & Calibration"": 1, ""General/Simulation"": 12}",10283
engine\README.md,Topography & DEM; Soil; Climate; Water Resources; Plant Selection & Crop Modeling; Irrigation & Water Requirement; Hydraulic & Structure Design; Optimization & Scenario; Monitoring & Calibration; General/Simulation,"{""Topography & DEM"": 5, ""Soil"": 1, ""Climate"": 2, ""Water Resources"": 3, ""Plant Selection & Crop Modeling"": 1, ""Irrigation & Water Requirement"": 1, ""Hydraulic & Structure Design"": 1, ""Optimization & Scenario"": 1, ""Monitoring & Calibration"": 1, ""General/Simulation"": 2}",2018
engine\__init__.py,Hydraulic & Structure Design,"{""Hydraulic & Structure Design"": 1}",605
frontend\fix.py,Soil; General/Simulation,"{""Soil"": 1, ""General/Simulation"": 1}",2983
htmlcov\class_index.html,Soil; Water Resources; Carbon & RothC; Economy & Carbon MRV; General/Simulation,"{""Soil"": 1, ""Water Resources"": 1, ""Carbon & RothC"": 3, ""Economy & Carbon MRV"": 1, ""General/Simulation"": 1}",194673
htmlcov\coverage_html_cb_188fc9a4.js,Land Recognition & GIS,"{""Land Recognition & GIS"": 2}",26185
htmlcov\function_index.html,Soil; Water Resources; Carbon & RothC; Economy & Carbon MRV; General/Simulation,"{""Soil"": 6, ""Water Resources"": 3, ""Carbon & RothC"": 22, ""Economy & Carbon MRV"": 12, ""General/Simulation"": 4}",806717
htmlcov\index.html,Soil; Water Resources; Carbon & RothC; Economy & Carbon MRV; General/Simulation,"{""Soil"": 1, ""Water Resources"": 1, ""Carbon & RothC"": 3, ""Economy & Carbon MRV"": 1, ""General/Simulation"": 1}",106251
htmlcov\status.json,Soil; Water Resources; Carbon & RothC; Economy & Carbon MRV; General/Simulation,"{""Soil"": 1, ""Water Resources"": 1, ""Carbon & RothC"": 3, ""Economy & Carbon MRV"": 1, ""General/Simulation"": 1}",52869
htmlcov\z_1033b0ecca273094_ivr_engine_py.html,Soil; Climate; Plant Selection & Crop Modeling,"{""Soil"": 2, ""Climate"": 7, ""Plant Selection & Crop Modeling"": 2}",67440
htmlcov\z_1033b0ecca273094_stt_provider_py.html,General/Simulation,"{""General/Simulation"": 1}",22595
htmlcov\z_1033b0ecca273094_tts_provider_py.html,General/Simulation,"{""General/Simulation"": 1}",22907
htmlcov\z_1541ab9a5b2b9dff_models_py.html,General/Simulation,"{""General/Simulation"": 4}",12724
htmlcov\z_165fcb5f55db4fa5_agrovoc_py.html,Land Recognition & GIS; Soil; Climate; Water Resources; Erosion (RUSLE); Carbon & RothC; Plant Selection & Crop Modeling; Irrigation & Water Requirement; Monitoring & Calibration; General/Simulation,"{""Land Recognition & GIS"": 2, ""Soil"": 16, ""Climate"": 11, ""Water Resources"": 10, ""Erosion (RUSLE)"": 2, ""Carbon & RothC"": 10, ""Plant Selection & Crop Modeling"": 11, ""Irrigation & Water Requirement"": 3, ""Monitoring & Calibration"": 1, ""General/Simulation"": 3}",60613
htmlcov\z_165fcb5f55db4fa5_citations_py.html,General/Simulation,"{""General/Simulation"": 9}",17524
htmlcov\z_165fcb5f55db4fa5_datasets_py.html,Climate; Water Resources; Plant Selection & Crop Modeling; General/Simulation,"{""Climate"": 3, ""Water Resources"": 1, ""Plant Selection & Crop Modeling"": 1, ""General/Simulation"": 1}",26585
htmlcov\z_165fcb5f55db4fa5_zenodo_py.html,Soil; Climate; Water Resources; Carbon & RothC; General/Simulation,"{""Soil"": 1, ""Climate"": 1, ""Water Resources"": 1, ""Carbon & RothC"": 1, ""General/Simulation"": 2}",33608
htmlcov\z_1e32d60095dd8626_oracle_py.html,Carbon & RothC,"{""Carbon & RothC"": 3}",18687
htmlcov\z_1e32d60095dd8626_verification_py.html,Carbon & RothC; Optimization & Scenario,"{""Carbon & RothC"": 5, ""Optimization & Scenario"": 1}",32811
htmlcov\z_20a668043242ca58_carbon_registry_py.html,Carbon & RothC; Economy & Carbon MRV; General/Simulation,"{""Carbon & RothC"": 12, ""Economy & Carbon MRV"": 3, ""General/Simulation"": 1}",69733
htmlcov\z_20a668043242ca58_web3_provider_py.html,General/Simulation,"{""General/Simulation"": 1}",22109
htmlcov\z_2ddfc9fed157cba7_models_py.html,General/Simulation,"{""General/Simulation"": 4}",12718
htmlcov\z_30d8034fae0c87bb_bale_py.html,General/Simulation,"{""General/Simulation"": 2}",19218
htmlcov\z_30d8034fae0c87bb_rubika_py.html,General/Simulation,"{""General/Simulation"": 2}",12116
htmlcov\z_31ebb35e5bbc9bd9_land_profile_py.html,General/Simulation,"{""General/Simulation"": 2}",26125
htmlcov\z_31ebb35e5bbc9bd9_service_py.html,Topography & DEM; Soil; Climate; Water Resources,"{""Topography & DEM"": 5, ""Soil"": 4, ""Climate"": 4, ""Water Resources"": 11}",117655
htmlcov\z_31ebb35e5bbc9bd9_terrain_analysis_py.html,Topography & DEM; Irrigation & Water Requirement; General/Simulation,"{""Topography & DEM"": 5, ""Irrigation & Water Requirement"": 1, ""General/Simulation"": 2}",11206
htmlcov\z_3f9969a11c1534ec_models_py.html,General/Simulation,"{""General/Simulation"": 4}",12678
htmlcov\z_570527c79779b0f7_distribution_py.html,Carbon & RothC; Livelihood & Rural Development,"{""Carbon & RothC"": 1, ""Livelihood & Rural Development"": 1}",15309
htmlcov\z_570527c79779b0f7_service_py.html,Livelihood & Rural Development,"{""Livelihood & Rural Development"": 1}",28709
htmlcov\z_63a408d6d0320266_smart_mapper_py.html,Land Recognition & GIS; Soil; Climate; Water Resources; Plant Selection & Crop Modeling; Irrigation & Water Requirement,"{""Land Recognition & GIS"": 1, ""Soil"": 2, ""Climate"": 1, ""Water Resources"": 5, ""Plant Selection & Crop Modeling"": 14, ""Irrigation & Water Requirement"": 13}",50545
htmlcov\z_63a408d6d0320266_test_hydroma_motors_py.html,Land Recognition & GIS; Soil; Climate; Plant Selection & Crop Modeling; Economy & Carbon MRV,"{""Land Recognition & GIS"": 2, ""Soil"": 1, ""Climate"": 1, ""Plant Selection & Crop Modeling"": 5, ""Economy & Carbon MRV"": 1}",49774
htmlcov\z_661207373540063f_cpp_bridge_py.html,Soil; Climate,"{""Soil"": 1, ""Climate"": 1}",36712
htmlcov\z_661207373540063f_land_models_py.html,Land Recognition & GIS,"{""Land Recognition & GIS"": 2}",27928
htmlcov\z_661207373540063f_pinn_surrogate_py.html,Plant Selection & Crop Modeling; Irrigation & Water Requirement; General/Simulation,"{""Plant Selection & Crop Modeling"": 3, ""Irrigation & Water Requirement"": 1, ""General/Simulation"": 4}",33357
htmlcov\z_661207373540063f_registry_py.html,Land Recognition & GIS; Topography & DEM; Soil; Climate; Water Resources; Erosion (RUSLE); Carbon & RothC; Plant Selection & Crop Modeling; Irrigation & Water Requirement; Hydraulic & Structure Design; Optimization & Scenario; General/Simulation,"{""Land Recognition & GIS"": 2, ""Topography & DEM"": 1, ""Soil"": 16, ""Climate"": 6, ""Water Resources"": 12, ""Erosion (RUSLE)"": 6, ""Carbon & RothC"": 16, ""Plant Selection & Crop Modeling"": 10, ""Irrigation & Water Requirement"": 4, ""Hydraulic & Structure Design"": 1, ""Optimization & Scenario"": 4, ""General/Simulation"": 12}",178845
htmlcov\z_680300c61e564608_client_py.html,General/Simulation,"{""General/Simulation"": 1}",20640
htmlcov\z_680300c61e564608_models_py.html,Land Recognition & GIS; Carbon & RothC; Economy & Carbon MRV,"{""Land Recognition & GIS"": 1, ""Carbon & RothC"": 2, ""Economy & Carbon MRV"": 1}",23034
htmlcov\z_6d406ceef5d5c4ad_models_py.html,General/Simulation,"{""General/Simulation"": 4}",12709
htmlcov\z_746efe9727c18c6e_dependencies_py.html,Plant Selection & Crop Modeling,"{""Plant Selection & Crop Modeling"": 1}",9243
htmlcov\z_746efe9727c18c6e_main_py.html,Soil; Climate; Water Resources; Carbon & RothC; Plant Selection & Crop Modeling; Irrigation & Water Requirement; Monitoring & Calibration; General/Simulation,"{""Soil"": 6, ""Climate"": 1, ""Water Resources"": 4, ""Carbon & RothC"": 5, ""Plant Selection & Crop Modeling"": 3, ""Irrigation & Water Requirement"": 1, ""Monitoring & Calibration"": 1, ""General/Simulation"": 3}",89985
htmlcov\z_7ab3d6253c297be7_models_py.html,General/Simulation,"{""General/Simulation"": 4}",12656
htmlcov\z_968c41e5add87523_engine_py.html,Soil; Climate; Water Resources; Plant Selection & Crop Modeling,"{""Soil"": 4, ""Climate"": 5, ""Water Resources"": 6, ""Plant Selection & Crop Modeling"": 5}",138977
htmlcov\z_968c41e5add87523_sms_parser_py.html,Soil; Climate; Plant Selection & Crop Modeling,"{""Soil"": 9, ""Climate"": 11, ""Plant Selection & Crop Modeling"": 9}",73967
htmlcov\z_b8a64243b2a6110e_farm_py.html,Soil,"{""Soil"": 9}",62479
htmlcov\z_b8a64243b2a6110e_motors_py.html,Land Recognition & GIS; Topography & DEM; Soil; Water Resources; Erosion (RUSLE); Carbon & RothC; Plant Selection & Crop Modeling; Irrigation & Water Requirement; Hydraulic & Structure Design; Optimization & Scenario; Economy & Carbon MRV; General/Simulation,"{""Land Recognition & GIS"": 5, ""Topography & DEM"": 2, ""Soil"": 2, ""Water Resources"": 2, ""Erosion (RUSLE)"": 2, ""Carbon & RothC"": 4, ""Plant Selection & Crop Modeling"": 8, ""Irrigation & Water Requirement"": 3, ""Hydraulic & Structure Design"": 2, ""Optimization & Scenario"": 1, ""Economy & Carbon MRV"": 3, ""General/Simulation"": 1}",23946
htmlcov\z_bd533f29785bb5d6_base_py.html,Plant Selection & Crop Modeling; Irrigation & Water Requirement,"{""Plant Selection & Crop Modeling"": 2, ""Irrigation & Water Requirement"": 2}",37269
htmlcov\z_bd533f29785bb5d6_biofertilizer_py.html,Land Recognition & GIS; Soil; Climate; Plant Selection & Crop Modeling; General/Simulation,"{""Land Recognition & GIS"": 4, ""Soil"": 23, ""Climate"": 1, ""Plant Selection & Crop Modeling"": 6, ""General/Simulation"": 1}",106818
htmlcov\z_bd533f29785bb5d6_land_capability_py.html,Land Recognition & GIS; Topography & DEM; Soil; Climate; Water Resources; Erosion (RUSLE); Plant Selection & Crop Modeling; Irrigation & Water Requirement; General/Simulation,"{""Land Recognition & GIS"": 2, ""Topography & DEM"": 64, ""Soil"": 11, ""Climate"": 1, ""Water Resources"": 1, ""Erosion (RUSLE)"": 9, ""Plant Selection & Crop Modeling"": 1, ""Irrigation & Water Requirement"": 1, ""General/Simulation"": 1}",107137
htmlcov\z_bd533f29785bb5d6_test_lcc_py.html,Topography & DEM; Soil; Climate,"{""Topography & DEM"": 3, ""Soil"": 1, ""Climate"": 1}",31495
htmlcov\z_c38e121ab6c5bdad_index_insurance_py.html,Monitoring & Calibration,"{""Monitoring & Calibration"": 1}",29467
htmlcov\z_c61ee36202d0d998_bot_proxy_py.html,General/Simulation,"{""General/Simulation"": 1}",31434
htmlcov\z_c61ee36202d0d998_bot_py.html,Soil; Erosion (RUSLE); Carbon & RothC; Plant Selection & Crop Modeling; Irrigation & Water Requirement,"{""Soil"": 5, ""Erosion (RUSLE)"": 2, ""Carbon & RothC"": 15, ""Plant Selection & Crop Modeling"": 6, ""Irrigation & Water Requirement"": 1}",74508
htmlcov\z_c61ee36202d0d998_config_py.html,General/Simulation,"{""General/Simulation"": 1}",14140
htmlcov\z_c61ee36202d0d998_formatters_py.html,Soil; Climate; Erosion (RUSLE); Carbon & RothC; Plant Selection & Crop Modeling; Irrigation & Water Requirement,"{""Soil"": 2, ""Climate"": 11, ""Erosion (RUSLE)"": 7, ""Carbon & RothC"": 9, ""Plant Selection & Crop Modeling"": 7, ""Irrigation & Water Requirement"": 12}",92228
htmlcov\z_c61ee36202d0d998_i18n_py.html,Soil; Climate; Erosion (RUSLE); Carbon & RothC; Plant Selection & Crop Modeling; Irrigation & Water Requirement,"{""Soil"": 1, ""Climate"": 1, ""Erosion (RUSLE)"": 6, ""Carbon & RothC"": 7, ""Plant Selection & Crop Modeling"": 1, ""Irrigation & Water Requirement"": 6}",41043
htmlcov\z_c61ee36202d0d998_integration_py.html,Erosion (RUSLE); Carbon & RothC; Plant Selection & Crop Modeling; Irrigation & Water Requirement; Economy & Carbon MRV; Monitoring & Calibration,"{""Erosion (RUSLE)"": 1, ""Carbon & RothC"": 4, ""Plant Selection & Crop Modeling"": 3, ""Irrigation & Water Requirement"": 1, ""Economy & Carbon MRV"": 5, ""Monitoring & Calibration"": 2}",57555
htmlcov\z_c61ee36202d0d998_proxy_bot_py.html,Soil; Carbon & RothC; Plant Selection & Crop Modeling; Irrigation & Water Requirement; General/Simulation,"{""Soil"": 2, ""Carbon & RothC"": 6, ""Plant Selection & Crop Modeling"": 2, ""Irrigation & Water Requirement"": 3, ""General/Simulation"": 1}",79142
htmlcov\z_d21458d17120351b_config_py.html,General/Simulation,"{""General/Simulation"": 2}",15612
htmlcov\z_d21458d17120351b_i18n_py.html,Soil; Climate; Water Resources; Carbon & RothC; General/Simulation,"{""Soil"": 4, ""Climate"": 1, ""Water Resources"": 2, ""Carbon & RothC"": 1, ""General/Simulation"": 5}",128837
htmlcov\z_d21458d17120351b_platforms_py.html,General/Simulation,"{""General/Simulation"": 1}",25846
htmlcov\z_d86fb260788908f9_test_land_profile_py.html,Topography & DEM,"{""Topography & DEM"": 2}",13649
htmlcov\z_d86fb260788908f9_test_service_py.html,Topography & DEM,"{""Topography & DEM"": 4}",50548
htmlcov\z_e138a70c58336a28_admin_py.html,Soil; Climate; Water Resources; Carbon & RothC; General/Simulation,"{""Soil"": 1, ""Climate"": 5, ""Water Resources"": 1, ""Carbon & RothC"": 1, ""General/Simulation"": 9}",335435
htmlcov\z_e138a70c58336a28_ai_chat_py.html,Topography & DEM; Soil; Climate; Water Resources; Erosion (RUSLE); Carbon & RothC; Plant Selection & Crop Modeling; Irrigation & Water Requirement; Optimization & Scenario,"{""Topography & DEM"": 2, ""Soil"": 14, ""Climate"": 8, ""Water Resources"": 6, ""Erosion (RUSLE)"": 7, ""Carbon & RothC"": 10, ""Plant Selection & Crop Modeling"": 3, ""Irrigation & Water Requirement"": 4, ""Optimization & Scenario"": 1}",110030
htmlcov\z_e138a70c58336a28_ai_py.html,General/Simulation,"{""General/Simulation"": 2}",27703
htmlcov\z_e138a70c58336a28_analyses_py.html,Water Resources; Plant Selection & Crop Modeling; Irrigation & Water Requirement; Hydraulic & Structure Design; Monitoring & Calibration; General/Simulation,"{""Water Resources"": 3, ""Plant Selection & Crop Modeling"": 1, ""Irrigation & Water Requirement"": 1, ""Hydraulic & Structure Design"": 1, ""Monitoring & Calibration"": 3, ""General/Simulation"": 4}",30449
htmlcov\z_e138a70c58336a28_analytics_py.html,Soil; Carbon & RothC; Optimization & Scenario,"{""Soil"": 7, ""Carbon & RothC"": 4, ""Optimization & Scenario"": 14}",133827
htmlcov\z_e138a70c58336a28_blockchain_py.html,Carbon & RothC; Economy & Carbon MRV; General/Simulation,"{""Carbon & RothC"": 17, ""Economy & Carbon MRV"": 1, ""General/Simulation"": 3}",112131
htmlcov\z_e138a70c58336a28_carbon_engine_py.html,Soil; Climate; Water Resources; Carbon & RothC; Plant Selection & Crop Modeling; Irrigation & Water Requirement; Economy & Carbon MRV; Livelihood & Rural Development; Monitoring & Calibration; General/Simulation,"{""Soil"": 6, ""Climate"": 8, ""Water Resources"": 2, ""Carbon & RothC"": 20, ""Plant Selection & Crop Modeling"": 13, ""Irrigation & Water Requirement"": 3, ""Economy & Carbon MRV"": 1, ""Livelihood & Rural Development"": 1, ""Monitoring & Calibration"": 3, ""General/Simulation"": 7}",166004
htmlcov\z_e138a70c58336a28_carbon_py.html,Soil; Carbon & RothC; Plant Selection & Crop Modeling; Irrigation & Water Requirement; General/Simulation,"{""Soil"": 3, ""Carbon & RothC"": 19, ""Plant Selection & Crop Modeling"": 1, ""Irrigation & Water Requirement"": 1, ""General/Simulation"": 2}",90837
htmlcov\z_e138a70c58336a28_dashboard_py.html,Climate; Plant Selection & Crop Modeling; Irrigation & Water Requirement,"{""Climate"": 11, ""Plant Selection & Crop Modeling"": 1, ""Irrigation & Water Requirement"": 2}",41426
htmlcov\z_e138a70c58336a28_ecowallet_py.html,Soil; Climate; Carbon & RothC; Plant Selection & Crop Modeling; Optimization & Scenario,"{""Soil"": 1, ""Climate"": 1, ""Carbon & RothC"": 1, ""Plant Selection & Crop Modeling"": 1, ""Optimization & Scenario"": 1}",64017
htmlcov\z_e138a70c58336a28_land_py.html,Topography & DEM,"{""Topography & DEM"": 9}",87864
htmlcov\z_e138a70c58336a28_materials_py.html,Carbon & RothC; General/Simulation,"{""Carbon & RothC"": 2, ""General/Simulation"": 2}",16524
htmlcov\z_e138a70c58336a28_models_py.html,General/Simulation,"{""General/Simulation"": 14}",29122
htmlcov\z_e138a70c58336a28_motors_py.html,Land Recognition & GIS; Topography & DEM; Soil; Water Resources; Carbon & RothC; Plant Selection & Crop Modeling; Irrigation & Water Requirement; Hydraulic & Structure Design; Optimization & Scenario; General/Simulation,"{""Land Recognition & GIS"": 1, ""Topography & DEM"": 11, ""Soil"": 8, ""Water Resources"": 2, ""Carbon & RothC"": 11, ""Plant Selection & Crop Modeling"": 15, ""Irrigation & Water Requirement"": 10, ""Hydraulic & Structure Design"": 1, ""Optimization & Scenario"": 1, ""General/Simulation"": 2}",93036
htmlcov\z_e138a70c58336a28_mrv_py.html,Economy & Carbon MRV; Monitoring & Calibration; General/Simulation,"{""Economy & Carbon MRV"": 19, ""Monitoring & Calibration"": 2, ""General/Simulation"": 1}",111536
htmlcov\z_e138a70c58336a28_nojin_py.html,Land Recognition & GIS; Soil; Water Resources; Plant Selection & Crop Modeling; Irrigation & Water Requirement; Optimization & Scenario; Economy & Carbon MRV,"{""Land Recognition & GIS"": 1, ""Soil"": 74, ""Water Resources"": 8, ""Plant Selection & Crop Modeling"": 2, ""Irrigation & Water Requirement"": 1, ""Optimization & Scenario"": 2, ""Economy & Carbon MRV"": 14}",361051
htmlcov\z_e138a70c58336a28_platform_py.html,Topography & DEM; Soil; Climate; Water Resources; Erosion (RUSLE); Carbon & RothC; Plant Selection & Crop Modeling; Irrigation & Water Requirement; Optimization & Scenario; Economy & Carbon MRV; General/Simulation,"{""Topography & DEM"": 3, ""Soil"": 4, ""Climate"": 29, ""Water Resources"": 1, ""Erosion (RUSLE)"": 13, ""Carbon & RothC"": 10, ""Plant Selection & Crop Modeling"": 4, ""Irrigation & Water Requirement"": 9, ""Optimization & Scenario"": 1, ""Economy & Carbon MRV"": 1, ""General/Simulation"": 3}",195760
htmlcov\z_e138a70c58336a28_satellite_py.html,Soil; Climate; Plant Selection & Crop Modeling; Irrigation & Water Requirement; General/Simulation,"{""Soil"": 2, ""Climate"": 8, ""Plant Selection & Crop Modeling"": 8, ""Irrigation & Water Requirement"": 2, ""General/Simulation"": 3}",120311
htmlcov\z_e138a70c58336a28_scenarios_py.html,Climate; Optimization & Scenario,"{""Climate"": 3, ""Optimization & Scenario"": 7}",30497
htmlcov\z_e138a70c58336a28_science_py.html,General/Simulation,"{""General/Simulation"": 13}",40703
htmlcov\z_e138a70c58336a28_simulation_py.html,Erosion (RUSLE); Carbon & RothC; Plant Selection & Crop Modeling; Irrigation & Water Requirement; Optimization & Scenario; General/Simulation,"{""Erosion (RUSLE)"": 1, ""Carbon & RothC"": 1, ""Plant Selection & Crop Modeling"": 1, ""Irrigation & Water Requirement"": 1, ""Optimization & Scenario"": 5, ""General/Simulation"": 13}",24300
htmlcov\z_e138a70c58336a28_soil_py.html,Soil; Water Resources; Erosion (RUSLE); Plant Selection & Crop Modeling; Hydraulic & Structure Design; Economy & Carbon MRV; General/Simulation,"{""Soil"": 20, ""Water Resources"": 1, ""Erosion (RUSLE)"": 1, ""Plant Selection & Crop Modeling"": 1, ""Hydraulic & Structure Design"": 1, ""Economy & Carbon MRV"": 18, ""General/Simulation"": 2}",209835
htmlcov\z_e138a70c58336a28_stubs_py.html,Carbon & RothC; Plant Selection & Crop Modeling; Optimization & Scenario; Economy & Carbon MRV; General/Simulation,"{""Carbon & RothC"": 2, ""Plant Selection & Crop Modeling"": 3, ""Optimization & Scenario"": 4, ""Economy & Carbon MRV"": 1, ""General/Simulation"": 1}",22428
htmlcov\z_e138a70c58336a28_ussd_py.html,Soil; Climate; Plant Selection & Crop Modeling,"{""Soil"": 1, ""Climate"": 1, ""Plant Selection & Crop Modeling"": 1}",69967
htmlcov\z_e138a70c58336a28_watershed_py.html,Water Resources; Hydraulic & Structure Design,"{""Water Resources"": 7, ""Hydraulic & Structure Design"": 4}",16402
htmlcov\z_e40284dae0a542cc_earning_rules_py.html,Soil; Water Resources; Carbon & RothC; Plant Selection & Crop Modeling,"{""Soil"": 1, ""Water Resources"": 1, ""Carbon & RothC"": 1, ""Plant Selection & Crop Modeling"": 1}",44070
htmlcov\z_e40284dae0a542cc_messages_py.html,Soil; Water Resources; Carbon & RothC; Plant Selection & Crop Modeling,"{""Soil"": 1, ""Water Resources"": 1, ""Carbon & RothC"": 1, ""Plant Selection & Crop Modeling"": 1}",39327
htmlcov\z_e40284dae0a542cc_redemption_py.html,Plant Selection & Crop Modeling,"{""Plant Selection & Crop Modeling"": 1}",37125
htmlcov\z_e74e2825cef809f4_copernicus_cds_py.html,Soil; Climate; Monitoring & Calibration,"{""Soil"": 7, ""Climate"": 5, ""Monitoring & Calibration"": 1}",69302
htmlcov\z_e8362bbd8ae71c66_ai_py.html,Climate; General/Simulation,"{""Climate"": 3, ""General/Simulation"": 2}",45945
htmlcov\z_e8362bbd8ae71c66_alerts_py.html,Soil,"{""Soil"": 2}",31638
htmlcov\z_f3bd09725963f0d1_cds_py.html,Climate,"{""Climate"": 12}",83521
htmlcov\z_f3bd09725963f0d1_copernicus_py.html,Land Recognition & GIS; Soil; Water Resources; Plant Selection & Crop Modeling; General/Simulation,"{""Land Recognition & GIS"": 11, ""Soil"": 1, ""Water Resources"": 2, ""Plant Selection & Crop Modeling"": 6, ""General/Simulation"": 1}",166985
htmlcov\z_f3bd09725963f0d1_era5_fetch_py.html,Climate,"{""Climate"": 9}",57915
htmlcov\z_f3bd09725963f0d1_monitoring_service_py.html,Land Recognition & GIS; Soil; Climate; Water Resources; Plant Selection & Crop Modeling; Irrigation & Water Requirement; Monitoring & Calibration,"{""Land Recognition & GIS"": 1, ""Soil"": 2, ""Climate"": 1, ""Water Resources"": 2, ""Plant Selection & Crop Modeling"": 2, ""Irrigation & Water Requirement"": 1, ""Monitoring & Calibration"": 10}",65840
htmlcov\z_f3bd09725963f0d1_nasa_power_py.html,Climate; Irrigation & Water Requirement; Hydraulic & Structure Design; Livelihood & Rural Development,"{""Climate"": 22, ""Irrigation & Water Requirement"": 4, ""Hydraulic & Structure Design"": 1, ""Livelihood & Rural Development"": 1}",77894
htmlcov\z_f3bd09725963f0d1_open_meteo_py.html,Climate; Irrigation & Water Requirement,"{""Climate"": 3, ""Irrigation & Water Requirement"": 1}",45979
htmlcov\z_f3bd09725963f0d1_sentinel2_provider_py.html,Land Recognition & GIS; Soil; Climate; Water Resources; Erosion (RUSLE); Carbon & RothC; Plant Selection & Crop Modeling; Irrigation & Water Requirement,"{""Land Recognition & GIS"": 9, ""Soil"": 8, ""Climate"": 10, ""Water Resources"": 6, ""Erosion (RUSLE)"": 2, ""Carbon & RothC"": 2, ""Plant Selection & Crop Modeling"": 25, ""Irrigation & Water Requirement"": 1}",324896
interfaces\hydroma_engine_interface.py,Soil; Climate; Water Resources,"{""Soil"": 1, ""Climate"": 1, ""Water Resources"": 2}",951
interfaces\land_engine_interface.py,Topography & DEM; Water Resources,"{""Topography & DEM"": 2, ""Water Resources"": 1}",1204
migrations\env.py,Irrigation & Water Requirement; Optimization & Scenario; General/Simulation,"{""Irrigation & Water Requirement"": 1, ""Optimization & Scenario"": 1, ""General/Simulation"": 1}",2103
reports\nojin_phase2_complete.md,Soil; Water Resources; Carbon & RothC; Plant Selection & Crop Modeling; Irrigation & Water Requirement; Hydraulic & Structure Design; Economy & Carbon MRV; Monitoring & Calibration; General/Simulation,"{""Soil"": 7, ""Water Resources"": 10, ""Carbon & RothC"": 4, ""Plant Selection & Crop Modeling"": 1, ""Irrigation & Water Requirement"": 1, ""Hydraulic & Structure Design"": 1, ""Economy & Carbon MRV"": 13, ""Monitoring & Calibration"": 1, ""General/Simulation"": 1}",5103
reports\phase3_analysis_20260823_181809.md,Water Resources; Hydraulic & Structure Design,"{""Water Resources"": 10, ""Hydraulic & Structure Design"": 2}",1746
reports\phase5_analysis_20260823_222506.md,Optimization & Scenario; General/Simulation,"{""Optimization & Scenario"": 1, ""General/Simulation"": 1}",1937
scripts\test_map_engine.py,Land Recognition & GIS; Topography & DEM; Soil; Water Resources; Erosion (RUSLE); Plant Selection & Crop Modeling,"{""Land Recognition & GIS"": 4, ""Topography & DEM"": 2, ""Soil"": 1, ""Water Resources"": 1, ""Erosion (RUSLE)"": 2, ""Plant Selection & Crop Modeling"": 1}",5437
scripts\test_scientific_motors.py,Land Recognition & GIS; Topography & DEM; Soil; Water Resources; Carbon & RothC; Plant Selection & Crop Modeling; Irrigation & Water Requirement; Hydraulic & Structure Design; Optimization & Scenario,"{""Land Recognition & GIS"": 1, ""Topography & DEM"": 5, ""Soil"": 3, ""Water Resources"": 1, ""Carbon & RothC"": 7, ""Plant Selection & Crop Modeling"": 11, ""Irrigation & Water Requirement"": 5, ""Hydraulic & Structure Design"": 4, ""Optimization & Scenario"": 3}",6317
services\conftest.py,Plant Selection & Crop Modeling,"{""Plant Selection & Crop Modeling"": 1}",1273
tests\conftest.py,Plant Selection & Crop Modeling,"{""Plant Selection & Crop Modeling"": 2}",860
tests\conftest.py.bak_alias,Plant Selection & Crop Modeling,"{""Plant Selection & Crop Modeling"": 2}",531
tests\conftest.py.bak_audit_manual,Plant Selection & Crop Modeling,"{""Plant Selection & Crop Modeling"": 2}",2039
tests\conftest.py.bak_db_override,Plant Selection & Crop Modeling,"{""Plant Selection & Crop Modeling"": 1}",1026
tests\conftest.py.bak_dep_override,Plant Selection & Crop Modeling,"{""Plant Selection & Crop Modeling"": 2}",2039
tests\conftest.py.bak_engine_fixture,Plant Selection & Crop Modeling; General/Simulation,"{""Plant Selection & Crop Modeling"": 1, ""General/Simulation"": 7}",2773
tests\conftest.py.bak_final_conftest,Plant Selection & Crop Modeling; General/Simulation,"{""Plant Selection & Crop Modeling"": 2, ""General/Simulation"": 7}",3589
tests\conftest.py.bak_final_env,Plant Selection & Crop Modeling,"{""Plant Selection & Crop Modeling"": 2}",549
tests\conftest.py.bak_fixture_clean,Plant Selection & Crop Modeling; General/Simulation,"{""Plant Selection & Crop Modeling"": 1, ""General/Simulation"": 6}",2270
tests\conftest.py.bak_full_override,Plant Selection & Crop Modeling,"{""Plant Selection & Crop Modeling"": 3}",2204
tests\conftest.py.bak_getdb_globals,Plant Selection & Crop Modeling; General/Simulation,"{""Plant Selection & Crop Modeling"": 1, ""General/Simulation"": 1}",1681
tests\conftest.py.bak_import_pytest,Plant Selection & Crop Modeling; General/Simulation,"{""Plant Selection & Crop Modeling"": 1, ""General/Simulation"": 7}",2758
tests\conftest.py.bak_landprof,Plant Selection & Crop Modeling; General/Simulation,"{""Plant Selection & Crop Modeling"": 1, ""General/Simulation"": 7}",2867
tests\conftest.py.bak_landprof_table,Plant Selection & Crop Modeling,"{""Plant Selection & Crop Modeling"": 3}",1679
tests\conftest.py.bak_module_patch,Plant Selection & Crop Modeling,"{""Plant Selection & Crop Modeling"": 2}",3408
tests\conftest.py.bak_old_test,General/Simulation,"{""General/Simulation"": 6}",1712
tests\conftest.py.bak_tables,General/Simulation,"{""General/Simulation"": 6}",1714
tests\test_alert_loop.py,Plant Selection & Crop Modeling,"{""Plant Selection & Crop Modeling"": 1}",2560
tests\test_alert_loop.py.bak_old_test,Plant Selection & Crop Modeling,"{""Plant Selection & Crop Modeling"": 1}",2525
tests\test_alert_loop.py.bak_session_import,Plant Selection & Crop Modeling,"{""Plant Selection & Crop Modeling"": 1}",2537
tests\test_alert_runner.py,General/Simulation,"{""General/Simulation"": 2}",1851
tests\test_bot_phase1.py,Climate; Plant Selection & Crop Modeling; Optimization & Scenario,"{""Climate"": 1, ""Plant Selection & Crop Modeling"": 1, ""Optimization & Scenario"": 16}",11949
tests\test_bot_phase1.py.bak_old_test,Climate; Plant Selection & Crop Modeling; Optimization & Scenario,"{""Climate"": 1, ""Plant Selection & Crop Modeling"": 1, ""Optimization & Scenario"": 16}",11949
tests\test_bot_phase2.py,Soil; Climate; General/Simulation,"{""Soil"": 5, ""Climate"": 2, ""General/Simulation"": 1}",5575
tests\test_bot_phase2.py.bak_old_test,Soil; Climate; General/Simulation,"{""Soil"": 5, ""Climate"": 2, ""General/Simulation"": 1}",5575
tests\test_copernicus_phase4.py,Land Recognition & GIS,"{""Land Recognition & GIS"": 6}",7794
tests\test_dashboard_api.py,Plant Selection & Crop Modeling,"{""Plant Selection & Crop Modeling"": 1}",1754
tests\test_dashboard_api.py.bak_old_test,Plant Selection & Crop Modeling,"{""Plant Selection & Crop Modeling"": 1}",1748
tests\test_db.py,General/Simulation,"{""General/Simulation"": 1}",684
tests\test_db.py.bak_final_env,General/Simulation,"{""General/Simulation"": 1}",862
tests\test_db.py.bak_pool,General/Simulation,"{""General/Simulation"": 1}",555
tests\test_era5.py,Climate,"{""Climate"": 5}",4195
tests\test_pinn.py,General/Simulation,"{""General/Simulation"": 6}",1179
tests\test_scl_masking.py,Land Recognition & GIS,"{""Land Recognition & GIS"": 7}",6206
tests\test_topography_analysis.py,Land Recognition & GIS; Topography & DEM,"{""Land Recognition & GIS"": 1, ""Topography & DEM"": 6}",1504
alembic\versions\_archived\a9f8e7d6c5b4_mrv_observations_table.py,Economy & Carbon MRV,"{""Economy & Carbon MRV"": 1}",2831
alembic\versions\_archived\b1c2d3e4f5a6_simulation_runs_table.py,Optimization & Scenario; General/Simulation,"{""Optimization & Scenario"": 1, ""General/Simulation"": 1}",1179
alembic\versions\_archived\ed7a1747d8db_phase0_baseline_unified_schema.py,Optimization & Scenario,"{""Optimization & Scenario"": 1}",15886
alembic\versions\_archived\phase1_2_3_complete_v2.py,Soil; Climate; Water Resources,"{""Soil"": 2, ""Climate"": 2, ""Water Resources"": 4}",10564
alembic\versions\_archived\phase3b_water_quality.py,Water Resources; Irrigation & Water Requirement,"{""Water Resources"": 5, ""Irrigation & Water Requirement"": 1}",6591
alembic\versions\_archived\yyy_new_analysis_fixed.py,Water Resources; Plant Selection & Crop Modeling; Irrigation & Water Requirement; Hydraulic & Structure Design; Monitoring & Calibration,"{""Water Resources"": 3, ""Plant Selection & Crop Modeling"": 1, ""Irrigation & Water Requirement"": 2, ""Hydraulic & Structure Design"": 1, ""Monitoring & Calibration"": 1}",7623
contracts\src\CarbonCredit.sol,Carbon & RothC; Economy & Carbon MRV,"{""Carbon & RothC"": 2, ""Economy & Carbon MRV"": 1}",5155
data\analysis_results\california_sacramento_analysis.json,Soil; Water Resources; Carbon & RothC; Plant Selection & Crop Modeling; Irrigation & Water Requirement,"{""Soil"": 2, ""Water Resources"": 4, ""Carbon & RothC"": 2, ""Plant Selection & Crop Modeling"": 2, ""Irrigation & Water Requirement"": 1}",57996
data\analysis_results\iran_isfahan_analysis.json,Soil; Water Resources; Carbon & RothC; Plant Selection & Crop Modeling; Irrigation & Water Requirement,"{""Soil"": 2, ""Water Resources"": 4, ""Carbon & RothC"": 2, ""Plant Selection & Crop Modeling"": 2, ""Irrigation & Water Requirement"": 1}",57923
data\analysis_results\yemen_sanaa_analysis.json,Soil; Water Resources; Carbon & RothC; Plant Selection & Crop Modeling; Irrigation & Water Requirement,"{""Soil"": 2, ""Water Resources"": 4, ""Carbon & RothC"": 2, ""Plant Selection & Crop Modeling"": 2, ""Irrigation & Water Requirement"": 1}",58816
data\maps\cache\1106343fee0596945b9c11db34422d9a.json,Land Recognition & GIS; Topography & DEM; Soil; Erosion (RUSLE),"{""Land Recognition & GIS"": 2, ""Topography & DEM"": 1, ""Soil"": 3, ""Erosion (RUSLE)"": 6}",1252
data\maps\cache\2477efe8b8b21d05b80f997299d16ba9.json,Land Recognition & GIS; Soil; Water Resources,"{""Land Recognition & GIS"": 2, ""Soil"": 2, ""Water Resources"": 3}",1204
data\maps\cache\4358d4fdee45d4360ca056541d7eb0e7.json,Land Recognition & GIS; Plant Selection & Crop Modeling,"{""Land Recognition & GIS"": 2, ""Plant Selection & Crop Modeling"": 3}",1488
data\maps\cache\68e8e685f201cdcaf04badb550bb206f.json,Land Recognition & GIS; Soil; Water Resources,"{""Land Recognition & GIS"": 2, ""Soil"": 2, ""Water Resources"": 3}",1205
data\maps\cache\964ef85f50b98a448fc287941965caee.json,Land Recognition & GIS; Topography & DEM,"{""Land Recognition & GIS"": 5, ""Topography & DEM"": 9}",1062
data\maps\cache\d1c71f78b7f0587082f60230dac2b3fd.json,Land Recognition & GIS; Plant Selection & Crop Modeling,"{""Land Recognition & GIS"": 2, ""Plant Selection & Crop Modeling"": 3}",1487
data\maps\cache\dfa6328ab4fbb3ef1ac21cde7a48af22.json,Land Recognition & GIS; Plant Selection & Crop Modeling,"{""Land Recognition & GIS"": 2, ""Plant Selection & Crop Modeling"": 3}",1487
data\maps\cache\e36fd9fd032e0f573c304f19daf7e3a2.json,Land Recognition & GIS; Topography & DEM,"{""Land Recognition & GIS"": 2, ""Topography & DEM"": 5}",1199
data\maps\cache\eb23e8b34fa412c5d0a1bbcde236b19b.json,Land Recognition & GIS; Soil; Water Resources,"{""Land Recognition & GIS"": 2, ""Soil"": 2, ""Water Resources"": 3}",1217
data\maps\M-ERS_58cf8263\metadata.json,Land Recognition & GIS; Topography & DEM; Soil; Erosion (RUSLE),"{""Land Recognition & GIS"": 2, ""Topography & DEM"": 1, ""Soil"": 3, ""Erosion (RUSLE)"": 6}",1254
data\maps\M-ERS_9e8a4043\metadata.json,Land Recognition & GIS; Topography & DEM; Soil; Erosion (RUSLE),"{""Land Recognition & GIS"": 2, ""Topography & DEM"": 1, ""Soil"": 3, ""Erosion (RUSLE)"": 6}",1252
data\maps\M-ERS_edc5eb71\metadata.json,Land Recognition & GIS; Topography & DEM; Soil; Erosion (RUSLE),"{""Land Recognition & GIS"": 2, ""Topography & DEM"": 1, ""Soil"": 3, ""Erosion (RUSLE)"": 6}",1252
data\maps\M-RUN_161021d8\metadata.json,Land Recognition & GIS; Soil; Water Resources,"{""Land Recognition & GIS"": 2, ""Soil"": 2, ""Water Resources"": 3}",1217
data\maps\M-RUN_97ea3b75\metadata.json,Land Recognition & GIS; Soil; Water Resources,"{""Land Recognition & GIS"": 2, ""Soil"": 2, ""Water Resources"": 3}",1205
data\maps\M-RUN_b9379f20\metadata.json,Land Recognition & GIS; Soil; Water Resources,"{""Land Recognition & GIS"": 2, ""Soil"": 2, ""Water Resources"": 3}",1204
data\maps\M-SLP_23f7f9b1\metadata.json,Land Recognition & GIS; Topography & DEM,"{""Land Recognition & GIS"": 2, ""Topography & DEM"": 5}",1199
data\maps\M-SLP_90dff977\metadata.json,Land Recognition & GIS; Topography & DEM,"{""Land Recognition & GIS"": 2, ""Topography & DEM"": 5}",1199
data\maps\M-SLP_ba108539\metadata.json,Land Recognition & GIS; Topography & DEM,"{""Land Recognition & GIS"": 2, ""Topography & DEM"": 5}",1199
data\maps\M-TOP_0b25d85f\metadata.json,Land Recognition & GIS; Topography & DEM,"{""Land Recognition & GIS"": 5, ""Topography & DEM"": 9}",1062
data\maps\M-TOP_1fbdec2f\metadata.json,Land Recognition & GIS; Topography & DEM,"{""Land Recognition & GIS"": 5, ""Topography & DEM"": 9}",1061
data\maps\M-TOP_3d6aeb1b\metadata.json,Land Recognition & GIS; Topography & DEM,"{""Land Recognition & GIS"": 5, ""Topography & DEM"": 9}",1061
data\maps\M-VEG_2c76b1f2_summer\metadata.json,Land Recognition & GIS; Plant Selection & Crop Modeling,"{""Land Recognition & GIS"": 2, ""Plant Selection & Crop Modeling"": 3}",1487
data\maps\M-VEG_523ff3d2_autumn\metadata.json,Land Recognition & GIS; Plant Selection & Crop Modeling,"{""Land Recognition & GIS"": 2, ""Plant Selection & Crop Modeling"": 3}",1487
data\maps\M-VEG_9baa06aa_spring\metadata.json,Land Recognition & GIS; Plant Selection & Crop Modeling,"{""Land Recognition & GIS"": 2, ""Plant Selection & Crop Modeling"": 3}",1487
data\maps\M-VEG_a9e27938_autumn\metadata.json,Land Recognition & GIS; Plant Selection & Crop Modeling,"{""Land Recognition & GIS"": 2, ""Plant Selection & Crop Modeling"": 3}",1488
data\maps\M-VEG_b3bdf24a_summer\metadata.json,Land Recognition & GIS; Plant Selection & Crop Modeling,"{""Land Recognition & GIS"": 2, ""Plant Selection & Crop Modeling"": 3}",1487
data\maps\M-VEG_b614c448_spring\metadata.json,Land Recognition & GIS; Plant Selection & Crop Modeling,"{""Land Recognition & GIS"": 2, ""Plant Selection & Crop Modeling"": 3}",1487
database\models\database_models.py,Land Recognition & GIS; Water Resources; Plant Selection & Crop Modeling; Irrigation & Water Requirement; Hydraulic & Structure Design; Monitoring & Calibration,"{""Land Recognition & GIS"": 2, ""Water Resources"": 3, ""Plant Selection & Crop Modeling"": 1, ""Irrigation & Water Requirement"": 2, ""Hydraulic & Structure Design"": 1, ""Monitoring & Calibration"": 1}",4416
docs\en\00_master_plan.md,Land Recognition & GIS; Soil; Climate; Water Resources; Carbon & RothC; Plant Selection & Crop Modeling; Optimization & Scenario; Economy & Carbon MRV; Livelihood & Rural Development; Monitoring & Calibration; General/Simulation,"{""Land Recognition & GIS"": 1, ""Soil"": 2, ""Climate"": 2, ""Water Resources"": 3, ""Carbon & RothC"": 6, ""Plant Selection & Crop Modeling"": 2, ""Optimization & Scenario"": 1, ""Economy & Carbon MRV"": 3, ""Livelihood & Rural Development"": 3, ""Monitoring & Calibration"": 1, ""General/Simulation"": 2}",2328
docs\en\01_architecture.md,Land Recognition & GIS; Soil; Climate; Water Resources; Erosion (RUSLE); Plant Selection & Crop Modeling; Irrigation & Water Requirement; Economy & Carbon MRV; Livelihood & Rural Development; Monitoring & Calibration; General/Simulation,"{""Land Recognition & GIS"": 1, ""Soil"": 3, ""Climate"": 3, ""Water Resources"": 1, ""Erosion (RUSLE)"": 2, ""Plant Selection & Crop Modeling"": 1, ""Irrigation & Water Requirement"": 1, ""Economy & Carbon MRV"": 1, ""Livelihood & Rural Development"": 1, ""Monitoring & Calibration"": 2, ""General/Simulation"": 1}",2179
docs\en\02_hydroma_engine.md,Soil; Climate; Water Resources; Erosion (RUSLE); Carbon & RothC; Plant Selection & Crop Modeling; Irrigation & Water Requirement; Optimization & Scenario; Economy & Carbon MRV; General/Simulation,"{""Soil"": 8, ""Climate"": 7, ""Water Resources"": 5, ""Erosion (RUSLE)"": 7, ""Carbon & RothC"": 3, ""Plant Selection & Crop Modeling"": 9, ""Irrigation & Water Requirement"": 5, ""Optimization & Scenario"": 1, ""Economy & Carbon MRV"": 1, ""General/Simulation"": 5}",5154
docs\en\03_eco_nojin_platform.md,Topography & DEM; Soil; Climate; Water Resources; Carbon & RothC; Plant Selection & Crop Modeling; Optimization & Scenario; Economy & Carbon MRV; Livelihood & Rural Development; Monitoring & Calibration; General/Simulation,"{""Topography & DEM"": 1, ""Soil"": 6, ""Climate"": 4, ""Water Resources"": 4, ""Carbon & RothC"": 4, ""Plant Selection & Crop Modeling"": 4, ""Optimization & Scenario"": 1, ""Economy & Carbon MRV"": 1, ""Livelihood & Rural Development"": 2, ""Monitoring & Calibration"": 1, ""General/Simulation"": 2}",3267
docs\en\04_data_model.md,Soil; Climate; Water Resources; Carbon & RothC; Plant Selection & Crop Modeling; Irrigation & Water Requirement; Economy & Carbon MRV; General/Simulation,"{""Soil"": 1, ""Climate"": 2, ""Water Resources"": 2, ""Carbon & RothC"": 5, ""Plant Selection & Crop Modeling"": 2, ""Irrigation & Water Requirement"": 1, ""Economy & Carbon MRV"": 1, ""General/Simulation"": 1}",3141
docs\en\05_standards.md,Land Recognition & GIS; Soil; Climate; Water Resources; Erosion (RUSLE); Carbon & RothC; Plant Selection & Crop Modeling; Irrigation & Water Requirement; Economy & Carbon MRV,"{""Land Recognition & GIS"": 1, ""Soil"": 3, ""Climate"": 4, ""Water Resources"": 1, ""Erosion (RUSLE)"": 2, ""Carbon & RothC"": 3, ""Plant Selection & Crop Modeling"": 1, ""Irrigation & Water Requirement"": 1, ""Economy & Carbon MRV"": 1}",2292
docs\en\06_security_privacy.md,Carbon & RothC; Economy & Carbon MRV; General/Simulation,"{""Carbon & RothC"": 2, ""Economy & Carbon MRV"": 3, ""General/Simulation"": 1}",2901
docs\en\07_i18n_localization.md,Livelihood & Rural Development,"{""Livelihood & Rural Development"": 2}",1913
docs\en\08_deployment_operations.md,Land Recognition & GIS; Carbon & RothC; Economy & Carbon MRV; General/Simulation,"{""Land Recognition & GIS"": 1, ""Carbon & RothC"": 1, ""Economy & Carbon MRV"": 1, ""General/Simulation"": 3}",2693
docs\en\09_roadmap.md,Land Recognition & GIS; Soil; Water Resources; Erosion (RUSLE); Carbon & RothC; Plant Selection & Crop Modeling; Optimization & Scenario; Economy & Carbon MRV; General/Simulation,"{""Land Recognition & GIS"": 1, ""Soil"": 2, ""Water Resources"": 4, ""Erosion (RUSLE)"": 1, ""Carbon & RothC"": 6, ""Plant Selection & Crop Modeling"": 3, ""Optimization & Scenario"": 1, ""Economy & Carbon MRV"": 1, ""General/Simulation"": 1}",3659
docs\en\10_quality_standards.md,Soil; Climate; Water Resources; Erosion (RUSLE); Carbon & RothC; Plant Selection & Crop Modeling; Irrigation & Water Requirement; Hydraulic & Structure Design; General/Simulation,"{""Soil"": 1, ""Climate"": 2, ""Water Resources"": 4, ""Erosion (RUSLE)"": 2, ""Carbon & RothC"": 7, ""Plant Selection & Crop Modeling"": 3, ""Irrigation & Water Requirement"": 1, ""Hydraulic & Structure Design"": 3, ""General/Simulation"": 7}",20119
docs\en\11_weaknesses_and_fixes.md,Soil; Water Resources; Carbon & RothC; Plant Selection & Crop Modeling; Irrigation & Water Requirement; General/Simulation,"{""Soil"": 1, ""Water Resources"": 2, ""Carbon & RothC"": 14, ""Plant Selection & Crop Modeling"": 3, ""Irrigation & Water Requirement"": 3, ""General/Simulation"": 7}",13768
docs\en\12_30_year_strategy.md,Land Recognition & GIS; Soil; Climate; Erosion (RUSLE); Carbon & RothC; Plant Selection & Crop Modeling; Irrigation & Water Requirement; Optimization & Scenario; Economy & Carbon MRV; General/Simulation,"{""Land Recognition & GIS"": 2, ""Soil"": 1, ""Climate"": 4, ""Erosion (RUSLE)"": 1, ""Carbon & RothC"": 6, ""Plant Selection & Crop Modeling"": 1, ""Irrigation & Water Requirement"": 1, ""Optimization & Scenario"": 1, ""Economy & Carbon MRV"": 5, ""General/Simulation"": 4}",13112
docs\en\14_telegram_bot.md,Soil; General/Simulation,"{""Soil"": 2, ""General/Simulation"": 3}",3252
docs\en\15_multiplatform_bots.md,Soil; Climate; Livelihood & Rural Development; General/Simulation,"{""Soil"": 3, ""Climate"": 1, ""Livelihood & Rural Development"": 1, ""General/Simulation"": 2}",3495
docs\en\16_phase4_copernicus.md,Land Recognition & GIS; Climate; Water Resources; Plant Selection & Crop Modeling; General/Simulation,"{""Land Recognition & GIS"": 3, ""Climate"": 11, ""Water Resources"": 1, ""Plant Selection & Crop Modeling"": 2, ""General/Simulation"": 1}",8447
docs\en\17_admin_panel.md,Climate; Carbon & RothC; General/Simulation,"{""Climate"": 1, ""Carbon & RothC"": 2, ""General/Simulation"": 12}",9267
docs\en\18_phase6_content_production.md,General/Simulation,"{""General/Simulation"": 1}",4927
docs\en\19_phase7_models.md,Soil; Climate; Water Resources; Erosion (RUSLE); Carbon & RothC; Plant Selection & Crop Modeling; Irrigation & Water Requirement; Hydraulic & Structure Design; General/Simulation,"{""Soil"": 2, ""Climate"": 7, ""Water Resources"": 1, ""Erosion (RUSLE)"": 3, ""Carbon & RothC"": 4, ""Plant Selection & Crop Modeling"": 7, ""Irrigation & Water Requirement"": 2, ""Hydraulic & Structure Design"": 1, ""General/Simulation"": 9}",7353
docs\en\20_phase8_token_carbon.md,Carbon & RothC; Economy & Carbon MRV,"{""Carbon & RothC"": 8, ""Economy & Carbon MRV"": 1}",1880
docs\en\21_frontend_component_spec.md,Land Recognition & GIS; Water Resources; Monitoring & Calibration; General/Simulation,"{""Land Recognition & GIS"": 5, ""Water Resources"": 1, ""Monitoring & Calibration"": 2, ""General/Simulation"": 5}",4575
docs\en\22_implementation_report.md,Carbon & RothC; Economy & Carbon MRV; General/Simulation,"{""Carbon & RothC"": 1, ""Economy & Carbon MRV"": 1, ""General/Simulation"": 4}",6086
docs\en\22_research_ag_science.md,Topography & DEM; Soil; Climate; Water Resources; Erosion (RUSLE); Carbon & RothC; Plant Selection & Crop Modeling; Irrigation & Water Requirement; Hydraulic & Structure Design; Economy & Carbon MRV; Monitoring & Calibration; General/Simulation,"{""Topography & DEM"": 1, ""Soil"": 6, ""Climate"": 2, ""Water Resources"": 4, ""Erosion (RUSLE)"": 3, ""Carbon & RothC"": 2, ""Plant Selection & Crop Modeling"": 14, ""Irrigation & Water Requirement"": 4, ""Hydraulic & Structure Design"": 3, ""Economy & Carbon MRV"": 1, ""Monitoring & Calibration"": 7, ""General/Simulation"": 1}",4775
docs\en\23_research_frontend_assets.md,Climate,"{""Climate"": 7}",3589
docs\en\24_project_deep_study.md,Soil; Climate; Erosion (RUSLE); Carbon & RothC,"{""Soil"": 1, ""Climate"": 1, ""Erosion (RUSLE)"": 1, ""Carbon & RothC"": 1}",3157
docs\en\25_development_proposals.md,Topography & DEM; Soil; Climate; Water Resources; Carbon & RothC; Plant Selection & Crop Modeling; Irrigation & Water Requirement; Hydraulic & Structure Design; Economy & Carbon MRV; Monitoring & Calibration; General/Simulation,"{""Topography & DEM"": 1, ""Soil"": 1, ""Climate"": 1, ""Water Resources"": 2, ""Carbon & RothC"": 3, ""Plant Selection & Crop Modeling"": 4, ""Irrigation & Water Requirement"": 1, ""Hydraulic & Structure Design"": 1, ""Economy & Carbon MRV"": 1, ""Monitoring & Calibration"": 3, ""General/Simulation"": 2}",4241
docs\en\25_phase9_10_completion.md,Land Recognition & GIS; General/Simulation,"{""Land Recognition & GIS"": 1, ""General/Simulation"": 7}",3862
docs\en\26_field_pilot_protocol.md,Soil; Plant Selection & Crop Modeling; Irrigation & Water Requirement,"{""Soil"": 2, ""Plant Selection & Crop Modeling"": 4, ""Irrigation & Water Requirement"": 1}",1882
docs\en\26_gap_analysis_vs_pdf.md,Land Recognition & GIS; Topography & DEM; Soil; Water Resources; Erosion (RUSLE); Carbon & RothC; Plant Selection & Crop Modeling; Irrigation & Water Requirement; Hydraulic & Structure Design; Optimization & Scenario; Economy & Carbon MRV; Monitoring & Calibration; General/Simulation,"{""Land Recognition & GIS"": 3, ""Topography & DEM"": 1, ""Soil"": 1, ""Water Resources"": 1, ""Erosion (RUSLE)"": 3, ""Carbon & RothC"": 6, ""Plant Selection & Crop Modeling"": 5, ""Irrigation & Water Requirement"": 6, ""Hydraulic & Structure Design"": 4, ""Optimization & Scenario"": 1, ""Economy & Carbon MRV"": 4, ""Monitoring & Calibration"": 2, ""General/Simulation"": 4}",3625
docs\en\27_implementation_plan.md,Land Recognition & GIS; Soil; Water Resources; Erosion (RUSLE); Carbon & RothC; Plant Selection & Crop Modeling; Irrigation & Water Requirement; Hydraulic & Structure Design; Economy & Carbon MRV; Monitoring & Calibration; General/Simulation,"{""Land Recognition & GIS"": 2, ""Soil"": 9, ""Water Resources"": 2, ""Erosion (RUSLE)"": 3, ""Carbon & RothC"": 10, ""Plant Selection & Crop Modeling"": 8, ""Irrigation & Water Requirement"": 7, ""Hydraulic & Structure Design"": 3, ""Economy & Carbon MRV"": 6, ""Monitoring & Calibration"": 5, ""General/Simulation"": 6}",5299
docs\en\28_phase3_kickoff.md,Erosion (RUSLE); Carbon & RothC; Plant Selection & Crop Modeling; Irrigation & Water Requirement; Hydraulic & Structure Design; Economy & Carbon MRV; Monitoring & Calibration; General/Simulation,"{""Erosion (RUSLE)"": 3, ""Carbon & RothC"": 4, ""Plant Selection & Crop Modeling"": 8, ""Irrigation & Water Requirement"": 7, ""Hydraulic & Structure Design"": 5, ""Economy & Carbon MRV"": 2, ""Monitoring & Calibration"": 1, ""General/Simulation"": 6}",1884
docs\en\29_phase2_completion.md,Land Recognition & GIS; Economy & Carbon MRV; General/Simulation,"{""Land Recognition & GIS"": 2, ""Economy & Carbon MRV"": 7, ""General/Simulation"": 1}",3088
docs\en\30_sprint1_simulation.md,Climate; Erosion (RUSLE); Carbon & RothC; Plant Selection & Crop Modeling; Irrigation & Water Requirement; Hydraulic & Structure Design; Optimization & Scenario; Monitoring & Calibration; General/Simulation,"{""Climate"": 8, ""Erosion (RUSLE)"": 3, ""Carbon & RothC"": 10, ""Plant Selection & Crop Modeling"": 14, ""Irrigation & Water Requirement"": 7, ""Hydraulic & Structure Design"": 2, ""Optimization & Scenario"": 2, ""Monitoring & Calibration"": 1, ""General/Simulation"": 14}",2622
docs\en\31_sprint2_simulation.md,Climate; Carbon & RothC; Hydraulic & Structure Design; Optimization & Scenario; Economy & Carbon MRV; Monitoring & Calibration; General/Simulation,"{""Climate"": 1, ""Carbon & RothC"": 8, ""Hydraulic & Structure Design"": 2, ""Optimization & Scenario"": 1, ""Economy & Carbon MRV"": 1, ""Monitoring & Calibration"": 4, ""General/Simulation"": 8}",2737
docs\en\32_sprint2_weather_swat.md,Climate; Water Resources; Carbon & RothC; Plant Selection & Crop Modeling; Irrigation & Water Requirement; Economy & Carbon MRV; General/Simulation,"{""Climate"": 10, ""Water Resources"": 2, ""Carbon & RothC"": 1, ""Plant Selection & Crop Modeling"": 2, ""Irrigation & Water Requirement"": 2, ""Economy & Carbon MRV"": 1, ""General/Simulation"": 2}",2124
docs\en\99_conversation_summary.md,Soil; Climate; Water Resources; Erosion (RUSLE); Carbon & RothC; Plant Selection & Crop Modeling; Irrigation & Water Requirement; Optimization & Scenario; Economy & Carbon MRV; Livelihood & Rural Development; Monitoring & Calibration; General/Simulation,"{""Soil"": 2, ""Climate"": 1, ""Water Resources"": 3, ""Erosion (RUSLE)"": 1, ""Carbon & RothC"": 3, ""Plant Selection & Crop Modeling"": 2, ""Irrigation & Water Requirement"": 1, ""Optimization & Scenario"": 1, ""Economy & Carbon MRV"": 1, ""Livelihood & Rural Development"": 3, ""Monitoring & Calibration"": 1, ""General/Simulation"": 1}",1922
docs\fa\00_master_plan.md,Soil; Water Resources; Carbon & RothC; Plant Selection & Crop Modeling; Hydraulic & Structure Design; Optimization & Scenario; Economy & Carbon MRV; Livelihood & Rural Development; Monitoring & Calibration; General/Simulation,"{""Soil"": 2, ""Water Resources"": 2, ""Carbon & RothC"": 4, ""Plant Selection & Crop Modeling"": 2, ""Hydraulic & Structure Design"": 1, ""Optimization & Scenario"": 1, ""Economy & Carbon MRV"": 4, ""Livelihood & Rural Development"": 2, ""Monitoring & Calibration"": 1, ""General/Simulation"": 3}",3514
docs\fa\01_architecture.md,Topography & DEM; Soil; Climate; Water Resources; Erosion (RUSLE); Plant Selection & Crop Modeling; Irrigation & Water Requirement; Economy & Carbon MRV; General/Simulation,"{""Topography & DEM"": 1, ""Soil"": 3, ""Climate"": 3, ""Water Resources"": 1, ""Erosion (RUSLE)"": 2, ""Plant Selection & Crop Modeling"": 1, ""Irrigation & Water Requirement"": 1, ""Economy & Carbon MRV"": 1, ""General/Simulation"": 1}",3538
docs\fa\02_hydroma_engine.md,Soil; Climate; Water Resources; Erosion (RUSLE); Carbon & RothC; Plant Selection & Crop Modeling; Irrigation & Water Requirement; Hydraulic & Structure Design; Optimization & Scenario; Economy & Carbon MRV; General/Simulation,"{""Soil"": 8, ""Climate"": 7, ""Water Resources"": 2, ""Erosion (RUSLE)"": 7, ""Carbon & RothC"": 3, ""Plant Selection & Crop Modeling"": 4, ""Irrigation & Water Requirement"": 3, ""Hydraulic & Structure Design"": 1, ""Optimization & Scenario"": 1, ""Economy & Carbon MRV"": 1, ""General/Simulation"": 6}",6747
docs\fa\03_eco_nojin_platform.md,Soil; Climate; Water Resources; Erosion (RUSLE); Carbon & RothC; Plant Selection & Crop Modeling; Optimization & Scenario; Economy & Carbon MRV; Monitoring & Calibration; General/Simulation,"{""Soil"": 7, ""Climate"": 3, ""Water Resources"": 2, ""Erosion (RUSLE)"": 1, ""Carbon & RothC"": 3, ""Plant Selection & Crop Modeling"": 3, ""Optimization & Scenario"": 3, ""Economy & Carbon MRV"": 2, ""Monitoring & Calibration"": 1, ""General/Simulation"": 3}",4812
docs\fa\04_data_model.md,Land Recognition & GIS; Soil; Climate; Water Resources; Carbon & RothC; Plant Selection & Crop Modeling; Irrigation & Water Requirement; Economy & Carbon MRV; General/Simulation,"{""Land Recognition & GIS"": 1, ""Soil"": 1, ""Climate"": 3, ""Water Resources"": 1, ""Carbon & RothC"": 5, ""Plant Selection & Crop Modeling"": 2, ""Irrigation & Water Requirement"": 1, ""Economy & Carbon MRV"": 1, ""General/Simulation"": 2}",4311
docs\fa\05_standards.md,Soil; Climate; Erosion (RUSLE); Carbon & RothC; Plant Selection & Crop Modeling; Irrigation & Water Requirement; Economy & Carbon MRV; General/Simulation,"{""Soil"": 2, ""Climate"": 3, ""Erosion (RUSLE)"": 2, ""Carbon & RothC"": 3, ""Plant Selection & Crop Modeling"": 2, ""Irrigation & Water Requirement"": 1, ""Economy & Carbon MRV"": 1, ""General/Simulation"": 1}",3469
docs\fa\06_security_privacy.md,Land Recognition & GIS; Carbon & RothC; Economy & Carbon MRV; General/Simulation,"{""Land Recognition & GIS"": 1, ""Carbon & RothC"": 2, ""Economy & Carbon MRV"": 3, ""General/Simulation"": 2}",4465
docs\fa\07_i18n_localization.md,Livelihood & Rural Development; General/Simulation,"{""Livelihood & Rural Development"": 1, ""General/Simulation"": 2}",2711
docs\fa\08_deployment_operations.md,Climate; Carbon & RothC; Economy & Carbon MRV; General/Simulation,"{""Climate"": 1, ""Carbon & RothC"": 1, ""Economy & Carbon MRV"": 1, ""General/Simulation"": 3}",3748
docs\fa\09_roadmap.md,Land Recognition & GIS; Soil; Climate; Water Resources; Erosion (RUSLE); Carbon & RothC; Plant Selection & Crop Modeling; Hydraulic & Structure Design; Optimization & Scenario; Economy & Carbon MRV; General/Simulation,"{""Land Recognition & GIS"": 1, ""Soil"": 2, ""Climate"": 1, ""Water Resources"": 3, ""Erosion (RUSLE)"": 1, ""Carbon & RothC"": 6, ""Plant Selection & Crop Modeling"": 2, ""Hydraulic & Structure Design"": 1, ""Optimization & Scenario"": 1, ""Economy & Carbon MRV"": 4, ""General/Simulation"": 4}",5528
docs\fa\10_quality_standards.md,Land Recognition & GIS; Topography & DEM; Soil; Climate; Water Resources; Erosion (RUSLE); Carbon & RothC; Plant Selection & Crop Modeling; Irrigation & Water Requirement; Hydraulic & Structure Design; General/Simulation,"{""Land Recognition & GIS"": 2, ""Topography & DEM"": 1, ""Soil"": 1, ""Climate"": 2, ""Water Resources"": 4, ""Erosion (RUSLE)"": 2, ""Carbon & RothC"": 7, ""Plant Selection & Crop Modeling"": 2, ""Irrigation & Water Requirement"": 1, ""Hydraulic & Structure Design"": 2, ""General/Simulation"": 7}",28262
docs\fa\11_weaknesses_and_fixes.md,Land Recognition & GIS; Topography & DEM; Soil; Water Resources; Carbon & RothC; Plant Selection & Crop Modeling; Irrigation & Water Requirement; General/Simulation,"{""Land Recognition & GIS"": 7, ""Topography & DEM"": 1, ""Soil"": 1, ""Water Resources"": 2, ""Carbon & RothC"": 14, ""Plant Selection & Crop Modeling"": 4, ""Irrigation & Water Requirement"": 2, ""General/Simulation"": 6}",17866
docs\fa\12_30_year_strategy.md,Land Recognition & GIS; Topography & DEM; Soil; Climate; Erosion (RUSLE); Carbon & RothC; Plant Selection & Crop Modeling; Irrigation & Water Requirement; Optimization & Scenario; Economy & Carbon MRV; General/Simulation,"{""Land Recognition & GIS"": 1, ""Topography & DEM"": 1, ""Soil"": 1, ""Climate"": 4, ""Erosion (RUSLE)"": 1, ""Carbon & RothC"": 6, ""Plant Selection & Crop Modeling"": 1, ""Irrigation & Water Requirement"": 1, ""Optimization & Scenario"": 1, ""Economy & Carbon MRV"": 5, ""General/Simulation"": 3}",19368
docs\fa\22_research_ag_science.md,Land Recognition & GIS; Topography & DEM; Soil; Climate; Water Resources; Erosion (RUSLE); Carbon & RothC; Plant Selection & Crop Modeling; Irrigation & Water Requirement; Hydraulic & Structure Design; Economy & Carbon MRV; Monitoring & Calibration; General/Simulation,"{""Land Recognition & GIS"": 9, ""Topography & DEM"": 6, ""Soil"": 32, ""Climate"": 23, ""Water Resources"": 12, ""Erosion (RUSLE)"": 12, ""Carbon & RothC"": 8, ""Plant Selection & Crop Modeling"": 24, ""Irrigation & Water Requirement"": 5, ""Hydraulic & Structure Design"": 8, ""Economy & Carbon MRV"": 4, ""Monitoring & Calibration"": 10, ""General/Simulation"": 13}",17121
docs\fa\23_research_frontend_assets.md,Land Recognition & GIS; Climate; Livelihood & Rural Development; Monitoring & Calibration; General/Simulation,"{""Land Recognition & GIS"": 3, ""Climate"": 9, ""Livelihood & Rural Development"": 1, ""Monitoring & Calibration"": 1, ""General/Simulation"": 1}",7807
docs\fa\24_project_deep_study.md,Soil; Climate; Water Resources; Erosion (RUSLE); Carbon & RothC; Hydraulic & Structure Design; Optimization & Scenario; Economy & Carbon MRV; Monitoring & Calibration; General/Simulation,"{""Soil"": 1, ""Climate"": 1, ""Water Resources"": 1, ""Erosion (RUSLE)"": 2, ""Carbon & RothC"": 2, ""Hydraulic & Structure Design"": 2, ""Optimization & Scenario"": 1, ""Economy & Carbon MRV"": 2, ""Monitoring & Calibration"": 2, ""General/Simulation"": 2}",8385
docs\fa\25_development_proposals.md,Topography & DEM; Soil; Climate; Water Resources; Erosion (RUSLE); Carbon & RothC; Plant Selection & Crop Modeling; Irrigation & Water Requirement; Hydraulic & Structure Design; Economy & Carbon MRV; Monitoring & Calibration; General/Simulation,"{""Topography & DEM"": 1, ""Soil"": 4, ""Climate"": 2, ""Water Resources"": 2, ""Erosion (RUSLE)"": 1, ""Carbon & RothC"": 3, ""Plant Selection & Crop Modeling"": 7, ""Irrigation & Water Requirement"": 2, ""Hydraulic & Structure Design"": 3, ""Economy & Carbon MRV"": 3, ""Monitoring & Calibration"": 2, ""General/Simulation"": 3}",11715
docs\fa\26_field_pilot_protocol.md,Soil; Climate; Plant Selection & Crop Modeling; Irrigation & Water Requirement,"{""Soil"": 2, ""Climate"": 2, ""Plant Selection & Crop Modeling"": 3, ""Irrigation & Water Requirement"": 1}",2724
docs\fa\26_gap_analysis_vs_pdf.md,Land Recognition & GIS; Soil; Climate; Water Resources; Erosion (RUSLE); Carbon & RothC; Plant Selection & Crop Modeling; Irrigation & Water Requirement; Hydraulic & Structure Design; Optimization & Scenario; Economy & Carbon MRV; Monitoring & Calibration; General/Simulation,"{""Land Recognition & GIS"": 6, ""Soil"": 3, ""Climate"": 3, ""Water Resources"": 3, ""Erosion (RUSLE)"": 5, ""Carbon & RothC"": 12, ""Plant Selection & Crop Modeling"": 17, ""Irrigation & Water Requirement"": 12, ""Hydraulic & Structure Design"": 12, ""Optimization & Scenario"": 2, ""Economy & Carbon MRV"": 8, ""Monitoring & Calibration"": 6, ""General/Simulation"": 5}",12763
docs\fa\27_implementation_plan.md,Land Recognition & GIS; Soil; Climate; Water Resources; Erosion (RUSLE); Carbon & RothC; Plant Selection & Crop Modeling; Irrigation & Water Requirement; Hydraulic & Structure Design; Optimization & Scenario; Economy & Carbon MRV; Monitoring & Calibration; General/Simulation,"{""Land Recognition & GIS"": 1, ""Soil"": 7, ""Climate"": 8, ""Water Resources"": 3, ""Erosion (RUSLE)"": 3, ""Carbon & RothC"": 13, ""Plant Selection & Crop Modeling"": 9, ""Irrigation & Water Requirement"": 8, ""Hydraulic & Structure Design"": 7, ""Optimization & Scenario"": 1, ""Economy & Carbon MRV"": 9, ""Monitoring & Calibration"": 7, ""General/Simulation"": 15}",11626
docs\fa\28_phase3_kickoff.md,Land Recognition & GIS; Water Resources; Erosion (RUSLE); Carbon & RothC; Plant Selection & Crop Modeling; Irrigation & Water Requirement; Hydraulic & Structure Design; Economy & Carbon MRV; Monitoring & Calibration; General/Simulation,"{""Land Recognition & GIS"": 1, ""Water Resources"": 2, ""Erosion (RUSLE)"": 3, ""Carbon & RothC"": 3, ""Plant Selection & Crop Modeling"": 9, ""Irrigation & Water Requirement"": 8, ""Hydraulic & Structure Design"": 7, ""Economy & Carbon MRV"": 3, ""Monitoring & Calibration"": 2, ""General/Simulation"": 6}",4531
docs\fa\29_phase2_completion.md,Land Recognition & GIS; Hydraulic & Structure Design; Economy & Carbon MRV; General/Simulation,"{""Land Recognition & GIS"": 1, ""Hydraulic & Structure Design"": 1, ""Economy & Carbon MRV"": 7, ""General/Simulation"": 1}",4713
docs\fa\30_sprint1_simulation.md,Climate; Erosion (RUSLE); Carbon & RothC; Plant Selection & Crop Modeling; Irrigation & Water Requirement; Hydraulic & Structure Design; Optimization & Scenario; Monitoring & Calibration; General/Simulation,"{""Climate"": 7, ""Erosion (RUSLE)"": 3, ""Carbon & RothC"": 10, ""Plant Selection & Crop Modeling"": 13, ""Irrigation & Water Requirement"": 7, ""Hydraulic & Structure Design"": 2, ""Optimization & Scenario"": 2, ""Monitoring & Calibration"": 1, ""General/Simulation"": 12}",3534
docs\fa\31_sprint2_simulation.md,Carbon & RothC; Hydraulic & Structure Design; Optimization & Scenario; Economy & Carbon MRV; Monitoring & Calibration; General/Simulation,"{""Carbon & RothC"": 9, ""Hydraulic & Structure Design"": 2, ""Optimization & Scenario"": 1, ""Economy & Carbon MRV"": 1, ""Monitoring & Calibration"": 4, ""General/Simulation"": 8}",3619
docs\fa\32_sprint2_weather_swat.md,Climate; Water Resources; Carbon & RothC; Plant Selection & Crop Modeling; Irrigation & Water Requirement; Economy & Carbon MRV; General/Simulation,"{""Climate"": 3, ""Water Resources"": 2, ""Carbon & RothC"": 1, ""Plant Selection & Crop Modeling"": 2, ""Irrigation & Water Requirement"": 2, ""Economy & Carbon MRV"": 1, ""General/Simulation"": 2}",2821
docs\fa\99_conversation_summary.md,Topography & DEM; Soil; Climate; Water Resources; Erosion (RUSLE); Carbon & RothC; Plant Selection & Crop Modeling; Irrigation & Water Requirement; Economy & Carbon MRV; Livelihood & Rural Development; Monitoring & Calibration; General/Simulation,"{""Topography & DEM"": 3, ""Soil"": 2, ""Climate"": 1, ""Water Resources"": 1, ""Erosion (RUSLE)"": 1, ""Carbon & RothC"": 3, ""Plant Selection & Crop Modeling"": 1, ""Irrigation & Water Requirement"": 1, ""Economy & Carbon MRV"": 1, ""Livelihood & Rural Development"": 1, ""Monitoring & Calibration"": 1, ""General/Simulation"": 1}",2720
docs\security\CVE-2025-66478.md,Monitoring & Calibration; General/Simulation,"{""Monitoring & Calibration"": 1, ""General/Simulation"": 2}",1970
docs\architecture\local_first\03_PWA_MANIFEST.json,Water Resources,"{""Water Resources"": 1}",828
docs\architecture\local_first\04_SERVICE_WORKER.js,Land Recognition & GIS,"{""Land Recognition & GIS"": 1}",1690
docs\architecture\local_first\05_INDEXEDDB_CLIENT.js,General/Simulation,"{""General/Simulation"": 1}",4426
docs\architecture\local_first\08_COST_ANALYSIS.md,Economy & Carbon MRV; Monitoring & Calibration; General/Simulation,"{""Economy & Carbon MRV"": 5, ""Monitoring & Calibration"": 1, ""General/Simulation"": 1}",1687
docs\architecture\local_first\README.md,Economy & Carbon MRV,"{""Economy & Carbon MRV"": 2}",1321
docs\fa\22_research_reports\research-a-simulators.md,Land Recognition & GIS; Topography & DEM; Soil; Climate; Water Resources; Erosion (RUSLE); Carbon & RothC; Plant Selection & Crop Modeling; Irrigation & Water Requirement; Hydraulic & Structure Design; Optimization & Scenario; Economy & Carbon MRV; Livelihood & Rural Development; Monitoring & Calibration; General/Simulation,"{""Land Recognition & GIS"": 3, ""Topography & DEM"": 8, ""Soil"": 64, ""Climate"": 30, ""Water Resources"": 16, ""Erosion (RUSLE)"": 23, ""Carbon & RothC"": 25, ""Plant Selection & Crop Modeling"": 97, ""Irrigation & Water Requirement"": 12, ""Hydraulic & Structure Design"": 4, ""Optimization & Scenario"": 2, ""Economy & Carbon MRV"": 4, ""Livelihood & Rural Development"": 2, ""Monitoring & Calibration"": 23, ""General/Simulation"": 64}",49136
docs\fa\22_research_reports\research-b-fertilizers.md,Land Recognition & GIS; Soil; Climate; Water Resources; Erosion (RUSLE); Carbon & RothC; Plant Selection & Crop Modeling; Irrigation & Water Requirement; Economy & Carbon MRV; Livelihood & Rural Development; Monitoring & Calibration; General/Simulation,"{""Land Recognition & GIS"": 4, ""Soil"": 66, ""Climate"": 11, ""Water Resources"": 2, ""Erosion (RUSLE)"": 2, ""Carbon & RothC"": 15, ""Plant Selection & Crop Modeling"": 36, ""Irrigation & Water Requirement"": 4, ""Economy & Carbon MRV"": 4, ""Livelihood & Rural Development"": 1, ""Monitoring & Calibration"": 5, ""General/Simulation"": 11}",57014
docs\fa\22_research_reports\research-c-watershed-crops.md,Land Recognition & GIS; Topography & DEM; Soil; Climate; Water Resources; Erosion (RUSLE); Carbon & RothC; Plant Selection & Crop Modeling; Irrigation & Water Requirement; Hydraulic & Structure Design; Economy & Carbon MRV; Livelihood & Rural Development; Monitoring & Calibration; General/Simulation,"{""Land Recognition & GIS"": 3, ""Topography & DEM"": 33, ""Soil"": 38, ""Climate"": 27, ""Water Resources"": 45, ""Erosion (RUSLE)"": 14, ""Carbon & RothC"": 2, ""Plant Selection & Crop Modeling"": 23, ""Irrigation & Water Requirement"": 6, ""Hydraulic & Structure Design"": 14, ""Economy & Carbon MRV"": 27, ""Livelihood & Rural Development"": 4, ""Monitoring & Calibration"": 3, ""General/Simulation"": 13}",44273
docs\fa\22_research_reports\research-d-hydroma-steps.md,Land Recognition & GIS; Topography & DEM; Soil; Climate; Water Resources; Erosion (RUSLE); Carbon & RothC; Plant Selection & Crop Modeling; Irrigation & Water Requirement; Hydraulic & Structure Design; Economy & Carbon MRV; Livelihood & Rural Development; Monitoring & Calibration; General/Simulation,"{""Land Recognition & GIS"": 2, ""Topography & DEM"": 2, ""Soil"": 35, ""Climate"": 17, ""Water Resources"": 16, ""Erosion (RUSLE)"": 11, ""Carbon & RothC"": 31, ""Plant Selection & Crop Modeling"": 13, ""Irrigation & Water Requirement"": 3, ""Hydraulic & Structure Design"": 26, ""Economy & Carbon MRV"": 11, ""Livelihood & Rural Development"": 6, ""Monitoring & Calibration"": 19, ""General/Simulation"": 27}",37979
docs\fa\24_study_reports\study-a-backend.md,Land Recognition & GIS; Topography & DEM; Soil; Climate; Water Resources; Erosion (RUSLE); Carbon & RothC; Plant Selection & Crop Modeling; Irrigation & Water Requirement; Hydraulic & Structure Design; Optimization & Scenario; Economy & Carbon MRV; General/Simulation,"{""Land Recognition & GIS"": 2, ""Topography & DEM"": 1, ""Soil"": 33, ""Climate"": 11, ""Water Resources"": 10, ""Erosion (RUSLE)"": 10, ""Carbon & RothC"": 29, ""Plant Selection & Crop Modeling"": 17, ""Irrigation & Water Requirement"": 2, ""Hydraulic & Structure Design"": 3, ""Optimization & Scenario"": 2, ""Economy & Carbon MRV"": 3, ""General/Simulation"": 11}",33340
docs\fa\24_study_reports\study-b-frontend.md,Land Recognition & GIS; Topography & DEM; Soil; Climate; Water Resources; Erosion (RUSLE); Carbon & RothC; Plant Selection & Crop Modeling; Irrigation & Water Requirement; Hydraulic & Structure Design; Optimization & Scenario; Livelihood & Rural Development; Monitoring & Calibration; General/Simulation,"{""Land Recognition & GIS"": 4, ""Topography & DEM"": 1, ""Soil"": 7, ""Climate"": 2, ""Water Resources"": 8, ""Erosion (RUSLE)"": 4, ""Carbon & RothC"": 3, ""Plant Selection & Crop Modeling"": 1, ""Irrigation & Water Requirement"": 1, ""Hydraulic & Structure Design"": 2, ""Optimization & Scenario"": 1, ""Livelihood & Rural Development"": 2, ""Monitoring & Calibration"": 1, ""General/Simulation"": 2}",27259
docs\fa\24_study_reports\study-c-data-infra.md,Land Recognition & GIS; Soil; Climate; Water Resources; Erosion (RUSLE); Carbon & RothC; Plant Selection & Crop Modeling; Irrigation & Water Requirement; General/Simulation,"{""Land Recognition & GIS"": 8, ""Soil"": 2, ""Climate"": 10, ""Water Resources"": 3, ""Erosion (RUSLE)"": 3, ""Carbon & RothC"": 4, ""Plant Selection & Crop Modeling"": 3, ""Irrigation & Water Requirement"": 1, ""General/Simulation"": 10}",31138
docs\fa\24_study_reports\study-d-docs.md,Land Recognition & GIS; Soil; Climate; Water Resources; Erosion (RUSLE); Carbon & RothC; Plant Selection & Crop Modeling; Irrigation & Water Requirement; Hydraulic & Structure Design; Optimization & Scenario; Economy & Carbon MRV; Livelihood & Rural Development; Monitoring & Calibration; General/Simulation,"{""Land Recognition & GIS"": 8, ""Soil"": 10, ""Climate"": 6, ""Water Resources"": 11, ""Erosion (RUSLE)"": 8, ""Carbon & RothC"": 52, ""Plant Selection & Crop Modeling"": 16, ""Irrigation & Water Requirement"": 7, ""Hydraulic & Structure Design"": 10, ""Optimization & Scenario"": 4, ""Economy & Carbon MRV"": 16, ""Livelihood & Rural Development"": 8, ""Monitoring & Calibration"": 4, ""General/Simulation"": 41}",69748
engine\cpp_core\bindings.cpp,Soil; Plant Selection & Crop Modeling,"{""Soil"": 1, ""Plant Selection & Crop Modeling"": 1}",1522
engine\cpp_core\build_advanced.bat,Soil; Climate; Erosion (RUSLE),"{""Soil"": 1, ""Climate"": 1, ""Erosion (RUSLE)"": 2}",419
engine\cpp_core\build_debug.bat,Soil; Climate; Erosion (RUSLE),"{""Soil"": 1, ""Climate"": 1, ""Erosion (RUSLE)"": 2}",404
engine\cpp_core\build_v1.bat,Soil; Climate; Erosion (RUSLE),"{""Soil"": 1, ""Climate"": 1, ""Erosion (RUSLE)"": 2}",409
engine\cpp_core\CMakeLists.txt,Soil; Climate; Erosion (RUSLE),"{""Soil"": 1, ""Climate"": 1, ""Erosion (RUSLE)"": 2}",5394
engine\cpp_core\nozhin_calculator.cpp,Plant Selection & Crop Modeling; General/Simulation,"{""Plant Selection & Crop Modeling"": 3, ""General/Simulation"": 2}",2699
engine\cpp_core\nozhin_calculator.h,Soil; Plant Selection & Crop Modeling; Irrigation & Water Requirement,"{""Soil"": 6, ""Plant Selection & Crop Modeling"": 2, ""Irrigation & Water Requirement"": 1}",1578
engine\cpp_core\README.md,Soil; Climate; Water Resources; Erosion (RUSLE); Plant Selection & Crop Modeling; Irrigation & Water Requirement; Hydraulic & Structure Design; Optimization & Scenario,"{""Soil"": 1, ""Climate"": 1, ""Water Resources"": 4, ""Erosion (RUSLE)"": 8, ""Plant Selection & Crop Modeling"": 4, ""Irrigation & Water Requirement"": 3, ""Hydraulic & Structure Design"": 1, ""Optimization & Scenario"": 1}",4907
engine\data\README.md,Topography & DEM; General/Simulation,"{""Topography & DEM"": 3, ""General/Simulation"": 1}",572
engine\hydroma\core.py,Topography & DEM; Soil; Climate; Water Resources; Erosion (RUSLE); Carbon & RothC; Plant Selection & Crop Modeling; Irrigation & Water Requirement; Monitoring & Calibration,"{""Topography & DEM"": 2, ""Soil"": 9, ""Climate"": 8, ""Water Resources"": 3, ""Erosion (RUSLE)"": 10, ""Carbon & RothC"": 8, ""Plant Selection & Crop Modeling"": 1, ""Irrigation & Water Requirement"": 2, ""Monitoring & Calibration"": 4}",8190
engine\hydroma\wrapper.py,Topography & DEM; Soil; Climate; Water Resources; Erosion (RUSLE); Plant Selection & Crop Modeling; Irrigation & Water Requirement; Optimization & Scenario; Monitoring & Calibration,"{""Topography & DEM"": 1, ""Soil"": 5, ""Climate"": 3, ""Water Resources"": 2, ""Erosion (RUSLE)"": 8, ""Plant Selection & Crop Modeling"": 5, ""Irrigation & Water Requirement"": 1, ""Optimization & Scenario"": 8, ""Monitoring & Calibration"": 1}",11267
engine\land\capability.py,Topography & DEM,"{""Topography & DEM"": 1}",1226
engine\land\dem_processor.py,Land Recognition & GIS; Topography & DEM; General/Simulation,"{""Land Recognition & GIS"": 5, ""Topography & DEM"": 17, ""General/Simulation"": 1}",3570
engine\land\drainage.py,Topography & DEM,"{""Topography & DEM"": 4}",1150
engine\land\erosion_risk.py,Topography & DEM; Soil; Climate; Erosion (RUSLE); General/Simulation,"{""Topography & DEM"": 12, ""Soil"": 4, ""Climate"": 2, ""Erosion (RUSLE)"": 10, ""General/Simulation"": 4}",3888
engine\land\models.py,Topography & DEM; Soil; Erosion (RUSLE),"{""Topography & DEM"": 3, ""Soil"": 3, ""Erosion (RUSLE)"": 1}",8068
engine\land\models.py.bak_actual,Topography & DEM; Soil; Erosion (RUSLE),"{""Topography & DEM"": 3, ""Soil"": 3, ""Erosion (RUSLE)"": 1}",8061
engine\land\models.py.bak_flow,Topography & DEM; Soil; Erosion (RUSLE),"{""Topography & DEM"": 3, ""Soil"": 3, ""Erosion (RUSLE)"": 1}",8081
engine\land\slope_aspect.py,Topography & DEM,"{""Topography & DEM"": 24}",4303
engine\land\surface_water_analysis.py,Land Recognition & GIS; Topography & DEM; Water Resources,"{""Land Recognition & GIS"": 1, ""Topography & DEM"": 4, ""Water Resources"": 4}",4311
engine\land\terrain_analysis.py,Topography & DEM,"{""Topography & DEM"": 14}",1250
engine\land\__init__.py,Land Recognition & GIS; Topography & DEM; Soil; Water Resources; Erosion (RUSLE),"{""Land Recognition & GIS"": 1, ""Topography & DEM"": 4, ""Soil"": 1, ""Water Resources"": 1, ""Erosion (RUSLE)"": 1}",4941
engine\cpp_core\bindings\bindings.cpp,Topography & DEM; Soil; Climate; Water Resources; Erosion (RUSLE); Plant Selection & Crop Modeling,"{""Topography & DEM"": 1, ""Soil"": 3, ""Climate"": 2, ""Water Resources"": 3, ""Erosion (RUSLE)"": 5, ""Plant Selection & Crop Modeling"": 4}",14995
engine\cpp_core\bindings\c_api.cpp,Soil; Climate,"{""Soil"": 1, ""Climate"": 1}",1198
engine\cpp_core\build2\hydroma_advanced_tests.vcxproj,Optimization & Scenario,"{""Optimization & Scenario"": 8}",41112
engine\cpp_core\build2\hydroma_core.vcxproj,Soil; Climate; Erosion (RUSLE); Optimization & Scenario,"{""Soil"": 1, ""Climate"": 1, ""Erosion (RUSLE)"": 2, ""Optimization & Scenario"": 8}",36436
engine\cpp_core\build2\hydroma_core.vcxproj.filters,Soil; Climate; Erosion (RUSLE),"{""Soil"": 1, ""Climate"": 1, ""Erosion (RUSLE)"": 2}",1729
engine\cpp_core\build2\hydroma_core_py.vcxproj,Optimization & Scenario,"{""Optimization & Scenario"": 8}",44674
engine\cpp_core\build2\hydroma_tests.vcxproj,Optimization & Scenario,"{""Optimization & Scenario"": 8}",40958
engine\cpp_core\src\climate.cpp,Topography & DEM; Climate,"{""Topography & DEM"": 1, ""Climate"": 8}",10024
engine\cpp_core\src\crop_water.cpp,Soil; Water Resources; Plant Selection & Crop Modeling; Irrigation & Water Requirement; General/Simulation,"{""Soil"": 2, ""Water Resources"": 11, ""Plant Selection & Crop Modeling"": 2, ""Irrigation & Water Requirement"": 2, ""General/Simulation"": 2}",7124
engine\cpp_core\src\erosion.cpp,Topography & DEM; Soil; Erosion (RUSLE),"{""Topography & DEM"": 4, ""Soil"": 2, ""Erosion (RUSLE)"": 6}",6792
engine\cpp_core\src\indices.cpp,Water Resources; Plant Selection & Crop Modeling,"{""Water Resources"": 1, ""Plant Selection & Crop Modeling"": 1}",3069
engine\cpp_core\src\richards.cpp,Soil; Water Resources,"{""Soil"": 1, ""Water Resources"": 3}",9616
engine\cpp_core\src\saint_venant.cpp,Water Resources,"{""Water Resources"": 1}",7913
engine\cpp_core\src\sampling.cpp,Water Resources; Plant Selection & Crop Modeling,"{""Water Resources"": 2, ""Plant Selection & Crop Modeling"": 16}",7157
engine\cpp_core\src\sediment.cpp,Erosion (RUSLE),"{""Erosion (RUSLE)"": 6}",2696
engine\cpp_core\src\soil.cpp,Soil,"{""Soil"": 3}",5156
engine\cpp_core\tests\benchmark_climate.cpp,Climate,"{""Climate"": 2}",3329
engine\cpp_core\tests\benchmark_crop_water.cpp,Climate; Water Resources; Plant Selection & Crop Modeling; Irrigation & Water Requirement,"{""Climate"": 1, ""Water Resources"": 1, ""Plant Selection & Crop Modeling"": 1, ""Irrigation & Water Requirement"": 2}",1800
engine\cpp_core\tests\benchmark_erosion.cpp,Erosion (RUSLE),"{""Erosion (RUSLE)"": 4}",3651
engine\cpp_core\tests\benchmark_sampling.cpp,Plant Selection & Crop Modeling,"{""Plant Selection & Crop Modeling"": 2}",1573
engine\cpp_core\tests\benchmark_sediment.cpp,Topography & DEM; Erosion (RUSLE),"{""Topography & DEM"": 1, ""Erosion (RUSLE)"": 3}",2118
engine\cpp_core\tests\benchmark_soil.cpp,Soil,"{""Soil"": 3}",1628
engine\cpp_core\tests\benchmark_soil_extended.cpp,Soil,"{""Soil"": 2}",2053
engine\cpp_core\tests\debug_main.cpp,Soil; Water Resources; Plant Selection & Crop Modeling; Irrigation & Water Requirement,"{""Soil"": 1, ""Water Resources"": 3, ""Plant Selection & Crop Modeling"": 3, ""Irrigation & Water Requirement"": 1}",5065
engine\cpp_core\tests\test_advanced.cpp,Soil; Water Resources; Erosion (RUSLE); Plant Selection & Crop Modeling; Irrigation & Water Requirement; Hydraulic & Structure Design,"{""Soil"": 2, ""Water Resources"": 7, ""Erosion (RUSLE)"": 9, ""Plant Selection & Crop Modeling"": 12, ""Irrigation & Water Requirement"": 6, ""Hydraulic & Structure Design"": 6}",12341
engine\cpp_core\tests\test_climate_unit.cpp,Climate,"{""Climate"": 8}",2763
engine\cpp_core\tests\test_crop_water_unit.cpp,Water Resources; Plant Selection & Crop Modeling; Irrigation & Water Requirement; General/Simulation,"{""Water Resources"": 8, ""Plant Selection & Crop Modeling"": 5, ""Irrigation & Water Requirement"": 7, ""General/Simulation"": 2}",2783
engine\cpp_core\tests\test_erosion_unit.cpp,Topography & DEM; Soil; Erosion (RUSLE),"{""Topography & DEM"": 2, ""Soil"": 2, ""Erosion (RUSLE)"": 18}",3517
engine\cpp_core\tests\test_hydroma.cpp,Topography & DEM; Soil; Climate; Erosion (RUSLE); Plant Selection & Crop Modeling,"{""Topography & DEM"": 3, ""Soil"": 4, ""Climate"": 4, ""Erosion (RUSLE)"": 4, ""Plant Selection & Crop Modeling"": 1}",7642
engine\cpp_core\tests\test_richards_unit.cpp,Soil; General/Simulation,"{""Soil"": 1, ""General/Simulation"": 2}",1938
engine\cpp_core\tests\test_saint_venant_unit.cpp,Water Resources; General/Simulation,"{""Water Resources"": 1, ""General/Simulation"": 3}",2610
engine\cpp_core\tests\test_sampling_unit.cpp,Plant Selection & Crop Modeling; General/Simulation,"{""Plant Selection & Crop Modeling"": 7, ""General/Simulation"": 1}",2660
engine\cpp_core\tests\test_sediment_unit.cpp,Water Resources; Erosion (RUSLE),"{""Water Resources"": 1, ""Erosion (RUSLE)"": 13}",3378
engine\cpp_core\tests\test_soil_unit.cpp,Soil; Water Resources,"{""Soil"": 10, ""Water Resources"": 1}",4820
engine\cpp_core\build2\CMakeFiles\4.4.2\CompilerIdCXX\CompilerIdCXX.vcxproj,Optimization & Scenario,"{""Optimization & Scenario"": 2}",2806
engine\cpp_core\build2\Testing\Temporary\LastTest.log,Topography & DEM; Soil; Climate; Water Resources; Erosion (RUSLE); Plant Selection & Crop Modeling; Irrigation & Water Requirement; Hydraulic & Structure Design,"{""Topography & DEM"": 2, ""Soil"": 1, ""Climate"": 1, ""Water Resources"": 2, ""Erosion (RUSLE)"": 5, ""Plant Selection & Crop Modeling"": 6, ""Irrigation & Water Requirement"": 4, ""Hydraulic & Structure Design"": 4}",4430
engine\cpp_core\include\hydroma\climate.hpp,Topography & DEM; Climate; Water Resources; Plant Selection & Crop Modeling; Irrigation & Water Requirement; General/Simulation,"{""Topography & DEM"": 1, ""Climate"": 14, ""Water Resources"": 1, ""Plant Selection & Crop Modeling"": 3, ""Irrigation & Water Requirement"": 6, ""General/Simulation"": 1}",3854
engine\cpp_core\include\hydroma\crop_water.hpp,Soil; Water Resources; Plant Selection & Crop Modeling; Irrigation & Water Requirement; General/Simulation,"{""Soil"": 5, ""Water Resources"": 9, ""Plant Selection & Crop Modeling"": 10, ""Irrigation & Water Requirement"": 7, ""General/Simulation"": 1}",3215
engine\cpp_core\include\hydroma\erosion.hpp,Topography & DEM; Soil; Climate; Water Resources; Erosion (RUSLE); General/Simulation,"{""Topography & DEM"": 7, ""Soil"": 12, ""Climate"": 3, ""Water Resources"": 2, ""Erosion (RUSLE)"": 14, ""General/Simulation"": 1}",3037
engine\cpp_core\include\hydroma\hydrology.hpp,Hydraulic & Structure Design,"{""Hydraulic & Structure Design"": 1}",3620
engine\cpp_core\include\hydroma\indices.hpp,Water Resources; Plant Selection & Crop Modeling; Monitoring & Calibration,"{""Water Resources"": 1, ""Plant Selection & Crop Modeling"": 1, ""Monitoring & Calibration"": 1}",1743
engine\cpp_core\include\hydroma\richards.hpp,Soil; Water Resources; General/Simulation,"{""Soil"": 4, ""Water Resources"": 2, ""General/Simulation"": 2}",2988
engine\cpp_core\include\hydroma\saint_venant.hpp,Water Resources; General/Simulation,"{""Water Resources"": 1, ""General/Simulation"": 3}",2396
engine\cpp_core\include\hydroma\sampling.hpp,Land Recognition & GIS; Climate; Water Resources; Plant Selection & Crop Modeling; Optimization & Scenario; General/Simulation,"{""Land Recognition & GIS"": 1, ""Climate"": 1, ""Water Resources"": 3, ""Plant Selection & Crop Modeling"": 8, ""Optimization & Scenario"": 3, ""General/Simulation"": 1}",3230
engine\cpp_core\include\hydroma\sediment.hpp,Topography & DEM; Soil; Water Resources; Erosion (RUSLE); Plant Selection & Crop Modeling; Hydraulic & Structure Design; General/Simulation,"{""Topography & DEM"": 2, ""Soil"": 3, ""Water Resources"": 1, ""Erosion (RUSLE)"": 14, ""Plant Selection & Crop Modeling"": 1, ""Hydraulic & Structure Design"": 3, ""General/Simulation"": 1}",3015
engine\cpp_core\include\hydroma\soil.hpp,Soil; Water Resources; Hydraulic & Structure Design; General/Simulation,"{""Soil"": 7, ""Water Resources"": 4, ""Hydraulic & Structure Design"": 5, ""General/Simulation"": 1}",2263
engine\hydroma\ai_assistant\knowledge_base.py,Topography & DEM; Soil; Climate; Water Resources; Erosion (RUSLE); Carbon & RothC; Plant Selection & Crop Modeling; Irrigation & Water Requirement; Hydraulic & Structure Design; Optimization & Scenario; Economy & Carbon MRV; Monitoring & Calibration; General/Simulation,"{""Topography & DEM"": 4, ""Soil"": 10, ""Climate"": 5, ""Water Resources"": 6, ""Erosion (RUSLE)"": 7, ""Carbon & RothC"": 9, ""Plant Selection & Crop Modeling"": 4, ""Irrigation & Water Requirement"": 5, ""Hydraulic & Structure Design"": 1, ""Optimization & Scenario"": 1, ""Economy & Carbon MRV"": 4, ""Monitoring & Calibration"": 1, ""General/Simulation"": 2}",6912
engine\hydroma\ai_assistant\rag_service.py,Soil,"{""Soil"": 1}",2030
engine\hydroma\analyses\topography_analysis.py,Land Recognition & GIS; Topography & DEM; Climate; General/Simulation,"{""Land Recognition & GIS"": 2, ""Topography & DEM"": 45, ""Climate"": 3, ""General/Simulation"": 2}",7108
engine\hydroma\biofertilizer\advanced_calculator.py,Soil; Water Resources; Carbon & RothC; Plant Selection & Crop Modeling; Irrigation & Water Requirement; Hydraulic & Structure Design; Optimization & Scenario; Economy & Carbon MRV,"{""Soil"": 14, ""Water Resources"": 19, ""Carbon & RothC"": 11, ""Plant Selection & Crop Modeling"": 7, ""Irrigation & Water Requirement"": 4, ""Hydraulic & Structure Design"": 5, ""Optimization & Scenario"": 6, ""Economy & Carbon MRV"": 53}",53382
engine\hydroma\biofertilizer\calculator.py,Soil; Climate; Water Resources; Carbon & RothC; Plant Selection & Crop Modeling; Irrigation & Water Requirement; Optimization & Scenario; Economy & Carbon MRV; Monitoring & Calibration; General/Simulation,"{""Soil"": 66, ""Climate"": 1, ""Water Resources"": 5, ""Carbon & RothC"": 10, ""Plant Selection & Crop Modeling"": 6, ""Irrigation & Water Requirement"": 2, ""Optimization & Scenario"": 1, ""Economy & Carbon MRV"": 2, ""Monitoring & Calibration"": 5, ""General/Simulation"": 1}",26099
engine\hydroma\biofertilizer\calibration.py,Soil; Climate; Optimization & Scenario; Monitoring & Calibration; General/Simulation,"{""Soil"": 1, ""Climate"": 2, ""Optimization & Scenario"": 1, ""Monitoring & Calibration"": 11, ""General/Simulation"": 10}",6557
engine\hydroma\biofertilizer\models.py,Soil; Water Resources; Plant Selection & Crop Modeling; Economy & Carbon MRV; Monitoring & Calibration,"{""Soil"": 4, ""Water Resources"": 1, ""Plant Selection & Crop Modeling"": 1, ""Economy & Carbon MRV"": 3, ""Monitoring & Calibration"": 1}",16210
engine\hydroma\biofertilizer\repositories.py,Soil; Water Resources; Carbon & RothC; Plant Selection & Crop Modeling; Monitoring & Calibration,"{""Soil"": 32, ""Water Resources"": 1, ""Carbon & RothC"": 2, ""Plant Selection & Crop Modeling"": 2, ""Monitoring & Calibration"": 4}",29343
engine\hydroma\biofertilizer\services.py,Soil; Water Resources; Carbon & RothC; Plant Selection & Crop Modeling; Irrigation & Water Requirement; Hydraulic & Structure Design; Economy & Carbon MRV; Monitoring & Calibration; General/Simulation,"{""Soil"": 16, ""Water Resources"": 8, ""Carbon & RothC"": 8, ""Plant Selection & Crop Modeling"": 4, ""Irrigation & Water Requirement"": 3, ""Hydraulic & Structure Design"": 1, ""Economy & Carbon MRV"": 2, ""Monitoring & Calibration"": 5, ""General/Simulation"": 2}",19911
engine\hydroma\biofertilizer\trials.py,Land Recognition & GIS; Soil; Climate; Plant Selection & Crop Modeling,"{""Land Recognition & GIS"": 1, ""Soil"": 2, ""Climate"": 1, ""Plant Selection & Crop Modeling"": 3}",5949
engine\hydroma\biofertilizer\__init__.py,Optimization & Scenario,"{""Optimization & Scenario"": 1}",2858
engine\hydroma\calculations\crop_water_req_calc.py,Climate; Water Resources; Plant Selection & Crop Modeling; Irrigation & Water Requirement,"{""Climate"": 20, ""Water Resources"": 6, ""Plant Selection & Crop Modeling"": 7, ""Irrigation & Water Requirement"": 8}",3705
engine\hydroma\calibration\calibrator.py,Soil; Climate; Plant Selection & Crop Modeling; Irrigation & Water Requirement; Optimization & Scenario; Monitoring & Calibration; General/Simulation,"{""Soil"": 3, ""Climate"": 1, ""Plant Selection & Crop Modeling"": 1, ""Irrigation & Water Requirement"": 1, ""Optimization & Scenario"": 1, ""Monitoring & Calibration"": 10, ""General/Simulation"": 9}",7541
engine\hydroma\calibration\model_calibrator.py,Irrigation & Water Requirement; Hydraulic & Structure Design; Optimization & Scenario; Monitoring & Calibration; General/Simulation,"{""Irrigation & Water Requirement"": 1, ""Hydraulic & Structure Design"": 1, ""Optimization & Scenario"": 1, ""Monitoring & Calibration"": 9, ""General/Simulation"": 5}",5698
engine\hydroma\calibration\validator.py,Soil; Monitoring & Calibration; General/Simulation,"{""Soil"": 1, ""Monitoring & Calibration"": 8, ""General/Simulation"": 10}",5307
engine\hydroma\calibration\version_manager.py,Monitoring & Calibration; General/Simulation,"{""Monitoring & Calibration"": 3, ""General/Simulation"": 14}",6412
engine\hydroma\carbon\calculator.py,Soil; Climate; Carbon & RothC; Economy & Carbon MRV,"{""Soil"": 1, ""Climate"": 1, ""Carbon & RothC"": 22, ""Economy & Carbon MRV"": 2}",7529
engine\hydroma\carbon\__init__.py,Carbon & RothC; Economy & Carbon MRV,"{""Carbon & RothC"": 1, ""Economy & Carbon MRV"": 1}",52
engine\hydroma\climate\et_calculator.py,Topography & DEM; Climate; Irrigation & Water Requirement,"{""Topography & DEM"": 5, ""Climate"": 9, ""Irrigation & Water Requirement"": 2}",7160
engine\hydroma\climate\__init__.py,Climate,"{""Climate"": 1}",55
engine\hydroma\config\settings.py,General/Simulation,"{""General/Simulation"": 7}",11567
engine\hydroma\core\models.py,Soil; Carbon & RothC; Plant Selection & Crop Modeling,"{""Soil"": 1, ""Carbon & RothC"": 1, ""Plant Selection & Crop Modeling"": 4}",2340
engine\hydroma\core\models.py.bak_soilprof,Soil; Carbon & RothC; Plant Selection & Crop Modeling,"{""Soil"": 1, ""Carbon & RothC"": 1, ""Plant Selection & Crop Modeling"": 4}",1896
engine\hydroma\cpp_bridge\hydrology_fallback.py,Topography & DEM; Water Resources; Hydraulic & Structure Design,"{""Topography & DEM"": 2, ""Water Resources"": 3, ""Hydraulic & Structure Design"": 2}",7010
engine\hydroma\cpp_bridge\hydrology_fast.py,Topography & DEM; Water Resources; Hydraulic & Structure Design,"{""Topography & DEM"": 2, ""Water Resources"": 3, ""Hydraulic & Structure Design"": 2}",7010
engine\hydroma\cpp_bridge\indices_fallback.py,Plant Selection & Crop Modeling,"{""Plant Selection & Crop Modeling"": 1}",5417
engine\hydroma\cpp_bridge\indices_fast.py,Plant Selection & Crop Modeling,"{""Plant Selection & Crop Modeling"": 1}",5417
engine\hydroma\cpp_bridge\soil_physics_fallback.py,Soil; Water Resources; Irrigation & Water Requirement; Hydraulic & Structure Design; General/Simulation,"{""Soil"": 9, ""Water Resources"": 4, ""Irrigation & Water Requirement"": 1, ""Hydraulic & Structure Design"": 5, ""General/Simulation"": 1}",4839
engine\hydroma\cpp_bridge\soil_physics_fast.py,Soil; Water Resources; Irrigation & Water Requirement; Hydraulic & Structure Design; General/Simulation,"{""Soil"": 9, ""Water Resources"": 4, ""Irrigation & Water Requirement"": 1, ""Hydraulic & Structure Design"": 5, ""General/Simulation"": 1}",4839
engine\hydroma\crop\models.py,Plant Selection & Crop Modeling; General/Simulation,"{""Plant Selection & Crop Modeling"": 7, ""General/Simulation"": 4}",809
engine\hydroma\crop\__init__.py,Plant Selection & Crop Modeling,"{""Plant Selection & Crop Modeling"": 1}",52
engine\hydroma\data\kc_lookup.py,Plant Selection & Crop Modeling,"{""Plant Selection & Crop Modeling"": 2}",595
engine\hydroma\data_ingestion\models.py,General/Simulation,"{""General/Simulation"": 4}",886
engine\hydroma\decision_support\dss.py,Plant Selection & Crop Modeling; Optimization & Scenario,"{""Plant Selection & Crop Modeling"": 2, ""Optimization & Scenario"": 13}",9067
engine\hydroma\economics\analysis.py,Economy & Carbon MRV,"{""Economy & Carbon MRV"": 1}",883
engine\hydroma\economics\costing.py,Plant Selection & Crop Modeling; Irrigation & Water Requirement; Hydraulic & Structure Design; Economy & Carbon MRV; General/Simulation,"{""Plant Selection & Crop Modeling"": 1, ""Irrigation & Water Requirement"": 2, ""Hydraulic & Structure Design"": 3, ""Economy & Carbon MRV"": 15, ""General/Simulation"": 1}",7999
engine\hydroma\economics\employment.py,Water Resources; Economy & Carbon MRV; General/Simulation,"{""Water Resources"": 1, ""Economy & Carbon MRV"": 2, ""General/Simulation"": 1}",4505
engine\hydroma\economics\integration.py,Carbon & RothC; Plant Selection & Crop Modeling; Irrigation & Water Requirement; Hydraulic & Structure Design; Economy & Carbon MRV; General/Simulation,"{""Carbon & RothC"": 3, ""Plant Selection & Crop Modeling"": 5, ""Irrigation & Water Requirement"": 1, ""Hydraulic & Structure Design"": 2, ""Economy & Carbon MRV"": 12, ""General/Simulation"": 1}",9837
engine\hydroma\economics\revenue.py,Water Resources; Carbon & RothC; Plant Selection & Crop Modeling; Economy & Carbon MRV,"{""Water Resources"": 1, ""Carbon & RothC"": 5, ""Plant Selection & Crop Modeling"": 2, ""Economy & Carbon MRV"": 3}",5224
engine\hydroma\economics\risk.py,Plant Selection & Crop Modeling; Hydraulic & Structure Design; Economy & Carbon MRV; General/Simulation,"{""Plant Selection & Crop Modeling"": 7, ""Hydraulic & Structure Design"": 1, ""Economy & Carbon MRV"": 3, ""General/Simulation"": 2}",5628
engine\hydroma\economics\roi.py,Plant Selection & Crop Modeling; Economy & Carbon MRV,"{""Plant Selection & Crop Modeling"": 1, ""Economy & Carbon MRV"": 6}",6186
engine\hydroma\economics\__init__.py,Economy & Carbon MRV,"{""Economy & Carbon MRV"": 1}",56
engine\hydroma\ecotourism\models.py,General/Simulation,"{""General/Simulation"": 4}",856
engine\hydroma\erosion\models.py,Soil; Erosion (RUSLE); General/Simulation,"{""Soil"": 1, ""Erosion (RUSLE)"": 6, ""General/Simulation"": 4}",836
engine\hydroma\erosion\__init__.py,Erosion (RUSLE),"{""Erosion (RUSLE)"": 1}",55
engine\hydroma\examples\calibrate_rusle_example.py,Erosion (RUSLE); Optimization & Scenario; Monitoring & Calibration; General/Simulation,"{""Erosion (RUSLE)"": 3, ""Optimization & Scenario"": 1, ""Monitoring & Calibration"": 2, ""General/Simulation"": 5}",2601
engine\hydroma\finance\models.py,Economy & Carbon MRV; General/Simulation,"{""Economy & Carbon MRV"": 1, ""General/Simulation"": 4}",835
engine\hydroma\geospatial\models.py,Land Recognition & GIS; General/Simulation,"{""Land Recognition & GIS"": 6, ""General/Simulation"": 4}",863
engine\hydroma\geospatial\__init__.py,Land Recognition & GIS,"{""Land Recognition & GIS"": 1}",58
engine\hydroma\groundwater\models.py,Water Resources; Plant Selection & Crop Modeling; Hydraulic & Structure Design,"{""Water Resources"": 8, ""Plant Selection & Crop Modeling"": 2, ""Hydraulic & Structure Design"": 1}",3518
engine\hydroma\groundwater\service.py,Water Resources; Plant Selection & Crop Modeling; Hydraulic & Structure Design,"{""Water Resources"": 27, ""Plant Selection & Crop Modeling"": 5, ""Hydraulic & Structure Design"": 2}",11534
engine\hydroma\groundwater\__init__.py,Water Resources,"{""Water Resources"": 2}",394
engine\hydroma\hydrology\models.py,Water Resources; General/Simulation,"{""Water Resources"": 1, ""General/Simulation"": 4}",865
engine\hydroma\infrastructure\channels.py,Topography & DEM; Soil; Water Resources; Erosion (RUSLE); Hydraulic & Structure Design,"{""Topography & DEM"": 1, ""Soil"": 1, ""Water Resources"": 2, ""Erosion (RUSLE)"": 1, ""Hydraulic & Structure Design"": 1}",3512
engine\hydroma\infrastructure\draining.py,Topography & DEM; Soil; Hydraulic & Structure Design,"{""Topography & DEM"": 10, ""Soil"": 1, ""Hydraulic & Structure Design"": 7}",4981
engine\hydroma\infrastructure\earthwork.py,Topography & DEM; Hydraulic & Structure Design,"{""Topography & DEM"": 5, ""Hydraulic & Structure Design"": 1}",4474
engine\hydroma\infrastructure\innovative_structures.py,Topography & DEM; Climate; Water Resources; Erosion (RUSLE); Carbon & RothC; Plant Selection & Crop Modeling; Hydraulic & Structure Design; Economy & Carbon MRV,"{""Topography & DEM"": 1, ""Climate"": 1, ""Water Resources"": 2, ""Erosion (RUSLE)"": 4, ""Carbon & RothC"": 1, ""Plant Selection & Crop Modeling"": 2, ""Hydraulic & Structure Design"": 10, ""Economy & Carbon MRV"": 2}",8116
engine\hydroma\infrastructure\water_structures.py,Topography & DEM; Water Resources; Hydraulic & Structure Design,"{""Topography & DEM"": 1, ""Water Resources"": 5, ""Hydraulic & Structure Design"": 1}",4659
engine\hydroma\irrigation\scheduler.py,Irrigation & Water Requirement,"{""Irrigation & Water Requirement"": 3}",916
engine\hydroma\irrigation\__init__.py,Irrigation & Water Requirement,"{""Irrigation & Water Requirement"": 1}",66
engine\hydroma\materials\compost_formulator.py,Soil; Carbon & RothC,"{""Soil"": 1, ""Carbon & RothC"": 2}",1122
engine\hydroma\ml\models.py,General/Simulation,"{""General/Simulation"": 4}",788
engine\hydroma\models\base.py,General/Simulation,"{""General/Simulation"": 4}",6564
engine\hydroma\models\cache.py,Water Resources,"{""Water Resources"": 1}",10620
engine\hydroma\models\ecsi.py,Soil; Climate; Carbon & RothC; Plant Selection & Crop Modeling; General/Simulation,"{""Soil"": 1, ""Climate"": 2, ""Carbon & RothC"": 17, ""Plant Selection & Crop Modeling"": 4, ""General/Simulation"": 2}",5368
engine\hydroma\models\epia.py,Soil; Water Resources; Plant Selection & Crop Modeling; Irrigation & Water Requirement,"{""Soil"": 3, ""Water Resources"": 2, ""Plant Selection & Crop Modeling"": 2, ""Irrigation & Water Requirement"": 14}",4652
engine\hydroma\models\esri.py,Soil; Water Resources; Irrigation & Water Requirement; General/Simulation,"{""Soil"": 3, ""Water Resources"": 1, ""Irrigation & Water Requirement"": 4, ""General/Simulation"": 1}",4463
engine\hydroma\models\ewsi.py,Soil; Climate; Water Resources; Carbon & RothC; Monitoring & Calibration; General/Simulation,"{""Soil"": 14, ""Climate"": 1, ""Water Resources"": 5, ""Carbon & RothC"": 1, ""Monitoring & Calibration"": 1, ""General/Simulation"": 1}",5028
engine\hydroma\models\groundwater_model.py,Climate; Water Resources; General/Simulation,"{""Climate"": 1, ""Water Resources"": 12, ""General/Simulation"": 4}",3072
engine\hydroma\models\hdvi.py,Soil; Climate; Plant Selection & Crop Modeling; Irrigation & Water Requirement; Monitoring & Calibration,"{""Soil"": 4, ""Climate"": 3, ""Plant Selection & Crop Modeling"": 3, ""Irrigation & Water Requirement"": 1, ""Monitoring & Calibration"": 1}",5044
engine\hydroma\models\hlhs.py,Soil; Water Resources; Carbon & RothC; Plant Selection & Crop Modeling,"{""Soil"": 5, ""Water Resources"": 3, ""Carbon & RothC"": 5, ""Plant Selection & Crop Modeling"": 5}",5060
engine\hydroma\models\hpheno.py,Plant Selection & Crop Modeling; Monitoring & Calibration,"{""Plant Selection & Crop Modeling"": 1, ""Monitoring & Calibration"": 1}",4327
engine\hydroma\models\hyrue.py,Climate; Plant Selection & Crop Modeling; Irrigation & Water Requirement; General/Simulation,"{""Climate"": 6, ""Plant Selection & Crop Modeling"": 12, ""Irrigation & Water Requirement"": 1, ""General/Simulation"": 4}",5303
engine\hydroma\models\runoff_model.py,Land Recognition & GIS; Topography & DEM; Soil; Climate; Water Resources,"{""Land Recognition & GIS"": 13, ""Topography & DEM"": 13, ""Soil"": 18, ""Climate"": 4, ""Water Resources"": 15}",6492
engine\hydroma\models\__init__.py,Water Resources; Carbon & RothC; Irrigation & Water Requirement; General/Simulation,"{""Water Resources"": 1, ""Carbon & RothC"": 2, ""Irrigation & Water Requirement"": 1, ""General/Simulation"": 2}",972
engine\hydroma\mrv\iot_ingest.py,Land Recognition & GIS; Economy & Carbon MRV,"{""Land Recognition & GIS"": 1, ""Economy & Carbon MRV"": 3}",6043
engine\hydroma\mrv\metrics.py,Soil; Erosion (RUSLE); Carbon & RothC; Plant Selection & Crop Modeling; Economy & Carbon MRV; General/Simulation,"{""Soil"": 3, ""Erosion (RUSLE)"": 8, ""Carbon & RothC"": 1, ""Plant Selection & Crop Modeling"": 1, ""Economy & Carbon MRV"": 1, ""General/Simulation"": 1}",9172
engine\hydroma\mrv\models.py,Carbon & RothC; Economy & Carbon MRV; General/Simulation,"{""Carbon & RothC"": 1, ""Economy & Carbon MRV"": 5, ""General/Simulation"": 4}",818
engine\hydroma\mrv\nojin_mrv.py,Carbon & RothC; Plant Selection & Crop Modeling; Economy & Carbon MRV,"{""Carbon & RothC"": 1, ""Plant Selection & Crop Modeling"": 2, ""Economy & Carbon MRV"": 2}",6471
engine\hydroma\mrv\qa.py,Soil; Climate; Economy & Carbon MRV; Monitoring & Calibration,"{""Soil"": 2, ""Climate"": 1, ""Economy & Carbon MRV"": 1, ""Monitoring & Calibration"": 1}",3504
engine\hydroma\mrv\satellite_cdse.py,Land Recognition & GIS; Economy & Carbon MRV; General/Simulation,"{""Land Recognition & GIS"": 4, ""Economy & Carbon MRV"": 2, ""General/Simulation"": 3}",8010
engine\hydroma\mrv\schemas.py,Soil; Climate; Plant Selection & Crop Modeling; Economy & Carbon MRV; Monitoring & Calibration; General/Simulation,"{""Soil"": 3, ""Climate"": 1, ""Plant Selection & Crop Modeling"": 1, ""Economy & Carbon MRV"": 4, ""Monitoring & Calibration"": 3, ""General/Simulation"": 1}",3439
engine\hydroma\mrv\__init__.py,Erosion (RUSLE); Carbon & RothC; Economy & Carbon MRV; Monitoring & Calibration,"{""Erosion (RUSLE)"": 1, ""Carbon & RothC"": 1, ""Economy & Carbon MRV"": 3, ""Monitoring & Calibration"": 1}",861
engine\hydroma\optimization\optimizer.py,Land Recognition & GIS; Plant Selection & Crop Modeling; Optimization & Scenario; Economy & Carbon MRV; General/Simulation,"{""Land Recognition & GIS"": 1, ""Plant Selection & Crop Modeling"": 8, ""Optimization & Scenario"": 18, ""Economy & Carbon MRV"": 5, ""General/Simulation"": 1}",9431
engine\hydroma\plants\models.py,Plant Selection & Crop Modeling; General/Simulation,"{""Plant Selection & Crop Modeling"": 1, ""General/Simulation"": 4}",824
engine\hydroma\risk\models.py,General/Simulation,"{""General/Simulation"": 4}",798
engine\hydroma\satellite\analyzer.py,Land Recognition & GIS; Topography & DEM; Soil; Water Resources; Erosion (RUSLE); Plant Selection & Crop Modeling; Irrigation & Water Requirement; Monitoring & Calibration,"{""Land Recognition & GIS"": 1, ""Topography & DEM"": 1, ""Soil"": 3, ""Water Resources"": 2, ""Erosion (RUSLE)"": 1, ""Plant Selection & Crop Modeling"": 5, ""Irrigation & Water Requirement"": 2, ""Monitoring & Calibration"": 1}",6677
engine\hydroma\scenario\__init__.py,Optimization & Scenario,"{""Optimization & Scenario"": 1}",56
engine\hydroma\scenarios\climate_scenarios.py,Climate; Carbon & RothC; Irrigation & Water Requirement; Optimization & Scenario; General/Simulation,"{""Climate"": 15, ""Carbon & RothC"": 1, ""Irrigation & Water Requirement"": 1, ""Optimization & Scenario"": 19, ""General/Simulation"": 1}",4668
engine\hydroma\scenarios\crop_scenarios.py,Climate; Water Resources; Carbon & RothC; Plant Selection & Crop Modeling; Irrigation & Water Requirement; Economy & Carbon MRV; General/Simulation,"{""Climate"": 7, ""Water Resources"": 9, ""Carbon & RothC"": 3, ""Plant Selection & Crop Modeling"": 39, ""Irrigation & Water Requirement"": 6, ""Economy & Carbon MRV"": 2, ""General/Simulation"": 3}",7831
engine\hydroma\scenarios\monte_carlo.py,Climate; Water Resources; Plant Selection & Crop Modeling; Optimization & Scenario; Economy & Carbon MRV; General/Simulation,"{""Climate"": 5, ""Water Resources"": 5, ""Plant Selection & Crop Modeling"": 6, ""Optimization & Scenario"": 2, ""Economy & Carbon MRV"": 1, ""General/Simulation"": 1}",4129
engine\hydroma\scenarios\scenario_manager.py,Climate; Plant Selection & Crop Modeling; Irrigation & Water Requirement; Optimization & Scenario; General/Simulation,"{""Climate"": 3, ""Plant Selection & Crop Modeling"": 4, ""Irrigation & Water Requirement"": 3, ""Optimization & Scenario"": 22, ""General/Simulation"": 4}",8793
engine\hydroma\scenarios\whatif_engine.py,Soil; Climate; Water Resources; Carbon & RothC; Plant Selection & Crop Modeling; Irrigation & Water Requirement; Optimization & Scenario,"{""Soil"": 1, ""Climate"": 4, ""Water Resources"": 2, ""Carbon & RothC"": 1, ""Plant Selection & Crop Modeling"": 1, ""Irrigation & Water Requirement"": 1, ""Optimization & Scenario"": 17}",3737
engine\hydroma\scenarios\__init__.py,Climate; Optimization & Scenario; General/Simulation,"{""Climate"": 1, ""Optimization & Scenario"": 1, ""General/Simulation"": 1}",61
engine\hydroma\simulation\calibration.py,General/Simulation,"{""General/Simulation"": 3}",3879
engine\hydroma\simulation\contracts.py,Topography & DEM; Soil; Climate; Water Resources; Erosion (RUSLE); Carbon & RothC; Plant Selection & Crop Modeling; Irrigation & Water Requirement; Optimization & Scenario; General/Simulation,"{""Topography & DEM"": 1, ""Soil"": 7, ""Climate"": 5, ""Water Resources"": 9, ""Erosion (RUSLE)"": 5, ""Carbon & RothC"": 5, ""Plant Selection & Crop Modeling"": 6, ""Irrigation & Water Requirement"": 3, ""Optimization & Scenario"": 4, ""General/Simulation"": 9}",8178
engine\hydroma\simulation\contracts.py.bak_contracts,Topography & DEM; Soil; Climate; Water Resources; Erosion (RUSLE); Carbon & RothC; Plant Selection & Crop Modeling; Irrigation & Water Requirement; Optimization & Scenario; General/Simulation,"{""Topography & DEM"": 1, ""Soil"": 7, ""Climate"": 5, ""Water Resources"": 9, ""Erosion (RUSLE)"": 5, ""Carbon & RothC"": 5, ""Plant Selection & Crop Modeling"": 6, ""Irrigation & Water Requirement"": 3, ""Optimization & Scenario"": 4, ""General/Simulation"": 9}",7449
engine\hydroma\simulation\contracts.py.bak_test_fix,Topography & DEM; Soil; Climate; Water Resources; Erosion (RUSLE); Carbon & RothC; Plant Selection & Crop Modeling; Irrigation & Water Requirement; Optimization & Scenario; General/Simulation,"{""Topography & DEM"": 1, ""Soil"": 7, ""Climate"": 5, ""Water Resources"": 9, ""Erosion (RUSLE)"": 5, ""Carbon & RothC"": 5, ""Plant Selection & Crop Modeling"": 6, ""Irrigation & Water Requirement"": 3, ""Optimization & Scenario"": 4, ""General/Simulation"": 9}",6626
engine\hydroma\simulation\hecras.py,Land Recognition & GIS; Water Resources; Irrigation & Water Requirement; Hydraulic & Structure Design; General/Simulation,"{""Land Recognition & GIS"": 1, ""Water Resources"": 1, ""Irrigation & Water Requirement"": 1, ""Hydraulic & Structure Design"": 15, ""General/Simulation"": 7}",4084
engine\hydroma\simulation\orchestrator.py,Topography & DEM; Soil; Climate; Erosion (RUSLE); Carbon & RothC; Plant Selection & Crop Modeling; Irrigation & Water Requirement; Hydraulic & Structure Design; Optimization & Scenario; General/Simulation,"{""Topography & DEM"": 1, ""Soil"": 2, ""Climate"": 6, ""Erosion (RUSLE)"": 6, ""Carbon & RothC"": 5, ""Plant Selection & Crop Modeling"": 7, ""Irrigation & Water Requirement"": 4, ""Hydraulic & Structure Design"": 8, ""Optimization & Scenario"": 3, ""General/Simulation"": 7}",7130
engine\hydroma\simulation\scenarios.py,Erosion (RUSLE); Plant Selection & Crop Modeling; Optimization & Scenario; General/Simulation,"{""Erosion (RUSLE)"": 1, ""Plant Selection & Crop Modeling"": 1, ""Optimization & Scenario"": 1, ""General/Simulation"": 2}",769
engine\hydroma\simulation\weap.py,Water Resources; Hydraulic & Structure Design; General/Simulation,"{""Water Resources"": 3, ""Hydraulic & Structure Design"": 7, ""General/Simulation"": 6}",1684
engine\hydroma\simulation\weather_source.py,Climate; Plant Selection & Crop Modeling; Irrigation & Water Requirement; General/Simulation,"{""Climate"": 8, ""Plant Selection & Crop Modeling"": 3, ""Irrigation & Water Requirement"": 4, ""General/Simulation"": 1}",4799
engine\hydroma\simulation\__init__.py,Erosion (RUSLE); Carbon & RothC; Plant Selection & Crop Modeling; Irrigation & Water Requirement; Optimization & Scenario; General/Simulation,"{""Erosion (RUSLE)"": 1, ""Carbon & RothC"": 1, ""Plant Selection & Crop Modeling"": 1, ""Irrigation & Water Requirement"": 1, ""Optimization & Scenario"": 1, ""General/Simulation"": 9}",844
engine\hydroma\soil\chemistry.py,Soil; Water Resources; Irrigation & Water Requirement,"{""Soil"": 12, ""Water Resources"": 1, ""Irrigation & Water Requirement"": 1}",8686
engine\hydroma\soil\health.py,Soil; Hydraulic & Structure Design; General/Simulation,"{""Soil"": 23, ""Hydraulic & Structure Design"": 1, ""General/Simulation"": 1}",10756
engine\hydroma\soil\models.py,Soil; General/Simulation,"{""Soil"": 6, ""General/Simulation"": 4}",841
engine\hydroma\soil\pedotransfer.py,Soil; Water Resources; Hydraulic & Structure Design,"{""Soil"": 2, ""Water Resources"": 2, ""Hydraulic & Structure Design"": 3}",2972
engine\hydroma\soil\physics.py,Soil; Water Resources; Plant Selection & Crop Modeling; Hydraulic & Structure Design; General/Simulation,"{""Soil"": 4, ""Water Resources"": 10, ""Plant Selection & Crop Modeling"": 1, ""Hydraulic & Structure Design"": 6, ""General/Simulation"": 2}",5872
engine\hydroma\soil\recommendations.py,Soil; Water Resources; Hydraulic & Structure Design; Economy & Carbon MRV; Monitoring & Calibration,"{""Soil"": 14, ""Water Resources"": 1, ""Hydraulic & Structure Design"": 2, ""Economy & Carbon MRV"": 1, ""Monitoring & Calibration"": 5}",6929
engine\hydroma\soil\salinity.py,Soil; Water Resources; Plant Selection & Crop Modeling; Irrigation & Water Requirement; Monitoring & Calibration; General/Simulation,"{""Soil"": 13, ""Water Resources"": 4, ""Plant Selection & Crop Modeling"": 8, ""Irrigation & Water Requirement"": 5, ""Monitoring & Calibration"": 2, ""General/Simulation"": 1}",7946
engine\hydroma\soil\taxonomy.py,Soil; Water Resources; Irrigation & Water Requirement; General/Simulation,"{""Soil"": 40, ""Water Resources"": 5, ""Irrigation & Water Requirement"": 1, ""General/Simulation"": 1}",12410
engine\hydroma\soil\texture.py,Soil,"{""Soil"": 9}",3654
engine\hydroma\soil\water_retention.py,Soil; Water Resources; Plant Selection & Crop Modeling; Hydraulic & Structure Design; General/Simulation,"{""Soil"": 7, ""Water Resources"": 26, ""Plant Selection & Crop Modeling"": 1, ""Hydraulic & Structure Design"": 6, ""General/Simulation"": 4}",7799
engine\hydroma\soil\__init__.py,Soil; Water Resources; Hydraulic & Structure Design,"{""Soil"": 9, ""Water Resources"": 1, ""Hydraulic & Structure Design"": 1}",1688
engine\hydroma\standards\models.py,General/Simulation,"{""General/Simulation"": 4}",848
engine\hydroma\utils\topographic_calcs.py,Land Recognition & GIS; Topography & DEM; Climate,"{""Land Recognition & GIS"": 9, ""Topography & DEM"": 12, ""Climate"": 10}",1767
engine\hydroma\visualization\nojin_visualization.py,Land Recognition & GIS; Water Resources; Carbon & RothC; Irrigation & Water Requirement; Optimization & Scenario; Economy & Carbon MRV,"{""Land Recognition & GIS"": 13, ""Water Resources"": 2, ""Carbon & RothC"": 4, ""Irrigation & Water Requirement"": 1, ""Optimization & Scenario"": 1, ""Economy & Carbon MRV"": 4}",5348
engine\hydroma\watershed\calculator.py,Topography & DEM; Soil; Water Resources; Erosion (RUSLE); Hydraulic & Structure Design; Economy & Carbon MRV,"{""Topography & DEM"": 6, ""Soil"": 1, ""Water Resources"": 10, ""Erosion (RUSLE)"": 1, ""Hydraulic & Structure Design"": 6, ""Economy & Carbon MRV"": 7}",13194
engine\hydroma\watershed\watershed_calculator.py,Topography & DEM; Water Resources; Hydraulic & Structure Design,"{""Topography & DEM"": 2, ""Water Resources"": 4, ""Hydraulic & Structure Design"": 2}",2041
engine\hydroma\watershed\__init__.py,Water Resources; Hydraulic & Structure Design,"{""Water Resources"": 1, ""Hydraulic & Structure Design"": 1}",48
engine\hydroma\web_search\models.py,General/Simulation,"{""General/Simulation"": 4}",854
engine\hydroma\biofertilizer\data\materials_data.py,Soil; Climate; Water Resources; Erosion (RUSLE); Carbon & RothC; Plant Selection & Crop Modeling; Irrigation & Water Requirement; Hydraulic & Structure Design; Optimization & Scenario; Economy & Carbon MRV; Livelihood & Rural Development; General/Simulation,"{""Soil"": 52, ""Climate"": 2, ""Water Resources"": 10, ""Erosion (RUSLE)"": 2, ""Carbon & RothC"": 12, ""Plant Selection & Crop Modeling"": 4, ""Irrigation & Water Requirement"": 3, ""Hydraulic & Structure Design"": 7, ""Optimization & Scenario"": 2, ""Economy & Carbon MRV"": 4, ""Livelihood & Rural Development"": 2, ""General/Simulation"": 4}",40355
engine\hydroma\biofertilizer\data\seed_data.py,Soil; Climate; Water Resources; Plant Selection & Crop Modeling; Irrigation & Water Requirement,"{""Soil"": 7, ""Climate"": 2, ""Water Resources"": 1, ""Plant Selection & Crop Modeling"": 1, ""Irrigation & Water Requirement"": 2}",11233
engine\hydroma\biofertilizer\data\__init__.py,Soil,"{""Soil"": 1}",454
engine\hydroma\biofertilizer\tests\test_nojin_calculator.py,Soil; Plant Selection & Crop Modeling,"{""Soil"": 16, ""Plant Selection & Crop Modeling"": 7}",8373
engine\hydroma\biofertilizer\tests\test_nojin_comprehensive.py,Soil; Water Resources; Carbon & RothC; Economy & Carbon MRV,"{""Soil"": 19, ""Water Resources"": 1, ""Carbon & RothC"": 2, ""Economy & Carbon MRV"": 1}",16323
engine\hydroma\crop\tests\__init__.py,Plant Selection & Crop Modeling,"{""Plant Selection & Crop Modeling"": 1}",30
engine\hydroma\erosion\tests\__init__.py,Erosion (RUSLE),"{""Erosion (RUSLE)"": 1}",33
engine\hydroma\geospatial\tests\__init__.py,Land Recognition & GIS,"{""Land Recognition & GIS"": 1}",36
engine\hydroma\groundwater\tests\test_service.py,Water Resources; Hydraulic & Structure Design,"{""Water Resources"": 8, ""Hydraulic & Structure Design"": 1}",7076
engine\hydroma\groundwater\tests\__init__.py,Water Resources,"{""Water Resources"": 1}",37
engine\hydroma\models\global_watchdog\climate_fetcher.py,Land Recognition & GIS; Climate,"{""Land Recognition & GIS"": 1, ""Climate"": 6}",3166
engine\hydroma\models\global_watchdog\koppen.py,Land Recognition & GIS; Topography & DEM; Climate,"{""Land Recognition & GIS"": 2, ""Topography & DEM"": 1, ""Climate"": 11}",9836
engine\hydroma\models\global_watchdog\reference_data.py,Land Recognition & GIS; Topography & DEM; Water Resources,"{""Land Recognition & GIS"": 1, ""Topography & DEM"": 1, ""Water Resources"": 2}",3166
engine\hydroma\models\global_watchdog\watchdog.py,Climate; Water Resources; Economy & Carbon MRV,"{""Climate"": 8, ""Water Resources"": 4, ""Economy & Carbon MRV"": 1}",3283
engine\hydroma\models\global_watchdog\wbi.py,Climate; Water Resources,"{""Climate"": 1, ""Water Resources"": 22}",7660
engine\hydroma\models\global_watchdog\__init__.py,Climate; Water Resources,"{""Climate"": 2, ""Water Resources"": 2}",960
engine\hydroma\models\validation\reference_data.py,Soil; Carbon & RothC; Plant Selection & Crop Modeling; Irrigation & Water Requirement; General/Simulation,"{""Soil"": 1, ""Carbon & RothC"": 1, ""Plant Selection & Crop Modeling"": 2, ""Irrigation & Water Requirement"": 2, ""General/Simulation"": 1}",3380
engine\hydroma\mrv\tests\__init__.py,Economy & Carbon MRV,"{""Economy & Carbon MRV"": 1}",29
engine\hydroma\satellite\processors\indices.py,Soil; Water Resources; Plant Selection & Crop Modeling; Monitoring & Calibration,"{""Soil"": 2, ""Water Resources"": 3, ""Plant Selection & Crop Modeling"": 8, ""Monitoring & Calibration"": 1}",3054
engine\hydroma\satellite\providers\base.py,Land Recognition & GIS,"{""Land Recognition & GIS"": 2}",1545
engine\hydroma\satellite\providers\earth_search.py,Plant Selection & Crop Modeling,"{""Plant Selection & Crop Modeling"": 1}",3995
engine\hydroma\satellite\providers\nasa_power.py,Climate; Livelihood & Rural Development; Monitoring & Calibration,"{""Climate"": 5, ""Livelihood & Rural Development"": 1, ""Monitoring & Calibration"": 1}",3115
engine\hydroma\simulation\runners\aquacrop_runner.py,Soil; Climate; Plant Selection & Crop Modeling; Irrigation & Water Requirement; General/Simulation,"{""Soil"": 3, ""Climate"": 16, ""Plant Selection & Crop Modeling"": 26, ""Irrigation & Water Requirement"": 13, ""General/Simulation"": 10}",6507
engine\hydroma\simulation\runners\base.py,General/Simulation,"{""General/Simulation"": 4}",608
engine\hydroma\simulation\runners\rothc_runner.py,Soil; Climate; Carbon & RothC; Plant Selection & Crop Modeling; General/Simulation,"{""Soil"": 3, ""Climate"": 4, ""Carbon & RothC"": 21, ""Plant Selection & Crop Modeling"": 4, ""General/Simulation"": 4}",5400
engine\hydroma\simulation\runners\swat_runner.py,Water Resources; General/Simulation,"{""Water Resources"": 6, ""General/Simulation"": 3}",5635
engine\hydroma\simulation\runners\__init__.py,General/Simulation,"{""General/Simulation"": 5}",475
engine\hydroma\soil\tests\test_soil.py,Soil; Water Resources; Hydraulic & Structure Design; Monitoring & Calibration; General/Simulation,"{""Soil"": 83, ""Water Resources"": 9, ""Hydraulic & Structure Design"": 1, ""Monitoring & Calibration"": 2, ""General/Simulation"": 2}",30667
engine\hydroma\soil\tests\__init__.py,Soil,"{""Soil"": 1}",20
engine\hydroma\watershed\tests\test_calculator.py,Topography & DEM; Water Resources,"{""Topography & DEM"": 3, ""Water Resources"": 2}",5142
engine\land\integration\climate_integrator.py,Land Recognition & GIS; Topography & DEM; Soil; Climate; Water Resources; Plant Selection & Crop Modeling; Irrigation & Water Requirement,"{""Land Recognition & GIS"": 1, ""Topography & DEM"": 2, ""Soil"": 1, ""Climate"": 28, ""Water Resources"": 1, ""Plant Selection & Crop Modeling"": 4, ""Irrigation & Water Requirement"": 2}",24621
engine\land\integration\climate_models.py,Climate,"{""Climate"": 14}",7951
engine\land\integration\comprehensive_analyzer.py,Topography & DEM; Soil; Climate; Water Resources; Plant Selection & Crop Modeling; Irrigation & Water Requirement,"{""Topography & DEM"": 17, ""Soil"": 24, ""Climate"": 25, ""Water Resources"": 2, ""Plant Selection & Crop Modeling"": 7, ""Irrigation & Water Requirement"": 2}",15432
engine\land\integration\models.py,Soil; Water Resources; Carbon & RothC; Irrigation & Water Requirement,"{""Soil"": 12, ""Water Resources"": 4, ""Carbon & RothC"": 2, ""Irrigation & Water Requirement"": 1}",6516
engine\land\integration\motors_hub.py,Erosion (RUSLE); Carbon & RothC,"{""Erosion (RUSLE)"": 2, ""Carbon & RothC"": 10}",9782
engine\land\integration\soil_integrator.py,Land Recognition & GIS; Topography & DEM; Soil; Climate; Water Resources; Carbon & RothC; Plant Selection & Crop Modeling; General/Simulation,"{""Land Recognition & GIS"": 1, ""Topography & DEM"": 5, ""Soil"": 30, ""Climate"": 2, ""Water Resources"": 4, ""Carbon & RothC"": 3, ""Plant Selection & Crop Modeling"": 1, ""General/Simulation"": 2}",20568
engine\land\integration\water_adapter.py,Topography & DEM; Soil; Climate; Water Resources; Irrigation & Water Requirement; General/Simulation,"{""Topography & DEM"": 2, ""Soil"": 10, ""Climate"": 2, ""Water Resources"": 65, ""Irrigation & Water Requirement"": 2, ""General/Simulation"": 3}",17049
engine\land\integration\__init__.py,Soil; Climate; Water Resources,"{""Soil"": 3, ""Climate"": 3, ""Water Resources"": 3}",3843
engine\land\reference\data.py,Land Recognition & GIS; Topography & DEM; Soil; Erosion (RUSLE),"{""Land Recognition & GIS"": 1, ""Topography & DEM"": 7, ""Soil"": 7, ""Erosion (RUSLE)"": 4}",20157
engine\land\reference\models.py,Land Recognition & GIS; Topography & DEM,"{""Land Recognition & GIS"": 1, ""Topography & DEM"": 4}",4443
engine\land\reference\__init__.py,Land Recognition & GIS; Topography & DEM,"{""Land Recognition & GIS"": 1, ""Topography & DEM"": 1}",905
engine\land\tests\test_capability.py,Topography & DEM; Soil; Erosion (RUSLE); General/Simulation,"{""Topography & DEM"": 1, ""Soil"": 1, ""Erosion (RUSLE)"": 1, ""General/Simulation"": 1}",4275
engine\land\tests\test_land_comprehensive.py,Land Recognition & GIS; Topography & DEM; Soil; Climate,"{""Land Recognition & GIS"": 1, ""Topography & DEM"": 43, ""Soil"": 2, ""Climate"": 1}",14195
engine\land\tests\test_models.py,Land Recognition & GIS; Topography & DEM; General/Simulation,"{""Land Recognition & GIS"": 1, ""Topography & DEM"": 8, ""General/Simulation"": 1}",6537
engine\land\tests\test_slope.py,Topography & DEM,"{""Topography & DEM"": 27}",4818
engine\land\tests\test_terrain.py,Topography & DEM,"{""Topography & DEM"": 13}",3593
engine\land\integration\tests\test_climate_integrator.py,Climate; Irrigation & Water Requirement,"{""Climate"": 9, ""Irrigation & Water Requirement"": 2}",16272
engine\land\integration\tests\test_comprehensive_analyzer.py,Topography & DEM; Soil; Climate; Erosion (RUSLE); Plant Selection & Crop Modeling,"{""Topography & DEM"": 2, ""Soil"": 2, ""Climate"": 5, ""Erosion (RUSLE)"": 1, ""Plant Selection & Crop Modeling"": 4}",9989
engine\land\integration\tests\test_soil_integrator.py,Topography & DEM; Soil; Water Resources; Erosion (RUSLE),"{""Topography & DEM"": 1, ""Soil"": 10, ""Water Resources"": 2, ""Erosion (RUSLE)"": 1}",9957
engine\land\integration\tests\test_water_adapter.py,Water Resources,"{""Water Resources"": 14}",12397
engine\land\integration\tests\__init__.py,Soil,"{""Soil"": 1}",31
frontend\src\main.tsx,Topography & DEM; Water Resources; Carbon & RothC,"{""Topography & DEM"": 1, ""Water Resources"": 1, ""Carbon & RothC"": 1}",2656
frontend\src\pages\AboutPage.tsx,Water Resources; Carbon & RothC; Plant Selection & Crop Modeling; General/Simulation,"{""Water Resources"": 2, ""Carbon & RothC"": 2, ""Plant Selection & Crop Modeling"": 1, ""General/Simulation"": 2}",655
frontend\src\pages\AboutUs.tsx,Land Recognition & GIS; Soil; Climate; Water Resources; Carbon & RothC; Plant Selection & Crop Modeling; Livelihood & Rural Development; Monitoring & Calibration; General/Simulation,"{""Land Recognition & GIS"": 1, ""Soil"": 1, ""Climate"": 1, ""Water Resources"": 1, ""Carbon & RothC"": 1, ""Plant Selection & Crop Modeling"": 1, ""Livelihood & Rural Development"": 1, ""Monitoring & Calibration"": 1, ""General/Simulation"": 1}",1142
frontend\src\pages\APIDocumentation.tsx,Climate; Water Resources; Carbon & RothC; Hydraulic & Structure Design; General/Simulation,"{""Climate"": 2, ""Water Resources"": 1, ""Carbon & RothC"": 2, ""Hydraulic & Structure Design"": 1, ""General/Simulation"": 2}",639
frontend\src\pages\Blog.tsx,Climate; Carbon & RothC; General/Simulation,"{""Climate"": 2, ""Carbon & RothC"": 3, ""General/Simulation"": 1}",1842
frontend\src\pages\Contact.tsx,Livelihood & Rural Development,"{""Livelihood & Rural Development"": 1}",1581
frontend\src\pages\DataManagement.tsx,Land Recognition & GIS; Topography & DEM; Soil; Climate; Carbon & RothC; Plant Selection & Crop Modeling,"{""Land Recognition & GIS"": 1, ""Topography & DEM"": 2, ""Soil"": 1, ""Climate"": 3, ""Carbon & RothC"": 1, ""Plant Selection & Crop Modeling"": 1}",502
frontend\src\pages\HelpDocs.tsx,Water Resources; Carbon & RothC; General/Simulation,"{""Water Resources"": 1, ""Carbon & RothC"": 1, ""General/Simulation"": 2}",532
frontend\src\pages\HomePage.tsx,Topography & DEM; Soil; Climate; Carbon & RothC; Plant Selection & Crop Modeling; Irrigation & Water Requirement; Livelihood & Rural Development; General/Simulation,"{""Topography & DEM"": 1, ""Soil"": 1, ""Climate"": 1, ""Carbon & RothC"": 1, ""Plant Selection & Crop Modeling"": 1, ""Irrigation & Water Requirement"": 1, ""Livelihood & Rural Development"": 1, ""General/Simulation"": 2}",2274
frontend\src\pages\LandProfiles.tsx,Land Recognition & GIS; Topography & DEM; Soil; Carbon & RothC,"{""Land Recognition & GIS"": 1, ""Topography & DEM"": 3, ""Soil"": 2, ""Carbon & RothC"": 1}",458
frontend\src\pages\Mission.tsx,Water Resources; Carbon & RothC; General/Simulation,"{""Water Resources"": 1, ""Carbon & RothC"": 3, ""General/Simulation"": 4}",1789
frontend\src\pages\ModelsLibrary.tsx,Soil; Water Resources; Carbon & RothC; Plant Selection & Crop Modeling; Irrigation & Water Requirement; General/Simulation,"{""Soil"": 1, ""Water Resources"": 3, ""Carbon & RothC"": 2, ""Plant Selection & Crop Modeling"": 3, ""Irrigation & Water Requirement"": 2, ""General/Simulation"": 1}",756
frontend\src\pages\Privacy.tsx,Climate; General/Simulation,"{""Climate"": 1, ""General/Simulation"": 1}",1481
frontend\src\pages\Reports.tsx,Water Resources; General/Simulation,"{""Water Resources"": 1, ""General/Simulation"": 1}",448
frontend\src\pages\RothCModel.tsx,Soil; Climate; Carbon & RothC; Plant Selection & Crop Modeling; General/Simulation,"{""Soil"": 2, ""Climate"": 1, ""Carbon & RothC"": 4, ""Plant Selection & Crop Modeling"": 3, ""General/Simulation"": 2}",447
frontend\src\pages\SettingsPage.tsx,Climate; Carbon & RothC; General/Simulation,"{""Climate"": 1, ""Carbon & RothC"": 1, ""General/Simulation"": 3}",533
frontend\src\pages\Support.tsx,Land Recognition & GIS; Water Resources; Plant Selection & Crop Modeling; Irrigation & Water Requirement; Livelihood & Rural Development,"{""Land Recognition & GIS"": 1, ""Water Resources"": 1, ""Plant Selection & Crop Modeling"": 1, ""Irrigation & Water Requirement"": 1, ""Livelihood & Rural Development"": 2}",1693
frontend\src\pages\SWATModel.tsx,Soil; Water Resources; Erosion (RUSLE); Plant Selection & Crop Modeling; General/Simulation,"{""Soil"": 1, ""Water Resources"": 5, ""Erosion (RUSLE)"": 1, ""Plant Selection & Crop Modeling"": 1, ""General/Simulation"": 2}",349
frontend\src\pages\Terms.tsx,Carbon & RothC; Irrigation & Water Requirement; General/Simulation,"{""Carbon & RothC"": 1, ""Irrigation & Water Requirement"": 1, ""General/Simulation"": 1}",2105
frontend\src\pages\TerrainAnalysis.tsx,Land Recognition & GIS; Topography & DEM; Erosion (RUSLE),"{""Land Recognition & GIS"": 1, ""Topography & DEM"": 5, ""Erosion (RUSLE)"": 1}",383
frontend\src\pages\Visualization3D.tsx,Topography & DEM; Water Resources; Plant Selection & Crop Modeling; General/Simulation,"{""Topography & DEM"": 1, ""Water Resources"": 2, ""Plant Selection & Crop Modeling"": 2, ""General/Simulation"": 1}",424
frontend\src\pages\WatershedModel.tsx,Topography & DEM; Water Resources; Hydraulic & Structure Design,"{""Topography & DEM"": 2, ""Water Resources"": 5, ""Hydraulic & Structure Design"": 3}",463
scripts\setup\init_db.py,Land Recognition & GIS; Topography & DEM; Soil; General/Simulation,"{""Land Recognition & GIS"": 11, ""Topography & DEM"": 2, ""Soil"": 2, ""General/Simulation"": 3}",14751
scripts\setup\test_duckdb_spatial.py,Land Recognition & GIS,"{""Land Recognition & GIS"": 12}",1908
services\api_gateway\dependencies.py,Plant Selection & Crop Modeling,"{""Plant Selection & Crop Modeling"": 1}",496
services\api_gateway\main.py,Soil; Climate; Water Resources; Carbon & RothC; Plant Selection & Crop Modeling; Irrigation & Water Requirement; Monitoring & Calibration; General/Simulation,"{""Soil"": 6, ""Climate"": 1, ""Water Resources"": 4, ""Carbon & RothC"": 5, ""Plant Selection & Crop Modeling"": 3, ""Irrigation & Water Requirement"": 1, ""Monitoring & Calibration"": 1, ""General/Simulation"": 3}",11198
services\auth\models.py,General/Simulation,"{""General/Simulation"": 1}",97
services\auth\models.py.bak_ai,General/Simulation,"{""General/Simulation"": 1}",638
services\auth\models.py.bak_audit,General/Simulation,"{""General/Simulation"": 6}",3091
services\auth\models.py.bak_audit_all,General/Simulation,"{""General/Simulation"": 6}",3214
services\auth\models.py.bak_auth_base,General/Simulation,"{""General/Simulation"": 6}",3270
services\auth\models.py.bak_auth_dynamic_final,General/Simulation,"{""General/Simulation"": 2}",2063
services\auth\models.py.bak_auth_missing,General/Simulation,"{""General/Simulation"": 1}",1478
services\auth\models.py.bak_central,General/Simulation,"{""General/Simulation"": 1}",638
services\auth\models.py.bak_final_auth_model,General/Simulation,"{""General/Simulation"": 1}",3203
services\auth\models.py.bak_final_env,General/Simulation,"{""General/Simulation"": 1}",282
services\auth\models.py.bak_hash,General/Simulation,"{""General/Simulation"": 6}",3091
services\auth\models.py.bak_recursion_fix,General/Simulation,"{""General/Simulation"": 1}",2465
services\bots\config.py,General/Simulation,"{""General/Simulation"": 2}",1204
services\bots\i18n.py,Land Recognition & GIS; Soil; Climate; Water Resources; Carbon & RothC; Plant Selection & Crop Modeling; General/Simulation,"{""Land Recognition & GIS"": 1, ""Soil"": 7, ""Climate"": 2, ""Water Resources"": 2, ""Carbon & RothC"": 3, ""Plant Selection & Crop Modeling"": 2, ""General/Simulation"": 8}",25198
services\bots\platforms.py,General/Simulation,"{""General/Simulation"": 1}",2618
services\carbon\oracle.py,Carbon & RothC,"{""Carbon & RothC"": 1}",1810
services\carbon\verification.py,Carbon & RothC; Optimization & Scenario,"{""Carbon & RothC"": 3, ""Optimization & Scenario"": 1}",3801
services\data_sources\copernicus_cds.py,Soil; Climate; Monitoring & Calibration,"{""Soil"": 7, ""Climate"": 5, ""Monitoring & Calibration"": 1}",8082
services\design_engine\irrigation_design_service.py,Land Recognition & GIS; Water Resources; Plant Selection & Crop Modeling; Irrigation & Water Requirement; Hydraulic & Structure Design,"{""Land Recognition & GIS"": 4, ""Water Resources"": 1, ""Plant Selection & Crop Modeling"": 3, ""Irrigation & Water Requirement"": 11, ""Hydraulic & Structure Design"": 2}",6321
services\design_engine\water_structure_design_service.py,Land Recognition & GIS; Topography & DEM; Soil; Water Resources; Irrigation & Water Requirement; Hydraulic & Structure Design; Economy & Carbon MRV,"{""Land Recognition & GIS"": 5, ""Topography & DEM"": 1, ""Soil"": 2, ""Water Resources"": 3, ""Irrigation & Water Requirement"": 1, ""Hydraulic & Structure Design"": 9, ""Economy & Carbon MRV"": 2}",6559
services\ecowallet\distribution.py,Carbon & RothC; Livelihood & Rural Development,"{""Carbon & RothC"": 1, ""Livelihood & Rural Development"": 1}",1203
services\ecowallet\service.py,Soil; Carbon & RothC; Economy & Carbon MRV; Livelihood & Rural Development,"{""Soil"": 1, ""Carbon & RothC"": 1, ""Economy & Carbon MRV"": 1, ""Livelihood & Rural Development"": 2}",2611
services\field_monitoring\service.py,Land Recognition & GIS; Soil; Water Resources; Plant Selection & Crop Modeling; Irrigation & Water Requirement; Hydraulic & Structure Design; Monitoring & Calibration,"{""Land Recognition & GIS"": 1, ""Soil"": 4, ""Water Resources"": 3, ""Plant Selection & Crop Modeling"": 2, ""Irrigation & Water Requirement"": 1, ""Hydraulic & Structure Design"": 1, ""Monitoring & Calibration"": 3}",5645
services\land\land_profile.py,Topography & DEM; General/Simulation,"{""Topography & DEM"": 1, ""General/Simulation"": 3}",5182
services\land\land_profile.py.bak_final_models,Topography & DEM; General/Simulation,"{""Topography & DEM"": 1, ""General/Simulation"": 3}",5183
services\land\land_profile.py.bak_flow,Topography & DEM; General/Simulation,"{""Topography & DEM"": 1, ""General/Simulation"": 3}",5183
services\land\land_profile.py.bak_model_fix,Topography & DEM; General/Simulation,"{""Topography & DEM"": 1, ""General/Simulation"": 3}",5177
services\land\land_profile.py.bak_model_robust,Topography & DEM; General/Simulation,"{""Topography & DEM"": 1, ""General/Simulation"": 3}",5183
services\land\service.py,Topography & DEM,"{""Topography & DEM"": 2}",6468
services\land\terrain_analysis.py,Topography & DEM; Irrigation & Water Requirement; General/Simulation,"{""Topography & DEM"": 5, ""Irrigation & Water Requirement"": 1, ""General/Simulation"": 2}",943
services\landscape\README.md,General/Simulation,"{""General/Simulation"": 2}",623
services\ledger\models.py,General/Simulation,"{""General/Simulation"": 4}",833
services\map_engine\base.py,Land Recognition & GIS; Topography & DEM; Soil; Climate; Water Resources; Erosion (RUSLE); Carbon & RothC; Plant Selection & Crop Modeling,"{""Land Recognition & GIS"": 17, ""Topography & DEM"": 3, ""Soil"": 3, ""Climate"": 1, ""Water Resources"": 4, ""Erosion (RUSLE)"": 2, ""Carbon & RothC"": 2, ""Plant Selection & Crop Modeling"": 1}",4504
services\map_engine\orchestrator.py,Land Recognition & GIS; Topography & DEM; Soil; Climate; Water Resources; Erosion (RUSLE); Plant Selection & Crop Modeling,"{""Land Recognition & GIS"": 8, ""Topography & DEM"": 2, ""Soil"": 2, ""Climate"": 1, ""Water Resources"": 3, ""Erosion (RUSLE)"": 1, ""Plant Selection & Crop Modeling"": 3}",10870
services\map_engine\smart_mapper.py,Land Recognition & GIS; Soil; Climate; Water Resources; Plant Selection & Crop Modeling; Irrigation & Water Requirement,"{""Land Recognition & GIS"": 1, ""Soil"": 2, ""Climate"": 1, ""Water Resources"": 5, ""Plant Selection & Crop Modeling"": 14, ""Irrigation & Water Requirement"": 13}",5364
services\map_engine\test_hydroma_motors.py,Land Recognition & GIS; Soil; Climate; Plant Selection & Crop Modeling; Economy & Carbon MRV,"{""Land Recognition & GIS"": 2, ""Soil"": 1, ""Climate"": 1, ""Plant Selection & Crop Modeling"": 5, ""Economy & Carbon MRV"": 1}",4335
services\marketplace\README.md,Plant Selection & Crop Modeling; General/Simulation,"{""Plant Selection & Crop Modeling"": 1, ""General/Simulation"": 1}",481
services\marketplace\service.py,Plant Selection & Crop Modeling,"{""Plant Selection & Crop Modeling"": 7}",12638
services\mobile_monitoring\service.py,Land Recognition & GIS; Soil; Water Resources; Hydraulic & Structure Design; Monitoring & Calibration,"{""Land Recognition & GIS"": 1, ""Soil"": 2, ""Water Resources"": 1, ""Hydraulic & Structure Design"": 1, ""Monitoring & Calibration"": 2}",6045
services\models\cpp_bridge.py,Soil; Climate,"{""Soil"": 1, ""Climate"": 1}",4045
services\models\land_models.py,Land Recognition & GIS; Topography & DEM,"{""Land Recognition & GIS"": 3, ""Topography & DEM"": 1}",2735
services\models\pinn_surrogate.py,Plant Selection & Crop Modeling; Irrigation & Water Requirement; General/Simulation,"{""Plant Selection & Crop Modeling"": 3, ""Irrigation & Water Requirement"": 1, ""General/Simulation"": 4}",3336
services\models\registry.py,Land Recognition & GIS; Topography & DEM; Soil; Climate; Water Resources; Erosion (RUSLE); Carbon & RothC; Plant Selection & Crop Modeling; Irrigation & Water Requirement; Hydraulic & Structure Design; Optimization & Scenario; General/Simulation,"{""Land Recognition & GIS"": 2, ""Topography & DEM"": 14, ""Soil"": 36, ""Climate"": 39, ""Water Resources"": 21, ""Erosion (RUSLE)"": 10, ""Carbon & RothC"": 24, ""Plant Selection & Crop Modeling"": 16, ""Irrigation & Water Requirement"": 7, ""Hydraulic & Structure Design"": 2, ""Optimization & Scenario"": 8, ""General/Simulation"": 15}",23910
services\notification\models.py,General/Simulation,"{""General/Simulation"": 4}",881
services\reporting\models.py,General/Simulation,"{""General/Simulation"": 4}",859
services\satellite\cds.py,Climate,"{""Climate"": 12}",10133
services\satellite\copernicus.py,Land Recognition & GIS; Soil; Water Resources; Plant Selection & Crop Modeling; General/Simulation,"{""Land Recognition & GIS"": 11, ""Soil"": 1, ""Water Resources"": 2, ""Plant Selection & Crop Modeling"": 6, ""General/Simulation"": 1}",20833
services\satellite\era5_fetch.py,Climate,"{""Climate"": 9}",5936
services\satellite\monitoring_service.py,Land Recognition & GIS; Soil; Climate; Water Resources; Plant Selection & Crop Modeling; Irrigation & Water Requirement; Monitoring & Calibration,"{""Land Recognition & GIS"": 1, ""Soil"": 2, ""Climate"": 1, ""Water Resources"": 2, ""Plant Selection & Crop Modeling"": 2, ""Irrigation & Water Requirement"": 1, ""Monitoring & Calibration"": 10}",8009
services\satellite\nasa_power.py,Climate; Irrigation & Water Requirement; Hydraulic & Structure Design; Livelihood & Rural Development,"{""Climate"": 22, ""Irrigation & Water Requirement"": 4, ""Hydraulic & Structure Design"": 1, ""Livelihood & Rural Development"": 1}",8758
services\satellite\open_meteo.py,Climate; Irrigation & Water Requirement,"{""Climate"": 3, ""Irrigation & Water Requirement"": 1}",4720
services\satellite\sentinel2_provider.py,Land Recognition & GIS; Soil; Climate; Water Resources; Erosion (RUSLE); Carbon & RothC; Plant Selection & Crop Modeling; Irrigation & Water Requirement,"{""Land Recognition & GIS"": 9, ""Soil"": 8, ""Climate"": 10, ""Water Resources"": 6, ""Erosion (RUSLE)"": 2, ""Carbon & RothC"": 2, ""Plant Selection & Crop Modeling"": 25, ""Irrigation & Water Requirement"": 1}",40268
services\science\agrovoc.py,Land Recognition & GIS; Soil; Climate; Water Resources; Erosion (RUSLE); Carbon & RothC; Plant Selection & Crop Modeling; Irrigation & Water Requirement; Monitoring & Calibration; General/Simulation,"{""Land Recognition & GIS"": 2, ""Soil"": 22, ""Climate"": 19, ""Water Resources"": 13, ""Erosion (RUSLE)"": 4, ""Carbon & RothC"": 17, ""Plant Selection & Crop Modeling"": 11, ""Irrigation & Water Requirement"": 5, ""Monitoring & Calibration"": 3, ""General/Simulation"": 5}",7556
services\science\citations.py,General/Simulation,"{""General/Simulation"": 10}",1570
services\science\datasets.py,Climate; Water Resources; Plant Selection & Crop Modeling; General/Simulation,"{""Climate"": 3, ""Water Resources"": 1, ""Plant Selection & Crop Modeling"": 1, ""General/Simulation"": 1}",2781
services\science\zenodo.py,Soil; Climate; Water Resources; Carbon & RothC; General/Simulation,"{""Soil"": 1, ""Climate"": 1, ""Water Resources"": 1, ""Carbon & RothC"": 1, ""General/Simulation"": 2}",3407
services\scientific_motors\aquacrop.py,Soil; Climate; Water Resources; Plant Selection & Crop Modeling; Irrigation & Water Requirement; General/Simulation,"{""Soil"": 2, ""Climate"": 1, ""Water Resources"": 14, ""Plant Selection & Crop Modeling"": 21, ""Irrigation & Water Requirement"": 6, ""General/Simulation"": 4}",9195
services\scientific_motors\base.py,Plant Selection & Crop Modeling; Irrigation & Water Requirement,"{""Plant Selection & Crop Modeling"": 2, ""Irrigation & Water Requirement"": 2}",3629
services\scientific_motors\biofertilizer.py,Land Recognition & GIS; Soil; Climate; Plant Selection & Crop Modeling; General/Simulation,"{""Land Recognition & GIS"": 4, ""Soil"": 23, ""Climate"": 1, ""Plant Selection & Crop Modeling"": 6, ""General/Simulation"": 1}",13135
services\scientific_motors\carbon_sequestration.py,Soil; Climate; Water Resources; Carbon & RothC; Plant Selection & Crop Modeling; Hydraulic & Structure Design; Economy & Carbon MRV; Livelihood & Rural Development; Monitoring & Calibration; General/Simulation,"{""Soil"": 5, ""Climate"": 4, ""Water Resources"": 1, ""Carbon & RothC"": 46, ""Plant Selection & Crop Modeling"": 10, ""Hydraulic & Structure Design"": 1, ""Economy & Carbon MRV"": 11, ""Livelihood & Rural Development"": 2, ""Monitoring & Calibration"": 2, ""General/Simulation"": 7}",23434
services\scientific_motors\core_integration.py,Carbon & RothC; Economy & Carbon MRV; General/Simulation,"{""Carbon & RothC"": 7, ""Economy & Carbon MRV"": 4, ""General/Simulation"": 2}",3113
services\scientific_motors\crop_advisor.py,Topography & DEM; Soil; Climate; Water Resources; Erosion (RUSLE); Plant Selection & Crop Modeling,"{""Topography & DEM"": 17, ""Soil"": 16, ""Climate"": 29, ""Water Resources"": 29, ""Erosion (RUSLE)"": 1, ""Plant Selection & Crop Modeling"": 76}",18759
services\scientific_motors\crop_database.py,Soil; Climate; Water Resources; Plant Selection & Crop Modeling; Irrigation & Water Requirement,"{""Soil"": 34, ""Climate"": 39, ""Water Resources"": 33, ""Plant Selection & Crop Modeling"": 11, ""Irrigation & Water Requirement"": 1}",40695
services\scientific_motors\erosion_rusle.py,Topography & DEM; Soil; Climate; Water Resources; Erosion (RUSLE); Plant Selection & Crop Modeling; Hydraulic & Structure Design; Economy & Carbon MRV; Monitoring & Calibration; General/Simulation,"{""Topography & DEM"": 58, ""Soil"": 32, ""Climate"": 1, ""Water Resources"": 1, ""Erosion (RUSLE)"": 30, ""Plant Selection & Crop Modeling"": 8, ""Hydraulic & Structure Design"": 2, ""Economy & Carbon MRV"": 3, ""Monitoring & Calibration"": 3, ""General/Simulation"": 1}",21477
services\scientific_motors\hecras.py,Topography & DEM; Climate; Water Resources; Hydraulic & Structure Design; General/Simulation,"{""Topography & DEM"": 66, ""Climate"": 1, ""Water Resources"": 6, ""Hydraulic & Structure Design"": 5, ""General/Simulation"": 6}",9072
services\scientific_motors\irrigation_scheduler.py,Soil; Climate; Water Resources; Plant Selection & Crop Modeling; Irrigation & Water Requirement; Economy & Carbon MRV; General/Simulation,"{""Soil"": 5, ""Climate"": 1, ""Water Resources"": 14, ""Plant Selection & Crop Modeling"": 10, ""Irrigation & Water Requirement"": 21, ""Economy & Carbon MRV"": 5, ""General/Simulation"": 1}",13957
services\scientific_motors\land_capability.py,Land Recognition & GIS; Topography & DEM; Soil; Climate; Water Resources; Erosion (RUSLE); Plant Selection & Crop Modeling; Irrigation & Water Requirement; General/Simulation,"{""Land Recognition & GIS"": 2, ""Topography & DEM"": 64, ""Soil"": 11, ""Climate"": 1, ""Water Resources"": 1, ""Erosion (RUSLE)"": 9, ""Plant Selection & Crop Modeling"": 1, ""Irrigation & Water Requirement"": 1, ""General/Simulation"": 1}",12539
services\scientific_motors\mrv_system.py,Soil; Climate; Water Resources; Erosion (RUSLE); Carbon & RothC; Plant Selection & Crop Modeling; Economy & Carbon MRV; Livelihood & Rural Development; Monitoring & Calibration,"{""Soil"": 6, ""Climate"": 3, ""Water Resources"": 6, ""Erosion (RUSLE)"": 7, ""Carbon & RothC"": 27, ""Plant Selection & Crop Modeling"": 1, ""Economy & Carbon MRV"": 18, ""Livelihood & Rural Development"": 2, ""Monitoring & Calibration"": 29}",25088
services\scientific_motors\planting_calendar.py,Land Recognition & GIS; Soil; Climate; Plant Selection & Crop Modeling; Irrigation & Water Requirement; Economy & Carbon MRV; General/Simulation,"{""Land Recognition & GIS"": 1, ""Soil"": 3, ""Climate"": 5, ""Plant Selection & Crop Modeling"": 24, ""Irrigation & Water Requirement"": 2, ""Economy & Carbon MRV"": 3, ""General/Simulation"": 1}",27114
services\scientific_motors\rothc.py,Soil; Climate; Carbon & RothC; Plant Selection & Crop Modeling; Irrigation & Water Requirement; General/Simulation,"{""Soil"": 6, ""Climate"": 1, ""Carbon & RothC"": 23, ""Plant Selection & Crop Modeling"": 13, ""Irrigation & Water Requirement"": 1, ""General/Simulation"": 4}",8815
services\scientific_motors\satellite_integration.py,Land Recognition & GIS; Topography & DEM; Soil; Climate; Erosion (RUSLE); Carbon & RothC; Plant Selection & Crop Modeling; Irrigation & Water Requirement,"{""Land Recognition & GIS"": 1, ""Topography & DEM"": 1, ""Soil"": 9, ""Climate"": 1, ""Erosion (RUSLE)"": 4, ""Carbon & RothC"": 4, ""Plant Selection & Crop Modeling"": 18, ""Irrigation & Water Requirement"": 3}",11848
services\scientific_motors\swat_plus.py,Topography & DEM; Soil; Climate; Water Resources; Plant Selection & Crop Modeling; Irrigation & Water Requirement; General/Simulation,"{""Topography & DEM"": 11, ""Soil"": 14, ""Climate"": 5, ""Water Resources"": 25, ""Plant Selection & Crop Modeling"": 2, ""Irrigation & Water Requirement"": 2, ""General/Simulation"": 4}",7615
services\scientific_motors\test_lcc.py,Topography & DEM; Soil; Climate,"{""Topography & DEM"": 3, ""Soil"": 1, ""Climate"": 1}",2613
services\scientific_motors\whatif_engine.py,Climate; Water Resources; Carbon & RothC; Plant Selection & Crop Modeling; Irrigation & Water Requirement; Optimization & Scenario; General/Simulation,"{""Climate"": 1, ""Water Resources"": 3, ""Carbon & RothC"": 2, ""Plant Selection & Crop Modeling"": 4, ""Irrigation & Water Requirement"": 1, ""Optimization & Scenario"": 8, ""General/Simulation"": 4}",6880
services\supabase\client.py,General/Simulation,"{""General/Simulation"": 1}",1928
services\supabase\models.py,Land Recognition & GIS; Carbon & RothC; Economy & Carbon MRV,"{""Land Recognition & GIS"": 1, ""Carbon & RothC"": 2, ""Economy & Carbon MRV"": 1}",1883
services\telegram_bot\bot.py,Soil; Erosion (RUSLE); Carbon & RothC; Plant Selection & Crop Modeling; Irrigation & Water Requirement,"{""Soil"": 5, ""Erosion (RUSLE)"": 2, ""Carbon & RothC"": 15, ""Plant Selection & Crop Modeling"": 6, ""Irrigation & Water Requirement"": 1}",8346
services\telegram_bot\bot_proxy.py,General/Simulation,"{""General/Simulation"": 1}",3109
services\telegram_bot\config.py,General/Simulation,"{""General/Simulation"": 1}",1075
services\telegram_bot\formatters.py,Land Recognition & GIS; Soil; Climate; Erosion (RUSLE); Carbon & RothC; Plant Selection & Crop Modeling; Irrigation & Water Requirement; General/Simulation,"{""Land Recognition & GIS"": 3, ""Soil"": 3, ""Climate"": 14, ""Erosion (RUSLE)"": 8, ""Carbon & RothC"": 11, ""Plant Selection & Crop Modeling"": 7, ""Irrigation & Water Requirement"": 13, ""General/Simulation"": 1}",9960
services\telegram_bot\handlers.py,Land Recognition & GIS,"{""Land Recognition & GIS"": 1}",6563
services\telegram_bot\i18n.py,Land Recognition & GIS; Soil; Climate; Erosion (RUSLE); Carbon & RothC; Plant Selection & Crop Modeling; Irrigation & Water Requirement; General/Simulation,"{""Land Recognition & GIS"": 1, ""Soil"": 2, ""Climate"": 2, ""Erosion (RUSLE)"": 8, ""Carbon & RothC"": 10, ""Plant Selection & Crop Modeling"": 1, ""Irrigation & Water Requirement"": 8, ""General/Simulation"": 1}",6723
services\telegram_bot\integration.py,Erosion (RUSLE); Carbon & RothC; Plant Selection & Crop Modeling; Irrigation & Water Requirement; Economy & Carbon MRV; Monitoring & Calibration,"{""Erosion (RUSLE)"": 1, ""Carbon & RothC"": 4, ""Plant Selection & Crop Modeling"": 3, ""Irrigation & Water Requirement"": 1, ""Economy & Carbon MRV"": 5, ""Monitoring & Calibration"": 2}",7034
services\telegram_bot\proxy_bot.py,Land Recognition & GIS; Soil; Carbon & RothC; Plant Selection & Crop Modeling; Irrigation & Water Requirement; General/Simulation,"{""Land Recognition & GIS"": 1, ""Soil"": 2, ""Carbon & RothC"": 6, ""Plant Selection & Crop Modeling"": 2, ""Irrigation & Water Requirement"": 3, ""General/Simulation"": 1}",9092
services\tourism\README.md,General/Simulation,"{""General/Simulation"": 1}",488
services\workflow\models.py,General/Simulation,"{""General/Simulation"": 4}",852
services\api_gateway\routers\admin.py,Soil; Climate; Water Resources; Carbon & RothC; Hydraulic & Structure Design; General/Simulation,"{""Soil"": 1, ""Climate"": 5, ""Water Resources"": 1, ""Carbon & RothC"": 1, ""Hydraulic & Structure Design"": 1, ""General/Simulation"": 9}",36008
services\api_gateway\routers\ai.py,General/Simulation,"{""General/Simulation"": 2}",2360
services\api_gateway\routers\ai_chat.py,Topography & DEM; Soil; Climate; Water Resources; Erosion (RUSLE); Carbon & RothC; Plant Selection & Crop Modeling; Irrigation & Water Requirement; Optimization & Scenario,"{""Topography & DEM"": 3, ""Soil"": 19, ""Climate"": 14, ""Water Resources"": 7, ""Erosion (RUSLE)"": 10, ""Carbon & RothC"": 16, ""Plant Selection & Crop Modeling"": 4, ""Irrigation & Water Requirement"": 8, ""Optimization & Scenario"": 2}",13412
services\api_gateway\routers\analyses.py,Water Resources; Plant Selection & Crop Modeling; Irrigation & Water Requirement; Hydraulic & Structure Design; Monitoring & Calibration; General/Simulation,"{""Water Resources"": 3, ""Plant Selection & Crop Modeling"": 1, ""Irrigation & Water Requirement"": 1, ""Hydraulic & Structure Design"": 1, ""Monitoring & Calibration"": 3, ""General/Simulation"": 4}",3396
services\api_gateway\routers\analytics.py,Soil; Carbon & RothC; Optimization & Scenario,"{""Soil"": 7, ""Carbon & RothC"": 4, ""Optimization & Scenario"": 14}",13746
services\api_gateway\routers\blockchain.py,Carbon & RothC; Economy & Carbon MRV; General/Simulation,"{""Carbon & RothC"": 17, ""Economy & Carbon MRV"": 1, ""General/Simulation"": 3}",12445
services\api_gateway\routers\carbon.py,Soil; Carbon & RothC; Plant Selection & Crop Modeling; Irrigation & Water Requirement; General/Simulation,"{""Soil"": 3, ""Carbon & RothC"": 17, ""Plant Selection & Crop Modeling"": 1, ""Irrigation & Water Requirement"": 1, ""General/Simulation"": 2}",9754
services\api_gateway\routers\carbon_engine.py,Soil; Climate; Water Resources; Carbon & RothC; Plant Selection & Crop Modeling; Irrigation & Water Requirement; Economy & Carbon MRV; Livelihood & Rural Development; Monitoring & Calibration; General/Simulation,"{""Soil"": 6, ""Climate"": 8, ""Water Resources"": 2, ""Carbon & RothC"": 20, ""Plant Selection & Crop Modeling"": 13, ""Irrigation & Water Requirement"": 3, ""Economy & Carbon MRV"": 1, ""Livelihood & Rural Development"": 1, ""Monitoring & Calibration"": 3, ""General/Simulation"": 7}",20558
services\api_gateway\routers\dashboard.py,Climate; Plant Selection & Crop Modeling; Irrigation & Water Requirement,"{""Climate"": 11, ""Plant Selection & Crop Modeling"": 1, ""Irrigation & Water Requirement"": 2}",4197
services\api_gateway\routers\ecowallet.py,Soil; Climate; Carbon & RothC; Plant Selection & Crop Modeling; Optimization & Scenario,"{""Soil"": 1, ""Climate"": 1, ""Carbon & RothC"": 1, ""Plant Selection & Crop Modeling"": 1, ""Optimization & Scenario"": 1}",6601
services\api_gateway\routers\land.py,Topography & DEM; Soil; Erosion (RUSLE),"{""Topography & DEM"": 14, ""Soil"": 2, ""Erosion (RUSLE)"": 1}",10753
services\api_gateway\routers\land.py.bak_terrain_fix,Topography & DEM; Soil; Erosion (RUSLE),"{""Topography & DEM"": 12, ""Soil"": 2, ""Erosion (RUSLE)"": 1}",9952
services\api_gateway\routers\materials.py,Carbon & RothC; General/Simulation,"{""Carbon & RothC"": 2, ""General/Simulation"": 2}",1556
services\api_gateway\routers\models.py,General/Simulation,"{""General/Simulation"": 14}",2663
services\api_gateway\routers\motors.py,Land Recognition & GIS; Topography & DEM; Soil; Water Resources; Carbon & RothC; Plant Selection & Crop Modeling; Irrigation & Water Requirement; Hydraulic & Structure Design; Optimization & Scenario; General/Simulation,"{""Land Recognition & GIS"": 1, ""Topography & DEM"": 11, ""Soil"": 8, ""Water Resources"": 2, ""Carbon & RothC"": 11, ""Plant Selection & Crop Modeling"": 15, ""Irrigation & Water Requirement"": 10, ""Hydraulic & Structure Design"": 1, ""Optimization & Scenario"": 1, ""General/Simulation"": 2}",10640
services\api_gateway\routers\mrv.py,Economy & Carbon MRV; Monitoring & Calibration; General/Simulation,"{""Economy & Carbon MRV"": 17, ""Monitoring & Calibration"": 2, ""General/Simulation"": 1}",12344
services\api_gateway\routers\nojin.py,Land Recognition & GIS; Soil; Water Resources; Plant Selection & Crop Modeling; Irrigation & Water Requirement; Optimization & Scenario; Economy & Carbon MRV,"{""Land Recognition & GIS"": 1, ""Soil"": 74, ""Water Resources"": 8, ""Plant Selection & Crop Modeling"": 2, ""Irrigation & Water Requirement"": 1, ""Optimization & Scenario"": 2, ""Economy & Carbon MRV"": 14}",45814
services\api_gateway\routers\platform.py,Topography & DEM; Soil; Climate; Water Resources; Erosion (RUSLE); Carbon & RothC; Plant Selection & Crop Modeling; Irrigation & Water Requirement; Optimization & Scenario; Economy & Carbon MRV; General/Simulation,"{""Topography & DEM"": 3, ""Soil"": 4, ""Climate"": 29, ""Water Resources"": 1, ""Erosion (RUSLE)"": 13, ""Carbon & RothC"": 10, ""Plant Selection & Crop Modeling"": 4, ""Irrigation & Water Requirement"": 9, ""Optimization & Scenario"": 1, ""Economy & Carbon MRV"": 1, ""General/Simulation"": 3}",22591
services\api_gateway\routers\satellite.py,Soil; Climate; Plant Selection & Crop Modeling; Irrigation & Water Requirement; General/Simulation,"{""Soil"": 2, ""Climate"": 8, ""Plant Selection & Crop Modeling"": 8, ""Irrigation & Water Requirement"": 2, ""General/Simulation"": 3}",13659
services\api_gateway\routers\scenarios.py,Climate; Optimization & Scenario,"{""Climate"": 3, ""Optimization & Scenario"": 7}",2985
services\api_gateway\routers\science.py,General/Simulation,"{""General/Simulation"": 13}",4194
services\api_gateway\routers\simulation.py,Erosion (RUSLE); Carbon & RothC; Plant Selection & Crop Modeling; Irrigation & Water Requirement; Optimization & Scenario; General/Simulation,"{""Erosion (RUSLE)"": 1, ""Carbon & RothC"": 1, ""Plant Selection & Crop Modeling"": 1, ""Irrigation & Water Requirement"": 1, ""Optimization & Scenario"": 5, ""General/Simulation"": 11}",2045
services\api_gateway\routers\soil.py,Soil; Water Resources; Erosion (RUSLE); Plant Selection & Crop Modeling; Hydraulic & Structure Design; Economy & Carbon MRV; General/Simulation,"{""Soil"": 21, ""Water Resources"": 1, ""Erosion (RUSLE)"": 1, ""Plant Selection & Crop Modeling"": 1, ""Hydraulic & Structure Design"": 1, ""Economy & Carbon MRV"": 18, ""General/Simulation"": 3}",28875
services\api_gateway\routers\stubs.py,Carbon & RothC; Plant Selection & Crop Modeling; Optimization & Scenario; Economy & Carbon MRV; General/Simulation,"{""Carbon & RothC"": 2, ""Plant Selection & Crop Modeling"": 3, ""Optimization & Scenario"": 4, ""Economy & Carbon MRV"": 1, ""General/Simulation"": 1}",2448
services\api_gateway\routers\watershed.py,Water Resources; Hydraulic & Structure Design,"{""Water Resources"": 5, ""Hydraulic & Structure Design"": 4}",1274
services\bots\adapters\bale.py,General/Simulation,"{""General/Simulation"": 2}",2323
services\bots\adapters\rubika.py,General/Simulation,"{""General/Simulation"": 2}",1178
services\bots\core\ai.py,Climate; General/Simulation,"{""Climate"": 3, ""General/Simulation"": 2}",5136
services\bots\core\alerts.py,Soil,"{""Soil"": 2}",3341
services\bots\handlers\farm.py,Soil,"{""Soil"": 9}",6065
services\bots\handlers\motors.py,Land Recognition & GIS; Topography & DEM; Soil; Water Resources; Erosion (RUSLE); Carbon & RothC; Plant Selection & Crop Modeling; Irrigation & Water Requirement; Hydraulic & Structure Design; Optimization & Scenario; Economy & Carbon MRV; General/Simulation,"{""Land Recognition & GIS"": 5, ""Topography & DEM"": 2, ""Soil"": 2, ""Water Resources"": 2, ""Erosion (RUSLE)"": 2, ""Carbon & RothC"": 4, ""Plant Selection & Crop Modeling"": 8, ""Irrigation & Water Requirement"": 3, ""Hydraulic & Structure Design"": 2, ""Optimization & Scenario"": 1, ""Economy & Carbon MRV"": 3, ""General/Simulation"": 1}",2504
services\business_modules\blockchain\carbon_registry.py,Carbon & RothC; Economy & Carbon MRV; General/Simulation,"{""Carbon & RothC"": 12, ""Economy & Carbon MRV"": 3, ""General/Simulation"": 1}",7515
services\business_modules\blockchain\web3_provider.py,General/Simulation,"{""General/Simulation"": 1}",2326
services\business_modules\blockchain\__init__.py,Carbon & RothC,"{""Carbon & RothC"": 1}",205
services\business_modules\ecowallet\earning_rules.py,Soil; Water Resources; Carbon & RothC; Plant Selection & Crop Modeling; General/Simulation,"{""Soil"": 2, ""Water Resources"": 1, ""Carbon & RothC"": 2, ""Plant Selection & Crop Modeling"": 2, ""General/Simulation"": 1}",4865
services\business_modules\ecowallet\messages.py,Soil; Water Resources; Carbon & RothC; Plant Selection & Crop Modeling; General/Simulation,"{""Soil"": 2, ""Water Resources"": 1, ""Carbon & RothC"": 2, ""Plant Selection & Crop Modeling"": 1, ""General/Simulation"": 1}",5126
services\business_modules\ecowallet\redemption.py,Plant Selection & Crop Modeling,"{""Plant Selection & Crop Modeling"": 2}",4040
services\business_modules\insurance\index_insurance.py,Monitoring & Calibration,"{""Monitoring & Calibration"": 1}",3308
services\business_modules\ussd\engine.py,Land Recognition & GIS; Soil; Climate; Water Resources; Plant Selection & Crop Modeling,"{""Land Recognition & GIS"": 1, ""Soil"": 6, ""Climate"": 5, ""Water Resources"": 6, ""Plant Selection & Crop Modeling"": 6}",17823
services\business_modules\ussd\sms_parser.py,Soil; Climate; Plant Selection & Crop Modeling,"{""Soil"": 9, ""Climate"": 11, ""Plant Selection & Crop Modeling"": 10}",8077
services\business_modules\voice\ivr_engine.py,Land Recognition & GIS; Soil; Climate; Plant Selection & Crop Modeling,"{""Land Recognition & GIS"": 1, ""Soil"": 3, ""Climate"": 7, ""Plant Selection & Crop Modeling"": 3}",8218
services\business_modules\voice\stt_provider.py,General/Simulation,"{""General/Simulation"": 1}",2167
services\business_modules\voice\tts_provider.py,General/Simulation,"{""General/Simulation"": 1}",2105
services\land\tests\test_land_profile.py,Topography & DEM,"{""Topography & DEM"": 2}",1081
services\land\tests\test_service.py,Topography & DEM,"{""Topography & DEM"": 5}",5554
services\landscape\models\__init__.py,General/Simulation,"{""General/Simulation"": 1}",4553
services\map_engine\fetchers\dem_fetcher.py,Land Recognition & GIS; Topography & DEM; Climate,"{""Land Recognition & GIS"": 7, ""Topography & DEM"": 36, ""Climate"": 1}",5890
services\map_engine\fetchers\landcover_fetcher.py,Land Recognition & GIS; Climate; Water Resources; Plant Selection & Crop Modeling,"{""Land Recognition & GIS"": 5, ""Climate"": 1, ""Water Resources"": 3, ""Plant Selection & Crop Modeling"": 2}",4491
services\map_engine\fetchers\rainfall_fetcher.py,Land Recognition & GIS; Climate,"{""Land Recognition & GIS"": 2, ""Climate"": 2}",2936
services\map_engine\fetchers\runoff_fetcher.py,Land Recognition & GIS; Soil; Climate; Water Resources,"{""Land Recognition & GIS"": 3, ""Soil"": 15, ""Climate"": 1, ""Water Resources"": 8}",6614
services\map_engine\fetchers\soil_fetcher.py,Land Recognition & GIS; Soil; Climate,"{""Land Recognition & GIS"": 2, ""Soil"": 8, ""Climate"": 1}",3944
services\map_engine\fetchers\vegetation_fetcher.py,Land Recognition & GIS; Soil; Climate; Water Resources; Plant Selection & Crop Modeling,"{""Land Recognition & GIS"": 6, ""Soil"": 8, ""Climate"": 1, ""Water Resources"": 7, ""Plant Selection & Crop Modeling"": 15}",9060
services\map_engine\pipelines\runoff.py,Land Recognition & GIS; Soil; Climate; Water Resources,"{""Land Recognition & GIS"": 5, ""Soil"": 3, ""Climate"": 3, ""Water Resources"": 29}",8750
services\map_engine\pipelines\rusle.py,Land Recognition & GIS; Topography & DEM; Soil; Climate; Erosion (RUSLE),"{""Land Recognition & GIS"": 1, ""Topography & DEM"": 23, ""Soil"": 10, ""Climate"": 1, ""Erosion (RUSLE)"": 24}",6143
services\map_engine\pipelines\slope_aspect.py,Land Recognition & GIS; Topography & DEM; Climate,"{""Land Recognition & GIS"": 5, ""Topography & DEM"": 43, ""Climate"": 1}",10390
services\map_engine\pipelines\topographic.py,Land Recognition & GIS; Topography & DEM; Climate,"{""Land Recognition & GIS"": 7, ""Topography & DEM"": 129, ""Climate"": 1}",10622
services\map_engine\pipelines\vegetation.py,Land Recognition & GIS; Climate; Water Resources; Plant Selection & Crop Modeling,"{""Land Recognition & GIS"": 2, ""Climate"": 1, ""Water Resources"": 2, ""Plant Selection & Crop Modeling"": 14}",8922
services\marketplace\models\__init__.py,General/Simulation,"{""General/Simulation"": 1}",5846
services\marketplace\tests\test_integration.py,Plant Selection & Crop Modeling,"{""Plant Selection & Crop Modeling"": 2}",2530
services\tourism\models\__init__.py,General/Simulation,"{""General/Simulation"": 1}",5642
supabase\migrations\00001_auth_roles_rls.sql,Land Recognition & GIS,"{""Land Recognition & GIS"": 1}",2222
testing_lab\scientific_tests\test_validation.py,Carbon & RothC,"{""Carbon & RothC"": 1}",640
tests\integration\test_admin_finalize.py,Plant Selection & Crop Modeling,"{""Plant Selection & Crop Modeling"": 1}",3662
tests\integration\test_admin_finalize.py.bak_old_test,Plant Selection & Crop Modeling,"{""Plant Selection & Crop Modeling"": 1}",3627
tests\integration\test_admin_finalize.py.bak_session_import,Plant Selection & Crop Modeling,"{""Plant Selection & Crop Modeling"": 1}",3639
tests\integration\test_admin_models.py,Plant Selection & Crop Modeling,"{""Plant Selection & Crop Modeling"": 1}",2598
tests\integration\test_admin_models.py.bak_old_test,Plant Selection & Crop Modeling,"{""Plant Selection & Crop Modeling"": 1}",2563
tests\integration\test_admin_models.py.bak_session_import,Plant Selection & Crop Modeling,"{""Plant Selection & Crop Modeling"": 1}",2575
tests\integration\test_admin_modules.py,Soil; Carbon & RothC,"{""Soil"": 1, ""Carbon & RothC"": 2}",4761
tests\integration\test_admin_modules.py.bak_old_test,Soil; Carbon & RothC,"{""Soil"": 1, ""Carbon & RothC"": 2}",4726
tests\integration\test_admin_modules.py.bak_session_import,Soil; Carbon & RothC,"{""Soil"": 1, ""Carbon & RothC"": 2}",4738
tests\integration\test_api.py,Soil,"{""Soil"": 3}",1853
tests\integration\test_carbon_phase8.py,Carbon & RothC,"{""Carbon & RothC"": 9}",5071
tests\integration\test_content_phase6.py,Soil; Climate; Water Resources; Plant Selection & Crop Modeling; General/Simulation,"{""Soil"": 3, ""Climate"": 2, ""Water Resources"": 1, ""Plant Selection & Crop Modeling"": 1, ""General/Simulation"": 5}",5270
tests\integration\test_content_phase6.py.bak_old_test,Soil; Climate; Water Resources; Plant Selection & Crop Modeling; General/Simulation,"{""Soil"": 3, ""Climate"": 2, ""Water Resources"": 1, ""Plant Selection & Crop Modeling"": 1, ""General/Simulation"": 5}",5235
tests\integration\test_content_phase6.py.bak_session_import,Soil; Climate; Water Resources; Plant Selection & Crop Modeling; General/Simulation,"{""Soil"": 3, ""Climate"": 2, ""Water Resources"": 1, ""Plant Selection & Crop Modeling"": 1, ""General/Simulation"": 5}",5247
tests\integration\test_models_phase7.py,Soil; Water Resources; Erosion (RUSLE); Carbon & RothC,"{""Soil"": 1, ""Water Resources"": 1, ""Erosion (RUSLE)"": 1, ""Carbon & RothC"": 1}",5018
tests\integration\test_mrv_phase2.py,Erosion (RUSLE); Economy & Carbon MRV; Monitoring & Calibration,"{""Erosion (RUSLE)"": 2, ""Economy & Carbon MRV"": 15, ""Monitoring & Calibration"": 1}",6282
tests\integration\test_mrv_phase2_completion.py,Economy & Carbon MRV,"{""Economy & Carbon MRV"": 14}",7176
tests\integration\test_phase6_remainder.py,Climate; Water Resources; Plant Selection & Crop Modeling; Irrigation & Water Requirement,"{""Climate"": 2, ""Water Resources"": 3, ""Plant Selection & Crop Modeling"": 1, ""Irrigation & Water Requirement"": 1}",5748
tests\integration\test_phase6_remainder.py.bak_old_test,Climate; Water Resources; Plant Selection & Crop Modeling; Irrigation & Water Requirement,"{""Climate"": 2, ""Water Resources"": 3, ""Plant Selection & Crop Modeling"": 1, ""Irrigation & Water Requirement"": 1}",5713
tests\integration\test_phase6_remainder.py.bak_session_import,Climate; Water Resources; Plant Selection & Crop Modeling; Irrigation & Water Requirement,"{""Climate"": 2, ""Water Resources"": 3, ""Plant Selection & Crop Modeling"": 1, ""Irrigation & Water Requirement"": 1}",5725
tests\integration\test_phase8_final.py,Carbon & RothC,"{""Carbon & RothC"": 5}",4087
tests\integration\test_phase9_10.py,Water Resources; Plant Selection & Crop Modeling; Irrigation & Water Requirement; General/Simulation,"{""Water Resources"": 1, ""Plant Selection & Crop Modeling"": 1, ""Irrigation & Water Requirement"": 1, ""General/Simulation"": 5}",5044
tests\integration\test_simulation_api.py,Erosion (RUSLE); Carbon & RothC; Plant Selection & Crop Modeling; Irrigation & Water Requirement; Optimization & Scenario; General/Simulation,"{""Erosion (RUSLE)"": 1, ""Carbon & RothC"": 1, ""Plant Selection & Crop Modeling"": 1, ""Irrigation & Water Requirement"": 1, ""Optimization & Scenario"": 2, ""General/Simulation"": 5}",1814
tests\integration\test_sync.py,Soil,"{""Soil"": 6}",3432
tests\unit\test_ai.py,Soil; Water Resources; Erosion (RUSLE); Irrigation & Water Requirement; Hydraulic & Structure Design,"{""Soil"": 2, ""Water Resources"": 3, ""Erosion (RUSLE)"": 6, ""Irrigation & Water Requirement"": 3, ""Hydraulic & Structure Design"": 1}",2718
tests\unit\test_auth.py,Soil,"{""Soil"": 2}",1506
tests\unit\test_blockchain.py,Carbon & RothC; Economy & Carbon MRV,"{""Carbon & RothC"": 6, ""Economy & Carbon MRV"": 1}",10663
tests\unit\test_carbon.py,Carbon & RothC; Economy & Carbon MRV,"{""Carbon & RothC"": 8, ""Economy & Carbon MRV"": 1}",3059
tests\unit\test_climate.py,Climate,"{""Climate"": 3}",722
tests\unit\test_global_watchdog.py,Topography & DEM; Water Resources,"{""Topography & DEM"": 1, ""Water Resources"": 17}",12919
tests\unit\test_global_watchdog.py.bak_old_test,Topography & DEM; Water Resources,"{""Topography & DEM"": 1, ""Water Resources"": 17}",12919
tests\unit\test_models.py,Soil; Plant Selection & Crop Modeling,"{""Soil"": 1, ""Plant Selection & Crop Modeling"": 3}",1571
tests\unit\test_mrv_cdse.py,Land Recognition & GIS; Plant Selection & Crop Modeling; Economy & Carbon MRV,"{""Land Recognition & GIS"": 2, ""Plant Selection & Crop Modeling"": 1, ""Economy & Carbon MRV"": 4}",8022
tests\unit\test_mrv_qa_metrics.py,Erosion (RUSLE); Economy & Carbon MRV,"{""Erosion (RUSLE)"": 1, ""Economy & Carbon MRV"": 3}",5385
tests\unit\test_numba_correctness.py,Water Resources,"{""Water Resources"": 2}",8091
tests\unit\test_satellite.py,Soil; Water Resources,"{""Soil"": 1, ""Water Resources"": 1}",3076
tests\unit\test_scenarios.py,Climate; Water Resources; Carbon & RothC; Plant Selection & Crop Modeling; Optimization & Scenario; General/Simulation,"{""Climate"": 6, ""Water Resources"": 2, ""Carbon & RothC"": 2, ""Plant Selection & Crop Modeling"": 7, ""Optimization & Scenario"": 10, ""General/Simulation"": 1}",7667
tests\unit\test_settings.py,General/Simulation,"{""General/Simulation"": 5}",2212
tests\unit\test_simulation_aquacrop.py,Climate; Plant Selection & Crop Modeling; Irrigation & Water Requirement; General/Simulation,"{""Climate"": 9, ""Plant Selection & Crop Modeling"": 6, ""Irrigation & Water Requirement"": 3, ""General/Simulation"": 4}",1795
tests\unit\test_simulation_calibration.py,Monitoring & Calibration; General/Simulation,"{""Monitoring & Calibration"": 1, ""General/Simulation"": 1}",2285
tests\unit\test_simulation_orchestrator.py,Erosion (RUSLE); Carbon & RothC; Plant Selection & Crop Modeling; Irrigation & Water Requirement; Optimization & Scenario; General/Simulation,"{""Erosion (RUSLE)"": 12, ""Carbon & RothC"": 9, ""Plant Selection & Crop Modeling"": 9, ""Irrigation & Water Requirement"": 9, ""Optimization & Scenario"": 3, ""General/Simulation"": 8}",4136
tests\unit\test_simulation_rothc.py,Climate; Carbon & RothC; General/Simulation,"{""Climate"": 1, ""Carbon & RothC"": 2, ""General/Simulation"": 2}",5349
tests\unit\test_swat_runner.py,Land Recognition & GIS; Water Resources; Erosion (RUSLE); General/Simulation,"{""Land Recognition & GIS"": 2, ""Water Resources"": 2, ""Erosion (RUSLE)"": 1, ""General/Simulation"": 4}",3726
tests\unit\test_ussd.py,Soil; Climate,"{""Soil"": 9, ""Climate"": 2}",9359
tests\unit\test_voice.py,Soil,"{""Soil"": 1}",7789
tests\unit\test_watershed.py,Water Resources; Hydraulic & Structure Design,"{""Water Resources"": 4, ""Hydraulic & Structure Design"": 1}",2027
tests\unit\test_weather_source.py,Climate; General/Simulation,"{""Climate"": 2, ""General/Simulation"": 1}",3394
tests\integration\land\test_land_api.py,Topography & DEM,"{""Topography & DEM"": 14}",8406
tests\unit\land\test_land_models.py,Topography & DEM; General/Simulation,"{""Topography & DEM"": 4, ""General/Simulation"": 1}",2541
_backup_20260825_051700\engine\land\terrain_analysis.py.precise_bak,Topography & DEM; Soil; General/Simulation,"{""Topography & DEM"": 23, ""Soil"": 1, ""General/Simulation"": 1}",6931
_backup_20260825_051700\engine\hydroma\biofertilizer\models.py.duplicate_classes_backup,Soil; Water Resources; Plant Selection & Crop Modeling; Economy & Carbon MRV; Monitoring & Calibration,"{""Soil"": 4, ""Water Resources"": 1, ""Plant Selection & Crop Modeling"": 1, ""Economy & Carbon MRV"": 3, ""Monitoring & Calibration"": 1}",15629
_backup_20260825_051700\engine\land\tests\test_land_comprehensive.py.precise_bak,Topography & DEM; Soil; Climate,"{""Topography & DEM"": 46, ""Soil"": 2, ""Climate"": 1}",11709
_backup_20260825_051700\engine\land\tests\test_slope.py.precise_bak,Topography & DEM,"{""Topography & DEM"": 4}",797
