site_id,month,tmax_c,tmin_c,tavg_c,precip_mm,et0_mm,dtr_c,rh_pct,sunshine_h_day,wind_ms
SITE001,1,14.1,-3.7,5.2,40.7,60.0,17.8,41.0,8.3,3.2
SITE001,2,15.7,-2.3,6.7,38.9,71.0,18.0,41.0,8.3,3.2
SITE001,3,19.2,2.4,10.8,51.3,108.0,16.8,44.0,8.1,3.2
SITE001,4,25.2,7.6,16.4,42.5,149.0,17.6,42.0,8.3,3.2
SITE001,5,31.9,12.1,22.0,19.5,206.0,19.8,36.0,8.7,3.2
SITE001,6,36.1,16.1,26.1,3.5,227.0,20.0,33.0,8.9,3.2
SITE001,7,37.6,17.6,27.6,0.9,239.0,20.0,32.0,9.0,3.2
SITE001,8,36.1,16.1,26.1,0.9,217.0,20.0,32.0,9.0,3.2
SITE001,9,32.0,12.0,22.0,2.7,167.0,20.0,33.0,9.0,3.2
SITE001,10,26.4,6.4,16.4,12.4,123.0,20.0,35.0,8.8,3.2
SITE001,11,19.6,2.0,10.8,42.5,76.0,17.6,42.0,8.3,3.2
SITE001,12,14.7,-1.3,6.7,60.2,57.0,16.0,46.0,8.0,3.2
SITE002,1,11.9,-5.9,3.0,29.9,54.0,17.8,41.0,8.3,3.2
SITE002,2,13.6,-4.4,4.6,28.6,64.0,18.0,41.0,8.3,3.2
SITE002,3,17.4,0.5,8.9,37.7,100.0,16.8,44.0,8.1,3.2
SITE002,4,23.7,6.0,14.8,31.2,142.0,17.6,42.0,8.3,3.2
SITE002,5,30.7,10.9,20.8,14.3,200.0,19.8,36.0,8.7,3.2
SITE002,6,35.1,15.1,25.1,2.6,222.0,20.0,33.0,8.9,3.2
SITE002,7,36.7,16.7,26.7,0.6,234.0,20.0,32.0,9.0,3.2
SITE002,8,35.1,15.1,25.1,0.6,212.0,20.0,32.0,9.0,3.2
SITE002,9,30.8,10.8,20.8,1.9,162.0,20.0,33.0,9.0,3.2
SITE002,10,24.8,4.9,14.8,9.1,117.0,20.0,35.0,8.8,3.2
SITE002,11,17.8,0.1,8.9,31.2,70.0,17.6,42.0,8.3,3.2
SITE002,12,12.6,-3.4,4.6,44.2,52.0,16.0,46.0,8.0,3.2
SITE003,1,12.3,-5.5,3.4,53.6,56.0,17.8,41.0,8.3,3.2
SITE003,2,14.0,-4.0,5.0,51.3,66.0,18.0,41.0,8.3,3.2
SITE003,3,17.7,0.9,9.3,67.6,102.0,16.8,44.0,8.1,3.2
SITE003,4,24.0,6.4,15.2,55.9,144.0,17.6,42.0,8.3,3.2
SITE003,5,31.0,11.2,21.1,25.6,201.0,19.8,36.0,8.7,3.2
SITE003,6,35.4,15.4,25.4,4.7,224.0,20.0,33.0,8.9,3.2
SITE003,7,37.0,17.0,27.0,1.2,236.0,20.0,32.0,9.0,3.2
SITE003,8,35.4,15.4,25.4,1.2,214.0,20.0,32.0,9.0,3.2
SITE003,9,31.1,11.1,21.1,3.5,164.0,20.0,33.0,9.0,3.2
SITE003,10,25.2,5.2,15.2,16.3,119.0,20.0,35.0,8.8,3.2
SITE003,11,18.1,0.5,9.3,55.9,72.0,17.6,42.0,8.3,3.2
SITE003,12,13.0,-3.0,5.0,79.2,53.0,16.0,46.0,8.0,3.2
SITE004,1,14.2,-1.5,6.4,52.6,59.0,15.6,67.0,6.0,2.5
SITE004,2,15.7,-0.2,7.7,49.2,70.0,16.0,66.0,6.0,2.5
SITE004,3,19.8,3.3,11.5,44.1,110.0,16.5,65.0,6.1,2.5
SITE004,4,25.8,7.7,16.7,28.9,153.0,18.1,62.0,6.4,2.5
SITE004,5,31.6,12.3,21.9,17.0,203.0,19.3,60.0,6.5,2.5
SITE004,6,35.7,15.7,25.7,5.1,225.0,20.0,57.0,6.7,2.5
SITE004,7,37.1,17.1,27.1,1.7,237.0,20.0,56.0,6.8,2.5
SITE004,8,35.7,15.7,25.7,3.4,215.0,20.0,57.0,6.7,2.5
SITE004,9,31.7,12.2,21.9,15.3,165.0,19.5,59.0,6.6,2.5
SITE004,10,25.5,8.0,16.7,34.0,117.0,17.6,63.0,6.3,2.5
SITE004,11,19.6,3.5,11.5,47.5,75.0,16.2,66.0,6.1,2.5
SITE004,12,15.7,-0.2,7.7,49.2,60.0,16.0,66.0,6.0,2.5
SITE005,1,12.8,-3.2,4.8,34.3,56.0,16.0,67.0,6.0,2.5
SITE005,2,14.4,-1.9,6.2,32.1,66.0,16.4,66.0,6.0,2.5
SITE005,3,18.7,1.8,10.3,28.8,106.0,16.9,65.0,6.1,2.5
SITE005,4,25.0,6.5,15.8,18.8,150.0,18.5,62.0,6.4,2.5
SITE005,5,31.2,11.4,21.3,11.1,202.0,19.8,60.0,6.5,2.5
SITE005,6,35.3,15.3,25.3,3.3,223.0,20.0,57.0,6.7,2.5
SITE005,7,36.7,16.7,26.7,1.1,235.0,20.0,56.0,6.8,2.5
SITE005,8,35.3,15.3,25.3,2.2,213.0,20.0,57.0,6.7,2.5
SITE005,9,31.2,11.3,21.3,10.0,164.0,20.0,59.0,6.6,2.5
SITE005,10,24.8,6.8,15.8,22.1,114.0,18.0,63.0,6.3,2.5
SITE005,11,18.5,2.0,10.3,31.0,72.0,16.5,66.0,6.1,2.5
SITE005,12,14.4,-1.9,6.2,32.1,56.0,16.4,66.0,6.0,2.5
SITE006,1,13.2,-2.8,5.2,68.7,57.0,16.0,67.0,6.0,2.5
SITE006,2,14.8,-1.5,6.6,64.2,67.0,16.4,66.0,6.0,2.5
SITE006,3,19.1,2.2,10.6,57.6,108.0,16.9,65.0,6.1,2.5
SITE006,4,25.4,6.9,16.1,37.6,152.0,18.5,62.0,6.4,2.5
SITE006,5,31.5,11.7,21.6,22.1,204.0,19.8,60.0,6.5,2.5
SITE006,6,35.6,15.6,25.6,6.6,225.0,20.0,57.0,6.7,2.5
SITE006,7,37.1,17.1,27.1,2.2,236.0,20.0,56.0,6.8,2.5
SITE006,8,35.6,15.6,25.6,4.4,215.0,20.0,57.0,6.7,2.5
SITE006,9,31.6,11.6,21.6,19.9,166.0,20.0,59.0,6.6,2.5
SITE006,10,25.1,7.1,16.1,44.3,116.0,18.0,63.0,6.3,2.5
SITE006,11,18.9,2.4,10.6,62.0,73.0,16.5,66.0,6.1,2.5
SITE006,12,14.8,-1.5,6.6,64.2,58.0,16.4,66.0,6.0,2.5
SITE007,1,12.2,-5.7,3.2,34.4,45.0,17.8,41.0,8.3,3.2
SITE007,2,13.8,-4.2,4.8,32.9,56.0,18.0,41.0,8.3,3.2
SITE007,3,17.3,0.5,8.9,43.4,92.0,16.8,44.0,8.1,3.2
SITE007,4,23.4,5.8,14.6,35.9,136.0,17.6,42.0,8.3,3.2
SITE007,5,30.2,10.4,20.3,16.5,197.0,19.8,36.0,8.7,3.2
SITE007,6,34.5,14.5,24.5,3.0,222.0,20.0,33.0,8.9,3.2
SITE007,7,36.0,16.0,26.0,0.7,232.0,20.0,32.0,9.0,3.2
SITE007,8,34.5,14.5,24.5,0.7,205.0,20.0,32.0,9.0,3.2
SITE007,9,30.3,10.3,20.3,2.2,150.0,20.0,33.0,9.0,3.2
SITE007,10,24.6,4.6,14.6,10.5,103.0,20.0,35.0,8.8,3.2
SITE007,11,17.8,0.1,8.9,35.9,58.0,17.6,42.0,8.3,3.2
SITE007,12,12.8,-3.2,4.8,50.9,42.0,16.0,46.0,8.0,3.2
SITE008,1,9.8,-8.0,0.9,21.8,40.0,17.8,41.0,8.3,3.2
SITE008,2,11.5,-6.5,2.5,20.8,51.0,18.0,41.0,8.3,3.2
SITE008,3,15.3,-1.5,6.9,27.5,85.0,16.8,44.0,8.1,3.2
SITE008,4,21.7,4.1,12.9,22.7,129.0,17.6,42.0,8.3,3.2
SITE008,5,28.8,9.0,18.9,10.4,190.0,19.8,36.0,8.7,3.2
SITE008,6,33.3,13.3,23.3,1.9,216.0,20.0,33.0,8.9,3.2
SITE008,7,35.0,15.0,25.0,0.5,227.0,20.0,32.0,9.0,3.2
SITE008,8,33.3,13.3,23.3,0.5,200.0,20.0,32.0,9.0,3.2
SITE008,9,28.9,8.9,18.9,1.4,145.0,20.0,33.0,9.0,3.2
SITE008,10,22.9,2.9,12.9,6.6,98.0,20.0,35.0,8.8,3.2
SITE008,11,15.7,-1.9,6.9,22.7,54.0,17.6,42.0,8.3,3.2
SITE008,12,10.5,-5.5,2.5,32.2,38.0,16.0,46.0,8.0,3.2
SITE009,1,10.1,-7.7,1.2,45.4,40.0,17.8,41.0,8.3,3.2
SITE009,2,11.8,-6.2,2.8,43.4,51.0,18.0,41.0,8.3,3.2
SITE009,3,15.6,-1.2,7.2,57.2,86.0,16.8,44.0,8.1,3.2
SITE009,4,22.0,4.4,13.2,47.3,130.0,17.6,42.0,8.3,3.2
SITE009,5,29.1,9.3,19.2,21.7,191.0,19.8,36.0,8.7,3.2
SITE009,6,33.6,13.6,23.6,3.9,217.0,20.0,33.0,8.9,3.2
SITE009,7,35.2,15.2,25.2,1.0,228.0,20.0,32.0,9.0,3.2
SITE009,8,33.6,13.6,23.6,1.0,201.0,20.0,32.0,9.0,3.2
SITE009,9,29.2,9.2,19.2,3.0,146.0,20.0,33.0,9.0,3.2
SITE009,10,23.2,3.2,13.2,13.8,98.0,20.0,35.0,8.8,3.2
SITE009,11,16.0,-1.6,7.2,47.3,55.0,17.6,42.0,8.3,3.2
SITE009,12,10.8,-5.2,2.8,67.0,38.0,16.0,46.0,8.0,3.2
SITE010,1,27.6,11.6,19.6,51.3,85.0,15.9,41.0,8.3,3.2
SITE010,2,28.9,12.8,20.9,49.1,99.0,16.1,41.0,8.3,3.2
SITE010,3,31.8,16.7,24.2,64.7,145.0,15.1,44.0,8.1,3.2
SITE010,4,36.7,20.9,28.8,53.5,190.0,15.8,42.0,8.3,3.2
SITE010,5,42.3,24.6,33.5,24.5,251.0,17.7,36.0,8.7,3.2
SITE010,6,46.4,27.3,36.8,4.5,278.0,19.0,33.0,8.9,3.2
SITE010,7,47.7,28.4,38.1,1.1,290.0,19.3,32.0,9.0,3.2
SITE010,8,46.5,27.2,36.8,1.1,263.0,19.3,32.0,9.0,3.2
SITE010,9,43.0,23.9,33.5,3.3,206.0,19.1,33.0,9.0,3.2
SITE010,10,38.0,19.7,28.8,15.6,153.0,18.3,35.0,8.8,3.2
SITE010,11,32.1,16.3,24.2,53.5,98.0,15.8,42.0,8.3,3.2
SITE010,12,28.0,13.7,20.9,75.8,78.0,14.3,46.0,8.0,3.2
SITE011,1,27.1,10.5,18.8,35.6,86.0,16.6,41.0,8.3,3.2
SITE011,2,28.5,11.8,20.1,34.0,100.0,16.8,41.0,8.3,3.2
SITE011,3,31.5,15.9,23.7,44.8,146.0,15.7,44.0,8.1,3.2
SITE011,4,36.8,20.4,28.6,37.1,193.0,16.4,42.0,8.3,3.2
SITE011,5,42.7,24.2,33.4,17.0,256.0,18.4,36.0,8.7,3.2
SITE011,6,46.9,27.1,37.0,3.1,284.0,19.8,33.0,8.9,3.2
SITE011,7,48.3,28.3,38.3,0.8,297.0,20.0,32.0,9.0,3.2
SITE011,8,47.0,27.0,37.0,0.8,270.0,20.0,32.0,9.0,3.2
SITE011,9,43.4,23.5,33.5,2.3,210.0,19.9,33.0,9.0,3.2
SITE011,10,38.1,19.0,28.6,10.8,156.0,19.1,35.0,8.8,3.2
SITE011,11,31.9,15.5,23.7,37.1,99.0,16.4,42.0,8.3,3.2
SITE011,12,27.6,12.7,20.1,52.6,78.0,14.9,46.0,8.0,3.2
SITE012,1,25.8,9.1,17.4,66.5,82.0,16.7,41.0,8.3,3.2
SITE012,2,27.2,10.3,18.8,63.6,96.0,16.9,41.0,8.3,3.2
SITE012,3,30.3,14.5,22.4,83.8,142.0,15.8,44.0,8.1,3.2
SITE012,4,35.6,19.0,27.3,69.4,188.0,16.6,42.0,8.3,3.2
SITE012,5,41.5,22.9,32.2,31.8,251.0,18.6,36.0,8.7,3.2
SITE012,6,45.8,25.9,35.9,5.8,280.0,20.0,33.0,8.9,3.2
SITE012,7,47.2,27.2,37.2,1.4,291.0,20.0,32.0,9.0,3.2
SITE012,8,45.9,25.9,35.9,1.4,264.0,20.0,32.0,9.0,3.2
SITE012,9,42.2,22.2,32.2,4.3,205.0,20.0,33.0,9.0,3.2
SITE012,10,36.9,17.7,27.3,20.2,151.0,19.2,35.0,8.8,3.2
SITE012,11,30.7,14.1,22.4,69.4,96.0,16.6,42.0,8.3,3.2
SITE012,12,26.3,11.3,18.8,98.3,75.0,15.0,46.0,8.0,3.2
SITE013,1,29.0,13.0,21.0,28.2,91.0,15.9,41.0,8.3,3.2
SITE013,2,30.3,14.2,22.3,27.0,105.0,16.1,41.0,8.3,3.2
SITE013,3,33.2,18.1,25.6,35.6,151.0,15.1,44.0,8.1,3.2
SITE013,4,38.1,22.3,30.2,29.4,197.0,15.8,42.0,8.3,3.2
SITE013,5,43.7,26.0,34.9,13.5,258.0,17.7,36.0,8.7,3.2
SITE013,6,47.8,28.7,38.2,2.5,284.0,19.0,33.0,8.9,3.2
SITE013,7,49.1,29.8,39.5,0.6,297.0,19.3,32.0,9.0,3.2
SITE013,8,47.9,28.6,38.2,0.6,271.0,19.3,32.0,9.0,3.2
SITE013,9,44.4,25.3,34.9,1.8,213.0,19.1,33.0,9.0,3.2
SITE013,10,39.4,21.1,30.2,8.6,160.0,18.3,35.0,8.8,3.2
SITE013,11,33.5,17.7,25.6,29.4,104.0,15.8,42.0,8.3,3.2
SITE013,12,29.4,15.1,22.3,41.7,83.0,14.3,46.0,8.0,3.2
SITE014,1,28.5,11.9,20.2,22.5,92.0,16.6,41.0,8.3,3.2
SITE014,2,29.9,13.2,21.5,21.6,106.0,16.7,41.0,8.3,3.2
SITE014,3,32.9,17.3,25.1,28.4,153.0,15.6,44.0,8.1,3.2
SITE014,4,38.1,21.7,29.9,23.5,199.0,16.4,42.0,8.3,3.2
SITE014,5,44.0,25.6,34.8,10.8,263.0,18.4,36.0,8.7,3.2
SITE014,6,48.2,28.5,38.3,2.0,290.0,19.8,33.0,8.9,3.2
SITE014,7,49.6,29.6,39.6,0.5,303.0,20.0,32.0,9.0,3.2
SITE014,8,48.3,28.3,38.3,0.5,277.0,20.0,32.0,9.0,3.2
SITE014,9,44.7,24.9,34.8,1.5,218.0,19.8,33.0,9.0,3.2
SITE014,10,39.4,20.4,29.9,6.9,163.0,19.0,35.0,8.8,3.2
SITE014,11,33.3,16.9,25.1,23.5,105.0,16.4,42.0,8.3,3.2
SITE014,12,29.0,14.1,21.5,33.3,84.0,14.9,46.0,8.0,3.2
SITE015,1,26.9,10.2,18.5,36.9,88.0,16.7,41.0,8.3,3.2
SITE015,2,28.3,11.4,19.9,35.2,102.0,16.9,41.0,8.3,3.2
SITE015,3,31.4,15.6,23.5,46.5,148.0,15.8,44.0,8.1,3.2
SITE015,4,36.7,20.1,28.4,38.5,194.0,16.6,42.0,8.3,3.2
SITE015,5,42.6,24.0,33.3,17.6,257.0,18.6,36.0,8.7,3.2
SITE015,6,46.9,27.0,37.0,3.2,284.0,20.0,33.0,8.9,3.2
SITE015,7,48.3,28.3,38.3,0.8,296.0,20.0,32.0,9.0,3.2
SITE015,8,47.0,27.0,37.0,0.8,270.0,20.0,32.0,9.0,3.2
SITE015,9,43.3,23.3,33.3,2.4,212.0,20.0,33.0,9.0,3.2
SITE015,10,38.0,18.8,28.4,11.2,159.0,19.2,35.0,8.8,3.2
SITE015,11,31.8,15.2,23.5,38.5,102.0,16.6,42.0,8.3,3.2
SITE015,12,27.4,12.4,19.9,54.5,81.0,15.0,46.0,8.0,3.2
SITE016,1,9.0,-8.8,0.1,37.1,36.0,17.8,41.0,8.3,3.2
SITE016,2,10.6,-7.4,1.6,35.5,46.0,18.0,41.0,8.3,3.2
SITE016,3,14.2,-2.6,5.8,46.8,79.0,16.8,44.0,8.1,3.2
SITE016,4,20.4,2.7,11.5,38.7,122.0,17.6,42.0,8.3,3.2
SITE016,5,27.2,7.4,17.3,17.7,181.0,19.8,36.0,8.7,3.2
SITE016,6,31.5,11.5,21.5,3.2,207.0,20.0,33.0,8.9,3.2
SITE016,7,33.0,13.0,23.0,0.8,217.0,20.0,32.0,9.0,3.2
SITE016,8,31.5,11.5,21.5,0.8,189.0,20.0,32.0,9.0,3.2
SITE016,9,27.3,7.3,17.3,2.4,135.0,20.0,33.0,9.0,3.2
SITE016,10,21.5,1.5,11.5,11.3,90.0,20.0,35.0,8.8,3.2
SITE016,11,14.6,-3.0,5.8,38.7,49.0,17.6,42.0,8.3,3.2
SITE016,12,9.6,-6.4,1.6,54.9,33.0,16.0,46.0,8.0,3.2
SITE017,1,8.2,-9.6,-0.7,27.4,34.0,17.8,41.0,8.3,3.2
SITE017,2,9.9,-8.1,0.9,26.3,44.0,18.0,41.0,8.3,3.2
SITE017,3,13.7,-3.1,5.3,34.6,78.0,16.8,44.0,8.1,3.2
SITE017,4,20.1,2.5,11.3,28.6,121.0,17.6,42.0,8.3,3.2
SITE017,5,27.2,7.4,17.3,13.1,181.0,19.8,36.0,8.7,3.2
SITE017,6,31.7,11.7,21.7,2.4,208.0,20.0,33.0,8.9,3.2
SITE017,7,33.3,13.3,23.3,0.6,218.0,20.0,32.0,9.0,3.2
SITE017,8,31.7,11.7,21.7,0.6,190.0,20.0,32.0,9.0,3.2
SITE017,9,27.3,7.3,17.3,1.8,136.0,20.0,33.0,9.0,3.2
SITE017,10,21.3,1.3,11.3,8.4,89.0,20.0,35.0,8.8,3.2
SITE017,11,14.1,-3.5,5.3,28.6,48.0,17.6,42.0,8.3,3.2
SITE017,12,8.9,-7.1,0.9,40.6,32.0,16.0,46.0,8.0,3.2
SITE018,1,7.6,-10.2,-1.3,51.2,33.0,17.8,41.0,8.3,3.2
SITE018,2,9.3,-8.7,0.3,48.9,43.0,18.0,41.0,8.3,3.2
SITE018,3,13.1,-3.7,4.7,64.5,76.0,16.8,44.0,8.1,3.2
SITE018,4,19.5,1.9,10.7,53.4,119.0,17.6,42.0,8.3,3.2
SITE018,5,26.6,6.8,16.7,24.5,178.0,19.8,36.0,8.7,3.2
SITE018,6,31.1,11.1,21.1,4.4,205.0,20.0,33.0,8.9,3.2
SITE018,7,32.8,12.8,22.8,1.1,215.0,20.0,32.0,9.0,3.2
SITE018,8,31.1,11.1,21.1,1.1,188.0,20.0,32.0,9.0,3.2
SITE018,9,26.7,6.7,16.7,3.3,133.0,20.0,33.0,9.0,3.2
SITE018,10,20.7,0.7,10.7,15.6,87.0,20.0,35.0,8.8,3.2
SITE018,11,13.5,-4.1,4.7,53.4,47.0,17.6,42.0,8.3,3.2
SITE018,12,8.3,-7.7,0.3,75.6,31.0,16.0,46.0,8.0,3.2
SITE019,1,9.9,-7.9,1.0,43.4,38.0,17.8,41.0,8.3,3.2
SITE019,2,11.4,-6.5,2.5,41.5,48.0,18.0,41.0,8.3,3.2
SITE019,3,14.8,-2.0,6.4,54.8,82.0,16.8,44.0,8.1,3.2
SITE019,4,20.6,2.9,11.7,45.3,123.0,17.6,42.0,8.3,3.2
SITE019,5,27.0,7.2,17.1,20.8,180.0,19.8,36.0,8.7,3.2
SITE019,6,31.0,11.0,21.0,3.8,204.0,20.0,33.0,8.9,3.2
SITE019,7,32.5,12.5,22.5,0.9,214.0,20.0,32.0,9.0,3.2
SITE019,8,31.0,11.0,21.0,0.9,187.0,20.0,32.0,9.0,3.2
SITE019,9,27.1,7.1,17.1,2.8,135.0,20.0,33.0,9.0,3.2
SITE019,10,21.7,1.7,11.7,13.2,91.0,20.0,35.0,8.8,3.2
SITE019,11,15.2,-2.4,6.4,45.3,50.0,17.6,42.0,8.3,3.2
SITE019,12,10.5,-5.5,2.5,64.2,35.0,16.0,46.0,8.0,3.2
SITE020,1,7.7,-10.2,-1.3,29.1,34.0,17.8,41.0,8.3,3.2
SITE020,2,9.3,-8.7,0.3,27.9,43.0,18.0,41.0,8.3,3.2
SITE020,3,12.8,-4.0,4.4,36.7,75.0,16.8,44.0,8.1,3.2
SITE020,4,18.9,1.3,10.1,30.4,116.0,17.6,42.0,8.3,3.2
SITE020,5,25.7,5.9,15.8,13.9,173.0,19.8,36.0,8.7,3.2
SITE020,6,30.0,10.0,20.0,2.5,198.0,20.0,33.0,8.9,3.2
SITE020,7,31.5,11.5,21.5,0.6,209.0,20.0,32.0,9.0,3.2
SITE020,8,30.0,10.0,20.0,0.6,182.0,20.0,32.0,9.0,3.2
SITE020,9,25.8,5.8,15.8,1.9,130.0,20.0,33.0,9.0,3.2
SITE020,10,20.1,0.1,10.1,8.9,86.0,20.0,35.0,8.8,3.2
SITE020,11,13.3,-4.4,4.4,30.4,47.0,17.6,42.0,8.3,3.2
SITE020,12,8.3,-7.7,0.3,43.0,32.0,16.0,46.0,8.0,3.2
SITE021,1,7.7,-10.2,-1.3,55.9,34.0,17.8,41.0,8.3,3.2
SITE021,2,9.3,-8.7,0.3,53.5,44.0,18.0,41.0,8.3,3.2
SITE021,3,12.8,-4.0,4.4,70.5,75.0,16.8,44.0,8.1,3.2
SITE021,4,18.9,1.3,10.1,58.4,117.0,17.6,42.0,8.3,3.2
SITE021,5,25.7,5.9,15.8,26.7,173.0,19.8,36.0,8.7,3.2
SITE021,6,30.0,10.0,20.0,4.9,198.0,20.0,33.0,8.9,3.2
SITE021,7,31.5,11.5,21.5,1.2,209.0,20.0,32.0,9.0,3.2
SITE021,8,30.0,10.0,20.0,1.2,182.0,20.0,32.0,9.0,3.2
SITE021,9,25.8,5.8,15.8,3.6,131.0,20.0,33.0,9.0,3.2
SITE021,10,20.1,0.1,10.1,17.0,87.0,20.0,35.0,8.8,3.2
SITE021,11,13.3,-4.4,4.4,58.4,47.0,17.6,42.0,8.3,3.2
SITE021,12,8.3,-7.7,0.3,82.7,32.0,16.0,46.0,8.0,3.2
SITE022,1,6.1,-13.2,-3.6,18.2,28.0,19.3,56.0,6.0,2.7
SITE022,2,7.8,-11.7,-2.0,16.5,37.0,19.5,56.0,6.0,2.7
SITE022,3,11.9,-7.2,2.4,19.8,70.0,19.1,56.0,6.0,2.7
SITE022,4,17.4,-0.8,8.3,26.5,109.0,18.3,58.0,5.9,2.7
SITE022,5,22.9,5.5,14.2,33.1,155.0,17.5,59.0,5.8,2.7
SITE022,6,26.8,10.3,18.6,41.3,173.0,16.4,61.0,5.6,2.7
SITE022,7,28.1,12.1,20.1,44.6,180.0,16.0,61.0,5.6,2.7
SITE022,8,26.9,10.2,18.6,39.7,158.0,16.6,60.0,5.7,2.7
SITE022,9,22.9,5.5,14.2,33.1,113.0,17.5,59.0,5.8,2.7
SITE022,10,17.4,-0.8,8.3,26.5,74.0,18.3,58.0,5.9,2.7
SITE022,11,11.8,-7.1,2.4,21.5,41.0,18.9,57.0,6.0,2.7
SITE022,12,7.7,-11.6,-2.0,18.2,28.0,19.3,56.0,6.0,2.7
SITE023,1,3.7,-15.6,-5.9,13.8,24.0,19.3,56.0,6.0,2.7
SITE023,2,5.5,-14.0,-4.3,12.6,32.0,19.5,56.0,6.0,2.7
SITE023,3,9.9,-9.2,0.3,15.1,64.0,19.1,56.0,6.0,2.7
SITE023,4,15.7,-2.6,6.6,20.1,102.0,18.3,58.0,5.9,2.7
SITE023,5,21.5,4.1,12.8,25.2,148.0,17.5,59.0,5.8,2.7
SITE023,6,25.6,9.2,17.4,31.5,168.0,16.4,61.0,5.6,2.7
SITE023,7,27.0,11.0,19.0,34.0,175.0,16.0,61.0,5.6,2.7
SITE023,8,25.7,9.1,17.4,30.2,153.0,16.6,60.0,5.7,2.7
SITE023,9,21.5,4.1,12.8,25.2,109.0,17.5,59.0,5.8,2.7
SITE023,10,15.7,-2.6,6.6,20.1,69.0,18.3,58.0,5.9,2.7
SITE023,11,9.8,-9.1,0.3,16.4,37.0,18.9,57.0,6.0,2.7
SITE023,12,5.4,-13.9,-4.3,13.8,24.0,19.3,56.0,6.0,2.7
SITE024,1,5.1,-14.2,-4.6,24.1,26.0,19.3,56.0,6.0,2.7
SITE024,2,6.9,-12.7,-2.9,21.9,35.0,19.5,56.0,6.0,2.7
SITE024,3,11.2,-7.9,1.6,26.3,68.0,19.1,56.0,6.0,2.7
SITE024,4,17.0,-1.3,7.8,35.0,107.0,18.3,58.0,5.9,2.7
SITE024,5,22.7,5.3,14.0,43.8,154.0,17.5,59.0,5.8,2.7
SITE024,6,26.7,10.3,18.5,54.8,173.0,16.4,61.0,5.6,2.7
SITE024,7,28.2,12.2,20.2,59.1,180.0,16.0,61.0,5.6,2.7
SITE024,8,26.9,10.2,18.5,52.6,158.0,16.6,60.0,5.7,2.7
SITE024,9,22.7,5.3,14.0,43.8,112.0,17.5,59.0,5.8,2.7
SITE024,10,17.0,-1.3,7.8,35.0,72.0,18.3,58.0,5.9,2.7
SITE024,11,11.1,-7.8,1.6,28.5,39.0,18.9,57.0,6.0,2.7
SITE024,12,6.8,-12.6,-2.9,24.1,26.0,19.3,56.0,6.0,2.7
SITE025,1,20.5,8.3,14.4,84.7,55.0,12.2,60.0,6.5,2.5
SITE025,2,21.4,9.0,15.2,79.4,66.0,12.3,60.0,6.5,2.5
SITE025,3,23.3,11.4,17.3,100.5,100.0,11.8,61.0,6.4,2.5
SITE025,4,26.0,14.5,20.2,116.4,128.0,11.5,62.0,6.3,2.5
SITE025,5,28.7,17.6,23.2,132.3,158.0,11.1,63.0,6.3,2.5
SITE025,6,30.7,19.9,25.3,148.2,166.0,10.7,64.0,6.2,2.5
SITE025,7,31.3,20.8,26.1,158.8,169.0,10.5,64.0,6.2,2.5
SITE025,8,30.7,19.9,25.3,142.9,153.0,10.9,64.0,6.2,2.5
SITE025,9,28.8,17.5,23.2,121.7,120.0,11.4,62.0,6.3,2.5
SITE025,10,26.2,14.3,20.2,100.5,91.0,11.8,61.0,6.4,2.5
SITE025,11,23.4,11.3,17.3,90.0,62.0,12.1,61.0,6.4,2.5
SITE025,12,21.3,9.1,15.2,84.7,52.0,12.2,60.0,6.5,2.5
SITE026,1,19.0,6.0,12.5,58.5,52.0,13.0,60.0,6.5,2.5
SITE026,2,19.9,6.8,13.3,54.8,64.0,13.1,60.0,6.5,2.5
SITE026,3,22.0,9.4,15.7,69.4,98.0,12.6,61.0,6.4,2.5
SITE026,4,25.0,12.8,18.9,80.4,127.0,12.2,62.0,6.3,2.5
SITE026,5,28.0,16.2,22.1,91.3,159.0,11.8,63.0,6.3,2.5
SITE026,6,30.1,18.7,24.4,102.3,168.0,11.4,64.0,6.2,2.5
SITE026,7,30.9,19.7,25.3,109.6,171.0,11.2,64.0,6.2,2.5
SITE026,8,30.2,18.6,24.4,98.6,155.0,11.6,64.0,6.2,2.5
SITE026,9,28.1,16.0,22.1,84.0,120.0,12.1,62.0,6.3,2.5
SITE026,10,25.2,12.6,18.9,69.4,90.0,12.6,61.0,6.4,2.5
SITE026,11,22.1,9.2,15.7,62.1,60.0,12.9,61.0,6.4,2.5
SITE026,12,19.8,6.8,13.3,58.5,49.0,13.0,60.0,6.5,2.5
SITE027,1,20.1,7.2,13.6,109.7,55.0,12.9,60.0,6.5,2.5
SITE027,2,21.0,8.0,14.5,102.8,66.0,13.0,60.0,6.5,2.5
SITE027,3,23.1,10.6,16.8,130.3,101.0,12.5,61.0,6.4,2.5
SITE027,4,26.0,13.9,20.0,150.8,131.0,12.1,62.0,6.3,2.5
SITE027,5,29.0,17.3,23.1,171.4,163.0,11.7,63.0,6.3,2.5
SITE027,6,31.1,19.8,25.5,192.0,171.0,11.3,64.0,6.2,2.5
SITE027,7,31.9,20.8,26.3,205.7,174.0,11.1,64.0,6.2,2.5
SITE027,8,31.2,19.7,25.5,185.1,158.0,11.5,64.0,6.2,2.5
SITE027,9,29.1,17.2,23.1,157.7,124.0,12.0,62.0,6.3,2.5
SITE027,10,26.2,13.7,20.0,130.3,93.0,12.5,61.0,6.4,2.5
SITE027,11,23.2,10.4,16.8,116.6,62.0,12.8,61.0,6.4,2.5
SITE027,12,20.9,8.0,14.5,109.7,51.0,12.9,60.0,6.5,2.5
SITE028,1,21.5,9.2,15.3,49.7,58.0,12.3,60.0,6.5,2.5
SITE028,2,22.3,9.9,16.1,46.6,69.0,12.4,60.0,6.5,2.5
SITE028,3,24.2,12.3,18.3,59.1,104.0,11.9,61.0,6.4,2.5
SITE028,4,27.0,15.4,21.2,68.4,132.0,11.5,62.0,6.3,2.5
SITE028,5,29.7,18.5,24.1,77.7,163.0,11.2,63.0,6.3,2.5
SITE028,6,31.7,20.9,26.3,87.1,170.0,10.8,64.0,6.2,2.5
SITE028,7,32.3,21.8,27.0,93.3,173.0,10.5,64.0,6.2,2.5
SITE028,8,31.7,20.8,26.3,83.9,158.0,10.9,64.0,6.2,2.5
SITE028,9,29.8,18.4,24.1,71.5,124.0,11.4,62.0,6.3,2.5
SITE028,10,27.1,15.2,21.2,59.1,95.0,11.9,61.0,6.4,2.5
SITE028,11,24.3,12.2,18.3,52.9,65.0,12.1,61.0,6.4,2.5
SITE028,12,22.3,10.0,16.1,49.7,54.0,12.3,60.0,6.5,2.5
SITE029,1,19.6,6.5,13.1,34.1,55.0,13.1,60.0,6.5,2.5
SITE029,2,20.6,7.3,13.9,31.9,67.0,13.2,60.0,6.5,2.5
SITE029,3,22.7,10.0,16.3,40.4,102.0,12.7,61.0,6.4,2.5
SITE029,4,25.7,13.4,19.6,46.8,131.0,12.3,62.0,6.3,2.5
SITE029,5,28.8,16.8,22.8,53.2,163.0,11.9,63.0,6.3,2.5
SITE029,6,30.9,19.4,25.2,59.6,171.0,11.5,64.0,6.2,2.5
SITE029,7,31.7,20.4,26.0,63.9,175.0,11.3,64.0,6.2,2.5
SITE029,8,31.0,19.4,25.2,57.5,159.0,11.6,64.0,6.2,2.5
SITE029,9,28.9,16.7,22.8,49.0,124.0,12.2,62.0,6.3,2.5
SITE029,10,25.9,13.2,19.6,40.4,94.0,12.7,61.0,6.4,2.5
SITE029,11,22.8,9.8,16.3,36.2,63.0,13.0,61.0,6.4,2.5
SITE029,12,20.5,7.4,13.9,34.1,52.0,13.1,60.0,6.5,2.5
SITE030,1,20.4,7.5,14.0,64.2,57.0,12.9,60.0,6.5,2.5
SITE030,2,21.3,8.3,14.8,60.2,68.0,13.1,60.0,6.5,2.5
SITE030,3,23.4,10.9,17.1,76.3,104.0,12.6,61.0,6.4,2.5
SITE030,4,26.4,14.2,20.3,88.3,133.0,12.2,62.0,6.3,2.5
SITE030,5,29.4,17.6,23.5,100.4,165.0,11.8,63.0,6.3,2.5
SITE030,6,31.5,20.2,25.8,112.4,173.0,11.4,64.0,6.2,2.5
SITE030,7,32.3,21.1,26.7,120.5,176.0,11.1,64.0,6.2,2.5
SITE030,8,31.6,20.1,25.8,108.4,160.0,11.5,64.0,6.2,2.5
SITE030,9,29.5,17.5,23.5,92.4,126.0,12.0,62.0,6.3,2.5
SITE030,10,26.6,14.0,20.3,76.3,95.0,12.6,61.0,6.4,2.5
SITE030,11,23.5,10.7,17.1,68.3,65.0,12.8,61.0,6.4,2.5
SITE030,12,21.3,8.3,14.8,64.2,54.0,12.9,60.0,6.5,2.5
SITE031,1,20.2,8.4,14.3,91.9,54.0,11.8,67.0,6.0,2.5
SITE031,2,21.2,9.2,15.2,86.0,66.0,12.1,66.0,6.0,2.5
SITE031,3,24.0,11.5,17.8,77.1,105.0,12.5,65.0,6.1,2.5
SITE031,4,28.1,14.4,21.2,50.4,144.0,13.7,62.0,6.4,2.5
SITE031,5,32.0,17.4,24.7,29.7,189.0,14.6,60.0,6.5,2.5
SITE031,6,35.1,19.5,27.3,8.9,209.0,15.5,57.0,6.7,2.5
SITE031,7,36.1,20.3,28.2,3.0,217.0,15.8,56.0,6.8,2.5
SITE031,8,35.1,19.5,27.3,5.9,193.0,15.7,57.0,6.7,2.5
SITE031,9,32.1,17.4,24.7,26.7,143.0,14.7,59.0,6.6,2.5
SITE031,10,27.9,14.6,21.2,59.3,100.0,13.3,63.0,6.3,2.5
SITE031,11,23.9,11.7,17.8,83.0,63.0,12.2,66.0,6.1,2.5
SITE031,12,21.2,9.2,15.2,86.0,52.0,12.1,66.0,6.0,2.5
SITE032,1,18.1,5.5,11.8,65.0,52.0,12.6,67.0,6.0,2.5
SITE032,2,19.3,6.4,12.8,60.8,63.0,12.8,66.0,6.0,2.5
SITE032,3,22.3,9.0,15.6,54.5,101.0,13.3,65.0,6.1,2.5
SITE032,4,26.7,12.2,19.5,35.7,142.0,14.5,62.0,6.4,2.5
SITE032,5,31.0,15.5,23.3,21.0,188.0,15.5,60.0,6.5,2.5
SITE032,6,34.3,17.8,26.1,6.3,210.0,16.5,57.0,6.7,2.5
SITE032,7,35.5,18.7,27.1,2.1,219.0,16.8,56.0,6.8,2.5
SITE032,8,34.4,17.7,26.1,4.2,194.0,16.7,57.0,6.7,2.5
SITE032,9,31.1,15.4,23.3,18.9,142.0,15.7,59.0,6.6,2.5
SITE032,10,26.5,12.4,19.5,42.0,98.0,14.1,63.0,6.3,2.5
SITE032,11,22.1,9.1,15.6,58.7,61.0,13.0,66.0,6.1,2.5
SITE032,12,19.3,6.4,12.8,60.8,49.0,12.8,66.0,6.0,2.5
SITE033,1,19.6,7.3,13.5,119.0,54.0,12.3,67.0,6.0,2.5
SITE033,2,20.8,8.2,14.5,111.3,66.0,12.6,66.0,6.0,2.5
SITE033,3,23.7,10.7,17.2,99.8,106.0,13.0,65.0,6.1,2.5
SITE033,4,28.1,13.8,20.9,65.3,146.0,14.3,62.0,6.4,2.5
SITE033,5,32.3,17.0,24.7,38.4,193.0,15.3,60.0,6.5,2.5
SITE033,6,35.5,19.3,27.4,11.5,214.0,16.3,57.0,6.7,2.5
SITE033,7,36.7,20.1,28.4,3.8,223.0,16.5,56.0,6.8,2.5
SITE033,8,35.6,19.2,27.4,7.7,198.0,16.4,57.0,6.7,2.5
SITE033,9,32.4,17.0,24.7,34.6,146.0,15.4,59.0,6.6,2.5
SITE033,10,27.9,14.0,20.9,76.8,102.0,13.9,63.0,6.3,2.5
SITE033,11,23.6,10.8,17.2,107.5,64.0,12.8,66.0,6.1,2.5
SITE033,12,20.8,8.2,14.5,111.3,52.0,12.6,66.0,6.0,2.5
SITE034,1,11.3,-6.5,2.4,18.0,48.0,17.8,41.0,8.3,3.2
SITE034,2,12.9,-5.1,3.9,17.3,59.0,18.0,41.0,8.3,3.2
SITE034,3,16.6,-0.3,8.2,22.7,94.0,16.8,44.0,8.1,3.2
SITE034,4,22.8,5.1,13.9,18.8,136.0,17.6,42.0,8.3,3.2
SITE034,5,29.6,9.8,19.7,8.6,194.0,19.8,36.0,8.7,3.2
SITE034,6,33.9,13.9,23.9,1.6,218.0,20.0,33.0,8.9,3.2
SITE034,7,35.5,15.5,25.5,0.4,229.0,20.0,32.0,9.0,3.2
SITE034,8,33.9,13.9,23.9,0.4,205.0,20.0,32.0,9.0,3.2
SITE034,9,29.7,9.7,19.7,1.2,154.0,20.0,33.0,9.0,3.2
SITE034,10,23.9,3.9,13.9,5.5,108.0,20.0,35.0,8.8,3.2
SITE034,11,17.0,-0.7,8.2,18.8,63.0,17.6,42.0,8.3,3.2
SITE034,12,11.9,-4.1,3.9,26.7,46.0,16.0,46.0,8.0,3.2
SITE035,1,9.0,-8.8,0.1,10.2,43.0,17.8,41.0,8.3,3.2
SITE035,2,10.7,-7.2,1.8,9.7,53.0,18.0,41.0,8.3,3.2
SITE035,3,14.6,-2.2,6.2,12.8,87.0,16.8,44.0,8.1,3.2
SITE035,4,21.2,3.5,12.3,10.6,130.0,17.6,42.0,8.3,3.2
SITE035,5,28.4,8.6,18.5,4.9,188.0,19.8,36.0,8.7,3.2
SITE035,6,32.9,12.9,22.9,0.9,212.0,20.0,33.0,8.9,3.2
SITE035,7,34.6,14.6,24.6,0.2,224.0,20.0,32.0,9.0,3.2
SITE035,8,32.9,12.9,22.9,0.2,200.0,20.0,32.0,9.0,3.2
SITE035,9,28.5,8.5,18.5,0.7,149.0,20.0,33.0,9.0,3.2
SITE035,10,22.3,2.3,12.3,3.1,103.0,20.0,35.0,8.8,3.2
SITE035,11,15.1,-2.6,6.2,10.6,59.0,17.6,42.0,8.3,3.2
SITE035,12,9.8,-6.2,1.8,15.0,41.0,16.0,46.0,8.0,3.2
SITE036,1,9.8,-8.0,0.9,22.0,45.0,17.8,41.0,8.3,3.2
SITE036,2,11.5,-6.5,2.5,21.1,55.0,18.0,41.0,8.3,3.2
SITE036,3,15.4,-1.4,7.0,27.8,90.0,16.8,44.0,8.1,3.2
SITE036,4,21.9,4.2,13.1,23.0,133.0,17.6,42.0,8.3,3.2
SITE036,5,29.0,9.2,19.1,10.5,191.0,19.8,36.0,8.7,3.2
SITE036,6,33.6,13.6,23.6,1.9,216.0,20.0,33.0,8.9,3.2
SITE036,7,35.2,15.2,25.2,0.5,228.0,20.0,32.0,9.0,3.2
SITE036,8,33.6,13.6,23.6,0.5,203.0,20.0,32.0,9.0,3.2
SITE036,9,29.1,9.1,19.1,1.4,151.0,20.0,33.0,9.0,3.2
SITE036,10,23.1,3.1,13.1,6.7,105.0,20.0,35.0,8.8,3.2
SITE036,11,15.8,-1.8,7.0,23.0,61.0,17.6,42.0,8.3,3.2
SITE036,12,10.5,-5.5,2.5,32.6,43.0,16.0,46.0,8.0,3.2
SITE037,1,15.3,-2.6,6.3,14.4,55.0,17.8,41.0,8.3,3.2
SITE037,2,16.9,-1.1,7.9,13.8,67.0,18.0,41.0,8.3,3.2
SITE037,3,20.4,3.6,12.0,18.2,106.0,16.8,44.0,8.1,3.2
SITE037,4,26.5,8.9,17.7,15.1,151.0,17.6,42.0,8.3,3.2
SITE037,5,33.3,13.5,23.4,6.9,213.0,19.8,36.0,8.7,3.2
SITE037,6,37.6,17.6,27.6,1.3,237.0,20.0,33.0,8.9,3.2
SITE037,7,39.1,19.1,29.1,0.3,249.0,20.0,32.0,9.0,3.2
SITE037,8,37.6,17.6,27.6,0.3,222.0,20.0,32.0,9.0,3.2
SITE037,9,33.4,13.4,23.4,0.9,166.0,20.0,33.0,9.0,3.2
SITE037,10,27.7,7.7,17.7,4.4,118.0,20.0,35.0,8.8,3.2
SITE037,11,20.9,3.2,12.0,15.1,70.0,17.6,42.0,8.3,3.2
SITE037,12,15.9,-0.1,7.9,21.3,51.0,16.0,46.0,8.0,3.2
SITE038,1,14.6,-3.3,5.6,11.5,54.0,17.8,41.0,8.3,3.2
SITE038,2,16.2,-1.8,7.2,11.0,66.0,18.0,41.0,8.3,3.2
SITE038,3,20.0,3.2,11.6,14.5,105.0,16.8,44.0,8.1,3.2
SITE038,4,26.3,8.7,17.5,12.0,151.0,17.6,42.0,8.3,3.2
SITE038,5,33.3,13.5,23.4,5.5,213.0,19.8,36.0,8.7,3.2
SITE038,6,37.8,17.8,27.8,1.0,238.0,20.0,33.0,8.9,3.2
SITE038,7,39.3,19.3,29.3,0.2,250.0,20.0,32.0,9.0,3.2
SITE038,8,37.8,17.8,27.8,0.2,223.0,20.0,32.0,9.0,3.2
SITE038,9,33.4,13.4,23.4,0.7,166.0,20.0,33.0,9.0,3.2
SITE038,10,27.5,7.5,17.5,3.5,117.0,20.0,35.0,8.8,3.2
SITE038,11,20.4,2.7,11.6,12.0,69.0,17.6,42.0,8.3,3.2
SITE038,12,15.2,-0.8,7.2,17.0,50.0,16.0,46.0,8.0,3.2
SITE039,1,13.4,-4.4,4.5,18.3,51.0,17.8,41.0,8.3,3.2
SITE039,2,15.1,-2.9,6.1,17.5,62.0,18.0,41.0,8.3,3.2
SITE039,3,18.9,2.0,10.4,23.1,101.0,16.8,44.0,8.1,3.2
SITE039,4,25.3,7.6,16.4,19.1,146.0,17.6,42.0,8.3,3.2
SITE039,5,32.3,12.5,22.4,8.8,208.0,19.8,36.0,8.7,3.2
SITE039,6,36.8,16.8,26.8,1.6,233.0,20.0,33.0,8.9,3.2
SITE039,7,38.4,18.4,28.4,0.4,245.0,20.0,32.0,9.0,3.2
SITE039,8,36.8,16.8,26.8,0.4,218.0,20.0,32.0,9.0,3.2
SITE039,9,32.4,12.4,22.4,1.2,162.0,20.0,33.0,9.0,3.2
SITE039,10,26.4,6.4,16.4,5.6,114.0,20.0,35.0,8.8,3.2
SITE039,11,19.3,1.6,10.4,19.1,66.0,17.6,42.0,8.3,3.2
SITE039,12,14.1,-1.9,6.1,27.0,48.0,16.0,46.0,8.0,3.2
SITE040,1,15.4,-2.4,6.5,5.8,60.0,17.8,41.0,8.3,3.2
SITE040,2,17.1,-0.9,8.1,5.5,71.0,18.0,41.0,8.3,3.2
SITE040,3,20.9,4.0,12.4,7.3,111.0,16.8,44.0,8.1,3.2
SITE040,4,27.2,9.5,18.4,6.1,156.0,17.6,42.0,8.3,3.2
SITE040,5,34.2,14.4,24.3,2.8,218.0,19.8,36.0,8.7,3.2
SITE040,6,38.6,18.6,28.6,0.5,241.0,20.0,33.0,8.9,3.2
SITE040,7,40.2,20.2,30.2,0.1,254.0,20.0,32.0,9.0,3.2
SITE040,8,38.6,18.6,28.6,0.1,228.0,20.0,32.0,9.0,3.2
SITE040,9,34.3,14.3,24.3,0.4,174.0,20.0,33.0,9.0,3.2
SITE040,10,28.4,8.4,18.4,1.8,126.0,20.0,35.0,8.8,3.2
SITE040,11,21.3,3.6,12.4,6.1,76.0,17.6,42.0,8.3,3.2
SITE040,12,16.1,0.1,8.1,8.6,56.0,16.0,46.0,8.0,3.2
SITE041,1,13.7,-4.1,4.8,5.2,56.0,17.8,41.0,8.3,3.2
SITE041,2,15.4,-2.6,6.4,4.9,67.0,18.0,41.0,8.3,3.2
SITE041,3,19.4,2.6,11.0,6.5,106.0,16.8,44.0,8.1,3.2
SITE041,4,26.0,8.3,17.2,5.4,151.0,17.6,42.0,8.3,3.2
SITE041,5,33.3,13.5,23.4,2.5,213.0,19.8,36.0,8.7,3.2
SITE041,6,37.9,17.9,27.9,0.4,238.0,20.0,33.0,8.9,3.2
SITE041,7,39.6,19.6,29.6,0.1,251.0,20.0,32.0,9.0,3.2
SITE041,8,37.9,17.9,27.9,0.1,225.0,20.0,32.0,9.0,3.2
SITE041,9,33.4,13.4,23.4,0.3,170.0,20.0,33.0,9.0,3.2
SITE041,10,27.2,7.2,17.2,1.6,121.0,20.0,35.0,8.8,3.2
SITE041,11,19.8,2.1,11.0,5.4,72.0,17.6,42.0,8.3,3.2
SITE041,12,14.4,-1.6,6.4,7.6,53.0,16.0,46.0,8.0,3.2
SITE042,1,14.5,-3.3,5.6,9.7,57.0,17.8,41.0,8.3,3.2
SITE042,2,16.3,-1.7,7.3,9.2,69.0,18.0,41.0,8.3,3.2
SITE042,3,20.2,3.4,11.8,12.2,109.0,16.8,44.0,8.1,3.2
SITE042,4,26.8,9.2,18.0,10.1,155.0,17.6,42.0,8.3,3.2
SITE042,5,34.0,14.3,24.1,4.6,217.0,19.8,36.0,8.7,3.2
SITE042,6,38.7,18.7,28.7,0.8,242.0,20.0,33.0,8.9,3.2
SITE042,7,40.3,20.3,30.3,0.2,254.0,20.0,32.0,9.0,3.2
SITE042,8,38.7,18.7,28.7,0.2,229.0,20.0,32.0,9.0,3.2
SITE042,9,34.1,14.1,24.1,0.6,173.0,20.0,33.0,9.0,3.2
SITE042,10,28.0,8.0,18.0,2.9,124.0,20.0,35.0,8.8,3.2
SITE042,11,20.6,3.0,11.8,10.1,74.0,17.6,42.0,8.3,3.2
SITE042,12,15.3,-0.7,7.3,14.3,54.0,16.0,46.0,8.0,3.2
SITE043,1,12.6,-5.2,3.7,18.6,55.0,17.8,41.0,8.3,3.2
SITE043,2,14.2,-3.8,5.2,17.7,65.0,18.0,41.0,8.3,3.2
SITE043,3,17.7,0.9,9.3,23.4,101.0,16.8,44.0,8.1,3.2
SITE043,4,23.8,6.1,14.9,19.4,142.0,17.6,42.0,8.3,3.2
SITE043,5,30.4,10.6,20.5,8.9,199.0,19.8,36.0,8.7,3.2
SITE043,6,34.6,14.6,24.6,1.6,220.0,20.0,33.0,8.9,3.2
SITE043,7,36.1,16.1,26.1,0.4,232.0,20.0,32.0,9.0,3.2
SITE043,8,34.6,14.6,24.6,0.4,210.0,20.0,32.0,9.0,3.2
SITE043,9,30.5,10.5,20.5,1.2,161.0,20.0,33.0,9.0,3.2
SITE043,10,24.9,4.9,14.9,5.6,117.0,20.0,35.0,8.8,3.2
SITE043,11,18.1,0.5,9.3,19.4,71.0,17.6,42.0,8.3,3.2
SITE043,12,13.2,-2.8,5.2,27.4,53.0,16.0,46.0,8.0,3.2
SITE044,1,10.6,-7.3,1.6,15.2,50.0,17.8,41.0,8.3,3.2
SITE044,2,12.2,-5.8,3.2,14.5,60.0,18.0,41.0,8.3,3.2
SITE044,3,16.0,-0.8,7.6,19.2,95.0,16.8,44.0,8.1,3.2
SITE044,4,22.3,4.7,13.5,15.9,136.0,17.6,42.0,8.3,3.2
SITE044,5,29.3,9.5,19.4,7.3,193.0,19.8,36.0,8.7,3.2
SITE044,6,33.8,13.8,23.8,1.3,216.0,20.0,33.0,8.9,3.2
SITE044,7,35.3,15.3,25.3,0.3,228.0,20.0,32.0,9.0,3.2
SITE044,8,33.8,13.8,23.8,0.3,205.0,20.0,32.0,9.0,3.2
SITE044,9,29.4,9.4,19.4,1.0,156.0,20.0,33.0,9.0,3.2
SITE044,10,23.5,3.5,13.5,4.6,111.0,20.0,35.0,8.8,3.2
SITE044,11,16.4,-1.3,7.6,15.9,66.0,17.6,42.0,8.3,3.2
SITE044,12,11.2,-4.8,3.2,22.5,48.0,16.0,46.0,8.0,3.2
SITE045,1,10.6,-7.3,1.6,26.4,50.0,17.8,41.0,8.3,3.2
SITE045,2,12.2,-5.8,3.2,25.3,60.0,18.0,41.0,8.3,3.2
SITE045,3,16.0,-0.8,7.6,33.3,95.0,16.8,44.0,8.1,3.2
SITE045,4,22.3,4.7,13.5,27.6,136.0,17.6,42.0,8.3,3.2
SITE045,5,29.3,9.5,19.4,12.6,193.0,19.8,36.0,8.7,3.2
SITE045,6,33.8,13.8,23.8,2.3,215.0,20.0,33.0,8.9,3.2
SITE045,7,35.3,15.3,25.3,0.6,228.0,20.0,32.0,9.0,3.2
SITE045,8,33.8,13.8,23.8,0.6,205.0,20.0,32.0,9.0,3.2
SITE045,9,29.4,9.4,19.4,1.7,156.0,20.0,33.0,9.0,3.2
SITE045,10,23.5,3.5,13.5,8.0,112.0,20.0,35.0,8.8,3.2
SITE045,11,16.4,-1.3,7.6,27.6,66.0,17.6,42.0,8.3,3.2
SITE045,12,11.2,-4.8,3.2,39.0,48.0,16.0,46.0,8.0,3.2
SITE046,1,19.9,2.1,11.0,9.0,73.0,17.8,41.0,8.3,3.2
SITE046,2,21.5,3.6,12.5,8.6,85.0,18.0,41.0,8.3,3.2
SITE046,3,25.2,8.4,16.8,11.4,128.0,16.8,44.0,8.1,3.2
SITE046,4,31.4,13.8,22.6,9.4,175.0,17.6,42.0,8.3,3.2
SITE046,5,38.3,18.5,28.4,4.3,239.0,19.8,36.0,8.7,3.2
SITE046,6,42.6,22.6,32.6,0.8,262.0,20.0,33.0,8.9,3.2
SITE046,7,44.2,24.2,34.2,0.2,274.0,20.0,32.0,9.0,3.2
SITE046,8,42.6,22.6,32.6,0.2,249.0,20.0,32.0,9.0,3.2
SITE046,9,38.4,18.4,28.4,0.6,192.0,20.0,33.0,9.0,3.2
SITE046,10,32.6,12.6,22.6,2.7,142.0,20.0,35.0,8.8,3.2
SITE046,11,25.6,8.0,16.8,9.4,88.0,17.6,42.0,8.3,3.2
SITE046,12,20.5,4.5,12.5,13.3,68.0,16.0,46.0,8.0,3.2
SITE047,1,17.4,-0.4,8.5,6.6,67.0,17.8,41.0,8.3,3.2
SITE047,2,19.2,1.2,10.2,6.3,79.0,18.0,41.0,8.3,3.2
SITE047,3,23.1,6.2,14.7,8.3,121.0,16.8,44.0,8.1,3.2
SITE047,4,29.6,12.0,20.8,6.9,167.0,17.6,42.0,8.3,3.2
SITE047,5,36.8,17.0,26.9,3.1,232.0,19.8,36.0,8.7,3.2
SITE047,6,41.4,21.4,31.4,0.6,256.0,20.0,33.0,8.9,3.2
SITE047,7,43.1,23.1,33.1,0.1,269.0,20.0,32.0,9.0,3.2
SITE047,8,41.4,21.4,31.4,0.1,243.0,20.0,32.0,9.0,3.2
SITE047,9,36.9,16.9,26.9,0.4,186.0,20.0,33.0,9.0,3.2
SITE047,10,30.8,10.8,20.8,2.0,136.0,20.0,35.0,8.8,3.2
SITE047,11,23.5,5.8,14.7,6.9,83.0,17.6,42.0,8.3,3.2
SITE047,12,18.2,2.2,10.2,9.7,63.0,16.0,46.0,8.0,3.2
SITE048,1,19.3,1.5,10.4,8.6,71.0,17.8,41.0,8.3,3.2
SITE048,2,21.0,3.0,12.0,8.3,84.0,18.0,41.0,8.3,3.2
SITE048,3,24.8,8.0,16.4,10.9,127.0,16.8,44.0,8.1,3.2
SITE048,4,31.3,13.6,22.5,9.0,175.0,17.6,42.0,8.3,3.2
SITE048,5,38.4,18.6,28.5,4.1,240.0,19.8,36.0,8.7,3.2
SITE048,6,42.9,22.9,32.9,0.8,263.0,20.0,33.0,8.9,3.2
SITE048,7,44.5,24.5,34.5,0.2,276.0,20.0,32.0,9.0,3.2
SITE048,8,42.9,22.9,32.9,0.2,250.0,20.0,32.0,9.0,3.2
SITE048,9,38.5,18.5,28.5,0.6,193.0,20.0,33.0,9.0,3.2
SITE048,10,32.5,12.5,22.5,2.6,142.0,20.0,35.0,8.8,3.2
SITE048,11,25.3,7.6,16.4,9.0,88.0,17.6,42.0,8.3,3.2
SITE048,12,20.0,4.0,12.0,12.8,67.0,16.0,46.0,8.0,3.2
SITE049,1,30.3,18.6,24.4,23.1,96.0,11.7,41.0,8.3,3.2
SITE049,2,31.1,19.3,25.2,22.1,105.0,11.8,41.0,8.3,3.2
SITE049,3,32.9,21.8,27.3,29.1,142.0,11.0,44.0,8.1,3.2
SITE049,4,36.0,24.5,30.2,24.1,172.0,11.6,42.0,8.3,3.2
SITE049,5,39.6,26.7,33.2,11.0,213.0,13.0,36.0,8.7,3.2
SITE049,6,42.3,28.3,35.3,2.0,228.0,14.0,33.0,8.9,3.2
SITE049,7,43.1,29.0,36.1,0.5,237.0,14.1,32.0,9.0,3.2
SITE049,8,42.3,28.2,35.3,0.5,222.0,14.1,32.0,9.0,3.2
SITE049,9,40.2,26.1,33.2,1.5,183.0,14.0,33.0,9.0,3.2
SITE049,10,37.0,23.5,30.2,7.0,147.0,13.4,35.0,8.8,3.2
SITE049,11,33.1,21.6,27.3,24.1,103.0,11.6,42.0,8.3,3.2
SITE049,12,30.5,20.0,25.2,34.1,87.0,10.5,46.0,8.0,3.2
SITE050,1,29.4,17.1,23.2,14.8,96.0,12.4,41.0,8.3,3.2
SITE050,2,30.4,17.9,24.1,14.2,106.0,12.5,41.0,8.3,3.2
SITE050,3,32.3,20.6,26.4,18.7,143.0,11.7,44.0,8.1,3.2
SITE050,4,35.8,23.5,29.6,15.5,174.0,12.3,42.0,8.3,3.2
SITE050,5,39.7,25.9,32.8,7.1,218.0,13.8,36.0,8.7,3.2
SITE050,6,42.5,27.7,35.1,1.3,234.0,14.8,33.0,8.9,3.2
SITE050,7,43.5,28.5,36.0,0.3,244.0,15.0,32.0,9.0,3.2
SITE050,8,42.6,27.7,35.1,0.3,228.0,15.0,32.0,9.0,3.2
SITE050,9,40.2,25.4,32.8,1.0,187.0,14.9,33.0,9.0,3.2
SITE050,10,36.7,22.5,29.6,4.5,150.0,14.2,35.0,8.8,3.2
SITE050,11,32.6,20.3,26.4,15.5,104.0,12.3,42.0,8.3,3.2
SITE050,12,29.7,18.5,24.1,21.9,87.0,11.1,46.0,8.0,3.2
SITE051,1,28.6,16.1,22.4,26.8,94.0,12.5,41.0,8.3,3.2
SITE051,2,29.5,16.9,23.2,25.6,103.0,12.6,41.0,8.3,3.2
SITE051,3,31.5,19.7,25.6,33.8,141.0,11.8,44.0,8.1,3.2
SITE051,4,35.0,22.6,28.8,28.0,172.0,12.4,42.0,8.3,3.2
SITE051,5,39.0,25.1,32.0,12.8,216.0,13.9,36.0,8.7,3.2
SITE051,6,41.9,26.9,34.4,2.3,232.0,14.9,33.0,8.9,3.2
SITE051,7,42.8,27.7,35.3,0.6,242.0,15.1,32.0,9.0,3.2
SITE051,8,41.9,26.9,34.4,0.6,225.0,15.1,32.0,9.0,3.2
SITE051,9,39.5,24.6,32.0,1.7,185.0,15.0,33.0,9.0,3.2
SITE051,10,36.0,21.6,28.8,8.2,148.0,14.3,35.0,8.8,3.2
SITE051,11,31.8,19.4,25.6,28.0,102.0,12.4,42.0,8.3,3.2
SITE051,12,28.8,17.6,23.2,39.6,86.0,11.2,46.0,8.0,3.2
SITE052,1,27.8,15.2,21.5,29.6,89.0,12.7,41.0,8.3,3.2
SITE052,2,28.8,16.0,22.4,28.3,99.0,12.8,41.0,8.3,3.2
SITE052,3,30.8,18.8,24.8,37.4,137.0,12.0,44.0,8.1,3.2
SITE052,4,34.4,21.8,28.1,30.9,170.0,12.6,42.0,8.3,3.2
SITE052,5,38.4,24.4,31.4,14.2,215.0,14.1,36.0,8.7,3.2
SITE052,6,41.4,26.2,33.8,2.6,232.0,15.1,33.0,8.9,3.2
SITE052,7,42.3,27.0,34.7,0.6,242.0,15.3,32.0,9.0,3.2
SITE052,8,41.5,26.2,33.8,0.6,224.0,15.3,32.0,9.0,3.2
SITE052,9,39.0,23.8,31.4,1.9,182.0,15.2,33.0,9.0,3.2
SITE052,10,35.4,20.8,28.1,9.0,143.0,14.5,35.0,8.8,3.2
SITE052,11,31.1,18.5,24.8,30.9,97.0,12.6,42.0,8.3,3.2
SITE052,12,28.1,16.7,22.4,43.8,81.0,11.4,46.0,8.0,3.2
SITE053,1,25.8,12.3,19.0,19.3,85.0,13.5,41.0,8.3,3.2
SITE053,2,26.8,13.2,20.0,18.5,96.0,13.6,41.0,8.3,3.2
SITE053,3,29.0,16.3,22.6,24.4,134.0,12.7,44.0,8.1,3.2
SITE053,4,32.9,19.6,26.3,20.2,168.0,13.3,42.0,8.3,3.2
SITE053,5,37.4,22.4,29.9,9.2,215.0,15.0,36.0,8.7,3.2
SITE053,6,40.6,24.5,32.5,1.7,233.0,16.1,33.0,8.9,3.2
SITE053,7,41.6,25.4,33.5,0.4,243.0,16.3,32.0,9.0,3.2
SITE053,8,40.7,24.4,32.5,0.4,225.0,16.3,32.0,9.0,3.2
SITE053,9,38.0,21.8,29.9,1.3,181.0,16.1,33.0,9.0,3.2
SITE053,10,34.0,18.5,26.3,5.9,141.0,15.5,35.0,8.8,3.2
SITE053,11,29.3,16.0,22.6,20.2,95.0,13.3,42.0,8.3,3.2
SITE053,12,26.0,13.9,20.0,28.6,78.0,12.1,46.0,8.0,3.2
SITE054,1,26.3,12.9,19.6,35.3,87.0,13.4,41.0,8.3,3.2
SITE054,2,27.3,13.8,20.6,33.8,97.0,13.5,41.0,8.3,3.2
SITE054,3,29.5,16.9,23.2,44.5,135.0,12.6,44.0,8.1,3.2
SITE054,4,33.4,20.1,26.8,36.8,169.0,13.2,42.0,8.3,3.2
SITE054,5,37.8,22.9,30.4,16.9,216.0,14.9,36.0,8.7,3.2
SITE054,6,41.0,25.0,33.0,3.1,234.0,16.0,33.0,8.9,3.2
SITE054,7,42.0,25.9,33.9,0.8,245.0,16.2,32.0,9.0,3.2
SITE054,8,41.1,24.9,33.0,0.8,226.0,16.2,32.0,9.0,3.2
SITE054,9,38.4,22.3,30.4,2.3,183.0,16.0,33.0,9.0,3.2
SITE054,10,34.4,19.1,26.8,10.7,143.0,15.4,35.0,8.8,3.2
SITE054,11,29.8,16.6,23.2,36.8,96.0,13.2,42.0,8.3,3.2
SITE054,12,26.6,14.6,20.6,52.2,79.0,12.0,46.0,8.0,3.2
SITE055,1,12.6,-2.9,4.8,67.7,48.0,15.6,67.0,6.0,2.5
SITE055,2,14.2,-1.7,6.2,63.4,59.0,15.9,66.0,6.0,2.5
SITE055,3,18.3,1.8,10.0,56.8,98.0,16.5,65.0,6.1,2.5
SITE055,4,24.2,6.2,15.2,37.2,142.0,18.0,62.0,6.4,2.5
SITE055,5,30.0,10.7,20.4,21.9,195.0,19.3,60.0,6.5,2.5
SITE055,6,34.2,14.2,24.2,6.6,219.0,20.0,57.0,6.7,2.5
SITE055,7,35.5,15.5,25.5,2.2,230.0,20.0,56.0,6.8,2.5
SITE055,8,34.2,14.2,24.2,4.4,205.0,20.0,57.0,6.7,2.5
SITE055,9,30.1,10.6,20.4,19.7,152.0,19.5,59.0,6.6,2.5
SITE055,10,24.0,6.4,15.2,43.7,102.0,17.5,63.0,6.3,2.5
SITE055,11,18.1,2.0,10.0,61.2,62.0,16.1,66.0,6.1,2.5
SITE055,12,14.2,-1.7,6.2,63.4,48.0,15.9,66.0,6.0,2.5
SITE056,1,10.4,-5.6,2.4,48.8,43.0,16.0,67.0,6.0,2.5
SITE056,2,12.0,-4.3,3.9,45.7,54.0,16.4,66.0,6.0,2.5
SITE056,3,16.3,-0.6,7.9,41.0,91.0,16.9,65.0,6.1,2.5
SITE056,4,22.7,4.1,13.4,26.8,136.0,18.5,62.0,6.4,2.5
SITE056,5,28.8,9.0,18.9,15.8,190.0,19.8,60.0,6.5,2.5
SITE056,6,33.0,13.0,23.0,4.7,213.0,20.0,57.0,6.7,2.5
SITE056,7,34.4,14.4,24.4,1.6,224.0,20.0,56.0,6.8,2.5
SITE056,8,33.0,13.0,23.0,3.2,199.0,20.0,57.0,6.7,2.5
SITE056,9,28.9,8.9,18.9,14.2,148.0,20.0,59.0,6.6,2.5
SITE056,10,22.4,4.4,13.4,31.5,98.0,18.0,63.0,6.3,2.5
SITE056,11,16.2,-0.4,7.9,44.1,58.0,16.5,66.0,6.1,2.5
SITE056,12,12.0,-4.3,3.9,45.7,44.0,16.4,66.0,6.0,2.5
SITE057,1,10.5,-5.5,2.5,87.7,44.0,16.0,67.0,6.0,2.5
SITE057,2,12.1,-4.2,4.0,82.0,54.0,16.4,66.0,6.0,2.5
SITE057,3,16.4,-0.5,8.0,73.6,92.0,16.9,65.0,6.1,2.5
SITE057,4,22.8,4.2,13.5,48.1,137.0,18.5,62.0,6.4,2.5
SITE057,5,28.9,9.1,19.0,28.3,191.0,19.8,60.0,6.5,2.5
SITE057,6,33.1,13.1,23.1,8.5,214.0,20.0,57.0,6.7,2.5
SITE057,7,34.5,14.5,24.5,2.8,224.0,20.0,56.0,6.8,2.5
SITE057,8,33.1,13.1,23.1,5.7,200.0,20.0,57.0,6.7,2.5
SITE057,9,29.0,9.0,19.0,25.5,148.0,20.0,59.0,6.6,2.5
SITE057,10,22.5,4.5,13.5,56.6,99.0,18.0,63.0,6.3,2.5
SITE057,11,16.3,-0.3,8.0,79.2,58.0,16.5,66.0,6.1,2.5
SITE057,12,12.1,-4.2,4.0,82.0,44.0,16.4,66.0,6.0,2.5
SITE058,1,9.7,-6.3,1.7,64.3,40.0,16.0,67.0,6.0,2.5
SITE058,2,11.4,-5.0,3.2,60.1,51.0,16.4,66.0,6.0,2.5
SITE058,3,15.7,-1.2,7.3,53.9,88.0,16.9,65.0,6.1,2.5
SITE058,4,22.1,3.6,12.8,35.2,133.0,18.5,62.0,6.4,2.5
SITE058,5,28.3,8.5,18.4,20.7,187.0,19.8,60.0,6.5,2.5
SITE058,6,32.5,12.5,22.5,6.2,211.0,20.0,57.0,6.7,2.5
SITE058,7,34.0,14.0,24.0,2.1,222.0,20.0,56.0,6.8,2.5
SITE058,8,32.5,12.5,22.5,4.1,196.0,20.0,57.0,6.7,2.5
SITE058,9,28.4,8.4,18.4,18.7,144.0,20.0,59.0,6.6,2.5
SITE058,10,21.8,3.8,12.8,41.5,94.0,18.0,63.0,6.3,2.5
SITE058,11,15.5,-1.0,7.3,58.0,55.0,16.5,66.0,6.1,2.5
SITE058,12,11.4,-5.0,3.2,60.1,41.0,16.4,66.0,6.0,2.5
SITE059,1,7.3,-8.7,-0.7,44.0,36.0,16.0,67.0,6.0,2.5
SITE059,2,9.1,-7.3,0.9,41.2,46.0,16.4,66.0,6.0,2.5
SITE059,3,13.7,-3.2,5.2,36.9,81.0,16.9,65.0,6.1,2.5
SITE059,4,20.4,1.9,11.1,24.1,126.0,18.5,62.0,6.4,2.5
SITE059,5,27.0,7.2,17.1,14.2,180.0,19.8,60.0,6.5,2.5
SITE059,6,31.4,11.4,21.4,4.3,205.0,20.0,57.0,6.7,2.5
SITE059,7,33.0,13.0,23.0,1.4,216.0,20.0,56.0,6.8,2.5
SITE059,8,31.4,11.4,21.4,2.8,191.0,20.0,57.0,6.7,2.5
SITE059,9,27.0,7.1,17.1,12.8,139.0,20.0,59.0,6.6,2.5
SITE059,10,20.1,2.2,11.2,28.4,89.0,18.0,63.0,6.3,2.5
SITE059,11,13.5,-3.0,5.2,39.7,51.0,16.5,66.0,6.1,2.5
SITE059,12,9.1,-7.3,0.9,41.2,37.0,16.4,66.0,6.0,2.5
SITE060,1,8.8,-7.2,0.8,83.6,39.0,16.0,67.0,6.0,2.5
SITE060,2,10.6,-5.8,2.4,78.2,49.0,16.4,66.0,6.0,2.5
SITE060,3,15.1,-1.8,6.6,70.1,86.0,16.9,65.0,6.1,2.5
SITE060,4,21.7,3.2,12.5,45.9,131.0,18.5,62.0,6.4,2.5
SITE060,5,28.2,8.4,18.3,27.0,187.0,19.8,60.0,6.5,2.5
SITE060,6,32.6,12.6,22.6,8.1,212.0,20.0,57.0,6.7,2.5
SITE060,7,34.1,14.1,24.1,2.7,223.0,20.0,56.0,6.8,2.5
SITE060,8,32.6,12.6,22.6,5.4,196.0,20.0,57.0,6.7,2.5
SITE060,9,28.3,8.3,18.3,24.3,144.0,20.0,59.0,6.6,2.5
SITE060,10,21.5,3.5,12.5,54.0,93.0,18.0,63.0,6.3,2.5
SITE060,11,14.9,-1.6,6.6,75.5,53.0,16.5,66.0,6.1,2.5
SITE060,12,10.6,-5.8,2.4,78.2,39.0,16.4,66.0,6.0,2.5
SITE061,1,6.1,-13.2,-3.5,16.4,33.0,19.3,56.0,6.0,2.7
SITE061,2,7.9,-11.7,-1.9,14.9,43.0,19.5,56.0,6.0,2.7
SITE061,3,12.1,-7.1,2.5,17.9,76.0,19.1,56.0,6.0,2.7
SITE061,4,17.7,-0.6,8.5,23.8,114.0,18.3,58.0,5.9,2.7
SITE061,5,23.3,5.8,14.5,29.8,157.0,17.5,59.0,5.8,2.7
SITE061,6,27.2,10.7,18.9,37.2,174.0,16.4,61.0,5.6,2.7
SITE061,7,28.6,12.6,20.6,40.2,182.0,16.0,61.0,5.6,2.7
SITE061,8,27.3,10.6,18.9,35.7,163.0,16.6,60.0,5.7,2.7
SITE061,9,23.3,5.8,14.5,29.8,121.0,17.5,59.0,5.8,2.7
SITE061,10,17.7,-0.6,8.5,23.8,83.0,18.3,58.0,5.9,2.7
SITE061,11,12.0,-7.0,2.5,19.3,48.0,18.9,57.0,6.0,2.7
SITE061,12,7.8,-11.6,-1.9,16.4,34.0,19.3,56.0,6.0,2.7
SITE062,1,4.7,-14.7,-5.0,12.6,30.0,19.3,56.0,6.0,2.7
SITE062,2,6.4,-13.1,-3.3,11.4,39.0,19.5,56.0,6.0,2.7
SITE062,3,10.9,-8.3,1.3,13.7,72.0,19.1,56.0,6.0,2.7
SITE062,4,16.7,-1.5,7.6,18.3,110.0,18.3,58.0,5.9,2.7
SITE062,5,22.6,5.2,13.9,22.8,154.0,17.5,59.0,5.8,2.7
SITE062,6,26.7,10.3,18.5,28.5,172.0,16.4,61.0,5.6,2.7
SITE062,7,28.2,12.2,20.2,30.8,180.0,16.0,61.0,5.6,2.7
SITE062,8,26.8,10.2,18.5,27.4,161.0,16.6,60.0,5.7,2.7
SITE062,9,22.6,5.2,13.9,22.8,119.0,17.5,59.0,5.8,2.7
SITE062,10,16.7,-1.5,7.6,18.3,80.0,18.3,58.0,5.9,2.7
SITE062,11,10.7,-8.2,1.3,14.8,45.0,18.9,57.0,6.0,2.7
SITE062,12,6.3,-13.0,-3.3,12.6,31.0,19.3,56.0,6.0,2.7
SITE063,1,4.4,-15.0,-5.3,21.6,29.0,19.3,56.0,6.0,2.7
SITE063,2,6.2,-13.4,-3.6,19.7,38.0,19.5,56.0,6.0,2.7
SITE063,3,10.6,-8.5,1.0,23.6,71.0,19.1,56.0,6.0,2.7
SITE063,4,16.5,-1.8,7.3,31.5,109.0,18.3,58.0,5.9,2.7
SITE063,5,22.4,4.9,13.7,39.3,153.0,17.5,59.0,5.8,2.7
SITE063,6,26.5,10.1,18.3,49.1,171.0,16.4,61.0,5.6,2.7
SITE063,7,28.0,12.0,20.0,53.1,179.0,16.0,61.0,5.6,2.7
SITE063,8,26.6,10.0,18.3,47.2,160.0,16.6,60.0,5.7,2.7
SITE063,9,22.4,4.9,13.7,39.3,118.0,17.5,59.0,5.8,2.7
SITE063,10,16.5,-1.8,7.3,31.5,78.0,18.3,58.0,5.9,2.7
SITE063,11,10.5,-8.4,1.0,25.6,44.0,18.9,57.0,6.0,2.7
SITE063,12,6.1,-13.3,-3.6,21.6,30.0,19.3,56.0,6.0,2.7
SITE064,1,15.0,-0.1,7.5,74.7,54.0,15.1,67.0,6.0,2.5
SITE064,2,16.5,1.1,8.8,69.9,65.0,15.4,66.0,6.0,2.5
SITE064,3,20.4,4.4,12.4,62.7,105.0,15.9,65.0,6.1,2.5
SITE064,4,26.1,8.6,17.4,41.0,150.0,17.5,62.0,6.4,2.5
SITE064,5,31.6,13.0,22.3,24.1,202.0,18.7,60.0,6.5,2.5
SITE064,6,35.9,16.0,25.9,7.2,228.0,19.8,57.0,6.7,2.5
SITE064,7,37.3,17.3,27.3,2.4,239.0,20.0,56.0,6.8,2.5
SITE064,8,35.9,15.9,25.9,4.8,214.0,20.0,57.0,6.7,2.5
SITE064,9,31.7,12.9,22.3,21.7,158.0,18.8,59.0,6.6,2.5
SITE064,10,25.8,8.9,17.4,48.2,108.0,17.0,63.0,6.3,2.5
SITE064,11,20.2,4.6,12.4,67.5,67.0,15.6,66.0,6.1,2.5
SITE064,12,16.5,1.1,8.8,69.9,53.0,15.4,66.0,6.0,2.5
SITE065,1,13.4,-2.4,5.5,51.3,51.0,15.8,67.0,6.0,2.5
SITE065,2,15.0,-1.2,6.9,48.0,62.0,16.1,66.0,6.0,2.5
SITE065,3,19.1,2.4,10.8,43.0,102.0,16.7,65.0,6.1,2.5
SITE065,4,25.2,6.9,16.0,28.1,147.0,18.3,62.0,6.4,2.5
SITE065,5,31.1,11.5,21.3,16.5,201.0,19.5,60.0,6.5,2.5
SITE065,6,35.1,15.1,25.1,5.0,224.0,20.0,57.0,6.7,2.5
SITE065,7,36.6,16.6,26.6,1.7,235.0,20.0,56.0,6.8,2.5
SITE065,8,35.1,15.1,25.1,3.3,210.0,20.0,57.0,6.7,2.5
SITE065,9,31.1,11.4,21.3,14.9,158.0,19.7,59.0,6.6,2.5
SITE065,10,24.9,7.1,16.0,33.1,107.0,17.8,63.0,6.3,2.5
SITE065,11,18.9,2.6,10.8,46.3,65.0,16.3,66.0,6.1,2.5
SITE065,12,15.0,-1.2,6.9,48.0,51.0,16.1,66.0,6.0,2.5
SITE066,1,14.5,-1.2,6.7,99.7,53.0,15.7,67.0,6.0,2.5
SITE066,2,16.1,0.0,8.1,93.2,65.0,16.0,66.0,6.0,2.5
SITE066,3,20.1,3.6,11.9,83.6,106.0,16.6,65.0,6.1,2.5
SITE066,4,26.2,8.0,17.1,54.6,151.0,18.1,62.0,6.4,2.5
SITE066,5,32.0,12.6,22.3,32.1,206.0,19.4,60.0,6.5,2.5
SITE066,6,36.1,16.1,26.1,9.6,229.0,20.0,57.0,6.7,2.5
SITE066,7,37.5,17.5,27.5,3.2,240.0,20.0,56.0,6.8,2.5
SITE066,8,36.1,16.1,26.1,6.4,215.0,20.0,57.0,6.7,2.5
SITE066,9,32.1,12.5,22.3,28.9,161.0,19.6,59.0,6.6,2.5
SITE066,10,25.9,8.3,17.1,64.3,110.0,17.6,63.0,6.3,2.5
SITE066,11,20.0,3.8,11.9,90.0,68.0,16.2,66.0,6.1,2.5
SITE066,12,16.1,0.0,8.1,93.2,53.0,16.0,66.0,6.0,2.5
SITE067,1,3.5,-15.8,-6.1,15.9,30.0,19.3,56.0,6.0,2.7
SITE067,2,5.3,-14.3,-4.5,14.5,38.0,19.5,56.0,6.0,2.7
SITE067,3,9.5,-9.6,-0.1,17.4,69.0,19.1,56.0,6.0,2.7
SITE067,4,15.1,-3.2,6.0,23.2,104.0,18.3,58.0,5.9,2.7
SITE067,5,20.7,3.3,12.0,29.0,145.0,17.5,59.0,5.8,2.7
SITE067,6,24.6,8.2,16.4,36.2,162.0,16.4,61.0,5.6,2.7
SITE067,7,26.0,10.0,18.0,39.1,170.0,16.0,61.0,5.6,2.7
SITE067,8,24.7,8.1,16.4,34.8,153.0,16.6,60.0,5.7,2.7
SITE067,9,20.7,3.3,12.0,29.0,114.0,17.5,59.0,5.8,2.7
SITE067,10,15.1,-3.2,6.0,23.2,78.0,18.3,58.0,5.9,2.7
SITE067,11,9.4,-9.5,-0.1,18.8,45.0,18.9,57.0,6.0,2.7
SITE067,12,5.2,-14.2,-4.5,15.9,31.0,19.3,56.0,6.0,2.7
SITE068,1,1.1,-18.2,-8.6,11.5,23.0,19.3,56.0,6.0,2.7
SITE068,2,2.9,-16.6,-6.9,10.4,31.0,19.5,56.0,6.0,2.7
SITE068,3,7.4,-11.8,-2.2,12.5,60.0,19.1,56.0,6.0,2.7
SITE068,4,13.3,-5.0,4.2,16.7,96.0,18.3,58.0,5.9,2.7
SITE068,5,19.3,1.8,10.5,20.9,138.0,17.5,59.0,5.8,2.7
SITE068,6,23.4,7.0,15.2,26.1,156.0,16.4,61.0,5.6,2.7
SITE068,7,24.9,8.9,16.9,28.2,164.0,16.0,61.0,5.6,2.7
SITE068,8,23.5,6.9,15.2,25.1,148.0,16.6,60.0,5.7,2.7
SITE068,9,19.3,1.8,10.6,20.9,109.0,17.5,59.0,5.8,2.7
SITE068,10,13.3,-5.0,4.2,16.7,72.0,18.3,58.0,5.9,2.7
SITE068,11,7.3,-11.7,-2.2,13.6,40.0,18.9,57.0,6.0,2.7
SITE068,12,2.8,-16.5,-6.9,11.5,25.0,19.3,56.0,6.0,2.7
SITE069,1,2.7,-16.7,-7.0,21.5,27.0,19.3,56.0,6.0,2.7
SITE069,2,4.4,-15.1,-5.3,19.5,35.0,19.5,56.0,6.0,2.7
SITE069,3,8.9,-10.3,-0.7,23.4,66.0,19.1,56.0,6.0,2.7
SITE069,4,14.7,-3.5,5.6,31.2,103.0,18.3,58.0,5.9,2.7
SITE069,5,20.6,3.2,11.9,39.0,144.0,17.5,59.0,5.8,2.7
SITE069,6,24.7,8.3,16.5,48.8,162.0,16.4,61.0,5.6,2.7
SITE069,7,26.2,10.2,18.2,52.7,170.0,16.0,61.0,5.6,2.7
SITE069,8,24.8,8.2,16.5,46.8,154.0,16.6,60.0,5.7,2.7
SITE069,9,20.6,3.2,11.9,39.0,114.0,17.5,59.0,5.8,2.7
SITE069,10,14.7,-3.5,5.6,31.2,77.0,18.3,58.0,5.9,2.7
SITE069,11,8.7,-10.2,-0.7,25.4,44.0,18.9,57.0,6.0,2.7
SITE069,12,4.3,-15.0,-5.3,21.5,29.0,19.3,56.0,6.0,2.7
SITE070,1,15.5,-2.3,6.6,16.4,55.0,17.8,41.0,8.3,3.2
SITE070,2,17.1,-0.8,8.2,15.7,67.0,18.0,41.0,8.3,3.2
SITE070,3,20.7,3.9,12.3,20.6,106.0,16.8,44.0,8.1,3.2
SITE070,4,26.8,9.1,18.0,17.1,152.0,17.6,42.0,8.3,3.2
SITE070,5,33.5,13.7,23.6,7.8,214.0,19.8,36.0,8.7,3.2
SITE070,6,37.8,17.8,27.8,1.4,239.0,20.0,33.0,8.9,3.2
SITE070,7,39.3,19.3,29.3,0.4,250.0,20.0,32.0,9.0,3.2
SITE070,8,37.8,17.8,27.8,0.4,222.0,20.0,32.0,9.0,3.2
SITE070,9,33.6,13.6,23.6,1.1,166.0,20.0,33.0,9.0,3.2
SITE070,10,28.0,8.0,18.0,5.0,118.0,20.0,35.0,8.8,3.2
SITE070,11,21.1,3.5,12.3,17.1,69.0,17.6,42.0,8.3,3.2
SITE070,12,16.2,0.2,8.2,24.2,51.0,16.0,46.0,8.0,3.2
SITE071,1,14.1,-3.7,5.2,11.6,52.0,17.8,41.0,8.3,3.2
SITE071,2,15.7,-2.2,6.8,11.1,64.0,18.0,41.0,8.3,3.2
SITE071,3,19.5,2.7,11.1,14.6,103.0,16.8,44.0,8.1,3.2
SITE071,4,25.9,8.3,17.1,12.1,149.0,17.6,42.0,8.3,3.2
SITE071,5,32.9,13.2,23.0,5.5,211.0,19.8,36.0,8.7,3.2
SITE071,6,37.4,17.4,27.4,1.0,237.0,20.0,33.0,8.9,3.2
SITE071,7,39.0,19.0,29.0,0.3,248.0,20.0,32.0,9.0,3.2
SITE071,8,37.4,17.4,27.4,0.3,221.0,20.0,32.0,9.0,3.2
SITE071,9,33.0,13.0,23.0,0.8,164.0,20.0,33.0,9.0,3.2
SITE071,10,27.1,7.1,17.1,3.5,115.0,20.0,35.0,8.8,3.2
SITE071,11,19.9,2.3,11.1,12.1,67.0,17.6,42.0,8.3,3.2
SITE071,12,14.8,-1.2,6.8,17.1,49.0,16.0,46.0,8.0,3.2
SITE072,1,13.4,-4.4,4.5,20.6,50.0,17.8,41.0,8.3,3.2
SITE072,2,15.1,-2.9,6.1,19.7,62.0,18.0,41.0,8.3,3.2
SITE072,3,18.9,2.1,10.5,26.0,100.0,16.8,44.0,8.1,3.2
SITE072,4,25.3,7.7,16.5,21.5,146.0,17.6,42.0,8.3,3.2
SITE072,5,32.4,12.6,22.5,9.9,208.0,19.8,36.0,8.7,3.2
SITE072,6,36.9,16.9,26.9,1.8,234.0,20.0,33.0,8.9,3.2
SITE072,7,38.5,18.5,28.5,0.4,245.0,20.0,32.0,9.0,3.2
SITE072,8,36.9,16.9,26.9,0.4,218.0,20.0,32.0,9.0,3.2
SITE072,9,32.5,12.5,22.5,1.3,162.0,20.0,33.0,9.0,3.2
SITE072,10,26.5,6.5,16.5,6.3,113.0,20.0,35.0,8.8,3.2
SITE072,11,19.3,1.7,10.5,21.5,65.0,17.6,42.0,8.3,3.2
SITE072,12,14.1,-1.9,6.1,30.5,47.0,16.0,46.0,8.0,3.2
SITE073,1,9.7,-8.1,0.8,30.8,42.0,17.8,41.0,8.3,3.2
SITE073,2,11.3,-6.6,2.3,29.5,52.0,18.0,41.0,8.3,3.2
SITE073,3,15.0,-1.8,6.6,38.8,87.0,16.8,44.0,8.1,3.2
SITE073,4,21.2,3.6,12.4,32.1,129.0,17.6,42.0,8.3,3.2
SITE073,5,28.1,8.3,18.2,14.7,186.0,19.8,36.0,8.7,3.2
SITE073,6,32.4,12.4,22.4,2.7,210.0,20.0,33.0,8.9,3.2
SITE073,7,34.0,14.0,24.0,0.7,221.0,20.0,32.0,9.0,3.2
SITE073,8,32.4,12.4,22.4,0.7,196.0,20.0,32.0,9.0,3.2
SITE073,9,28.2,8.2,18.2,2.0,145.0,20.0,33.0,9.0,3.2
SITE073,10,22.4,2.4,12.4,9.4,100.0,20.0,35.0,8.8,3.2
SITE073,11,15.4,-2.2,6.6,32.1,57.0,17.6,42.0,8.3,3.2
SITE073,12,10.3,-5.7,2.3,45.5,40.0,16.0,46.0,8.0,3.2
SITE074,1,8.2,-9.6,-0.7,23.1,39.0,17.8,41.0,8.3,3.2
SITE074,2,9.9,-8.0,0.9,22.1,49.0,18.0,41.0,8.3,3.2
SITE074,3,13.8,-3.0,5.4,29.1,82.0,16.8,44.0,8.1,3.2
SITE074,4,20.3,2.7,11.5,24.1,125.0,17.6,42.0,8.3,3.2
SITE074,5,27.5,7.7,17.6,11.0,183.0,19.8,36.0,8.7,3.2
SITE074,6,32.1,12.1,22.1,2.0,209.0,20.0,33.0,8.9,3.2
SITE074,7,33.7,13.7,23.7,0.5,220.0,20.0,32.0,9.0,3.2
SITE074,8,32.1,12.1,22.1,0.5,195.0,20.0,32.0,9.0,3.2
SITE074,9,27.6,7.6,17.6,1.5,143.0,20.0,33.0,9.0,3.2
SITE074,10,21.5,1.5,11.5,7.0,97.0,20.0,35.0,8.8,3.2
SITE074,11,14.2,-3.4,5.4,24.1,54.0,17.6,42.0,8.3,3.2
SITE074,12,8.9,-7.1,0.9,34.1,37.0,16.0,46.0,8.0,3.2
SITE075,1,8.3,-9.5,-0.6,43.7,39.0,17.8,41.0,8.3,3.2
SITE075,2,10.0,-7.9,1.0,41.8,49.0,18.0,41.0,8.3,3.2
SITE075,3,13.9,-2.9,5.5,55.1,83.0,16.8,44.0,8.1,3.2
SITE075,4,20.4,2.8,11.6,45.6,125.0,17.6,42.0,8.3,3.2
SITE075,5,27.6,7.8,17.7,20.9,184.0,19.8,36.0,8.7,3.2
SITE075,6,32.2,12.2,22.2,3.8,209.0,20.0,33.0,8.9,3.2
SITE075,7,33.8,13.8,23.8,0.9,221.0,20.0,32.0,9.0,3.2
SITE075,8,32.2,12.2,22.2,0.9,195.0,20.0,32.0,9.0,3.2
SITE075,9,27.7,7.7,17.7,2.8,143.0,20.0,33.0,9.0,3.2
SITE075,10,21.6,1.6,11.6,13.3,98.0,20.0,35.0,8.8,3.2
SITE075,11,14.3,-3.3,5.5,45.6,55.0,17.6,42.0,8.3,3.2
SITE075,12,9.0,-7.0,1.0,64.6,38.0,16.0,46.0,8.0,3.2
SITE076,1,12.1,-5.7,3.2,44.1,45.0,17.8,41.0,8.3,3.2
SITE076,2,13.7,-4.3,4.7,42.2,56.0,18.0,41.0,8.3,3.2
SITE076,3,17.2,0.3,8.7,55.6,92.0,16.8,44.0,8.1,3.2
SITE076,4,23.1,5.5,14.3,46.0,135.0,17.6,42.0,8.3,3.2
SITE076,5,29.7,10.0,19.8,21.1,195.0,19.8,36.0,8.7,3.2
SITE076,6,33.9,13.9,23.9,3.8,219.0,20.0,33.0,8.9,3.2
SITE076,7,35.4,15.4,25.4,1.0,229.0,20.0,32.0,9.0,3.2
SITE076,8,33.9,13.9,23.9,1.0,202.0,20.0,32.0,9.0,3.2
SITE076,9,29.8,9.8,19.8,2.9,148.0,20.0,33.0,9.0,3.2
SITE076,10,24.3,4.3,14.3,13.4,102.0,20.0,35.0,8.8,3.2
SITE076,11,17.6,-0.1,8.7,46.0,58.0,17.6,42.0,8.3,3.2
SITE076,12,12.7,-3.3,4.7,65.1,42.0,16.0,46.0,8.0,3.2
SITE077,1,11.0,-6.8,2.1,27.8,42.0,17.8,41.0,8.3,3.2
SITE077,2,12.6,-5.3,3.7,26.6,53.0,18.0,41.0,8.3,3.2
SITE077,3,16.3,-0.5,7.9,35.1,89.0,16.8,44.0,8.1,3.2
SITE077,4,22.5,4.9,13.7,29.0,133.0,17.6,42.0,8.3,3.2
SITE077,5,29.4,9.6,19.5,13.3,193.0,19.8,36.0,8.7,3.2
SITE077,6,33.8,13.8,23.8,2.4,218.0,20.0,33.0,8.9,3.2
SITE077,7,35.4,15.4,25.4,0.6,229.0,20.0,32.0,9.0,3.2
SITE077,8,33.8,13.8,23.8,0.6,202.0,20.0,32.0,9.0,3.2
SITE077,9,29.5,9.5,19.5,1.8,147.0,20.0,33.0,9.0,3.2
SITE077,10,23.7,3.7,13.7,8.5,100.0,20.0,35.0,8.8,3.2
SITE077,11,16.7,-0.9,7.9,29.0,56.0,17.6,42.0,8.3,3.2
SITE077,12,11.7,-4.3,3.7,41.1,40.0,16.0,46.0,8.0,3.2
SITE078,1,11.2,-6.6,2.3,55.5,42.0,17.8,41.0,8.3,3.2
SITE078,2,12.8,-5.1,3.9,53.1,53.0,18.0,41.0,8.3,3.2
SITE078,3,16.5,-0.3,8.1,70.0,89.0,16.8,44.0,8.1,3.2
SITE078,4,22.7,5.1,13.9,57.9,133.0,17.6,42.0,8.3,3.2
SITE078,5,29.6,9.8,19.7,26.6,194.0,19.8,36.0,8.7,3.2
SITE078,6,34.0,14.0,24.0,4.8,219.0,20.0,33.0,8.9,3.2
SITE078,7,35.6,15.6,25.6,1.2,230.0,20.0,32.0,9.0,3.2
SITE078,8,34.0,14.0,24.0,1.2,203.0,20.0,32.0,9.0,3.2
SITE078,9,29.7,9.7,19.7,3.6,148.0,20.0,33.0,9.0,3.2
SITE078,10,23.9,3.9,13.9,16.9,100.0,20.0,35.0,8.8,3.2
SITE078,11,16.9,-0.7,8.1,57.9,56.0,17.6,42.0,8.3,3.2
SITE078,12,11.9,-4.1,3.9,82.1,40.0,16.0,46.0,8.0,3.2
SITE079,1,7.8,-11.5,-1.8,16.6,35.0,19.3,56.0,6.0,2.7
SITE079,2,9.5,-10.0,-0.2,15.1,45.0,19.5,56.0,6.0,2.7
SITE079,3,13.7,-5.4,4.1,18.1,80.0,19.1,56.0,6.0,2.7
SITE079,4,19.3,1.0,10.1,24.2,119.0,18.3,58.0,5.9,2.7
SITE079,5,24.8,7.4,16.1,30.2,165.0,17.5,59.0,5.8,2.7
SITE079,6,28.7,12.3,20.5,37.8,182.0,16.4,61.0,5.6,2.7
SITE079,7,30.1,14.1,22.1,40.8,189.0,16.0,61.0,5.6,2.7
SITE079,8,28.8,12.2,20.5,36.3,169.0,16.6,60.0,5.7,2.7
SITE079,9,24.8,7.4,16.1,30.2,124.0,17.5,59.0,5.8,2.7
SITE079,10,19.3,1.0,10.1,24.2,84.0,18.3,58.0,5.9,2.7
SITE079,11,13.6,-5.3,4.1,19.7,49.0,18.9,57.0,6.0,2.7
SITE079,12,9.4,-9.9,-0.2,16.6,35.0,19.3,56.0,6.0,2.7
SITE080,1,6.3,-13.0,-3.3,10.6,31.0,19.3,56.0,6.0,2.7
SITE080,2,8.1,-11.4,-1.6,9.7,41.0,19.5,56.0,6.0,2.7
SITE080,3,12.5,-6.6,2.9,11.6,76.0,19.1,56.0,6.0,2.7
SITE080,4,18.3,0.1,9.2,15.5,115.0,18.3,58.0,5.9,2.7
SITE080,5,24.2,6.7,15.5,19.3,161.0,17.5,59.0,5.8,2.7
SITE080,6,28.3,11.8,20.1,24.1,180.0,16.4,61.0,5.6,2.7
SITE080,7,29.7,13.7,21.7,26.1,188.0,16.0,61.0,5.6,2.7
SITE080,8,28.4,11.7,20.1,23.2,167.0,16.6,60.0,5.7,2.7
SITE080,9,24.2,6.7,15.5,19.3,122.0,17.5,59.0,5.8,2.7
SITE080,10,18.3,0.1,9.2,15.5,81.0,18.3,58.0,5.9,2.7
SITE080,11,12.4,-6.5,2.9,12.6,46.0,18.9,57.0,6.0,2.7
SITE080,12,8.0,-11.3,-1.6,10.6,32.0,19.3,56.0,6.0,2.7
SITE081,1,6.4,-12.9,-3.2,20.2,32.0,19.3,56.0,6.0,2.7
SITE081,2,8.2,-11.3,-1.6,18.4,42.0,19.5,56.0,6.0,2.7
SITE081,3,12.6,-6.5,3.0,22.1,76.0,19.1,56.0,6.0,2.7
SITE081,4,18.4,0.1,9.3,29.4,116.0,18.3,58.0,5.9,2.7
SITE081,5,24.2,6.8,15.5,36.8,162.0,17.5,59.0,5.8,2.7
SITE081,6,28.3,11.9,20.1,46.0,180.0,16.4,61.0,5.6,2.7
SITE081,7,29.7,13.7,21.7,49.7,188.0,16.0,61.0,5.6,2.7
SITE081,8,28.4,11.8,20.1,44.1,167.0,16.6,60.0,5.7,2.7
SITE081,9,24.2,6.8,15.5,36.8,122.0,17.5,59.0,5.8,2.7
SITE081,10,18.4,0.1,9.3,29.4,81.0,18.3,58.0,5.9,2.7
SITE081,11,12.5,-6.4,3.0,23.9,46.0,18.9,57.0,6.0,2.7
SITE081,12,8.1,-11.2,-1.6,20.2,32.0,19.3,56.0,6.0,2.7
SITE082,1,12.0,-5.8,3.1,41.9,45.0,17.8,41.0,8.3,3.2
SITE082,2,13.5,-4.4,4.6,40.1,56.0,18.0,41.0,8.3,3.2
SITE082,3,16.9,0.1,8.5,52.8,91.0,16.8,44.0,8.1,3.2
SITE082,4,22.7,5.0,13.8,43.7,133.0,17.6,42.0,8.3,3.2
SITE082,5,29.1,9.3,19.2,20.0,191.0,19.8,36.0,8.7,3.2
SITE082,6,33.1,13.1,23.1,3.6,215.0,20.0,33.0,8.9,3.2
SITE082,7,34.6,14.6,24.6,0.9,225.0,20.0,32.0,9.0,3.2
SITE082,8,33.1,13.1,23.1,0.9,199.0,20.0,32.0,9.0,3.2
SITE082,9,29.2,9.2,19.2,2.7,146.0,20.0,33.0,9.0,3.2
SITE082,10,23.8,3.8,13.8,12.7,101.0,20.0,35.0,8.8,3.2
SITE082,11,17.3,-0.3,8.5,43.7,58.0,17.6,42.0,8.3,3.2
SITE082,12,12.6,-3.4,4.6,61.9,42.0,16.0,46.0,8.0,3.2
SITE083,1,10.0,-7.8,1.1,28.6,41.0,17.8,41.0,8.3,3.2
SITE083,2,11.6,-6.3,2.7,27.4,51.0,18.0,41.0,8.3,3.2
SITE083,3,15.2,-1.6,6.8,36.1,85.0,16.8,44.0,8.1,3.2
SITE083,4,21.3,3.6,12.5,29.8,128.0,17.6,42.0,8.3,3.2
SITE083,5,28.0,8.2,18.1,13.7,186.0,19.8,36.0,8.7,3.2
SITE083,6,32.3,12.3,22.3,2.5,210.0,20.0,33.0,8.9,3.2
SITE083,7,33.8,13.8,23.8,0.6,221.0,20.0,32.0,9.0,3.2
SITE083,8,32.3,12.3,22.3,0.6,194.0,20.0,32.0,9.0,3.2
SITE083,9,28.1,8.1,18.1,1.9,142.0,20.0,33.0,9.0,3.2
SITE083,10,22.5,2.5,12.5,8.7,97.0,20.0,35.0,8.8,3.2
SITE083,11,15.6,-2.0,6.8,29.8,54.0,17.6,42.0,8.3,3.2
SITE083,12,10.7,-5.3,2.7,42.3,38.0,16.0,46.0,8.0,3.2
SITE084,1,9.6,-8.3,0.7,54.8,40.0,17.8,41.0,8.3,3.2
SITE084,2,11.2,-6.8,2.2,52.4,50.0,18.0,41.0,8.3,3.2
SITE084,3,14.8,-2.1,6.4,69.0,84.0,16.8,44.0,8.1,3.2
SITE084,4,20.9,3.2,12.1,57.1,126.0,17.6,42.0,8.3,3.2
SITE084,5,27.6,7.9,17.8,26.2,184.0,19.8,36.0,8.7,3.2
SITE084,6,31.9,11.9,21.9,4.8,208.0,20.0,33.0,8.9,3.2
SITE084,7,33.5,13.5,23.5,1.2,219.0,20.0,32.0,9.0,3.2
SITE084,8,31.9,11.9,21.9,1.2,193.0,20.0,32.0,9.0,3.2
SITE084,9,27.8,7.8,17.8,3.6,141.0,20.0,33.0,9.0,3.2
SITE084,10,22.1,2.1,12.1,16.7,96.0,20.0,35.0,8.8,3.2
SITE084,11,15.2,-2.5,6.4,57.1,54.0,17.6,42.0,8.3,3.2
SITE084,12,10.2,-5.8,2.2,81.0,38.0,16.0,46.0,8.0,3.2
SITE085,1,14.3,-3.5,5.4,29.6,50.0,17.8,41.0,8.3,3.2
SITE085,2,15.8,-2.1,6.8,28.3,62.0,17.9,41.0,8.3,3.2
SITE085,3,19.1,2.4,10.8,37.4,99.0,16.8,44.0,8.1,3.2
SITE085,4,24.9,7.3,16.1,30.9,143.0,17.6,42.0,8.3,3.2
SITE085,5,31.3,11.6,21.4,14.2,203.0,19.7,36.0,8.7,3.2
SITE085,6,35.4,15.4,25.4,2.6,226.0,20.0,33.0,8.9,3.2
SITE085,7,36.8,16.8,26.8,0.6,237.0,20.0,32.0,9.0,3.2
SITE085,8,35.4,15.4,25.4,0.6,210.0,20.0,32.0,9.0,3.2
SITE085,9,31.4,11.4,21.4,1.9,156.0,20.0,33.0,9.0,3.2
SITE085,10,26.1,6.1,16.1,9.0,109.0,20.0,35.0,8.8,3.2
SITE085,11,19.6,2.0,10.8,30.9,64.0,17.6,42.0,8.3,3.2
SITE085,12,14.8,-1.1,6.8,43.8,47.0,16.0,46.0,8.0,3.2
SITE086,1,13.0,-4.8,4.1,23.3,47.0,17.8,41.0,8.3,3.2
SITE086,2,14.6,-3.4,5.6,22.3,59.0,18.0,41.0,8.3,3.2
SITE086,3,18.1,1.3,9.7,29.4,95.0,16.8,44.0,8.1,3.2
SITE086,4,24.2,6.5,15.3,24.3,140.0,17.6,42.0,8.3,3.2
SITE086,5,30.8,11.0,20.9,11.2,200.0,19.8,36.0,8.7,3.2
SITE086,6,35.0,15.0,25.0,2.0,225.0,20.0,33.0,8.9,3.2
SITE086,7,36.5,16.5,26.5,0.5,235.0,20.0,32.0,9.0,3.2
SITE086,8,35.0,15.0,25.0,0.5,208.0,20.0,32.0,9.0,3.2
SITE086,9,30.9,10.9,20.9,1.5,153.0,20.0,33.0,9.0,3.2
SITE086,10,25.3,5.3,15.3,7.1,106.0,20.0,35.0,8.8,3.2
SITE086,11,18.5,0.9,9.7,24.3,61.0,17.6,42.0,8.3,3.2
SITE086,12,13.6,-2.4,5.6,34.5,44.0,16.0,46.0,8.0,3.2
SITE087,1,12.5,-5.3,3.6,38.3,46.0,17.8,41.0,8.3,3.2
SITE087,2,14.1,-3.8,5.1,36.6,58.0,18.0,41.0,8.3,3.2
SITE087,3,17.7,0.9,9.3,48.3,94.0,16.8,44.0,8.1,3.2
SITE087,4,23.7,6.1,14.9,39.9,138.0,17.6,42.0,8.3,3.2
SITE087,5,30.5,10.7,20.6,18.3,198.0,19.8,36.0,8.7,3.2
SITE087,6,34.7,14.7,24.7,3.3,223.0,20.0,33.0,8.9,3.2
SITE087,7,36.2,16.2,26.2,0.8,234.0,20.0,32.0,9.0,3.2
SITE087,8,34.7,14.7,24.7,0.8,207.0,20.0,32.0,9.0,3.2
SITE087,9,30.6,10.6,20.6,2.5,152.0,20.0,33.0,9.0,3.2
SITE087,10,24.9,4.9,14.9,11.6,105.0,20.0,35.0,8.8,3.2
SITE087,11,18.1,0.5,9.3,39.9,60.0,17.6,42.0,8.3,3.2
SITE087,12,13.1,-2.9,5.1,56.6,43.0,16.0,46.0,8.0,3.2
SITE088,1,11.1,-6.8,2.1,20.4,42.0,17.8,41.0,8.3,3.2
SITE088,2,12.7,-5.3,3.7,19.5,53.0,18.0,41.0,8.3,3.2
SITE088,3,16.5,-0.3,8.1,25.7,89.0,16.8,44.0,8.1,3.2
SITE088,4,22.8,5.2,14.0,21.2,134.0,17.6,42.0,8.3,3.2
SITE088,5,29.8,10.0,19.9,9.7,195.0,19.8,36.0,8.7,3.2
SITE088,6,34.3,14.3,24.3,1.8,221.0,20.0,33.0,8.9,3.2
SITE088,7,35.8,15.8,25.8,0.4,232.0,20.0,32.0,9.0,3.2
SITE088,8,34.3,14.3,24.3,0.4,204.0,20.0,32.0,9.0,3.2
SITE088,9,29.9,9.9,19.9,1.3,148.0,20.0,33.0,9.0,3.2
SITE088,10,24.0,4.0,14.0,6.2,101.0,20.0,35.0,8.8,3.2
SITE088,11,16.9,-0.8,8.1,21.2,56.0,17.6,42.0,8.3,3.2
SITE088,12,11.7,-4.3,3.7,30.1,39.0,16.0,46.0,8.0,3.2
SITE089,1,9.0,-8.8,0.1,12.6,38.0,17.8,41.0,8.3,3.2
SITE089,2,10.7,-7.2,1.7,12.1,48.0,18.0,41.0,8.3,3.2
SITE089,3,14.7,-2.1,6.3,15.9,83.0,16.8,44.0,8.1,3.2
SITE089,4,21.4,3.7,12.6,13.2,128.0,17.6,42.0,8.3,3.2
SITE089,5,28.7,8.9,18.8,6.0,189.0,19.8,36.0,8.7,3.2
SITE089,6,33.4,13.4,23.4,1.1,216.0,20.0,33.0,8.9,3.2
SITE089,7,35.0,15.0,25.0,0.3,228.0,20.0,32.0,9.0,3.2
SITE089,8,33.4,13.4,23.4,0.3,199.0,20.0,32.0,9.0,3.2
SITE089,9,28.8,8.8,18.8,0.8,144.0,20.0,33.0,9.0,3.2
SITE089,10,22.6,2.6,12.6,3.8,96.0,20.0,35.0,8.8,3.2
SITE089,11,15.1,-2.5,6.3,13.2,52.0,17.6,42.0,8.3,3.2
SITE089,12,9.7,-6.3,1.7,18.7,36.0,16.0,46.0,8.0,3.2
SITE090,1,8.6,-9.2,-0.3,27.6,37.0,17.8,41.0,8.3,3.2
SITE090,2,10.3,-7.6,1.4,26.4,47.0,18.0,41.0,8.3,3.2
SITE090,3,14.4,-2.5,5.9,34.8,82.0,16.8,44.0,8.1,3.2
SITE090,4,21.0,3.4,12.2,28.8,126.0,17.6,42.0,8.3,3.2
SITE090,5,28.4,8.6,18.5,13.2,187.0,19.8,36.0,8.7,3.2
SITE090,6,33.1,13.1,23.1,2.4,214.0,20.0,33.0,8.9,3.2
SITE090,7,34.7,14.7,24.7,0.6,226.0,20.0,32.0,9.0,3.2
SITE090,8,33.1,13.1,23.1,0.6,198.0,20.0,32.0,9.0,3.2
SITE090,9,28.5,8.5,18.5,1.8,142.0,20.0,33.0,9.0,3.2
SITE090,10,22.2,2.2,12.2,8.4,95.0,20.0,35.0,8.8,3.2
SITE090,11,14.8,-2.9,5.9,28.8,51.0,17.6,42.0,8.3,3.2
SITE090,12,9.4,-6.6,1.4,40.8,35.0,16.0,46.0,8.0,3.2
SITE091,1,12.6,-5.2,3.7,21.6,51.0,17.8,41.0,8.3,3.2
SITE091,2,14.2,-3.7,5.3,20.7,62.0,18.0,41.0,8.3,3.2
SITE091,3,18.0,1.2,9.6,27.3,99.0,16.8,44.0,8.1,3.2
SITE091,4,24.4,6.8,15.6,22.6,143.0,17.6,42.0,8.3,3.2
SITE091,5,31.4,11.7,21.5,10.4,204.0,19.8,36.0,8.7,3.2
SITE091,6,35.9,15.9,25.9,1.9,228.0,20.0,33.0,8.9,3.2
SITE091,7,37.5,17.5,27.5,0.5,240.0,20.0,32.0,9.0,3.2
SITE091,8,35.9,15.9,25.9,0.5,214.0,20.0,32.0,9.0,3.2
SITE091,9,31.5,11.5,21.5,1.4,161.0,20.0,33.0,9.0,3.2
SITE091,10,25.6,5.6,15.6,6.6,113.0,20.0,35.0,8.8,3.2
SITE091,11,18.4,0.8,9.6,22.6,66.0,17.6,42.0,8.3,3.2
SITE091,12,13.3,-2.7,5.3,32.0,48.0,16.0,46.0,8.0,3.2
SITE092,1,10.5,-7.3,1.6,14.6,46.0,17.8,41.0,8.3,3.2
SITE092,2,12.2,-5.7,3.3,13.9,57.0,18.0,41.0,8.3,3.2
SITE092,3,16.3,-0.6,7.8,18.4,93.0,16.8,44.0,8.1,3.2
SITE092,4,22.9,5.3,14.1,15.2,137.0,17.6,42.0,8.3,3.2
SITE092,5,30.3,10.5,20.4,7.0,198.0,19.8,36.0,8.7,3.2
SITE092,6,35.0,15.0,25.0,1.3,223.0,20.0,33.0,8.9,3.2
SITE092,7,36.6,16.6,26.6,0.3,235.0,20.0,32.0,9.0,3.2
SITE092,8,35.0,15.0,25.0,0.3,210.0,20.0,32.0,9.0,3.2
SITE092,9,30.4,10.4,20.4,0.9,156.0,20.0,33.0,9.0,3.2
SITE092,10,24.1,4.1,14.1,4.4,109.0,20.0,35.0,8.8,3.2
SITE092,11,16.7,-1.0,7.8,15.2,62.0,17.6,42.0,8.3,3.2
SITE092,12,11.3,-4.7,3.3,21.5,44.0,16.0,46.0,8.0,3.2
SITE093,1,11.7,-6.1,2.8,26.5,49.0,17.8,41.0,8.3,3.2
SITE093,2,13.4,-4.6,4.4,25.4,60.0,18.0,41.0,8.3,3.2
SITE093,3,17.4,0.6,9.0,33.5,97.0,16.8,44.0,8.1,3.2
SITE093,4,24.0,6.4,15.2,27.7,142.0,17.6,42.0,8.3,3.2
SITE093,5,31.3,11.5,21.4,12.7,203.0,19.8,36.0,8.7,3.2
SITE093,6,36.0,16.0,26.0,2.3,229.0,20.0,33.0,8.9,3.2
SITE093,7,37.7,17.7,27.7,0.6,241.0,20.0,32.0,9.0,3.2
SITE093,8,36.0,16.0,26.0,0.6,215.0,20.0,32.0,9.0,3.2
SITE093,9,31.4,11.4,21.4,1.7,160.0,20.0,33.0,9.0,3.2
SITE093,10,25.2,5.2,15.2,8.1,112.0,20.0,35.0,8.8,3.2
SITE093,11,17.8,0.2,9.0,27.7,65.0,17.6,42.0,8.3,3.2
SITE093,12,12.4,-3.6,4.4,39.2,47.0,16.0,46.0,8.0,3.2
SITE094,1,10.9,-7.0,2.0,35.3,40.0,17.8,41.0,8.3,3.2
SITE094,2,12.5,-5.5,3.5,33.8,51.0,18.0,41.0,8.3,3.2
SITE094,3,16.1,-0.8,7.7,44.5,86.0,16.8,44.0,8.1,3.2
SITE094,4,22.2,4.5,13.4,36.8,130.0,17.6,42.0,8.3,3.2
SITE094,5,28.9,9.2,19.1,16.9,190.0,19.8,36.0,8.7,3.2
SITE094,6,33.2,13.2,23.2,3.1,216.0,20.0,33.0,8.9,3.2
SITE094,7,34.8,14.8,24.8,0.8,226.0,20.0,32.0,9.0,3.2
SITE094,8,33.2,13.2,23.2,0.8,198.0,20.0,32.0,9.0,3.2
SITE094,9,29.1,9.1,19.1,2.3,143.0,20.0,33.0,9.0,3.2
SITE094,10,23.4,3.4,13.4,10.7,96.0,20.0,35.0,8.8,3.2
SITE094,11,16.5,-1.2,7.7,36.8,53.0,17.6,42.0,8.3,3.2
SITE094,12,11.5,-4.5,3.5,52.2,37.0,16.0,46.0,8.0,3.2
SITE095,1,8.9,-8.9,-0.0,25.3,36.0,17.8,41.0,8.3,3.2
SITE095,2,10.6,-7.4,1.6,24.2,47.0,18.0,41.0,8.3,3.2
SITE095,3,14.4,-2.4,6.0,31.8,81.0,16.8,44.0,8.1,3.2
SITE095,4,20.8,3.2,12.0,26.4,125.0,17.6,42.0,8.3,3.2
SITE095,5,27.9,8.1,18.0,12.1,185.0,19.8,36.0,8.7,3.2
SITE095,6,32.4,12.4,22.4,2.2,211.0,20.0,33.0,8.9,3.2
SITE095,7,34.1,14.1,24.1,0.5,222.0,20.0,32.0,9.0,3.2
SITE095,8,32.4,12.4,22.4,0.5,194.0,20.0,32.0,9.0,3.2
SITE095,9,28.0,8.0,18.0,1.6,140.0,20.0,33.0,9.0,3.2
SITE095,10,22.0,2.0,12.0,7.7,93.0,20.0,35.0,8.8,3.2
SITE095,11,14.8,-2.8,6.0,26.4,50.0,17.6,42.0,8.3,3.2
SITE095,12,9.6,-6.4,1.6,37.3,34.0,16.0,46.0,8.0,3.2
SITE096,1,9.5,-8.3,0.6,45.5,37.0,17.8,41.0,8.3,3.2
SITE096,2,11.2,-6.8,2.2,43.5,48.0,18.0,41.0,8.3,3.2
SITE096,3,15.0,-1.9,6.5,57.4,82.0,16.8,44.0,8.1,3.2
SITE096,4,21.4,3.7,12.5,47.5,126.0,17.6,42.0,8.3,3.2
SITE096,5,28.4,8.6,18.5,21.8,187.0,19.8,36.0,8.7,3.2
SITE096,6,32.9,12.9,22.9,4.0,214.0,20.0,33.0,8.9,3.2
SITE096,7,34.5,14.5,24.5,1.0,225.0,20.0,32.0,9.0,3.2
SITE096,8,32.9,12.9,22.9,1.0,196.0,20.0,32.0,9.0,3.2
SITE096,9,28.5,8.5,18.5,3.0,141.0,20.0,33.0,9.0,3.2
SITE096,10,22.5,2.5,12.5,13.8,93.0,20.0,35.0,8.8,3.2
SITE096,11,15.4,-2.3,6.5,47.5,51.0,17.6,42.0,8.3,3.2
SITE096,12,10.2,-5.8,2.2,67.2,35.0,16.0,46.0,8.0,3.2
SITE097,1,10.8,-4.6,3.1,104.5,50.0,15.3,67.0,6.0,2.5
SITE097,2,12.3,-3.4,4.5,97.8,59.0,15.7,66.0,6.0,2.5
SITE097,3,16.3,0.1,8.2,87.6,95.0,16.2,65.0,6.1,2.5
SITE097,4,22.1,4.3,13.2,57.3,135.0,17.8,62.0,6.4,2.5
SITE097,5,27.8,8.8,18.3,33.7,183.0,19.0,60.0,6.5,2.5
SITE097,6,32.0,12.0,22.0,10.1,206.0,20.0,57.0,6.7,2.5
SITE097,7,33.4,13.4,23.4,3.4,217.0,20.0,56.0,6.8,2.5
SITE097,8,32.0,12.0,22.0,6.7,197.0,20.0,57.0,6.7,2.5
SITE097,9,27.9,8.7,18.3,30.3,148.0,19.1,59.0,6.6,2.5
SITE097,10,21.8,4.6,13.2,67.4,102.0,17.2,63.0,6.3,2.5
SITE097,11,16.1,0.2,8.2,94.4,64.0,15.8,66.0,6.1,2.5
SITE097,12,12.3,-3.4,4.5,97.8,50.0,15.7,66.0,6.0,2.5
SITE098,1,8.8,-7.2,0.8,73.0,45.0,16.0,67.0,6.0,2.5
SITE098,2,10.5,-5.9,2.3,68.3,54.0,16.4,66.0,6.0,2.5
SITE098,3,14.7,-2.2,6.2,61.3,90.0,16.9,65.0,6.1,2.5
SITE098,4,20.9,2.4,11.6,40.1,131.0,18.5,62.0,6.4,2.5
SITE098,5,26.9,7.1,17.0,23.6,180.0,19.8,60.0,6.5,2.5
SITE098,6,31.0,11.0,21.0,7.1,201.0,20.0,57.0,6.7,2.5
SITE098,7,32.4,12.4,22.4,2.4,212.0,20.0,56.0,6.8,2.5
SITE098,8,31.0,11.0,21.0,4.7,191.0,20.0,57.0,6.7,2.5
SITE098,9,27.0,7.0,17.0,21.2,145.0,20.0,59.0,6.6,2.5
SITE098,10,20.6,2.6,11.6,47.1,99.0,18.0,63.0,6.3,2.5
SITE098,11,14.5,-2.0,6.2,66.0,60.0,16.5,66.0,6.1,2.5
SITE098,12,10.5,-5.9,2.3,68.3,46.0,16.4,66.0,6.0,2.5
SITE099,1,9.8,-6.2,1.8,137.5,47.0,16.0,67.0,6.0,2.5
SITE099,2,11.4,-4.9,3.2,128.6,56.0,16.3,66.0,6.0,2.5
SITE099,3,15.6,-1.3,7.2,115.3,93.0,16.9,65.0,6.1,2.5
SITE099,4,21.7,3.3,12.5,75.4,135.0,18.5,62.0,6.4,2.5
SITE099,5,27.7,8.0,17.8,44.3,184.0,19.7,60.0,6.5,2.5
SITE099,6,31.8,11.8,21.8,13.3,205.0,20.0,57.0,6.7,2.5
SITE099,7,33.2,13.2,23.2,4.4,216.0,20.0,56.0,6.8,2.5
SITE099,8,31.8,11.8,21.8,8.9,195.0,20.0,57.0,6.7,2.5
SITE099,9,27.8,7.9,17.8,39.9,148.0,19.9,59.0,6.6,2.5
SITE099,10,21.5,3.5,12.5,88.7,101.0,17.9,63.0,6.3,2.5
SITE099,11,15.4,-1.1,7.2,124.2,62.0,16.5,66.0,6.1,2.5
SITE099,12,11.4,-4.9,3.2,128.6,48.0,16.3,66.0,6.0,2.5
SITE100,1,15.1,0.3,7.7,70.0,54.0,14.7,67.0,6.0,2.5
SITE100,2,16.5,1.4,9.0,65.5,65.0,15.1,66.0,6.0,2.5
SITE100,3,20.3,4.7,12.5,58.7,105.0,15.6,65.0,6.1,2.5
SITE100,4,25.8,8.8,17.3,38.4,148.0,17.1,62.0,6.4,2.5
SITE100,5,31.2,13.0,22.1,22.6,198.0,18.2,60.0,6.5,2.5
SITE100,6,35.3,15.9,25.6,6.8,223.0,19.4,57.0,6.7,2.5
SITE100,7,36.8,17.0,26.9,2.3,235.0,19.7,56.0,6.8,2.5
SITE100,8,35.4,15.8,25.6,4.5,210.0,19.6,57.0,6.7,2.5
SITE100,9,31.3,12.9,22.1,20.3,155.0,18.4,59.0,6.6,2.5
SITE100,10,25.6,9.0,17.3,45.2,107.0,16.6,63.0,6.3,2.5
SITE100,11,20.1,4.9,12.5,63.2,67.0,15.2,66.0,6.1,2.5
SITE100,12,16.5,1.4,9.0,65.5,53.0,15.1,66.0,6.0,2.5
SITE101,1,13.2,-2.3,5.4,50.7,51.0,15.5,67.0,6.0,2.5
SITE101,2,14.7,-1.1,6.8,47.4,61.0,15.8,66.0,6.0,2.5
SITE101,3,18.8,2.4,10.6,42.5,100.0,16.4,65.0,6.1,2.5
SITE101,4,24.7,6.7,15.7,27.8,145.0,17.9,62.0,6.4,2.5
SITE101,5,30.4,11.3,20.8,16.3,197.0,19.2,60.0,6.5,2.5
SITE101,6,34.6,14.6,24.6,4.9,222.0,20.0,57.0,6.7,2.5
SITE101,7,36.0,16.0,26.0,1.6,232.0,20.0,56.0,6.8,2.5
SITE101,8,34.6,14.6,24.6,3.3,208.0,20.0,57.0,6.7,2.5
SITE101,9,30.5,11.2,20.8,14.7,154.0,19.3,59.0,6.6,2.5
SITE101,10,24.4,7.0,15.7,32.7,105.0,17.4,63.0,6.3,2.5
SITE101,11,18.6,2.6,10.6,45.8,64.0,16.0,66.0,6.1,2.5
SITE101,12,14.7,-1.1,6.8,47.4,50.0,15.8,66.0,6.0,2.5
SITE102,1,13.9,-1.5,6.2,91.8,52.0,15.4,67.0,6.0,2.5
SITE102,2,15.4,-0.3,7.6,85.9,63.0,15.7,66.0,6.0,2.5
SITE102,3,19.4,3.2,11.3,77.0,102.0,16.2,65.0,6.1,2.5
SITE102,4,25.3,7.5,16.4,50.3,147.0,17.8,62.0,6.4,2.5
SITE102,5,31.0,11.9,21.5,29.6,199.0,19.0,60.0,6.5,2.5
SITE102,6,35.2,15.2,25.2,8.9,225.0,20.0,57.0,6.7,2.5
SITE102,7,36.5,16.5,26.5,3.0,235.0,20.0,56.0,6.8,2.5
SITE102,8,35.2,15.2,25.2,5.9,210.0,20.0,57.0,6.7,2.5
SITE102,9,31.0,11.9,21.5,26.6,156.0,19.2,59.0,6.6,2.5
SITE102,10,25.0,7.7,16.4,59.2,106.0,17.3,63.0,6.3,2.5
SITE102,11,19.2,3.3,11.3,82.9,65.0,15.9,66.0,6.1,2.5
SITE102,12,15.4,-0.3,7.6,85.9,51.0,15.7,66.0,6.0,2.5
SITE103,1,20.9,9.7,15.3,73.8,54.0,11.2,60.0,6.5,2.5
SITE103,2,21.6,10.3,16.0,69.2,65.0,11.4,60.0,6.5,2.5
SITE103,3,23.3,12.4,17.8,87.6,98.0,10.9,61.0,6.4,2.5
SITE103,4,25.6,15.1,20.4,101.4,124.0,10.6,62.0,6.3,2.5
SITE103,5,28.0,17.8,22.9,115.3,151.0,10.2,63.0,6.3,2.5
SITE103,6,29.7,19.8,24.7,129.1,157.0,9.9,64.0,6.2,2.5
SITE103,7,30.2,20.6,25.4,138.3,159.0,9.7,64.0,6.2,2.5
SITE103,8,29.7,19.7,24.7,124.5,145.0,10.0,64.0,6.2,2.5
SITE103,9,28.1,17.7,22.9,106.1,115.0,10.4,62.0,6.3,2.5
SITE103,10,25.8,14.9,20.4,87.6,88.0,10.9,61.0,6.4,2.5
SITE103,11,23.4,12.3,17.8,78.4,60.0,11.1,61.0,6.4,2.5
SITE103,12,21.6,10.3,16.0,73.8,51.0,11.2,60.0,6.5,2.5
SITE104,1,19.9,7.9,13.9,52.7,54.0,12.0,60.0,6.5,2.5
SITE104,2,20.7,8.6,14.7,49.4,65.0,12.1,60.0,6.5,2.5
SITE104,3,22.5,10.9,16.7,62.6,98.0,11.6,61.0,6.4,2.5
SITE104,4,25.2,13.9,19.5,72.5,125.0,11.3,62.0,6.3,2.5
SITE104,5,27.8,16.9,22.3,82.4,154.0,10.9,63.0,6.3,2.5
SITE104,6,29.7,19.1,24.4,92.3,161.0,10.5,64.0,6.2,2.5
SITE104,7,30.3,20.0,25.2,98.9,164.0,10.3,64.0,6.2,2.5
SITE104,8,29.7,19.1,24.4,89.0,149.0,10.7,64.0,6.2,2.5
SITE104,9,27.9,16.8,22.3,75.8,117.0,11.1,62.0,6.3,2.5
SITE104,10,25.3,13.7,19.5,62.6,89.0,11.6,61.0,6.4,2.5
SITE104,11,22.6,10.8,16.7,56.0,61.0,11.9,61.0,6.4,2.5
SITE104,12,20.6,8.7,14.7,52.7,51.0,12.0,60.0,6.5,2.5
SITE105,1,19.1,7.1,13.1,97.3,52.0,12.1,60.0,6.5,2.5
SITE105,2,20.0,7.8,13.9,91.2,63.0,12.2,60.0,6.5,2.5
SITE105,3,21.8,10.1,16.0,115.6,96.0,11.7,61.0,6.4,2.5
SITE105,4,24.5,13.1,18.8,133.8,123.0,11.3,62.0,6.3,2.5
SITE105,5,27.2,16.2,21.7,152.0,152.0,11.0,63.0,6.3,2.5
SITE105,6,29.1,18.4,23.8,170.3,159.0,10.6,64.0,6.2,2.5
SITE105,7,29.7,19.3,24.5,182.5,162.0,10.4,64.0,6.2,2.5
SITE105,8,29.1,18.4,23.8,164.2,147.0,10.7,64.0,6.2,2.5
SITE105,9,27.3,16.1,21.7,139.9,115.0,11.2,62.0,6.3,2.5
SITE105,10,24.7,13.0,18.8,115.6,87.0,11.7,61.0,6.4,2.5
SITE105,11,21.9,10.0,16.0,103.4,59.0,11.9,61.0,6.4,2.5
SITE105,12,19.9,7.8,13.9,97.3,49.0,12.1,60.0,6.5,2.5
SITE106,1,25.5,10.9,18.2,79.4,80.0,14.6,41.0,8.3,3.2
SITE106,2,26.7,11.9,19.3,75.9,92.0,14.7,41.0,8.3,3.2
SITE106,3,29.2,15.4,22.3,100.1,133.0,13.8,44.0,8.1,3.2
SITE106,4,33.6,19.1,26.3,82.8,173.0,14.5,42.0,8.3,3.2
SITE106,5,38.5,22.3,30.4,38.0,226.0,16.2,36.0,8.7,3.2
SITE106,6,42.1,24.7,33.4,6.9,249.0,17.4,33.0,8.9,3.2
SITE106,7,43.3,25.7,34.5,1.7,259.0,17.6,32.0,9.0,3.2
SITE106,8,42.2,24.6,33.4,1.7,237.0,17.6,32.0,9.0,3.2
SITE106,9,39.2,21.7,30.4,5.2,186.0,17.5,33.0,9.0,3.2
SITE106,10,34.7,18.0,26.3,24.2,140.0,16.7,35.0,8.8,3.2
SITE106,11,29.5,15.0,22.3,82.8,91.0,14.5,42.0,8.3,3.2
SITE106,12,25.8,12.7,19.3,117.3,73.0,13.1,46.0,8.0,3.2
SITE107,1,23.8,8.5,16.1,58.2,78.0,15.3,41.0,8.3,3.2
SITE107,2,25.0,9.6,17.3,55.7,90.0,15.5,41.0,8.3,3.2
SITE107,3,27.7,13.2,20.5,73.4,131.0,14.5,44.0,8.1,3.2
SITE107,4,32.5,17.3,24.9,60.8,171.0,15.2,42.0,8.3,3.2
SITE107,5,37.7,20.7,29.2,27.9,226.0,17.0,36.0,8.7,3.2
SITE107,6,41.6,23.3,32.4,5.1,250.0,18.3,33.0,8.9,3.2
SITE107,7,42.9,24.3,33.6,1.3,262.0,18.5,32.0,9.0,3.2
SITE107,8,41.7,23.2,32.4,1.3,238.0,18.5,32.0,9.0,3.2
SITE107,9,38.4,20.0,29.2,3.8,186.0,18.4,33.0,9.0,3.2
SITE107,10,33.7,16.1,24.9,17.7,139.0,17.6,35.0,8.8,3.2
SITE107,11,28.1,12.9,20.5,60.8,89.0,15.2,42.0,8.3,3.2
SITE107,12,24.2,10.4,17.3,86.1,71.0,13.8,46.0,8.0,3.2
SITE108,1,24.9,9.7,17.3,105.5,81.0,15.2,41.0,8.3,3.2
SITE108,2,26.1,10.8,18.5,100.9,93.0,15.3,41.0,8.3,3.2
SITE108,3,28.8,14.4,21.6,133.1,134.0,14.4,44.0,8.1,3.2
SITE108,4,33.5,18.4,25.9,110.1,175.0,15.1,42.0,8.3,3.2
SITE108,5,38.7,21.8,30.2,50.5,230.0,16.9,36.0,8.7,3.2
SITE108,6,42.5,24.3,33.4,9.2,254.0,18.1,33.0,8.9,3.2
SITE108,7,43.7,25.4,34.6,2.3,265.0,18.4,32.0,9.0,3.2
SITE108,8,42.6,24.2,33.4,2.3,242.0,18.4,32.0,9.0,3.2
SITE108,9,39.3,21.1,30.2,6.9,190.0,18.2,33.0,9.0,3.2
SITE108,10,34.6,17.2,25.9,32.1,143.0,17.4,35.0,8.8,3.2
SITE108,11,29.1,14.1,21.6,110.1,92.0,15.1,42.0,8.3,3.2
SITE108,12,25.3,11.6,18.5,156.0,74.0,13.6,46.0,8.0,3.2
SITE109,1,29.9,17.3,23.6,24.5,102.0,12.6,41.0,8.3,3.2
SITE109,2,30.8,18.1,24.5,23.4,111.0,12.7,41.0,8.3,3.2
SITE109,3,32.8,20.9,26.9,30.9,148.0,11.9,44.0,8.1,3.2
SITE109,4,36.4,23.9,30.2,25.5,179.0,12.5,42.0,8.3,3.2
SITE109,5,40.4,26.4,33.4,11.7,222.0,14.0,36.0,8.7,3.2
SITE109,6,43.4,28.3,35.8,2.1,238.0,15.1,33.0,8.9,3.2
SITE109,7,44.3,29.1,36.7,0.5,248.0,15.3,32.0,9.0,3.2
SITE109,8,43.5,28.2,35.8,0.5,233.0,15.3,32.0,9.0,3.2
SITE109,9,41.0,25.9,33.4,1.6,194.0,15.1,33.0,9.0,3.2
SITE109,10,37.4,22.9,30.2,7.5,157.0,14.5,35.0,8.8,3.2
SITE109,11,33.1,20.6,26.9,25.5,110.0,12.5,42.0,8.3,3.2
SITE109,12,30.1,18.8,24.5,36.2,93.0,11.3,46.0,8.0,3.2
SITE110,1,29.0,15.6,22.3,16.2,102.0,13.3,41.0,8.3,3.2
SITE110,2,30.0,16.5,23.3,15.5,111.0,13.4,41.0,8.3,3.2
SITE110,3,32.2,19.6,25.9,20.5,149.0,12.6,44.0,8.1,3.2
SITE110,4,36.0,22.8,29.4,16.9,181.0,13.2,42.0,8.3,3.2
SITE110,5,40.4,25.6,33.0,7.8,226.0,14.8,36.0,8.7,3.2
SITE110,6,43.6,27.6,35.6,1.4,243.0,15.9,33.0,8.9,3.2
SITE110,7,44.6,28.5,36.6,0.4,254.0,16.1,32.0,9.0,3.2
SITE110,8,43.6,27.5,35.6,0.4,239.0,16.1,32.0,9.0,3.2
SITE110,9,41.0,25.0,33.0,1.1,198.0,16.0,33.0,9.0,3.2
SITE110,10,37.1,21.8,29.4,4.9,159.0,15.3,35.0,8.8,3.2
SITE110,11,32.5,19.3,25.9,16.9,111.0,13.2,42.0,8.3,3.2
SITE110,12,29.2,17.3,23.3,24.0,94.0,12.0,46.0,8.0,3.2
SITE111,1,28.3,14.9,21.6,31.4,100.0,13.4,41.0,8.3,3.2
SITE111,2,29.3,15.8,22.6,30.1,109.0,13.5,41.0,8.3,3.2
SITE111,3,31.5,18.9,25.2,39.6,147.0,12.6,44.0,8.1,3.2
SITE111,4,35.4,22.1,28.8,32.8,179.0,13.2,42.0,8.3,3.2
SITE111,5,39.8,24.9,32.4,15.0,224.0,14.9,36.0,8.7,3.2
SITE111,6,43.0,27.0,35.0,2.7,241.0,16.0,33.0,8.9,3.2
SITE111,7,44.0,27.9,35.9,0.7,252.0,16.2,32.0,9.0,3.2
SITE111,8,43.1,26.9,35.0,0.7,236.0,16.2,32.0,9.0,3.2
SITE111,9,40.4,24.3,32.4,2.1,195.0,16.0,33.0,9.0,3.2
SITE111,10,36.4,21.1,28.8,9.6,157.0,15.4,35.0,8.8,3.2
SITE111,11,31.8,18.6,25.2,32.8,109.0,13.2,42.0,8.3,3.2
SITE111,12,28.6,16.6,22.6,46.5,92.0,12.0,46.0,8.0,3.2
SITE112,1,25.5,7.0,16.3,9.8,88.0,18.5,57.0,6.7,2.5
SITE112,2,26.7,8.2,17.4,9.8,101.0,18.5,57.0,6.7,2.5
SITE112,3,29.9,11.5,20.7,16.3,149.0,18.3,58.0,6.7,2.5
SITE112,4,34.0,16.3,25.1,39.1,186.0,17.7,60.0,6.5,2.5
SITE112,5,38.0,21.1,29.6,65.1,227.0,16.9,62.0,6.3,2.5
SITE112,6,40.5,25.1,32.8,113.9,231.0,15.4,67.0,6.0,2.5
SITE112,7,41.0,27.1,34.0,162.8,228.0,13.9,72.0,5.6,2.5
SITE112,8,40.1,25.6,32.8,146.5,212.0,14.4,71.0,5.7,2.5
SITE112,9,37.4,21.7,29.6,104.2,175.0,15.7,66.0,6.0,2.5
SITE112,10,34.0,16.3,25.1,39.1,142.0,17.7,60.0,6.5,2.5
SITE112,11,29.9,11.5,20.7,13.0,101.0,18.4,57.0,6.7,2.5
SITE112,12,26.8,8.1,17.4,6.5,85.0,18.6,57.0,6.8,2.5
SITE113,1,25.1,5.8,15.5,6.9,88.0,19.3,57.0,6.7,2.5
SITE113,2,26.4,7.1,16.7,6.9,101.0,19.3,57.0,6.7,2.5
SITE113,3,29.7,10.6,20.2,11.4,150.0,19.1,58.0,6.7,2.5
SITE113,4,34.1,15.7,24.9,27.4,189.0,18.4,60.0,6.5,2.5
SITE113,5,38.4,20.8,29.6,45.7,231.0,17.6,62.0,6.3,2.5
SITE113,6,41.1,25.0,33.0,80.0,236.0,16.1,67.0,6.0,2.5
SITE113,7,41.5,27.0,34.3,114.3,234.0,14.5,72.0,5.6,2.5
SITE113,8,40.5,25.5,33.0,102.9,218.0,15.0,71.0,5.7,2.5
SITE113,9,37.8,21.4,29.6,73.2,179.0,16.4,66.0,6.0,2.5
SITE113,10,34.1,15.7,24.9,27.4,145.0,18.4,60.0,6.5,2.5
SITE113,11,29.8,10.6,20.2,9.1,102.0,19.2,57.0,6.7,2.5
SITE113,12,26.4,7.0,16.7,4.6,85.0,19.4,57.0,6.8,2.5
SITE114,1,24.8,5.5,15.2,12.6,87.0,19.4,57.0,6.7,2.5
SITE114,2,26.1,6.7,16.4,12.6,100.0,19.4,57.0,6.7,2.5
SITE114,3,29.5,10.3,19.9,21.0,149.0,19.2,58.0,6.7,2.5
SITE114,4,33.8,15.4,24.6,50.4,188.0,18.5,60.0,6.5,2.5
SITE114,5,38.2,20.5,29.3,84.0,231.0,17.6,62.0,6.3,2.5
SITE114,6,40.9,24.7,32.8,147.1,236.0,16.1,67.0,6.0,2.5
SITE114,7,41.4,26.8,34.1,210.1,234.0,14.6,72.0,5.6,2.5
SITE114,8,40.3,25.3,32.8,189.1,217.0,15.1,71.0,5.7,2.5
SITE114,9,37.5,21.1,29.3,134.5,178.0,16.4,66.0,6.0,2.5
SITE114,10,33.8,15.4,24.6,50.4,143.0,18.5,60.0,6.5,2.5
SITE114,11,29.5,10.3,19.9,16.8,101.0,19.3,57.0,6.7,2.5
SITE114,12,26.2,6.7,16.4,8.4,84.0,19.5,57.0,6.8,2.5
SITE115,1,28.1,12.4,20.3,13.8,101.0,15.7,57.0,6.7,2.5
SITE115,2,29.0,13.4,21.2,13.8,111.0,15.7,57.0,6.7,2.5
SITE115,3,31.5,16.0,23.8,22.9,155.0,15.5,58.0,6.7,2.5
SITE115,4,34.7,19.8,27.2,55.0,183.0,14.9,60.0,6.5,2.5
SITE115,5,37.9,23.6,30.7,91.7,213.0,14.3,62.0,6.3,2.5
SITE115,6,39.8,26.8,33.3,160.6,211.0,13.0,67.0,6.0,2.5
SITE115,7,40.1,28.3,34.2,229.4,209.0,11.8,72.0,5.6,2.5
SITE115,8,39.4,27.2,33.3,206.4,199.0,12.2,71.0,5.7,2.5
SITE115,9,37.4,24.1,30.7,146.8,171.0,13.3,66.0,6.0,2.5
SITE115,10,34.7,19.8,27.2,55.0,147.0,14.9,60.0,6.5,2.5
SITE115,11,31.6,16.0,23.8,18.3,111.0,15.6,57.0,6.7,2.5
SITE115,12,29.1,13.3,21.2,9.2,98.0,15.8,57.0,6.8,2.5
SITE116,1,26.3,9.7,18.0,9.8,97.0,16.6,57.0,6.7,2.5
SITE116,2,27.3,10.7,19.0,9.8,107.0,16.6,57.0,6.7,2.5
SITE116,3,30.0,13.6,21.8,16.3,152.0,16.5,58.0,6.7,2.5
SITE116,4,33.5,17.7,25.6,39.1,181.0,15.8,60.0,6.5,2.5
SITE116,5,37.0,21.8,29.4,65.2,213.0,15.1,62.0,6.3,2.5
SITE116,6,39.1,25.3,32.2,114.1,213.0,13.8,67.0,6.0,2.5
SITE116,7,39.5,27.0,33.2,163.0,211.0,12.5,72.0,5.6,2.5
SITE116,8,38.7,25.7,32.2,146.7,200.0,13.0,71.0,5.7,2.5
SITE116,9,36.5,22.4,29.4,104.3,170.0,14.1,66.0,6.0,2.5
SITE116,10,33.5,17.7,25.6,39.1,145.0,15.8,60.0,6.5,2.5
SITE116,11,30.1,13.5,21.8,13.0,108.0,16.5,57.0,6.7,2.5
SITE116,12,27.4,10.7,19.0,6.5,94.0,16.7,57.0,6.8,2.5
SITE117,1,27.1,10.6,18.9,18.0,99.0,16.5,57.0,6.7,2.5
SITE117,2,28.2,11.6,19.9,18.0,110.0,16.5,57.0,6.7,2.5
SITE117,3,30.8,14.5,22.7,30.0,155.0,16.3,58.0,6.7,2.5
SITE117,4,34.3,18.6,26.4,72.1,184.0,15.7,60.0,6.5,2.5
SITE117,5,37.7,22.7,30.2,120.2,216.0,15.0,62.0,6.3,2.5
SITE117,6,39.8,26.1,32.9,210.3,216.0,13.7,67.0,6.0,2.5
SITE117,7,40.2,27.7,34.0,300.4,214.0,12.4,72.0,5.6,2.5
SITE117,8,39.4,26.5,32.9,270.4,202.0,12.9,71.0,5.7,2.5
SITE117,9,37.2,23.2,30.2,192.3,173.0,14.0,66.0,6.0,2.5
SITE117,10,34.3,18.6,26.4,72.1,147.0,15.7,60.0,6.5,2.5
SITE117,11,30.9,14.4,22.7,24.0,110.0,16.4,57.0,6.7,2.5
SITE117,12,28.2,11.6,19.9,12.0,97.0,16.6,57.0,6.8,2.5
SITE118,1,16.5,-0.4,8.1,85.3,52.0,16.9,41.0,8.3,3.2
SITE118,2,17.9,0.9,9.4,81.6,65.0,17.0,41.0,8.3,3.2
SITE118,3,21.0,5.1,13.1,107.6,103.0,15.9,44.0,8.1,3.2
SITE118,4,26.4,9.7,18.0,89.0,146.0,16.7,42.0,8.3,3.2
SITE118,5,32.4,13.7,23.0,40.8,205.0,18.8,36.0,8.7,3.2
SITE118,6,36.7,16.7,26.7,7.4,234.0,20.0,33.0,8.9,3.2
SITE118,7,38.0,18.0,28.0,1.9,243.0,20.0,32.0,9.0,3.2
SITE118,8,36.7,16.7,26.7,1.9,215.0,20.0,32.0,9.0,3.2
SITE118,9,33.0,13.0,23.0,5.6,160.0,20.0,33.0,9.0,3.2
SITE118,10,27.7,8.4,18.0,26.0,111.0,19.4,35.0,8.8,3.2
SITE118,11,21.4,4.7,13.1,89.0,64.0,16.7,42.0,8.3,3.2
SITE118,12,17.0,1.8,9.4,126.1,48.0,15.2,46.0,8.0,3.2
SITE119,1,15.0,-2.6,6.2,60.8,50.0,17.6,41.0,8.3,3.2
SITE119,2,16.5,-1.3,7.6,58.2,62.0,17.8,41.0,8.3,3.2
SITE119,3,19.8,3.2,11.5,76.7,99.0,16.6,44.0,8.1,3.2
SITE119,4,25.5,8.0,16.8,63.5,144.0,17.5,42.0,8.3,3.2
SITE119,5,31.8,12.3,22.1,29.1,205.0,19.6,36.0,8.7,3.2
SITE119,6,35.9,15.9,25.9,5.3,230.0,20.0,33.0,8.9,3.2
SITE119,7,37.3,17.3,27.3,1.3,240.0,20.0,32.0,9.0,3.2
SITE119,8,35.9,15.9,25.9,1.3,211.0,20.0,32.0,9.0,3.2
SITE119,9,32.1,12.1,22.1,4.0,156.0,20.0,33.0,9.0,3.2
SITE119,10,26.8,6.8,16.8,18.5,108.0,20.0,35.0,8.8,3.2
SITE119,11,20.2,2.7,11.5,63.5,62.0,17.5,42.0,8.3,3.2
SITE119,12,15.5,-0.3,7.6,89.9,46.0,15.8,46.0,8.0,3.2
SITE120,1,16.1,-1.4,7.4,111.3,52.0,17.5,41.0,8.3,3.2
SITE120,2,17.6,-0.1,8.8,106.5,64.0,17.6,41.0,8.3,3.2
SITE120,3,20.9,4.3,12.6,140.4,103.0,16.5,44.0,8.1,3.2
SITE120,4,26.5,9.2,17.8,116.2,148.0,17.3,42.0,8.3,3.2
SITE120,5,32.8,13.3,23.1,53.2,209.0,19.4,36.0,8.7,3.2
SITE120,6,36.9,16.9,26.9,9.7,235.0,20.0,33.0,8.9,3.2
SITE120,7,38.3,18.3,28.3,2.4,245.0,20.0,32.0,9.0,3.2
SITE120,8,36.9,16.9,26.9,2.4,216.0,20.0,32.0,9.0,3.2
SITE120,9,33.1,13.1,23.1,7.3,160.0,20.0,33.0,9.0,3.2
SITE120,10,27.8,7.8,17.8,33.9,112.0,20.0,35.0,8.8,3.2
SITE120,11,21.3,3.9,12.6,116.2,65.0,17.3,42.0,8.3,3.2
SITE120,12,16.6,0.9,8.8,164.6,48.0,15.7,46.0,8.0,3.2
SITE121,1,14.7,-2.6,6.0,66.5,47.0,17.3,41.0,8.3,3.2
SITE121,2,16.2,-1.3,7.4,63.6,59.0,17.5,41.0,8.3,3.2
SITE121,3,19.4,3.0,11.2,83.8,96.0,16.4,44.0,8.1,3.2
SITE121,4,25.0,7.8,16.4,69.4,141.0,17.2,42.0,8.3,3.2
SITE121,5,31.2,11.9,21.6,31.8,200.0,19.3,36.0,8.7,3.2
SITE121,6,35.4,15.4,25.4,5.8,227.0,20.0,33.0,8.9,3.2
SITE121,7,36.7,16.7,26.7,1.4,237.0,20.0,32.0,9.0,3.2
SITE121,8,35.4,15.4,25.4,1.4,208.0,20.0,32.0,9.0,3.2
SITE121,9,31.6,11.6,21.6,4.3,152.0,20.0,33.0,9.0,3.2
SITE121,10,26.4,6.4,16.4,20.2,105.0,19.9,35.0,8.8,3.2
SITE121,11,19.8,2.6,11.2,69.4,59.0,17.2,42.0,8.3,3.2
SITE121,12,15.2,-0.4,7.4,98.3,43.0,15.6,46.0,8.0,3.2
SITE122,1,12.5,-5.3,3.6,49.6,43.0,17.8,41.0,8.3,3.2
SITE122,2,14.0,-3.9,5.0,47.5,54.0,18.0,41.0,8.3,3.2
SITE122,3,17.5,0.7,9.1,62.5,91.0,16.8,44.0,8.1,3.2
SITE122,4,23.4,5.7,14.6,51.8,135.0,17.6,42.0,8.3,3.2
SITE122,5,29.9,10.2,20.1,23.7,195.0,19.8,36.0,8.7,3.2
SITE122,6,34.1,14.1,24.1,4.3,220.0,20.0,33.0,8.9,3.2
SITE122,7,35.5,15.5,25.5,1.1,230.0,20.0,32.0,9.0,3.2
SITE122,8,34.1,14.1,24.1,1.1,202.0,20.0,32.0,9.0,3.2
SITE122,9,30.1,10.1,20.1,3.2,147.0,20.0,33.0,9.0,3.2
SITE122,10,24.6,4.6,14.6,15.1,99.0,20.0,35.0,8.8,3.2
SITE122,11,17.9,0.2,9.1,51.8,56.0,17.6,42.0,8.3,3.2
SITE122,12,13.0,-3.0,5.0,73.3,40.0,16.0,46.0,8.0,3.2
SITE123,1,14.0,-3.9,5.1,87.7,46.0,17.8,41.0,8.3,3.2
SITE123,2,15.5,-2.5,6.5,83.9,58.0,18.0,41.0,8.3,3.2
SITE123,3,18.9,2.1,10.5,110.6,95.0,16.8,44.0,8.1,3.2
SITE123,4,24.7,7.1,15.9,91.6,141.0,17.6,42.0,8.3,3.2
SITE123,5,31.3,11.5,21.4,42.0,202.0,19.8,36.0,8.7,3.2
SITE123,6,35.3,15.3,25.3,7.6,227.0,20.0,33.0,8.9,3.2
SITE123,7,36.8,16.8,26.8,1.9,237.0,20.0,32.0,9.0,3.2
SITE123,8,35.3,15.3,25.3,1.9,208.0,20.0,32.0,9.0,3.2
SITE123,9,31.4,11.4,21.4,5.7,152.0,20.0,33.0,9.0,3.2
SITE123,10,25.9,5.9,15.9,26.7,104.0,20.0,35.0,8.8,3.2
SITE123,11,19.3,1.7,10.5,91.6,59.0,17.6,42.0,8.3,3.2
SITE123,12,14.5,-1.5,6.5,129.7,42.0,16.0,46.0,8.0,3.2
SITE124,1,12.2,1.6,6.9,62.4,56.0,10.6,60.0,6.5,2.5
SITE124,2,12.8,2.2,7.5,58.5,61.0,10.7,60.0,6.5,2.5
SITE124,3,14.3,4.0,9.2,74.2,83.0,10.2,61.0,6.4,2.5
SITE124,4,16.4,6.5,11.4,85.9,97.0,9.9,62.0,6.3,2.5
SITE124,5,18.5,8.9,13.7,97.6,113.0,9.6,63.0,6.3,2.5
SITE124,6,20.0,10.7,15.3,109.3,115.0,9.3,64.0,6.2,2.5
SITE124,7,20.5,11.4,16.0,117.1,118.0,9.1,64.0,6.2,2.5
SITE124,8,20.0,10.7,15.3,105.4,113.0,9.4,64.0,6.2,2.5
SITE124,9,18.6,8.8,13.7,89.8,96.0,9.8,62.0,6.3,2.5
SITE124,10,16.5,6.3,11.4,74.2,81.0,10.2,61.0,6.4,2.5
SITE124,11,14.4,3.9,9.2,66.3,61.0,10.4,61.0,6.4,2.5
SITE124,12,12.8,2.2,7.5,62.4,54.0,10.6,60.0,6.5,2.5
SITE125,1,11.7,0.5,6.1,42.6,56.0,11.2,60.0,6.5,2.5
SITE125,2,12.4,1.1,6.8,40.0,61.0,11.3,60.0,6.5,2.5
SITE125,3,14.0,3.2,8.6,50.6,84.0,10.9,61.0,6.4,2.5
SITE125,4,16.4,5.8,11.1,58.6,99.0,10.5,62.0,6.3,2.5
SITE125,5,18.7,8.5,13.6,66.6,116.0,10.2,63.0,6.3,2.5
SITE125,6,20.4,10.5,15.5,74.6,119.0,9.8,64.0,6.2,2.5
SITE125,7,20.9,11.3,16.1,80.0,123.0,9.6,64.0,6.2,2.5
SITE125,8,20.4,10.5,15.5,72.0,117.0,10.0,64.0,6.2,2.5
SITE125,9,18.8,8.4,13.6,61.3,99.0,10.4,62.0,6.3,2.5
SITE125,10,16.5,5.7,11.1,50.6,82.0,10.9,61.0,6.4,2.5
SITE125,11,14.1,3.1,8.6,45.3,62.0,11.1,61.0,6.4,2.5
SITE125,12,12.3,1.2,6.8,42.6,54.0,11.2,60.0,6.5,2.5
SITE126,1,11.3,0.1,5.7,80.0,55.0,11.2,60.0,6.5,2.5
SITE126,2,12.0,0.7,6.4,75.0,60.0,11.4,60.0,6.5,2.5
SITE126,3,13.7,2.8,8.2,95.0,83.0,10.9,61.0,6.4,2.5
SITE126,4,16.0,5.5,10.8,110.0,98.0,10.6,62.0,6.3,2.5
SITE126,5,18.4,8.2,13.3,125.0,115.0,10.2,63.0,6.3,2.5
SITE126,6,20.1,10.2,15.1,140.0,118.0,9.9,64.0,6.2,2.5
SITE126,7,20.6,11.0,15.8,150.0,122.0,9.7,64.0,6.2,2.5
SITE126,8,20.1,10.1,15.1,135.0,116.0,10.0,64.0,6.2,2.5
SITE126,9,18.5,8.1,13.3,115.0,98.0,10.4,62.0,6.3,2.5
SITE126,10,16.2,5.3,10.8,95.0,81.0,10.9,61.0,6.4,2.5
SITE126,11,13.8,2.7,8.2,85.0,61.0,11.1,61.0,6.4,2.5
SITE126,12,12.0,0.7,6.4,80.0,54.0,11.2,60.0,6.5,2.5
SITE127,1,11.6,-4.1,3.8,60.5,32.0,15.7,56.0,6.0,2.7
SITE127,2,12.8,-3.1,4.9,55.0,43.0,15.9,56.0,6.0,2.7
SITE127,3,15.6,0.0,7.8,66.0,75.0,15.6,56.0,6.0,2.7
SITE127,4,19.3,4.4,11.8,88.0,109.0,14.9,58.0,5.9,2.7
SITE127,5,23.0,8.8,15.9,110.0,145.0,14.2,59.0,5.8,2.7
SITE127,6,25.5,12.2,18.8,137.6,158.0,13.4,61.0,5.6,2.7
SITE127,7,26.4,13.4,19.9,148.6,161.0,13.0,61.0,5.6,2.7
SITE127,8,25.6,12.1,18.8,132.1,141.0,13.5,60.0,5.7,2.7
SITE127,9,23.0,8.8,15.9,110.0,102.0,14.2,59.0,5.8,2.7
SITE127,10,19.3,4.4,11.9,88.0,69.0,14.9,58.0,5.9,2.7
SITE127,11,15.5,0.1,7.8,71.5,40.0,15.4,57.0,6.0,2.7
SITE127,12,12.7,-3.0,4.9,60.5,30.0,15.7,56.0,6.0,2.7
SITE128,1,11.4,-5.0,3.2,42.9,32.0,16.4,56.0,6.0,2.7
SITE128,2,12.6,-3.9,4.3,39.0,43.0,16.6,56.0,6.0,2.7
SITE128,3,15.6,-0.6,7.5,46.8,76.0,16.2,56.0,6.0,2.7
SITE128,4,19.5,4.0,11.7,62.4,111.0,15.5,58.0,5.9,2.7
SITE128,5,23.4,8.6,16.0,78.0,149.0,14.8,59.0,5.8,2.7
SITE128,6,26.1,12.2,19.1,97.4,162.0,13.9,61.0,5.6,2.7
SITE128,7,27.1,13.5,20.3,105.2,166.0,13.6,61.0,5.6,2.7
SITE128,8,26.2,12.1,19.1,93.5,145.0,14.1,60.0,5.7,2.7
SITE128,9,23.4,8.6,16.0,78.0,105.0,14.8,59.0,5.8,2.7
SITE128,10,19.5,4.0,11.7,62.4,70.0,15.5,58.0,5.9,2.7
SITE128,11,15.5,-0.6,7.5,50.7,41.0,16.0,57.0,6.0,2.7
SITE128,12,12.5,-3.9,4.3,42.9,30.0,16.4,56.0,6.0,2.7
SITE129,1,10.1,-6.5,1.8,78.9,30.0,16.6,56.0,6.0,2.7
SITE129,2,11.4,-5.4,3.0,71.7,41.0,16.8,56.0,6.0,2.7
SITE129,3,14.4,-2.0,6.2,86.0,73.0,16.4,56.0,6.0,2.7
SITE129,4,18.4,2.7,10.5,114.7,107.0,15.7,58.0,5.9,2.7
SITE129,5,22.4,7.4,14.9,143.4,145.0,15.0,59.0,5.8,2.7
SITE129,6,25.1,11.0,18.0,179.3,159.0,14.1,61.0,5.6,2.7
SITE129,7,26.1,12.3,19.2,193.6,162.0,13.7,61.0,5.6,2.7
SITE129,8,25.2,10.9,18.0,172.1,142.0,14.3,60.0,5.7,2.7
SITE129,9,22.4,7.4,14.9,143.4,102.0,15.0,59.0,5.8,2.7
SITE129,10,18.4,2.7,10.5,114.7,67.0,15.7,58.0,5.9,2.7
SITE129,11,14.3,-1.9,6.2,93.2,39.0,16.2,57.0,6.0,2.7
SITE129,12,11.3,-5.3,3.0,78.9,28.0,16.6,56.0,6.0,2.7
SITE130,1,11.6,-5.7,2.9,40.1,41.0,17.3,41.0,8.3,3.2
SITE130,2,13.0,-4.4,4.3,38.3,52.0,17.4,41.0,8.3,3.2
SITE130,3,16.2,-0.1,8.1,50.5,86.0,16.3,44.0,8.1,3.2
SITE130,4,21.8,4.7,13.2,41.8,127.0,17.1,42.0,8.3,3.2
SITE130,5,27.9,8.8,18.3,19.2,183.0,19.2,36.0,8.7,3.2
SITE130,6,32.1,12.1,22.1,3.5,210.0,20.0,33.0,8.9,3.2
SITE130,7,33.5,13.5,23.5,0.9,219.0,20.0,32.0,9.0,3.2
SITE130,8,32.1,12.1,22.1,0.9,192.0,20.0,32.0,9.0,3.2
SITE130,9,28.3,8.3,18.3,2.6,140.0,20.0,33.0,9.0,3.2
SITE130,10,23.1,3.3,13.2,12.2,95.0,19.8,35.0,8.8,3.2
SITE130,11,16.6,-0.5,8.1,41.8,53.0,17.1,42.0,8.3,3.2
SITE130,12,12.1,-3.4,4.3,59.2,38.0,15.5,46.0,8.0,3.2
SITE131,1,10.4,-7.4,1.5,28.2,38.0,17.8,41.0,8.3,3.2
SITE131,2,12.0,-6.0,3.0,27.0,49.0,18.0,41.0,8.3,3.2
SITE131,3,15.3,-1.5,6.9,35.6,83.0,16.8,44.0,8.1,3.2
SITE131,4,21.2,3.5,12.3,29.4,125.0,17.6,42.0,8.3,3.2
SITE131,5,27.6,7.8,17.7,13.5,183.0,19.8,36.0,8.7,3.2
SITE131,6,31.7,11.7,21.7,2.5,208.0,20.0,33.0,8.9,3.2
SITE131,7,33.1,13.1,23.1,0.6,217.0,20.0,32.0,9.0,3.2
SITE131,8,31.7,11.7,21.7,0.6,190.0,20.0,32.0,9.0,3.2
SITE131,9,27.7,7.7,17.7,1.8,137.0,20.0,33.0,9.0,3.2
SITE131,10,22.3,2.3,12.3,8.6,92.0,20.0,35.0,8.8,3.2
SITE131,11,15.8,-1.9,6.9,29.4,51.0,17.6,42.0,8.3,3.2
SITE131,12,11.0,-5.0,3.0,41.7,36.0,16.0,46.0,8.0,3.2
SITE132,1,10.4,-7.4,1.5,53.1,39.0,17.8,41.0,8.3,3.2
SITE132,2,12.0,-6.0,3.0,50.8,50.0,18.0,41.0,8.3,3.2
SITE132,3,15.3,-1.5,6.9,66.9,83.0,16.8,44.0,8.1,3.2
SITE132,4,21.2,3.5,12.3,55.4,126.0,17.6,42.0,8.3,3.2
SITE132,5,27.6,7.8,17.7,25.4,183.0,19.8,36.0,8.7,3.2
SITE132,6,31.7,11.7,21.7,4.6,208.0,20.0,33.0,8.9,3.2
SITE132,7,33.1,13.1,23.1,1.2,217.0,20.0,32.0,9.0,3.2
SITE132,8,31.7,11.7,21.7,1.2,190.0,20.0,32.0,9.0,3.2
SITE132,9,27.7,7.7,17.7,3.5,138.0,20.0,33.0,9.0,3.2
SITE132,10,22.3,2.3,12.3,16.2,93.0,20.0,35.0,8.8,3.2
SITE132,11,15.8,-1.9,6.9,55.4,52.0,17.6,42.0,8.3,3.2
SITE132,12,11.0,-5.0,3.0,78.5,36.0,16.0,46.0,8.0,3.2
SITE133,1,23.4,11.7,17.6,99.0,60.0,11.8,67.0,6.0,2.5
SITE133,2,24.5,12.5,18.5,92.7,72.0,12.0,66.0,6.0,2.5
SITE133,3,27.2,14.8,21.0,83.1,114.0,12.4,65.0,6.1,2.5
SITE133,4,31.3,17.7,24.5,54.3,156.0,13.6,62.0,6.4,2.5
SITE133,5,35.2,20.7,28.0,32.0,203.0,14.5,60.0,6.5,2.5
SITE133,6,38.2,22.8,30.5,9.6,223.0,15.5,57.0,6.7,2.5
SITE133,7,39.3,23.6,31.4,3.2,232.0,15.7,56.0,6.8,2.5
SITE133,8,38.3,22.7,30.5,6.4,206.0,15.6,57.0,6.7,2.5
SITE133,9,35.3,20.6,28.0,28.8,153.0,14.7,59.0,6.6,2.5
SITE133,10,31.1,17.9,24.5,63.9,108.0,13.2,63.0,6.3,2.5
SITE133,11,27.1,15.0,21.0,89.5,69.0,12.2,66.0,6.1,2.5
SITE133,12,24.5,12.5,18.5,92.7,57.0,12.0,66.0,6.0,2.5
SITE134,1,21.7,9.3,15.5,66.7,58.0,12.5,67.0,6.0,2.5
SITE134,2,22.9,10.1,16.5,62.4,70.0,12.8,66.0,6.0,2.5
SITE134,3,25.9,12.7,19.3,55.9,112.0,13.2,65.0,6.1,2.5
SITE134,4,30.3,15.8,23.1,36.6,155.0,14.4,62.0,6.4,2.5
SITE134,5,34.6,19.1,26.9,21.5,204.0,15.4,60.0,6.5,2.5
SITE134,6,37.8,21.4,29.6,6.5,226.0,16.4,57.0,6.7,2.5
SITE134,7,39.0,22.3,30.6,2.2,235.0,16.7,56.0,6.8,2.5
SITE134,8,37.9,21.3,29.6,4.3,209.0,16.6,57.0,6.7,2.5
SITE134,9,34.6,19.1,26.9,19.4,154.0,15.6,59.0,6.6,2.5
SITE134,10,30.1,16.1,23.1,43.0,107.0,14.0,63.0,6.3,2.5
SITE134,11,25.7,12.8,19.3,60.2,68.0,12.9,66.0,6.1,2.5
SITE134,12,22.9,10.1,16.5,62.4,55.0,12.8,66.0,6.0,2.5
SITE135,1,22.9,10.6,16.8,129.7,60.0,12.3,67.0,6.0,2.5
SITE135,2,24.1,11.5,17.8,121.4,73.0,12.6,66.0,6.0,2.5
SITE135,3,27.0,14.0,20.5,108.8,115.0,13.0,65.0,6.1,2.5
SITE135,4,31.4,17.1,24.2,71.2,159.0,14.3,62.0,6.4,2.5
SITE135,5,35.6,20.3,28.0,41.9,208.0,15.3,60.0,6.5,2.5
SITE135,6,38.8,22.6,30.7,12.6,230.0,16.3,57.0,6.7,2.5
SITE135,7,40.0,23.4,31.7,4.2,239.0,16.5,56.0,6.8,2.5
SITE135,8,38.9,22.5,30.7,8.4,212.0,16.4,57.0,6.7,2.5
SITE135,9,35.7,20.3,28.0,37.7,157.0,15.4,59.0,6.6,2.5
SITE135,10,31.2,17.3,24.2,83.7,110.0,13.9,63.0,6.3,2.5
SITE135,11,26.9,14.1,20.5,117.2,70.0,12.8,66.0,6.1,2.5
SITE135,12,24.1,11.5,17.8,121.4,57.0,12.6,66.0,6.0,2.5
SITE136,1,13.5,-4.3,4.6,21.9,41.0,17.8,41.0,8.3,3.2
SITE136,2,15.1,-2.8,6.2,21.0,53.0,18.0,41.0,8.3,3.2
SITE136,3,18.8,2.0,10.4,27.6,91.0,16.8,44.0,8.1,3.2
SITE136,4,25.0,7.4,16.2,22.9,139.0,17.6,42.0,8.3,3.2
SITE136,5,31.9,12.1,22.0,10.5,205.0,19.8,36.0,8.7,3.2
SITE136,6,36.3,16.3,26.3,1.9,232.0,20.0,33.0,8.9,3.2
SITE136,7,37.8,17.8,27.8,0.5,242.0,20.0,32.0,9.0,3.2
SITE136,8,36.3,16.3,26.3,0.5,210.0,20.0,32.0,9.0,3.2
SITE136,9,32.0,12.0,22.0,1.4,150.0,20.0,33.0,9.0,3.2
SITE136,10,26.2,6.2,16.2,6.7,99.0,20.0,35.0,8.8,3.2
SITE136,11,19.2,1.6,10.4,22.9,54.0,17.6,42.0,8.3,3.2
SITE136,12,14.2,-1.8,6.2,32.4,37.0,16.0,46.0,8.0,3.2
SITE137,1,12.6,-5.2,3.7,15.2,39.0,17.8,41.0,8.3,3.2
SITE137,2,14.3,-3.7,5.3,14.5,51.0,18.0,41.0,8.3,3.2
SITE137,3,18.2,1.4,9.8,19.2,89.0,16.8,44.0,8.1,3.2
SITE137,4,24.7,7.0,15.9,15.9,137.0,17.6,42.0,8.3,3.2
SITE137,5,31.8,12.0,21.9,7.3,204.0,19.8,36.0,8.7,3.2
SITE137,6,36.4,16.4,26.4,1.3,233.0,20.0,33.0,8.9,3.2
SITE137,7,38.0,18.0,28.0,0.3,243.0,20.0,32.0,9.0,3.2
SITE137,8,36.4,16.4,26.4,0.3,210.0,20.0,32.0,9.0,3.2
SITE137,9,31.9,11.9,21.9,1.0,149.0,20.0,33.0,9.0,3.2
SITE137,10,25.9,5.9,15.9,4.6,97.0,20.0,35.0,8.8,3.2
SITE137,11,18.6,1.0,9.8,15.9,52.0,17.6,42.0,8.3,3.2
SITE137,12,13.3,-2.7,5.3,22.5,36.0,16.0,46.0,8.0,3.2
SITE138,1,11.0,-6.8,2.1,30.3,36.0,17.8,41.0,8.3,3.2
SITE138,2,12.8,-5.2,3.8,29.0,48.0,18.0,41.0,8.3,3.2
SITE138,3,16.7,-0.1,8.3,38.2,84.0,16.8,44.0,8.1,3.2
SITE138,4,23.3,5.6,14.4,31.6,132.0,17.6,42.0,8.3,3.2
SITE138,5,30.5,10.7,20.6,14.5,197.0,19.8,36.0,8.7,3.2
SITE138,6,35.1,15.1,25.1,2.6,226.0,20.0,33.0,8.9,3.2
SITE138,7,36.7,16.7,26.7,0.7,236.0,20.0,32.0,9.0,3.2
SITE138,8,35.1,15.1,25.1,0.7,204.0,20.0,32.0,9.0,3.2
SITE138,9,30.6,10.6,20.6,2.0,144.0,20.0,33.0,9.0,3.2
SITE138,10,24.4,4.4,14.4,9.2,93.0,20.0,35.0,8.8,3.2
SITE138,11,17.1,-0.5,8.3,31.6,49.0,17.6,42.0,8.3,3.2
SITE138,12,11.8,-4.2,3.8,44.8,33.0,16.0,46.0,8.0,3.2
SITE139,1,17.7,-0.1,8.8,30.2,53.0,17.8,41.0,8.3,3.2
SITE139,2,19.3,1.3,10.3,28.8,67.0,18.0,41.0,8.3,3.2
SITE139,3,22.8,6.0,14.4,38.0,108.0,16.8,44.0,8.1,3.2
SITE139,4,28.8,11.1,19.9,31.5,157.0,17.6,42.0,8.3,3.2
SITE139,5,35.4,15.6,25.5,14.4,223.0,19.8,36.0,8.7,3.2
SITE139,6,39.6,19.6,29.6,2.6,249.0,20.0,33.0,8.9,3.2
SITE139,7,41.1,21.1,31.1,0.7,260.0,20.0,32.0,9.0,3.2
SITE139,8,39.6,19.6,29.6,0.7,228.0,20.0,32.0,9.0,3.2
SITE139,9,35.5,15.5,25.5,2.0,167.0,20.0,33.0,9.0,3.2
SITE139,10,29.9,9.9,19.9,9.2,116.0,20.0,35.0,8.8,3.2
SITE139,11,23.2,5.5,14.4,31.5,66.0,17.6,42.0,8.3,3.2
SITE139,12,18.3,2.3,10.3,44.6,49.0,16.0,46.0,8.0,3.2
SITE140,1,16.6,-1.2,7.7,18.0,51.0,17.8,41.0,8.3,3.2
SITE140,2,18.3,0.3,9.3,17.3,64.0,18.0,41.0,8.3,3.2
SITE140,3,22.0,5.1,13.5,22.7,105.0,16.8,44.0,8.1,3.2
SITE140,4,28.2,10.5,19.4,18.8,155.0,17.6,42.0,8.3,3.2
SITE140,5,35.1,15.3,25.2,8.6,222.0,19.8,36.0,8.7,3.2
SITE140,6,39.5,19.5,29.5,1.6,249.0,20.0,33.0,8.9,3.2
SITE140,7,41.0,21.0,31.0,0.4,259.0,20.0,32.0,9.0,3.2
SITE140,8,39.5,19.5,29.5,0.4,228.0,20.0,32.0,9.0,3.2
SITE140,9,35.2,15.2,25.2,1.2,166.0,20.0,33.0,9.0,3.2
SITE140,10,29.4,9.4,19.4,5.5,114.0,20.0,35.0,8.8,3.2
SITE140,11,22.4,4.7,13.5,18.8,65.0,17.6,42.0,8.3,3.2
SITE140,12,17.3,1.3,9.3,26.7,47.0,16.0,46.0,8.0,3.2
SITE141,1,16.8,-1.0,7.9,35.3,51.0,17.8,41.0,8.3,3.2
SITE141,2,18.5,0.5,9.5,33.8,65.0,18.0,41.0,8.3,3.2
SITE141,3,22.2,5.3,13.7,44.5,106.0,16.8,44.0,8.1,3.2
SITE141,4,28.4,10.7,19.6,36.8,156.0,17.6,42.0,8.3,3.2
SITE141,5,35.3,15.5,25.4,16.9,223.0,19.8,36.0,8.7,3.2
SITE141,6,39.7,19.7,29.7,3.1,250.0,20.0,33.0,8.9,3.2
SITE141,7,41.2,21.2,31.2,0.8,260.0,20.0,32.0,9.0,3.2
SITE141,8,39.7,19.7,29.7,0.8,229.0,20.0,32.0,9.0,3.2
SITE141,9,35.4,15.4,25.4,2.3,167.0,20.0,33.0,9.0,3.2
SITE141,10,29.6,9.6,19.6,10.7,115.0,20.0,35.0,8.8,3.2
SITE141,11,22.6,4.9,13.7,36.8,65.0,17.6,42.0,8.3,3.2
SITE141,12,17.5,1.5,9.5,52.2,47.0,16.0,46.0,8.0,3.2
SITE142,1,26.0,10.1,18.0,20.2,79.0,15.9,41.0,8.3,3.2
SITE142,2,27.3,11.2,19.2,19.4,93.0,16.0,41.0,8.3,3.2
SITE142,3,30.1,15.1,22.6,25.5,137.0,15.0,44.0,8.1,3.2
SITE142,4,35.1,19.3,27.2,21.1,182.0,15.8,42.0,8.3,3.2
SITE142,5,40.6,23.0,31.8,9.7,243.0,17.7,36.0,8.7,3.2
SITE142,6,44.6,25.7,35.2,1.8,270.0,19.0,33.0,8.9,3.2
SITE142,7,46.0,26.8,36.4,0.4,281.0,19.2,32.0,9.0,3.2
SITE142,8,44.8,25.6,35.2,0.4,254.0,19.2,32.0,9.0,3.2
SITE142,9,41.3,22.3,31.8,1.3,197.0,19.1,33.0,9.0,3.2
SITE142,10,36.3,18.1,27.2,6.2,145.0,18.2,35.0,8.8,3.2
SITE142,11,30.5,14.7,22.6,21.1,91.0,15.8,42.0,8.3,3.2
SITE142,12,26.4,12.1,19.2,29.9,72.0,14.3,46.0,8.0,3.2
SITE143,1,25.5,8.9,17.2,12.6,79.0,16.6,41.0,8.3,3.2
SITE143,2,26.9,10.2,18.5,12.1,93.0,16.7,41.0,8.3,3.2
SITE143,3,29.9,14.3,22.1,15.9,138.0,15.6,44.0,8.1,3.2
SITE143,4,35.1,18.7,26.9,13.2,185.0,16.4,42.0,8.3,3.2
SITE143,5,41.0,22.6,31.8,6.0,248.0,18.4,36.0,8.7,3.2
SITE143,6,45.2,25.5,35.3,1.1,276.0,19.8,33.0,8.9,3.2
SITE143,7,46.6,26.6,36.6,0.3,288.0,20.0,32.0,9.0,3.2
SITE143,8,45.3,25.3,35.3,0.3,260.0,20.0,32.0,9.0,3.2
SITE143,9,41.7,21.9,31.8,0.8,201.0,19.8,33.0,9.0,3.2
SITE143,10,36.4,17.4,26.9,3.8,147.0,19.0,35.0,8.8,3.2
SITE143,11,30.3,13.9,22.1,13.2,92.0,16.4,42.0,8.3,3.2
SITE143,12,26.0,11.1,18.5,18.7,72.0,14.9,46.0,8.0,3.2
SITE144,1,23.9,7.2,15.5,26.0,75.0,16.7,41.0,8.3,3.2
SITE144,2,25.3,8.4,16.9,24.9,89.0,16.9,41.0,8.3,3.2
SITE144,3,28.4,12.6,20.5,32.8,133.0,15.8,44.0,8.1,3.2
SITE144,4,33.7,17.1,25.4,27.2,179.0,16.6,42.0,8.3,3.2
SITE144,5,39.6,21.0,30.3,12.4,242.0,18.6,36.0,8.7,3.2
SITE144,6,43.9,24.0,34.0,2.3,270.0,20.0,33.0,8.9,3.2
SITE144,7,45.3,25.3,35.3,0.6,281.0,20.0,32.0,9.0,3.2
SITE144,8,44.0,24.0,34.0,0.6,253.0,20.0,32.0,9.0,3.2
SITE144,9,40.3,20.3,30.3,1.7,195.0,20.0,33.0,9.0,3.2
SITE144,10,35.0,15.8,25.4,7.9,142.0,19.2,35.0,8.8,3.2
SITE144,11,28.8,12.2,20.5,27.2,88.0,16.6,42.0,8.3,3.2
SITE144,12,24.4,9.4,16.9,38.5,69.0,15.0,46.0,8.0,3.2
SITE145,1,20.2,5.1,12.7,43.7,60.0,15.1,41.0,8.3,3.2
SITE145,2,21.5,6.2,13.8,41.8,73.0,15.2,41.0,8.3,3.2
SITE145,3,24.1,9.8,17.0,55.1,111.0,14.3,44.0,8.1,3.2
SITE145,4,28.7,13.8,21.2,45.6,152.0,15.0,42.0,8.3,3.2
SITE145,5,33.9,17.1,25.5,20.9,206.0,16.8,36.0,8.7,3.2
SITE145,6,37.7,19.6,28.6,3.8,231.0,18.0,33.0,8.9,3.2
SITE145,7,38.9,20.7,29.8,0.9,241.0,18.2,32.0,9.0,3.2
SITE145,8,37.8,19.5,28.6,0.9,215.0,18.2,32.0,9.0,3.2
SITE145,9,34.6,16.5,25.5,2.8,163.0,18.1,33.0,9.0,3.2
SITE145,10,29.9,12.6,21.2,13.3,116.0,17.3,35.0,8.8,3.2
SITE145,11,24.4,9.5,17.0,45.6,70.0,15.0,42.0,8.3,3.2
SITE145,12,20.6,7.0,13.8,64.6,54.0,13.6,46.0,8.0,3.2
SITE146,1,19.5,3.7,11.6,31.2,59.0,15.8,41.0,8.3,3.2
SITE146,2,20.8,4.8,12.8,29.8,72.0,15.9,41.0,8.3,3.2
SITE146,3,23.6,8.7,16.2,39.3,111.0,14.9,44.0,8.1,3.2
SITE146,4,28.5,12.9,20.7,32.5,153.0,15.7,42.0,8.3,3.2
SITE146,5,34.0,16.5,25.3,14.9,210.0,17.6,36.0,8.7,3.2
SITE146,6,38.0,19.2,28.6,2.7,236.0,18.9,33.0,8.9,3.2
SITE146,7,39.4,20.3,29.8,0.7,247.0,19.1,32.0,9.0,3.2
SITE146,8,38.1,19.1,28.6,0.7,220.0,19.1,32.0,9.0,3.2
SITE146,9,34.7,15.8,25.3,2.0,166.0,18.9,33.0,9.0,3.2
SITE146,10,29.8,11.6,20.7,9.5,117.0,18.1,35.0,8.8,3.2
SITE146,11,24.0,8.3,16.2,32.5,71.0,15.7,42.0,8.3,3.2
SITE146,12,19.9,5.7,12.8,46.1,54.0,14.2,46.0,8.0,3.2
SITE147,1,18.5,2.6,10.5,55.0,57.0,15.9,41.0,8.3,3.2
SITE147,2,19.8,3.7,11.7,52.6,69.0,16.0,41.0,8.3,3.2
SITE147,3,22.6,7.6,15.1,69.4,107.0,15.0,44.0,8.1,3.2
SITE147,4,27.6,11.8,19.7,57.4,149.0,15.8,42.0,8.3,3.2
SITE147,5,33.1,15.5,24.3,26.3,206.0,17.7,36.0,8.7,3.2
SITE147,6,37.1,18.2,27.7,4.8,232.0,19.0,33.0,8.9,3.2
SITE147,7,38.5,19.3,28.9,1.2,243.0,19.2,32.0,9.0,3.2
SITE147,8,37.3,18.1,27.7,1.2,216.0,19.2,32.0,9.0,3.2
SITE147,9,33.8,14.8,24.3,3.6,162.0,19.1,33.0,9.0,3.2
SITE147,10,28.8,10.6,19.7,16.7,114.0,18.2,35.0,8.8,3.2
SITE147,11,23.0,7.2,15.1,57.4,68.0,15.8,42.0,8.3,3.2
SITE147,12,18.9,4.6,11.7,81.3,52.0,14.3,46.0,8.0,3.2
SITE148,1,24.4,15.5,20.0,24.9,67.0,8.9,41.0,8.3,3.2
SITE148,2,25.0,16.0,20.5,23.8,75.0,9.0,41.0,8.3,3.2
SITE148,3,26.0,17.6,21.8,31.4,103.0,8.4,44.0,8.1,3.2
SITE148,4,28.0,19.1,23.6,25.9,127.0,8.8,42.0,8.3,3.2
SITE148,5,30.3,20.4,25.3,11.9,158.0,9.9,36.0,8.7,3.2
SITE148,6,32.0,21.3,26.6,2.2,168.0,10.6,33.0,8.9,3.2
SITE148,7,32.5,21.7,27.1,0.5,174.0,10.8,32.0,9.0,3.2
SITE148,8,32.0,21.3,26.6,0.5,161.0,10.8,32.0,9.0,3.2
SITE148,9,30.7,20.0,25.3,1.6,131.0,10.7,33.0,9.0,3.2
SITE148,10,28.7,18.4,23.6,7.6,103.0,10.2,35.0,8.8,3.2
SITE148,11,26.2,17.4,21.8,25.9,71.0,8.8,42.0,8.3,3.2
SITE148,12,24.5,16.5,20.5,36.8,60.0,8.0,46.0,8.0,3.2
SITE149,1,22.8,13.2,18.0,17.7,66.0,9.6,41.0,8.3,3.2
SITE149,2,23.4,13.7,18.6,16.9,75.0,9.7,41.0,8.3,3.2
SITE149,3,24.6,15.5,20.1,22.3,103.0,9.1,44.0,8.1,3.2
SITE149,4,26.9,17.4,22.2,18.4,127.0,9.5,42.0,8.3,3.2
SITE149,5,29.6,18.9,24.3,8.4,160.0,10.7,36.0,8.7,3.2
SITE149,6,31.5,20.0,25.8,1.5,172.0,11.5,33.0,8.9,3.2
SITE149,7,32.2,20.5,26.3,0.4,178.0,11.6,32.0,9.0,3.2
SITE149,8,31.6,20.0,25.8,0.4,164.0,11.6,32.0,9.0,3.2
SITE149,9,30.0,18.5,24.3,1.2,133.0,11.5,33.0,9.0,3.2
SITE149,10,27.7,16.6,22.2,5.4,104.0,11.1,35.0,8.8,3.2
SITE149,11,24.9,15.3,20.1,18.4,71.0,9.5,42.0,8.3,3.2
SITE149,12,22.9,14.2,18.6,26.1,59.0,8.7,46.0,8.0,3.2
SITE150,1,22.4,12.7,17.5,29.9,65.0,9.7,41.0,8.3,3.2
SITE150,2,23.0,13.2,18.1,28.6,74.0,9.8,41.0,8.3,3.2
SITE150,3,24.2,15.0,19.6,37.7,102.0,9.2,44.0,8.1,3.2
SITE150,4,26.6,16.9,21.8,31.2,127.0,9.6,42.0,8.3,3.2
SITE150,5,29.3,18.5,23.9,14.3,160.0,10.8,36.0,8.7,3.2
SITE150,6,31.2,19.6,25.4,2.6,171.0,11.6,33.0,8.9,3.2
SITE150,7,31.9,20.1,26.0,0.6,177.0,11.7,32.0,9.0,3.2
SITE150,8,31.3,19.6,25.4,0.6,163.0,11.7,32.0,9.0,3.2
SITE150,9,29.7,18.0,23.9,1.9,132.0,11.7,33.0,9.0,3.2
SITE150,10,27.3,16.2,21.8,9.1,103.0,11.2,35.0,8.8,3.2
SITE150,11,24.5,14.8,19.6,31.2,70.0,9.6,42.0,8.3,3.2
SITE150,12,22.5,13.7,18.1,44.2,58.0,8.7,46.0,8.0,3.2
SITE151,1,19.8,7.1,13.4,77.7,61.0,12.8,67.0,6.0,2.5
SITE151,2,21.0,8.0,14.5,72.7,72.0,13.1,66.0,6.0,2.5
SITE151,3,24.1,10.6,17.4,65.2,112.0,13.5,65.0,6.1,2.5
SITE151,4,28.7,13.9,21.3,42.6,153.0,14.8,62.0,6.4,2.5
SITE151,5,33.1,17.3,25.2,25.1,199.0,15.8,60.0,6.5,2.5
SITE151,6,36.5,19.7,28.1,7.5,220.0,16.8,57.0,6.7,2.5
SITE151,7,37.7,20.6,29.1,2.5,230.0,17.1,56.0,6.8,2.5
SITE151,8,36.5,19.6,28.1,5.0,206.0,16.9,57.0,6.7,2.5
SITE151,9,33.2,17.2,25.2,22.6,155.0,15.9,59.0,6.6,2.5
SITE151,10,28.5,14.1,21.3,50.1,110.0,14.4,63.0,6.3,2.5
SITE151,11,24.0,10.8,17.4,70.2,71.0,13.2,66.0,6.1,2.5
SITE151,12,21.0,8.0,14.5,72.7,59.0,13.1,66.0,6.0,2.5
SITE152,1,19.2,5.9,12.5,54.4,60.0,13.3,67.0,6.0,2.5
SITE152,2,20.5,6.8,13.7,50.9,72.0,13.6,66.0,6.0,2.5
SITE152,3,23.7,9.7,16.7,45.7,113.0,14.1,65.0,6.1,2.5
SITE152,4,28.6,13.2,20.9,29.9,154.0,15.4,62.0,6.4,2.5
SITE152,5,33.3,16.8,25.0,17.6,202.0,16.5,60.0,6.5,2.5
SITE152,6,36.8,19.3,28.1,5.3,225.0,17.5,57.0,6.7,2.5
SITE152,7,38.1,20.3,29.2,1.8,235.0,17.8,56.0,6.8,2.5
SITE152,8,36.9,19.2,28.1,3.5,211.0,17.7,57.0,6.7,2.5
SITE152,9,33.3,16.7,25.0,15.8,158.0,16.6,59.0,6.6,2.5
SITE152,10,28.3,13.4,20.9,35.1,111.0,15.0,63.0,6.3,2.5
SITE152,11,23.6,9.8,16.7,49.2,72.0,13.8,66.0,6.1,2.5
SITE152,12,20.5,6.8,13.7,50.9,59.0,13.6,66.0,6.0,2.5
SITE153,1,19.5,6.2,12.8,98.6,61.0,13.3,67.0,6.0,2.5
SITE153,2,20.7,7.2,13.9,92.2,72.0,13.6,66.0,6.0,2.5
SITE153,3,24.0,10.0,17.0,82.7,113.0,14.0,65.0,6.1,2.5
SITE153,4,28.8,13.4,21.1,54.1,155.0,15.4,62.0,6.4,2.5
SITE153,5,33.5,17.1,25.3,31.8,203.0,16.4,60.0,6.5,2.5
SITE153,6,37.0,19.6,28.3,9.5,225.0,17.5,57.0,6.7,2.5
SITE153,7,38.3,20.5,29.4,3.2,236.0,17.8,56.0,6.8,2.5
SITE153,8,37.1,19.5,28.3,6.4,212.0,17.6,57.0,6.7,2.5
SITE153,9,33.5,17.0,25.3,28.6,158.0,16.6,59.0,6.6,2.5
SITE153,10,28.6,13.7,21.1,63.6,112.0,14.9,63.0,6.3,2.5
SITE153,11,23.8,10.1,17.0,89.1,72.0,13.7,66.0,6.1,2.5
SITE153,12,20.7,7.2,13.9,92.2,59.0,13.6,66.0,6.0,2.5
SITE154,1,16.8,8.5,12.7,106.5,92.0,8.3,64.0,6.2,2.5
SITE154,2,16.6,8.1,12.3,95.8,86.0,8.5,63.0,6.3,2.5
SITE154,3,16.8,8.5,12.7,101.2,97.0,8.4,64.0,6.2,2.5
SITE154,4,17.9,9.3,13.6,90.5,95.0,8.6,63.0,6.3,2.5
SITE154,5,19.4,10.2,14.8,69.2,100.0,9.1,61.0,6.4,2.5
SITE154,6,20.9,11.2,16.1,47.9,99.0,9.7,60.0,6.5,2.5
SITE154,7,22.1,11.9,17.0,26.6,109.0,10.2,58.0,6.6,2.5
SITE154,8,22.3,12.3,17.3,31.9,115.0,10.0,58.0,6.6,2.5
SITE154,9,21.6,12.3,17.0,63.9,111.0,9.3,61.0,6.4,2.5
SITE154,10,20.3,11.8,16.1,95.8,107.0,8.5,63.0,6.3,2.5
SITE154,11,18.9,10.7,14.8,106.5,96.0,8.3,64.0,6.2,2.5
SITE154,12,17.6,9.6,13.6,117.1,92.0,8.0,65.0,6.1,2.5
SITE155,1,15.6,7.3,11.4,73.2,88.0,8.3,64.0,6.2,2.5
SITE155,2,15.3,6.8,11.0,65.9,83.0,8.5,63.0,6.3,2.5
SITE155,3,15.6,7.2,11.4,69.5,93.0,8.4,64.0,6.2,2.5
SITE155,4,16.8,8.2,12.5,62.2,92.0,8.6,63.0,6.3,2.5
SITE155,5,18.5,9.3,13.9,47.6,97.0,9.1,61.0,6.4,2.5
SITE155,6,20.1,10.5,15.3,32.9,97.0,9.7,60.0,6.5,2.5
SITE155,7,21.4,11.3,16.4,18.3,107.0,10.2,58.0,6.6,2.5
SITE155,8,21.8,11.7,16.7,22.0,113.0,10.0,58.0,6.6,2.5
SITE155,9,21.0,11.7,16.4,43.9,109.0,9.3,61.0,6.4,2.5
SITE155,10,19.6,11.1,15.3,65.9,105.0,8.5,63.0,6.3,2.5
SITE155,11,18.0,9.8,13.9,73.2,93.0,8.3,64.0,6.2,2.5
SITE155,12,16.5,8.5,12.5,80.5,89.0,8.0,65.0,6.1,2.5
SITE156,1,16.5,8.3,12.4,137.5,92.0,8.3,64.0,6.2,2.5
SITE156,2,16.3,7.8,12.0,123.8,86.0,8.5,63.0,6.3,2.5
SITE156,3,16.6,8.2,12.4,130.7,96.0,8.4,64.0,6.2,2.5
SITE156,4,17.7,9.1,13.4,116.9,95.0,8.6,63.0,6.3,2.5
SITE156,5,19.3,10.2,14.8,89.4,99.0,9.1,61.0,6.4,2.5
SITE156,6,21.0,11.3,16.1,61.9,99.0,9.7,60.0,6.5,2.5
SITE156,7,22.2,12.0,17.1,34.4,109.0,10.2,58.0,6.6,2.5
SITE156,8,22.5,12.5,17.5,41.3,116.0,10.0,58.0,6.6,2.5
SITE156,9,21.8,12.5,17.1,82.5,111.0,9.3,61.0,6.4,2.5
SITE156,10,20.4,11.9,16.1,123.8,108.0,8.5,63.0,6.3,2.5
SITE156,11,18.9,10.6,14.8,137.5,96.0,8.3,64.0,6.2,2.5
SITE156,12,17.4,9.4,13.4,151.3,92.0,8.0,65.0,6.1,2.5
SITE157,1,15.1,5.8,10.4,74.6,81.0,9.3,60.0,6.5,2.5
SITE157,2,15.4,6.0,10.7,70.0,80.0,9.4,60.0,6.5,2.5
SITE157,3,16.2,7.1,11.7,88.6,95.0,9.0,61.0,6.4,2.5
SITE157,4,17.3,8.5,12.9,102.6,97.0,8.7,62.0,6.3,2.5
SITE157,5,18.4,9.9,14.2,116.6,101.0,8.5,63.0,6.3,2.5
SITE157,6,19.2,11.0,15.1,130.6,97.0,8.2,64.0,6.2,2.5
SITE157,7,19.4,11.4,15.4,140.0,101.0,8.0,64.0,6.2,2.5
SITE157,8,19.2,10.9,15.1,126.0,103.0,8.3,64.0,6.2,2.5
SITE157,9,18.5,9.8,14.2,107.3,98.0,8.7,62.0,6.3,2.5
SITE157,10,17.4,8.4,12.9,88.6,95.0,9.0,61.0,6.4,2.5
SITE157,11,16.3,7.0,11.7,79.3,83.0,9.2,61.0,6.4,2.5
SITE157,12,15.4,6.1,10.7,74.6,80.0,9.3,60.0,6.5,2.5
SITE158,1,14.5,5.2,9.9,52.7,80.0,9.3,60.0,6.5,2.5
SITE158,2,14.9,5.5,10.2,49.4,79.0,9.4,60.0,6.5,2.5
SITE158,3,15.7,6.7,11.2,62.6,94.0,9.0,61.0,6.4,2.5
SITE158,4,16.9,8.1,12.5,72.5,95.0,8.7,62.0,6.3,2.5
SITE158,5,18.0,9.5,13.8,82.4,100.0,8.5,63.0,6.3,2.5
SITE158,6,18.8,10.6,14.7,92.3,96.0,8.2,64.0,6.2,2.5
SITE158,7,19.1,11.1,15.1,98.9,99.0,8.0,64.0,6.2,2.5
SITE158,8,18.9,10.6,14.7,89.0,102.0,8.3,64.0,6.2,2.5
SITE158,9,18.1,9.4,13.8,75.8,97.0,8.7,62.0,6.3,2.5
SITE158,10,17.0,8.0,12.5,62.6,94.0,9.0,61.0,6.4,2.5
SITE158,11,15.8,6.6,11.2,56.0,82.0,9.2,61.0,6.4,2.5
SITE158,12,14.9,5.6,10.2,52.7,79.0,9.3,60.0,6.5,2.5
SITE159,1,14.5,5.2,9.9,96.6,79.0,9.3,60.0,6.5,2.5
SITE159,2,14.9,5.5,10.2,90.5,78.0,9.4,60.0,6.5,2.5
SITE159,3,15.7,6.6,11.2,114.7,94.0,9.0,61.0,6.4,2.5
SITE159,4,16.8,8.1,12.4,132.8,95.0,8.7,62.0,6.3,2.5
SITE159,5,17.9,9.5,13.7,150.9,100.0,8.5,63.0,6.3,2.5
SITE159,6,18.7,10.6,14.6,169.0,96.0,8.2,64.0,6.2,2.5
SITE159,7,19.0,11.0,15.0,181.1,99.0,8.0,64.0,6.2,2.5
SITE159,8,18.8,10.5,14.6,162.9,102.0,8.3,64.0,6.2,2.5
SITE159,9,18.0,9.4,13.7,138.8,97.0,8.7,62.0,6.3,2.5
SITE159,10,16.9,7.9,12.4,114.7,93.0,9.0,61.0,6.4,2.5
SITE159,11,15.8,6.6,11.2,102.6,81.0,9.2,61.0,6.4,2.5
SITE159,12,14.9,5.6,10.2,96.6,78.0,9.3,60.0,6.5,2.5
SITE160,1,28.7,19.8,24.3,90.1,112.0,8.9,41.0,8.3,3.2
SITE160,2,29.2,20.2,24.7,86.2,112.0,9.0,41.0,8.3,3.2
SITE160,3,30.0,21.5,25.7,113.6,134.0,8.4,44.0,8.1,3.2
SITE160,4,31.6,22.8,27.2,94.0,143.0,8.8,42.0,8.3,3.2
SITE160,5,33.7,23.8,28.7,43.1,162.0,9.9,36.0,8.7,3.2
SITE160,6,35.1,24.5,29.8,7.8,164.0,10.6,33.0,8.9,3.2
SITE160,7,35.6,24.8,30.2,2.0,172.0,10.8,32.0,9.0,3.2
SITE160,8,35.2,24.4,29.8,2.0,172.0,10.8,32.0,9.0,3.2
SITE160,9,34.0,23.4,28.7,5.9,158.0,10.7,33.0,9.0,3.2
SITE160,10,32.3,22.1,27.2,27.4,144.0,10.2,35.0,8.8,3.2
SITE160,11,30.2,21.3,25.7,94.0,114.0,8.8,42.0,8.3,3.2
SITE160,12,28.7,20.7,24.7,133.1,104.0,8.0,46.0,8.0,3.2
SITE161,1,27.3,18.4,22.9,64.7,109.0,8.9,41.0,8.3,3.2
SITE161,2,27.8,18.9,23.4,61.9,109.0,9.0,41.0,8.3,3.2
SITE161,3,28.8,20.4,24.6,81.6,131.0,8.4,44.0,8.1,3.2
SITE161,4,30.8,22.0,26.4,67.5,141.0,8.8,42.0,8.3,3.2
SITE161,5,33.1,23.2,28.2,30.9,160.0,9.9,36.0,8.7,3.2
SITE161,6,34.8,24.1,29.5,5.6,163.0,10.6,33.0,8.9,3.2
SITE161,7,35.3,24.6,29.9,1.4,171.0,10.8,32.0,9.0,3.2
SITE161,8,34.8,24.1,29.5,1.4,170.0,10.8,32.0,9.0,3.2
SITE161,9,33.5,22.8,28.2,4.2,156.0,10.7,33.0,9.0,3.2
SITE161,10,31.5,21.3,26.4,19.7,142.0,10.2,35.0,8.8,3.2
SITE161,11,29.1,20.2,24.6,67.5,112.0,8.8,42.0,8.3,3.2
SITE161,12,27.4,19.4,23.4,95.6,102.0,8.0,46.0,8.0,3.2
SITE162,1,27.1,18.2,22.7,115.6,109.0,8.9,41.0,8.3,3.2
SITE162,2,27.7,18.7,23.2,110.6,109.0,9.0,41.0,8.3,3.2
SITE162,3,28.7,20.3,24.5,145.7,130.0,8.4,44.0,8.1,3.2
SITE162,4,30.7,21.8,26.2,120.6,140.0,8.8,42.0,8.3,3.2
SITE162,5,33.0,23.1,28.0,55.3,159.0,9.9,36.0,8.7,3.2
SITE162,6,34.7,24.0,29.3,10.1,162.0,10.6,33.0,8.9,3.2
SITE162,7,35.2,24.4,29.8,2.5,171.0,10.8,32.0,9.0,3.2
SITE162,8,34.7,24.0,29.3,2.5,170.0,10.8,32.0,9.0,3.2
SITE162,9,33.4,22.7,28.0,7.5,155.0,10.7,33.0,9.0,3.2
SITE162,10,31.4,21.1,26.2,35.2,141.0,10.2,35.0,8.8,3.2
SITE162,11,28.9,20.1,24.5,120.6,111.0,8.8,42.0,8.3,3.2
SITE162,12,27.2,19.2,23.2,170.9,101.0,8.0,46.0,8.0,3.2
SITE163,1,21.7,12.9,17.3,77.0,131.0,8.7,64.0,6.2,2.5
SITE163,2,21.3,12.3,16.8,69.3,107.0,9.0,63.0,6.3,2.5
SITE163,3,21.7,12.9,17.3,73.1,101.0,8.8,64.0,6.2,2.5
SITE163,4,23.3,14.2,18.8,65.4,79.0,9.1,63.0,6.3,2.5
SITE163,5,25.6,15.9,20.7,50.0,67.0,9.7,61.0,6.4,2.5
SITE163,6,27.8,17.6,22.7,34.6,60.0,10.2,60.0,6.5,2.5
SITE163,7,29.6,18.8,24.2,19.2,70.0,10.7,58.0,6.6,2.5
SITE163,8,30.0,19.4,24.7,23.1,91.0,10.6,58.0,6.6,2.5
SITE163,9,29.1,19.3,24.2,46.2,110.0,9.8,61.0,6.4,2.5
SITE163,10,27.2,18.2,22.7,69.3,130.0,9.0,63.0,6.3,2.5
SITE163,11,25.1,16.4,20.7,77.0,135.0,8.7,64.0,6.2,2.5
SITE163,12,23.0,14.5,18.8,84.7,137.0,8.4,65.0,6.1,2.5
SITE164,1,20.3,10.9,15.6,55.0,129.0,9.4,64.0,6.2,2.5
SITE164,2,19.8,10.1,15.0,49.5,105.0,9.7,63.0,6.3,2.5
SITE164,3,20.4,10.8,15.6,52.2,99.0,9.5,64.0,6.2,2.5
SITE164,4,22.2,12.4,17.3,46.7,78.0,9.8,63.0,6.3,2.5
SITE164,5,24.8,14.4,19.6,35.7,67.0,10.4,61.0,6.4,2.5
SITE164,6,27.4,16.4,21.9,24.7,60.0,11.0,60.0,6.5,2.5
SITE164,7,29.3,17.7,23.5,13.7,71.0,11.6,58.0,6.6,2.5
SITE164,8,29.9,18.4,24.1,16.5,92.0,11.4,58.0,6.6,2.5
SITE164,9,28.8,18.2,23.5,33.0,112.0,10.6,61.0,6.4,2.5
SITE164,10,26.7,17.0,21.9,49.5,132.0,9.7,63.0,6.3,2.5
SITE164,11,24.3,14.9,19.6,55.0,136.0,9.4,64.0,6.2,2.5
SITE164,12,21.8,12.7,17.3,60.5,136.0,9.1,65.0,6.1,2.5
SITE165,1,21.2,11.9,16.6,101.3,132.0,9.3,64.0,6.2,2.5
SITE165,2,20.7,11.2,16.0,91.2,108.0,9.6,63.0,6.3,2.5
SITE165,3,21.3,11.9,16.6,96.3,101.0,9.4,64.0,6.2,2.5
SITE165,4,23.1,13.3,18.2,86.1,80.0,9.7,63.0,6.3,2.5
SITE165,5,25.6,15.3,20.4,65.9,68.0,10.3,61.0,6.4,2.5
SITE165,6,28.1,17.2,22.7,45.6,61.0,10.8,60.0,6.5,2.5
SITE165,7,30.0,18.6,24.3,25.3,72.0,11.4,58.0,6.6,2.5
SITE165,8,30.5,19.3,24.9,30.4,93.0,11.3,58.0,6.6,2.5
SITE165,9,29.5,19.1,24.3,60.8,114.0,10.4,61.0,6.4,2.5
SITE165,10,27.4,17.9,22.7,91.2,134.0,9.6,63.0,6.3,2.5
SITE165,11,25.1,15.8,20.4,101.3,138.0,9.3,64.0,6.2,2.5
SITE165,12,22.7,13.7,18.2,111.5,139.0,9.0,65.0,6.1,2.5
SITE166,1,26.3,15.6,21.0,19.5,155.0,10.6,57.0,6.7,2.5
SITE166,2,25.9,15.3,20.6,19.5,132.0,10.6,57.0,6.7,2.5
SITE166,3,26.2,15.7,21.0,32.6,133.0,10.5,58.0,6.7,2.5
SITE166,4,26.9,16.8,21.9,78.1,110.0,10.1,60.0,6.5,2.5
SITE166,5,28.0,18.3,23.1,130.2,96.0,9.7,62.0,6.3,2.5
SITE166,6,28.8,20.0,24.4,227.9,83.0,8.8,67.0,6.0,2.5
SITE166,7,29.3,21.3,25.3,325.6,87.0,8.0,72.0,5.6,2.5
SITE166,8,29.8,21.5,25.6,293.0,104.0,8.3,71.0,5.7,2.5
SITE166,9,29.8,20.8,25.3,208.4,124.0,9.0,66.0,6.0,2.5
SITE166,10,29.4,19.3,24.4,78.1,150.0,10.1,60.0,6.5,2.5
SITE166,11,28.4,17.8,23.1,26.0,155.0,10.6,57.0,6.7,2.5
SITE166,12,27.2,16.5,21.9,13.0,160.0,10.7,57.0,6.8,2.5
SITE167,1,25.5,14.9,20.2,13.7,152.0,10.6,57.0,6.7,2.5
SITE167,2,25.1,14.5,19.8,13.7,129.0,10.6,57.0,6.7,2.5
SITE167,3,25.4,14.9,20.2,22.8,130.0,10.5,58.0,6.7,2.5
SITE167,4,26.3,16.1,21.2,54.7,108.0,10.1,60.0,6.5,2.5
SITE167,5,27.4,17.7,22.6,91.1,95.0,9.7,62.0,6.3,2.5
SITE167,6,28.3,19.5,23.9,159.5,82.0,8.8,67.0,6.0,2.5
SITE167,7,28.9,20.9,24.9,227.8,85.0,8.0,72.0,5.6,2.5
SITE167,8,29.4,21.2,25.3,205.0,102.0,8.3,71.0,5.7,2.5
SITE167,9,29.4,20.4,24.9,145.8,122.0,9.0,66.0,6.0,2.5
SITE167,10,29.0,18.9,23.9,54.7,149.0,10.1,60.0,6.5,2.5
SITE167,11,27.8,17.3,22.6,18.2,153.0,10.6,57.0,6.7,2.5
SITE167,12,26.5,15.8,21.2,9.1,157.0,10.7,57.0,6.8,2.5
SITE168,1,24.5,13.9,19.2,25.2,148.0,10.6,57.0,6.7,2.5
SITE168,2,24.2,13.5,18.8,25.2,126.0,10.6,57.0,6.7,2.5
SITE168,3,24.5,14.0,19.2,42.0,127.0,10.5,58.0,6.7,2.5
SITE168,4,25.3,15.2,20.3,100.8,105.0,10.1,60.0,6.5,2.5
SITE168,5,26.5,16.9,21.7,168.0,93.0,9.7,62.0,6.3,2.5
SITE168,6,27.5,18.7,23.1,294.0,80.0,8.8,67.0,6.0,2.5
SITE168,7,28.2,20.2,24.2,420.0,84.0,8.0,72.0,5.6,2.5
SITE168,8,28.7,20.4,24.5,378.0,101.0,8.3,71.0,5.7,2.5
SITE168,9,28.7,19.7,24.2,268.8,120.0,9.0,66.0,6.0,2.5
SITE168,10,28.2,18.1,23.1,100.8,146.0,10.1,60.0,6.5,2.5
SITE168,11,27.0,16.4,21.7,33.6,150.0,10.6,57.0,6.7,2.5
SITE168,12,25.6,14.9,20.3,16.8,154.0,10.7,57.0,6.8,2.5
SITE169,1,33.2,23.9,28.5,99.1,154.0,9.3,76.0,5.5,2.0
SITE169,2,32.9,23.5,28.2,92.9,142.0,9.4,76.0,5.5,2.0
SITE169,3,33.0,24.0,28.5,117.6,154.0,9.0,77.0,5.4,2.0
SITE169,4,33.8,25.1,29.4,136.2,142.0,8.7,78.0,5.3,2.0
SITE169,5,34.9,26.5,30.7,154.8,138.0,8.5,79.0,5.3,2.0
SITE169,6,36.0,27.9,32.0,173.3,128.0,8.2,80.0,5.2,2.0
SITE169,7,36.9,28.9,32.9,185.7,135.0,8.0,80.0,5.2,2.0
SITE169,8,37.3,29.1,33.2,167.1,148.0,8.3,80.0,5.2,2.0
SITE169,9,37.2,28.5,32.9,142.4,155.0,8.7,78.0,5.3,2.0
SITE169,10,36.5,27.4,32.0,117.6,165.0,9.0,77.0,5.4,2.0
SITE169,11,35.3,26.1,30.7,105.2,155.0,9.2,77.0,5.4,2.0
SITE169,12,34.1,24.8,29.4,99.1,155.0,9.3,76.0,5.5,2.0
SITE170,1,31.4,22.1,26.7,68.9,149.0,9.3,76.0,5.5,2.0
SITE170,2,31.1,21.7,26.4,64.6,136.0,9.4,76.0,5.5,2.0
SITE170,3,31.3,22.2,26.7,81.8,148.0,9.0,77.0,5.4,2.0
SITE170,4,32.0,23.3,27.7,94.8,136.0,8.7,78.0,5.3,2.0
SITE170,5,33.1,24.7,28.9,107.7,132.0,8.5,79.0,5.3,2.0
SITE170,6,34.3,26.1,30.2,120.6,123.0,8.2,80.0,5.2,2.0
SITE170,7,35.1,27.1,31.1,129.2,130.0,8.0,80.0,5.2,2.0
SITE170,8,35.6,27.3,31.4,116.3,143.0,8.3,80.0,5.2,2.0
SITE170,9,35.4,26.7,31.1,99.1,150.0,8.7,78.0,5.3,2.0
SITE170,10,34.7,25.6,30.2,81.8,159.0,9.0,77.0,5.4,2.0
SITE170,11,33.5,24.3,28.9,73.2,150.0,9.2,77.0,5.4,2.0
SITE170,12,32.3,23.0,27.7,68.9,150.0,9.3,76.0,5.5,2.0
SITE171,1,32.6,23.3,28.0,130.2,152.0,9.3,76.0,5.5,2.0
SITE171,2,32.3,22.9,27.6,122.1,140.0,9.4,76.0,5.5,2.0
SITE171,3,32.5,23.5,28.0,154.7,152.0,9.0,77.0,5.4,2.0
SITE171,4,33.3,24.5,28.9,179.1,140.0,8.7,78.0,5.3,2.0
SITE171,5,34.4,25.9,30.1,203.5,136.0,8.5,79.0,5.3,2.0
SITE171,6,35.5,27.3,31.4,227.9,127.0,8.2,80.0,5.2,2.0
SITE171,7,36.3,28.3,32.3,244.2,134.0,8.0,80.0,5.2,2.0
SITE171,8,36.8,28.5,32.6,219.8,147.0,8.3,80.0,5.2,2.0
SITE171,9,36.6,28.0,32.3,187.2,154.0,8.7,78.0,5.3,2.0
SITE171,10,35.9,26.9,31.4,154.7,163.0,9.0,77.0,5.4,2.0
SITE171,11,34.7,25.5,30.1,138.4,154.0,9.2,77.0,5.4,2.0
SITE171,12,33.5,24.2,28.9,130.2,153.0,9.3,76.0,5.5,2.0
SITE172,1,22.7,12.5,17.6,62.8,143.0,10.3,60.0,6.5,2.5
SITE172,2,22.2,11.9,17.0,58.9,116.0,10.4,60.0,6.5,2.5
SITE172,3,22.6,12.6,17.6,74.6,109.0,10.0,61.0,6.4,2.5
SITE172,4,24.0,14.4,19.2,86.4,84.0,9.6,62.0,6.3,2.5
SITE172,5,26.0,16.7,21.4,98.2,69.0,9.3,63.0,6.3,2.5
SITE172,6,28.0,19.0,23.5,109.9,59.0,9.0,64.0,6.2,2.5
SITE172,7,29.5,20.7,25.1,117.8,67.0,8.8,64.0,6.2,2.5
SITE172,8,30.2,21.1,25.7,106.0,88.0,9.1,64.0,6.2,2.5
SITE172,9,29.9,20.3,25.1,90.3,112.0,9.5,62.0,6.3,2.5
SITE172,10,28.5,18.5,23.5,74.6,140.0,10.0,61.0,6.4,2.5
SITE172,11,26.4,16.3,21.4,66.7,148.0,10.2,61.0,6.4,2.5
SITE172,12,24.3,14.1,19.2,62.8,152.0,10.3,60.0,6.5,2.5
SITE173,1,20.9,9.8,15.3,44.3,139.0,11.1,60.0,6.5,2.5
SITE173,2,20.3,9.0,14.7,41.6,113.0,11.3,60.0,6.5,2.5
SITE173,3,20.7,9.9,15.3,52.6,106.0,10.8,61.0,6.4,2.5
SITE173,4,22.4,11.9,17.2,60.9,82.0,10.5,62.0,6.3,2.5
SITE173,5,24.7,14.6,19.7,69.3,69.0,10.1,63.0,6.3,2.5
SITE173,6,27.1,17.3,22.2,77.6,59.0,9.8,64.0,6.2,2.5
SITE173,7,28.8,19.2,24.0,83.1,68.0,9.6,64.0,6.2,2.5
SITE173,8,29.6,19.7,24.6,74.8,89.0,9.9,64.0,6.2,2.5
SITE173,9,29.2,18.8,24.0,63.7,114.0,10.4,62.0,6.3,2.5
SITE173,10,27.6,16.8,22.2,52.6,141.0,10.8,61.0,6.4,2.5
SITE173,11,25.2,14.1,19.7,47.1,147.0,11.0,61.0,6.4,2.5
SITE173,12,22.7,11.6,17.2,44.3,150.0,11.1,60.0,6.5,2.5
SITE174,1,22.3,11.3,16.8,80.7,144.0,10.9,60.0,6.5,2.5
SITE174,2,21.7,10.6,16.1,75.6,117.0,11.1,60.0,6.5,2.5
SITE174,3,22.1,11.5,16.8,95.8,109.0,10.6,61.0,6.4,2.5
SITE174,4,23.7,13.4,18.6,110.9,85.0,10.3,62.0,6.3,2.5
SITE174,5,26.0,16.0,21.0,126.1,70.0,10.0,63.0,6.3,2.5
SITE174,6,28.2,18.6,23.4,141.2,61.0,9.6,64.0,6.2,2.5
SITE174,7,29.9,20.5,25.2,151.3,69.0,9.4,64.0,6.2,2.5
SITE174,8,30.7,20.9,25.8,136.2,91.0,9.7,64.0,6.2,2.5
SITE174,9,30.3,20.1,25.2,116.0,116.0,10.2,62.0,6.3,2.5
SITE174,10,28.7,18.1,23.4,95.8,144.0,10.6,61.0,6.4,2.5
SITE174,11,26.4,15.6,21.0,85.7,151.0,10.8,61.0,6.4,2.5
SITE174,12,24.0,13.1,18.6,80.7,155.0,10.9,60.0,6.5,2.5
SITE175,1,17.9,7.2,12.6,49.0,125.0,10.7,67.0,6.0,2.5
SITE175,2,17.2,6.3,11.8,45.8,101.0,10.9,66.0,6.0,2.5
SITE175,3,18.2,6.9,12.6,41.1,98.0,11.3,65.0,6.1,2.5
SITE175,4,20.9,8.6,14.7,26.9,82.0,12.4,62.0,6.4,2.5
SITE175,5,24.3,11.1,17.7,15.8,73.0,13.2,60.0,6.5,2.5
SITE175,6,27.7,13.7,20.7,4.7,67.0,14.0,57.0,6.7,2.5
SITE175,7,30.0,15.8,22.9,1.6,79.0,14.3,56.0,6.8,2.5
SITE175,8,30.8,16.6,23.7,3.2,102.0,14.2,57.0,6.7,2.5
SITE175,9,29.6,16.2,22.9,14.2,125.0,13.3,59.0,6.6,2.5
SITE175,10,26.7,14.7,20.7,31.6,143.0,12.0,63.0,6.3,2.5
SITE175,11,23.2,12.2,17.7,44.3,140.0,11.0,66.0,6.1,2.5
SITE175,12,20.2,9.3,14.7,45.8,138.0,10.9,66.0,6.0,2.5
SITE176,1,16.4,5.1,10.8,33.9,121.0,11.3,67.0,6.0,2.5
SITE176,2,15.7,4.1,9.9,31.7,98.0,11.6,66.0,6.0,2.5
SITE176,3,16.8,4.8,10.8,28.4,96.0,12.0,65.0,6.1,2.5
SITE176,4,19.7,6.6,13.2,18.6,81.0,13.1,62.0,6.4,2.5
SITE176,5,23.5,9.4,16.4,10.9,73.0,14.0,60.0,6.5,2.5
SITE176,6,27.2,12.3,19.7,3.3,68.0,14.9,57.0,6.7,2.5
SITE176,7,29.7,14.5,22.1,1.1,80.0,15.2,56.0,6.8,2.5
SITE176,8,30.5,15.5,23.0,2.2,104.0,15.1,57.0,6.7,2.5
SITE176,9,29.2,15.1,22.1,9.8,127.0,14.2,59.0,6.6,2.5
SITE176,10,26.1,13.4,19.7,21.9,144.0,12.7,63.0,6.3,2.5
SITE176,11,22.3,10.6,16.4,30.6,139.0,11.7,66.0,6.1,2.5
SITE176,12,19.0,7.4,13.2,31.7,136.0,11.6,66.0,6.0,2.5
SITE177,1,16.2,4.8,10.5,62.8,120.0,11.4,67.0,6.0,2.5
SITE177,2,15.4,3.8,9.6,58.7,97.0,11.6,66.0,6.0,2.5
SITE177,3,16.5,4.5,10.5,52.6,95.0,12.0,65.0,6.1,2.5
SITE177,4,19.5,6.3,12.9,34.4,80.0,13.2,62.0,6.4,2.5
SITE177,5,23.2,9.2,16.2,20.2,73.0,14.1,60.0,6.5,2.5
SITE177,6,27.0,12.0,19.5,6.1,68.0,15.0,57.0,6.7,2.5
SITE177,7,29.5,14.3,21.9,2.0,80.0,15.2,56.0,6.8,2.5
SITE177,8,30.3,15.2,22.8,4.0,104.0,15.1,57.0,6.7,2.5
SITE177,9,29.0,14.8,21.9,18.2,126.0,14.2,59.0,6.6,2.5
SITE177,10,25.9,13.1,19.5,40.5,143.0,12.8,63.0,6.3,2.5
SITE177,11,22.1,10.3,16.2,56.7,138.0,11.8,66.0,6.1,2.5
SITE177,12,18.7,7.1,12.9,58.7,135.0,11.6,66.0,6.0,2.5
SITE178,1,16.1,6.1,11.1,40.6,69.0,10.0,60.0,6.5,2.5
SITE178,2,16.7,6.6,11.7,38.1,74.0,10.1,60.0,6.5,2.5
SITE178,3,18.0,8.3,13.2,48.2,96.0,9.7,61.0,6.4,2.5
SITE178,4,19.9,10.5,15.2,55.8,108.0,9.4,62.0,6.3,2.5
SITE178,5,21.8,12.7,17.3,63.4,122.0,9.1,63.0,6.3,2.5
SITE178,6,23.2,14.4,18.8,71.0,122.0,8.8,64.0,6.2,2.5
SITE178,7,23.7,15.0,19.4,76.1,125.0,8.6,64.0,6.2,2.5
SITE178,8,23.3,14.3,18.8,68.5,122.0,8.9,64.0,6.2,2.5
SITE178,9,21.9,12.6,17.3,58.4,107.0,9.3,62.0,6.3,2.5
SITE178,10,20.1,10.4,15.2,48.2,94.0,9.7,61.0,6.4,2.5
SITE178,11,18.1,8.2,13.2,43.1,74.0,9.9,61.0,6.4,2.5
SITE178,12,16.7,6.6,11.7,40.6,68.0,10.0,60.0,6.5,2.5
SITE179,1,14.5,3.6,9.0,28.1,67.0,10.8,60.0,6.5,2.5
SITE179,2,15.1,4.2,9.7,26.3,72.0,11.0,60.0,6.5,2.5
SITE179,3,16.7,6.1,11.4,33.3,95.0,10.5,61.0,6.4,2.5
SITE179,4,18.9,8.7,13.8,38.6,108.0,10.2,62.0,6.3,2.5
SITE179,5,21.1,11.2,16.2,43.9,122.0,9.9,63.0,6.3,2.5
SITE179,6,22.7,13.1,17.9,49.1,123.0,9.5,64.0,6.2,2.5
SITE179,7,23.2,13.9,18.6,52.6,127.0,9.3,64.0,6.2,2.5
SITE179,8,22.7,13.1,17.9,47.4,124.0,9.7,64.0,6.2,2.5
SITE179,9,21.2,11.1,16.2,40.4,108.0,10.1,62.0,6.3,2.5
SITE179,10,19.1,8.5,13.8,33.3,93.0,10.5,61.0,6.4,2.5
SITE179,11,16.8,6.0,11.4,29.8,73.0,10.7,61.0,6.4,2.5
SITE179,12,15.1,4.2,9.7,28.1,66.0,10.8,60.0,6.5,2.5
SITE180,1,14.5,3.6,9.0,53.0,68.0,10.8,60.0,6.5,2.5
SITE180,2,15.1,4.2,9.7,49.7,72.0,11.0,60.0,6.5,2.5
SITE180,3,16.7,6.1,11.4,62.9,95.0,10.5,61.0,6.4,2.5
SITE180,4,18.9,8.7,13.8,72.8,108.0,10.2,62.0,6.3,2.5
SITE180,5,21.1,11.2,16.2,82.8,122.0,9.9,63.0,6.3,2.5
SITE180,6,22.7,13.1,17.9,92.7,123.0,9.5,64.0,6.2,2.5
SITE180,7,23.2,13.9,18.6,99.3,127.0,9.3,64.0,6.2,2.5
SITE180,8,22.7,13.1,17.9,89.4,124.0,9.7,64.0,6.2,2.5
SITE180,9,21.2,11.1,16.2,76.2,108.0,10.1,62.0,6.3,2.5
SITE180,10,19.1,8.5,13.8,62.9,94.0,10.5,61.0,6.4,2.5
SITE180,11,16.8,6.0,11.4,56.3,73.0,10.7,61.0,6.4,2.5
SITE180,12,15.1,4.2,9.7,53.0,66.0,10.8,60.0,6.5,2.5
SITE181,1,10.8,-8.1,1.4,47.9,34.0,18.9,56.0,6.0,2.7
SITE181,2,12.3,-6.8,2.8,43.6,45.0,19.1,56.0,6.0,2.7
SITE181,3,15.9,-2.8,6.6,52.3,81.0,18.7,56.0,6.0,2.7
SITE181,4,20.7,2.8,11.8,69.7,120.0,17.9,58.0,5.9,2.7
SITE181,5,25.5,8.5,17.0,87.1,166.0,17.1,59.0,5.8,2.7
SITE181,6,28.8,12.8,20.8,108.9,182.0,16.1,61.0,5.6,2.7
SITE181,7,30.0,14.4,22.2,117.6,188.0,15.7,61.0,5.6,2.7
SITE181,8,29.0,12.7,20.8,104.5,165.0,16.3,60.0,5.7,2.7
SITE181,9,25.5,8.5,17.0,87.1,118.0,17.1,59.0,5.8,2.7
SITE181,10,20.7,2.8,11.8,69.7,78.0,17.9,58.0,5.9,2.7
SITE181,11,15.8,-2.7,6.6,56.6,45.0,18.5,57.0,6.0,2.7
SITE181,12,12.2,-6.7,2.8,47.9,32.0,18.9,56.0,6.0,2.7
SITE182,1,9.1,-10.2,-0.5,33.6,31.0,19.3,56.0,6.0,2.7
SITE182,2,10.7,-8.8,1.0,30.5,42.0,19.5,56.0,6.0,2.7
SITE182,3,14.5,-4.6,5.0,36.6,77.0,19.1,56.0,6.0,2.7
SITE182,4,19.6,1.4,10.5,48.9,117.0,18.3,58.0,5.9,2.7
SITE182,5,24.7,7.3,16.0,61.1,163.0,17.5,59.0,5.8,2.7
SITE182,6,28.3,11.8,20.1,76.3,181.0,16.4,61.0,5.6,2.7
SITE182,7,29.5,13.5,21.5,82.4,187.0,16.0,61.0,5.6,2.7
SITE182,8,28.4,11.7,20.1,73.3,163.0,16.6,60.0,5.7,2.7
SITE182,9,24.7,7.3,16.0,61.1,116.0,17.5,59.0,5.8,2.7
SITE182,10,19.6,1.4,10.5,48.9,76.0,18.3,58.0,5.9,2.7
SITE182,11,14.4,-4.5,5.0,39.7,42.0,18.9,57.0,6.0,2.7
SITE182,12,10.6,-8.7,1.0,33.6,30.0,19.3,56.0,6.0,2.7
SITE183,1,9.2,-10.1,-0.4,62.5,31.0,19.3,56.0,6.0,2.7
SITE183,2,10.8,-8.7,1.0,56.8,42.0,19.5,56.0,6.0,2.7
SITE183,3,14.6,-4.5,5.1,68.1,77.0,19.1,56.0,6.0,2.7
SITE183,4,19.7,1.4,10.6,90.8,117.0,18.3,58.0,5.9,2.7
SITE183,5,24.8,7.3,16.1,113.6,163.0,17.5,59.0,5.8,2.7
SITE183,6,28.3,11.9,20.1,142.0,181.0,16.4,61.0,5.6,2.7
SITE183,7,29.5,13.5,21.5,153.3,187.0,16.0,61.0,5.6,2.7
SITE183,8,28.4,11.8,20.1,136.3,163.0,16.6,60.0,5.7,2.7
SITE183,9,24.8,7.3,16.1,113.6,117.0,17.5,59.0,5.8,2.7
SITE183,10,19.7,1.4,10.6,90.8,76.0,18.3,58.0,5.9,2.7
SITE183,11,14.5,-4.4,5.1,73.8,43.0,18.9,57.0,6.0,2.7
SITE183,12,10.7,-8.6,1.0,62.5,30.0,19.3,56.0,6.0,2.7
SITE184,1,20.8,8.2,14.5,42.9,57.0,12.6,67.0,6.0,2.5
SITE184,2,22.0,9.1,15.6,40.2,70.0,12.9,66.0,6.0,2.5
SITE184,3,25.1,11.7,18.4,36.0,111.0,13.4,65.0,6.1,2.5
SITE184,4,29.6,14.9,22.2,23.6,153.0,14.6,62.0,6.4,2.5
SITE184,5,33.9,18.3,26.1,13.9,202.0,15.6,60.0,6.5,2.5
SITE184,6,37.3,20.6,28.9,4.2,224.0,16.6,57.0,6.7,2.5
SITE184,7,38.4,21.5,30.0,1.4,233.0,16.9,56.0,6.8,2.5
SITE184,8,37.3,20.5,28.9,2.8,207.0,16.8,57.0,6.7,2.5
SITE184,9,34.0,18.2,26.1,12.5,153.0,15.8,59.0,6.6,2.5
SITE184,10,29.4,15.1,22.2,27.7,107.0,14.2,63.0,6.3,2.5
SITE184,11,24.9,11.8,18.4,38.8,67.0,13.1,66.0,6.1,2.5
SITE184,12,22.0,9.1,15.6,40.2,55.0,12.9,66.0,6.0,2.5
SITE185,1,18.8,5.4,12.1,29.5,54.0,13.4,67.0,6.0,2.5
SITE185,2,20.0,6.3,13.2,27.6,66.0,13.7,66.0,6.0,2.5
SITE185,3,23.3,9.2,16.3,24.7,107.0,14.2,65.0,6.1,2.5
SITE185,4,28.2,12.7,20.5,16.2,151.0,15.5,62.0,6.4,2.5
SITE185,5,32.9,16.4,24.7,9.5,201.0,16.6,60.0,6.5,2.5
SITE185,6,36.5,18.9,27.7,2.9,225.0,17.6,57.0,6.7,2.5
SITE185,7,37.8,19.9,28.9,1.0,235.0,17.9,56.0,6.8,2.5
SITE185,8,36.6,18.8,27.7,1.9,208.0,17.8,57.0,6.7,2.5
SITE185,9,33.0,16.3,24.7,8.6,152.0,16.7,59.0,6.6,2.5
SITE185,10,28.0,12.9,20.5,19.0,105.0,15.1,63.0,6.3,2.5
SITE185,11,23.2,9.3,16.3,26.6,65.0,13.9,66.0,6.1,2.5
SITE185,12,20.0,6.3,13.2,27.6,52.0,13.7,66.0,6.0,2.5
SITE186,1,19.2,5.9,12.5,53.5,55.0,13.3,67.0,6.0,2.5
SITE186,2,20.5,6.8,13.7,50.1,67.0,13.6,66.0,6.0,2.5
SITE186,3,23.7,9.7,16.7,44.9,108.0,14.1,65.0,6.1,2.5
SITE186,4,28.6,13.2,20.9,29.4,152.0,15.4,62.0,6.4,2.5
SITE186,5,33.3,16.8,25.0,17.3,202.0,16.5,60.0,6.5,2.5
SITE186,6,36.8,19.3,28.1,5.2,225.0,17.5,57.0,6.7,2.5
SITE186,7,38.1,20.3,29.2,1.7,236.0,17.8,56.0,6.8,2.5
SITE186,8,36.9,19.2,28.1,3.5,209.0,17.7,57.0,6.7,2.5
SITE186,9,33.3,16.7,25.0,15.5,153.0,16.6,59.0,6.6,2.5
SITE186,10,28.3,13.4,20.9,34.5,105.0,15.0,63.0,6.3,2.5
SITE186,11,23.6,9.8,16.7,48.4,66.0,13.8,66.0,6.1,2.5
SITE186,12,20.5,6.8,13.7,50.1,53.0,13.6,66.0,6.0,2.5
SITE187,1,13.6,-3.6,5.0,63.5,52.0,17.2,41.0,8.3,3.2
SITE187,2,15.1,-2.3,6.4,60.8,63.0,17.4,41.0,8.3,3.2
SITE187,3,18.3,2.0,10.1,80.1,98.0,16.3,44.0,8.1,3.2
SITE187,4,23.8,6.7,15.3,66.3,139.0,17.0,42.0,8.3,3.2
SITE187,5,29.9,10.8,20.4,30.4,194.0,19.1,36.0,8.7,3.2
SITE187,6,34.1,14.1,24.1,5.5,219.0,20.0,33.0,8.9,3.2
SITE187,7,35.5,15.5,25.5,1.4,229.0,20.0,32.0,9.0,3.2
SITE187,8,34.1,14.1,24.1,1.4,205.0,20.0,32.0,9.0,3.2
SITE187,9,30.4,10.4,20.4,4.1,155.0,20.0,33.0,9.0,3.2
SITE187,10,25.1,5.4,15.3,19.3,110.0,19.8,35.0,8.8,3.2
SITE187,11,18.7,1.6,10.1,66.3,65.0,17.0,42.0,8.3,3.2
SITE187,12,14.1,-1.3,6.4,93.9,48.0,15.5,46.0,8.0,3.2
SITE188,1,12.0,-5.9,3.1,44.8,49.0,17.8,41.0,8.3,3.2
SITE188,2,13.5,-4.5,4.5,42.9,59.0,18.0,41.0,8.3,3.2
SITE188,3,16.9,0.1,8.5,56.5,94.0,16.8,44.0,8.1,3.2
SITE188,4,22.7,5.1,13.9,46.8,136.0,17.6,42.0,8.3,3.2
SITE188,5,29.3,9.5,19.4,21.4,192.0,19.8,36.0,8.7,3.2
SITE188,6,33.3,13.3,23.3,3.9,215.0,20.0,33.0,8.9,3.2
SITE188,7,34.8,14.8,24.8,1.0,226.0,20.0,32.0,9.0,3.2
SITE188,8,33.3,13.3,23.3,1.0,202.0,20.0,32.0,9.0,3.2
SITE188,9,29.4,9.4,19.4,2.9,151.0,20.0,33.0,9.0,3.2
SITE188,10,23.9,3.9,13.9,13.6,107.0,20.0,35.0,8.8,3.2
SITE188,11,17.3,-0.3,8.5,46.8,63.0,17.6,42.0,8.3,3.2
SITE188,12,12.5,-3.5,4.5,66.3,46.0,16.0,46.0,8.0,3.2
SITE189,1,13.2,-4.6,4.3,80.7,51.0,17.8,41.0,8.3,3.2
SITE189,2,14.7,-3.2,5.8,77.2,62.0,18.0,41.0,8.3,3.2
SITE189,3,18.1,1.3,9.7,101.7,98.0,16.8,44.0,8.1,3.2
SITE189,4,23.9,6.2,15.0,84.2,140.0,17.6,42.0,8.3,3.2
SITE189,5,30.3,10.5,20.4,38.6,198.0,19.8,36.0,8.7,3.2
SITE189,6,34.3,14.3,24.3,7.0,220.0,20.0,33.0,8.9,3.2
SITE189,7,35.8,15.8,25.8,1.8,231.0,20.0,32.0,9.0,3.2
SITE189,8,34.3,14.3,24.3,1.8,206.0,20.0,32.0,9.0,3.2
SITE189,9,30.4,10.4,20.4,5.3,155.0,20.0,33.0,9.0,3.2
SITE189,10,25.0,5.0,15.0,24.5,110.0,20.0,35.0,8.8,3.2
SITE189,11,18.5,0.9,9.7,84.2,65.0,17.6,42.0,8.3,3.2
SITE189,12,13.8,-2.2,5.8,119.2,48.0,16.0,46.0,8.0,3.2
SITE190,1,13.4,-3.1,5.1,24.7,29.0,16.5,41.0,8.3,3.2
SITE190,2,14.7,-1.9,6.4,23.7,42.0,16.7,41.0,8.3,3.2
SITE190,3,17.7,2.2,9.9,31.2,76.0,15.6,44.0,8.1,3.2
SITE190,4,23.0,6.6,14.8,25.8,121.0,16.4,42.0,8.3,3.2
SITE190,5,28.8,10.5,19.6,11.8,182.0,18.3,36.0,8.7,3.2
SITE190,6,33.0,13.3,23.2,2.2,214.0,19.7,33.0,8.9,3.2
SITE190,7,34.4,14.5,24.5,0.5,222.0,19.9,32.0,9.0,3.2
SITE190,8,33.1,13.2,23.2,0.5,187.0,19.9,32.0,9.0,3.2
SITE190,9,29.5,9.7,19.6,1.6,127.0,19.8,33.0,9.0,3.2
SITE190,10,24.3,5.3,14.8,7.5,77.0,18.9,35.0,8.8,3.2
SITE190,11,18.1,1.8,9.9,25.8,38.0,16.4,42.0,8.3,3.2
SITE190,12,13.8,-1.0,6.4,36.6,25.0,14.8,46.0,8.0,3.2
SITE191,1,11.6,-5.7,2.9,16.1,28.0,17.3,41.0,8.3,3.2
SITE191,2,13.0,-4.4,4.3,15.4,40.0,17.5,41.0,8.3,3.2
SITE191,3,16.3,-0.1,8.1,20.3,73.0,16.3,44.0,8.1,3.2
SITE191,4,21.8,4.7,13.2,16.8,118.0,17.1,42.0,8.3,3.2
SITE191,5,28.0,8.8,18.4,7.7,180.0,19.2,36.0,8.7,3.2
SITE191,6,32.2,12.2,22.2,1.4,211.0,20.0,33.0,8.9,3.2
SITE191,7,33.6,13.6,23.6,0.4,218.0,20.0,32.0,9.0,3.2
SITE191,8,32.2,12.2,22.2,0.4,183.0,20.0,32.0,9.0,3.2
SITE191,9,28.4,8.4,18.4,1.1,124.0,20.0,33.0,9.0,3.2
SITE191,10,23.2,3.3,13.3,4.9,76.0,19.9,35.0,8.8,3.2
SITE191,11,16.7,-0.5,8.1,16.8,37.0,17.1,42.0,8.3,3.2
SITE191,12,12.1,-3.5,4.3,23.8,24.0,15.5,46.0,8.0,3.2
SITE192,1,13.1,-4.0,4.5,34.4,29.0,17.1,41.0,8.3,3.2
SITE192,2,14.5,-2.8,5.9,32.9,42.0,17.3,41.0,8.3,3.2
SITE192,3,17.7,1.5,9.6,43.4,77.0,16.2,44.0,8.1,3.2
SITE192,4,23.1,6.2,14.7,35.9,123.0,17.0,42.0,8.3,3.2
SITE192,5,29.3,10.2,19.8,16.5,186.0,19.0,36.0,8.7,3.2
SITE192,6,33.5,13.5,23.5,3.0,217.0,20.0,33.0,8.9,3.2
SITE192,7,34.8,14.8,24.8,0.7,225.0,20.0,32.0,9.0,3.2
SITE192,8,33.5,13.5,23.5,0.7,189.0,20.0,32.0,9.0,3.2
SITE192,9,29.8,9.8,19.8,2.2,129.0,20.0,33.0,9.0,3.2
SITE192,10,24.5,4.8,14.7,10.5,79.0,19.6,35.0,8.8,3.2
SITE192,11,18.1,1.1,9.6,35.9,39.0,17.0,42.0,8.3,3.2
SITE192,12,13.6,-1.8,5.9,50.9,26.0,15.4,46.0,8.0,3.2
SITE193,1,0.8,-18.5,-8.9,19.3,9.0,19.3,56.0,6.0,2.7
SITE193,2,2.6,-17.0,-7.2,17.6,16.0,19.5,56.0,6.0,2.7
SITE193,3,6.9,-12.2,-2.7,21.1,40.0,19.1,56.0,6.0,2.7
SITE193,4,12.6,-5.7,3.5,28.1,79.0,18.3,58.0,5.9,2.7
SITE193,5,18.4,0.9,9.6,35.1,127.0,17.5,59.0,5.8,2.7
SITE193,6,22.4,6.0,14.2,43.9,152.0,16.4,61.0,5.6,2.7
SITE193,7,23.8,7.8,15.8,47.4,156.0,16.0,61.0,5.6,2.7
SITE193,8,22.5,5.9,14.2,42.1,128.0,16.6,60.0,5.7,2.7
SITE193,9,18.4,0.9,9.6,35.1,79.0,17.5,59.0,5.8,2.7
SITE193,10,12.6,-5.7,3.5,28.1,41.0,18.3,58.0,5.9,2.7
SITE193,11,6.8,-12.1,-2.7,22.8,16.0,18.9,57.0,6.0,2.7
SITE193,12,2.5,-16.9,-7.2,19.3,8.0,19.3,56.0,6.0,2.7
SITE194,1,-0.9,-20.2,-10.5,12.9,7.0,19.3,56.0,6.0,2.7
SITE194,2,1.0,-18.6,-8.8,11.7,14.0,19.5,56.0,6.0,2.7
SITE194,3,5.5,-13.6,-4.1,14.0,37.0,19.1,56.0,6.0,2.7
SITE194,4,11.5,-6.7,2.4,18.7,75.0,18.3,58.0,5.9,2.7
SITE194,5,17.6,0.1,8.9,23.4,124.0,17.5,59.0,5.8,2.7
SITE194,6,21.8,5.4,13.6,29.3,149.0,16.4,61.0,5.6,2.7
SITE194,7,23.3,7.3,15.3,31.6,154.0,16.0,61.0,5.6,2.7
SITE194,8,21.9,5.3,13.6,28.1,126.0,16.6,60.0,5.7,2.7
SITE194,9,17.6,0.1,8.9,23.4,77.0,17.5,59.0,5.8,2.7
SITE194,10,11.5,-6.7,2.4,18.7,39.0,18.3,58.0,5.9,2.7
SITE194,11,5.4,-13.5,-4.1,15.2,15.0,18.9,57.0,6.0,2.7
SITE194,12,0.9,-18.5,-8.8,12.9,7.0,19.3,56.0,6.0,2.7
SITE195,1,-1.7,-21.0,-11.3,25.1,6.0,19.3,56.0,6.0,2.7
SITE195,2,0.2,-19.3,-9.6,22.8,12.0,19.5,56.0,6.0,2.7
SITE195,3,4.7,-14.4,-4.8,27.4,35.0,19.1,56.0,6.0,2.7
SITE195,4,10.8,-7.5,1.7,36.5,72.0,18.3,58.0,5.9,2.7
SITE195,5,16.9,-0.5,8.2,45.7,121.0,17.5,59.0,5.8,2.7
SITE195,6,21.2,4.8,13.0,57.1,146.0,16.4,61.0,5.6,2.7
SITE195,7,22.7,6.7,14.7,61.6,151.0,16.0,61.0,5.6,2.7
SITE195,8,21.3,4.6,13.0,54.8,123.0,16.6,60.0,5.7,2.7
SITE195,9,16.9,-0.5,8.2,45.7,75.0,17.5,59.0,5.8,2.7
SITE195,10,10.8,-7.5,1.7,36.5,38.0,18.3,58.0,5.9,2.7
SITE195,11,4.6,-14.3,-4.8,29.7,14.0,18.9,57.0,6.0,2.7
SITE195,12,0.1,-19.2,-9.6,25.1,7.0,19.3,56.0,6.0,2.7
SITE196,1,15.4,6.1,10.7,48.8,25.0,9.3,62.0,6.4,2.5
SITE196,2,16.0,6.7,11.4,48.8,35.0,9.3,62.0,6.4,2.5
SITE196,3,17.7,8.4,13.1,48.8,63.0,9.3,62.0,6.4,2.5
SITE196,4,20.1,10.8,15.4,48.8,92.0,9.3,62.0,6.4,2.5
SITE196,5,22.4,13.2,17.8,48.8,122.0,9.3,62.0,6.4,2.5
SITE196,6,24.2,14.9,19.5,48.8,134.0,9.3,62.0,6.4,2.5
SITE196,7,24.8,15.5,20.2,48.8,136.0,9.3,62.0,6.4,2.5
SITE196,8,24.2,14.9,19.5,48.8,115.0,9.3,62.0,6.4,2.5
SITE196,9,22.4,13.2,17.8,48.8,81.0,9.3,62.0,6.4,2.5
SITE196,10,20.1,10.8,15.4,48.8,52.0,9.3,62.0,6.4,2.5
SITE196,11,17.7,8.4,13.1,48.8,30.0,9.3,62.0,6.4,2.5
SITE196,12,16.0,6.7,11.4,48.8,22.0,9.3,62.0,6.4,2.5
SITE197,1,14.4,4.5,9.4,35.2,25.0,9.9,62.0,6.4,2.5
SITE197,2,15.1,5.2,10.1,35.2,35.0,9.9,62.0,6.4,2.5
SITE197,3,17.0,7.1,12.1,35.2,63.0,9.9,62.0,6.4,2.5
SITE197,4,19.7,9.8,14.7,35.2,93.0,9.9,62.0,6.4,2.5
SITE197,5,22.3,12.4,17.4,35.2,125.0,9.9,62.0,6.4,2.5
SITE197,6,24.3,14.3,19.3,35.2,137.0,9.9,62.0,6.4,2.5
SITE197,7,25.0,15.1,20.0,35.2,140.0,9.9,62.0,6.4,2.5
SITE197,8,24.3,14.3,19.3,35.2,118.0,9.9,62.0,6.4,2.5
SITE197,9,22.3,12.4,17.4,35.2,82.0,9.9,62.0,6.4,2.5
SITE197,10,19.7,9.8,14.7,35.2,53.0,9.9,62.0,6.4,2.5
SITE197,11,17.0,7.1,12.1,35.2,30.0,9.9,62.0,6.4,2.5
SITE197,12,15.1,5.2,10.1,35.2,22.0,9.9,62.0,6.4,2.5
SITE198,1,13.5,3.4,8.5,64.8,24.0,10.0,62.0,6.4,2.5
SITE198,2,14.2,4.2,9.2,64.8,34.0,10.0,62.0,6.4,2.5
SITE198,3,16.2,6.1,11.2,64.8,62.0,10.0,62.0,6.4,2.5
SITE198,4,18.9,8.8,13.9,64.8,91.0,10.0,62.0,6.4,2.5
SITE198,5,21.6,11.5,16.6,64.8,123.0,10.0,62.0,6.4,2.5
SITE198,6,23.6,13.5,18.5,64.8,135.0,10.0,62.0,6.4,2.5
SITE198,7,24.3,14.2,19.3,64.8,138.0,10.0,62.0,6.4,2.5
SITE198,8,23.6,13.5,18.5,64.8,117.0,10.0,62.0,6.4,2.5
SITE198,9,21.6,11.5,16.6,64.8,81.0,10.0,62.0,6.4,2.5
SITE198,10,18.9,8.8,13.9,64.8,52.0,10.0,62.0,6.4,2.5
SITE198,11,16.2,6.1,11.2,64.8,29.0,10.0,62.0,6.4,2.5
SITE198,12,14.2,4.2,9.2,64.8,21.0,10.0,62.0,6.4,2.5
SITE199,1,17.3,3.6,10.5,43.0,37.0,13.7,60.0,6.5,2.5
SITE199,2,18.3,4.5,11.4,40.3,50.0,13.9,60.0,6.5,2.5
SITE199,3,20.6,7.3,14.0,51.0,85.0,13.3,61.0,6.4,2.5
SITE199,4,23.9,11.0,17.4,59.1,119.0,12.9,62.0,6.3,2.5
SITE199,5,27.2,14.7,20.9,67.1,156.0,12.5,63.0,6.3,2.5
SITE199,6,29.5,17.4,23.5,75.2,169.0,12.1,64.0,6.2,2.5
SITE199,7,30.3,18.5,24.4,80.5,171.0,11.8,64.0,6.2,2.5
SITE199,8,29.6,17.4,23.5,72.5,150.0,12.2,64.0,6.2,2.5
SITE199,9,27.3,14.5,20.9,61.8,109.0,12.8,62.0,6.3,2.5
SITE199,10,24.1,10.8,17.4,51.0,75.0,13.3,61.0,6.4,2.5
SITE199,11,20.8,7.2,14.0,45.6,45.0,13.6,61.0,6.4,2.5
SITE199,12,18.3,4.5,11.4,43.0,34.0,13.7,60.0,6.5,2.5
SITE200,1,15.7,1.1,8.4,30.5,36.0,14.6,60.0,6.5,2.5
SITE200,2,16.8,2.1,9.4,28.6,48.0,14.7,60.0,6.5,2.5
SITE200,3,19.3,5.1,12.2,36.2,82.0,14.1,61.0,6.4,2.5
SITE200,4,22.9,9.2,16.0,41.9,117.0,13.7,62.0,6.3,2.5
SITE200,5,26.4,13.2,19.8,47.7,156.0,13.2,63.0,6.3,2.5
SITE200,6,29.0,16.2,22.6,53.4,170.0,12.8,64.0,6.2,2.5
SITE200,7,29.9,17.4,23.6,57.2,173.0,12.5,64.0,6.2,2.5
SITE200,8,29.1,16.1,22.6,51.5,151.0,13.0,64.0,6.2,2.5
SITE200,9,26.6,13.0,19.8,43.9,109.0,13.5,62.0,6.3,2.5
SITE200,10,23.1,8.9,16.0,36.2,74.0,14.1,61.0,6.4,2.5
SITE200,11,19.4,5.0,12.2,32.4,43.0,14.4,61.0,6.4,2.5
SITE200,12,16.7,2.1,9.4,30.5,33.0,14.6,60.0,6.5,2.5
SITE201,1,16.0,1.6,8.8,56.0,36.0,14.5,60.0,6.5,2.5
SITE201,2,17.1,2.5,9.8,52.5,48.0,14.6,60.0,6.5,2.5
SITE201,3,19.6,5.5,12.6,66.5,83.0,14.0,61.0,6.4,2.5
SITE201,4,23.1,9.5,16.3,77.0,118.0,13.6,62.0,6.3,2.5
SITE201,5,26.7,13.5,20.1,87.5,157.0,13.2,63.0,6.3,2.5
SITE201,6,29.2,16.5,22.8,98.1,171.0,12.7,64.0,6.2,2.5
SITE201,7,30.1,17.6,23.9,105.1,174.0,12.4,64.0,6.2,2.5
SITE201,8,29.3,16.4,22.8,94.6,151.0,12.9,64.0,6.2,2.5
SITE201,9,26.8,13.4,20.1,80.5,110.0,13.4,62.0,6.3,2.5
SITE201,10,23.3,9.3,16.3,66.5,74.0,14.0,61.0,6.4,2.5
SITE201,11,19.7,5.4,12.6,59.5,43.0,14.3,61.0,6.4,2.5
SITE201,12,17.0,2.6,9.8,56.0,33.0,14.5,60.0,6.5,2.5
SITE202,1,22.3,10.9,16.6,82.1,56.0,11.3,67.0,6.0,2.5
SITE202,2,23.3,11.7,17.5,76.8,69.0,11.6,66.0,6.0,2.5
SITE202,3,25.9,13.9,19.9,68.9,108.0,12.0,65.0,6.1,2.5
SITE202,4,29.7,16.6,23.2,45.0,148.0,13.1,62.0,6.4,2.5
SITE202,5,33.4,19.4,26.4,26.5,192.0,14.0,60.0,6.5,2.5
SITE202,6,36.3,21.4,28.8,7.9,212.0,14.9,57.0,6.7,2.5
SITE202,7,37.3,22.1,29.7,2.6,220.0,15.2,56.0,6.8,2.5
SITE202,8,36.4,21.3,28.8,5.3,195.0,15.1,57.0,6.7,2.5
SITE202,9,33.5,19.4,26.4,23.8,145.0,14.2,59.0,6.6,2.5
SITE202,10,29.5,16.8,23.2,53.0,102.0,12.7,63.0,6.3,2.5
SITE202,11,25.7,14.0,19.9,74.2,65.0,11.7,66.0,6.1,2.5
SITE202,12,23.3,11.7,17.5,76.8,53.0,11.6,66.0,6.0,2.5
SITE203,1,20.5,8.5,14.5,59.0,54.0,12.1,67.0,6.0,2.5
SITE203,2,21.6,9.3,15.5,55.2,66.0,12.3,66.0,6.0,2.5
SITE203,3,24.5,11.7,18.1,49.5,106.0,12.7,65.0,6.1,2.5
SITE203,4,28.7,14.7,21.7,32.3,147.0,14.0,62.0,6.4,2.5
SITE203,5,32.8,17.9,25.3,19.0,193.0,14.9,60.0,6.5,2.5
SITE203,6,35.9,20.0,28.0,5.7,214.0,15.9,57.0,6.7,2.5
SITE203,7,37.0,20.8,28.9,1.9,223.0,16.1,56.0,6.8,2.5
SITE203,8,36.0,20.0,28.0,3.8,197.0,16.0,57.0,6.7,2.5
SITE203,9,32.8,17.8,25.3,17.1,145.0,15.0,59.0,6.6,2.5
SITE203,10,28.5,14.9,21.7,38.0,100.0,13.6,63.0,6.3,2.5
SITE203,11,24.3,11.9,18.1,53.3,63.0,12.5,66.0,6.1,2.5
SITE203,12,21.6,9.3,15.5,55.2,51.0,12.3,66.0,6.0,2.5
SITE204,1,20.4,8.4,14.4,109.8,54.0,12.1,67.0,6.0,2.5
SITE204,2,21.5,9.2,15.4,102.7,66.0,12.3,66.0,6.0,2.5
SITE204,3,24.4,11.6,18.0,92.1,106.0,12.7,65.0,6.1,2.5
SITE204,4,28.6,14.6,21.6,60.2,146.0,14.0,62.0,6.4,2.5
SITE204,5,32.7,17.8,25.2,35.4,193.0,14.9,60.0,6.5,2.5
SITE204,6,35.8,19.9,27.9,10.6,214.0,15.9,57.0,6.7,2.5
SITE204,7,36.9,20.7,28.8,3.5,222.0,16.1,56.0,6.8,2.5
SITE204,8,35.9,19.9,27.9,7.1,197.0,16.0,57.0,6.7,2.5
SITE204,9,32.7,17.7,25.2,31.9,145.0,15.0,59.0,6.6,2.5
SITE204,10,28.4,14.8,21.6,70.8,101.0,13.6,63.0,6.3,2.5
SITE204,11,24.2,11.8,18.0,99.2,63.0,12.5,66.0,6.1,2.5
SITE204,12,21.5,9.2,15.4,102.7,51.0,12.3,66.0,6.0,2.5
SITE205,1,19.3,7.9,13.6,68.0,45.0,11.3,67.0,6.0,2.5
SITE205,2,20.3,8.7,14.5,63.7,57.0,11.6,66.0,6.0,2.5
SITE205,3,22.9,10.9,16.9,57.1,94.0,12.0,65.0,6.1,2.5
SITE205,4,26.7,13.6,20.2,37.3,134.0,13.1,62.0,6.4,2.5
SITE205,5,30.4,16.4,23.4,22.0,178.0,14.0,60.0,6.5,2.5
SITE205,6,33.3,18.4,25.8,6.6,199.0,14.9,57.0,6.7,2.5
SITE205,7,34.3,19.1,26.7,2.2,206.0,15.2,56.0,6.8,2.5
SITE205,8,33.4,18.3,25.8,4.4,180.0,15.1,57.0,6.7,2.5
SITE205,9,30.5,16.4,23.4,19.8,130.0,14.2,59.0,6.6,2.5
SITE205,10,26.5,13.8,20.2,43.9,87.0,12.7,63.0,6.3,2.5
SITE205,11,22.7,11.0,16.9,61.5,53.0,11.7,66.0,6.1,2.5
SITE205,12,20.3,8.7,14.5,63.7,42.0,11.6,66.0,6.0,2.5
SITE206,1,17.4,5.4,11.4,48.5,43.0,12.1,67.0,6.0,2.5
SITE206,2,18.5,6.2,12.4,45.4,55.0,12.3,66.0,6.0,2.5
SITE206,3,21.4,8.6,15.0,40.7,92.0,12.7,65.0,6.1,2.5
SITE206,4,25.6,11.6,18.6,26.6,132.0,14.0,62.0,6.4,2.5
SITE206,5,29.7,14.8,22.2,15.7,178.0,14.9,60.0,6.5,2.5
SITE206,6,32.8,16.9,24.9,4.7,200.0,15.9,57.0,6.7,2.5
SITE206,7,33.9,17.7,25.8,1.6,208.0,16.1,56.0,6.8,2.5
SITE206,8,32.9,16.9,24.9,3.1,181.0,16.0,57.0,6.7,2.5
SITE206,9,29.7,14.7,22.2,14.1,130.0,15.0,59.0,6.6,2.5
SITE206,10,25.4,11.8,18.6,31.3,87.0,13.6,63.0,6.3,2.5
SITE206,11,21.2,8.8,15.0,43.8,52.0,12.5,66.0,6.1,2.5
SITE206,12,18.5,6.2,12.4,45.4,41.0,12.3,66.0,6.0,2.5
SITE207,1,17.7,5.7,11.7,90.4,43.0,12.1,67.0,6.0,2.5
SITE207,2,18.8,6.5,12.7,84.6,55.0,12.3,66.0,6.0,2.5
SITE207,3,21.7,8.9,15.3,75.8,92.0,12.7,65.0,6.1,2.5
SITE207,4,25.9,11.9,18.9,49.6,133.0,14.0,62.0,6.4,2.5
SITE207,5,30.0,15.1,22.5,29.2,180.0,14.9,60.0,6.5,2.5
SITE207,6,33.1,17.2,25.2,8.8,202.0,15.9,57.0,6.7,2.5
SITE207,7,34.2,18.0,26.1,2.9,209.0,16.1,56.0,6.8,2.5
SITE207,8,33.2,17.2,25.2,5.8,182.0,16.0,57.0,6.7,2.5
SITE207,9,30.0,15.0,22.5,26.3,130.0,15.0,59.0,6.6,2.5
SITE207,10,25.7,12.1,18.9,58.3,87.0,13.6,63.0,6.3,2.5
SITE207,11,21.5,9.1,15.3,81.7,52.0,12.5,66.0,6.1,2.5
SITE207,12,18.8,6.5,12.7,84.6,41.0,12.3,66.0,6.0,2.5
SITE208,1,15.0,-1.1,6.9,40.0,35.0,16.1,60.0,6.5,2.5
SITE208,2,16.3,-0.0,8.1,37.5,47.0,16.3,60.0,6.5,2.5
SITE208,3,19.2,3.5,11.3,47.5,83.0,15.6,61.0,6.4,2.5
SITE208,4,23.3,8.2,15.8,55.0,122.0,15.2,62.0,6.3,2.5
SITE208,5,27.5,12.8,20.2,62.5,166.0,14.7,63.0,6.3,2.5
SITE208,6,30.5,16.3,23.4,69.9,183.0,14.2,64.0,6.2,2.5
SITE208,7,31.5,17.6,24.6,74.9,186.0,13.9,64.0,6.2,2.5
SITE208,8,30.6,16.2,23.4,67.4,162.0,14.3,64.0,6.2,2.5
SITE208,9,27.7,12.7,20.2,57.5,115.0,15.0,62.0,6.3,2.5
SITE208,10,23.6,7.9,15.8,47.5,76.0,15.6,61.0,6.4,2.5
SITE208,11,19.3,3.4,11.3,42.5,43.0,16.0,61.0,6.4,2.5
SITE208,12,16.2,0.1,8.1,40.0,32.0,16.1,60.0,6.5,2.5
SITE209,1,13.2,-3.7,4.8,27.5,33.0,17.0,60.0,6.5,2.5
SITE209,2,14.6,-2.5,6.0,25.7,45.0,17.1,60.0,6.5,2.5
SITE209,3,17.7,1.3,9.5,32.6,80.0,16.4,61.0,6.4,2.5
SITE209,4,22.2,6.2,14.2,37.8,120.0,15.9,62.0,6.3,2.5
SITE209,5,26.7,11.2,18.9,42.9,165.0,15.4,63.0,6.3,2.5
SITE209,6,29.9,14.9,22.4,48.0,183.0,14.9,64.0,6.2,2.5
SITE209,7,31.0,16.4,23.7,51.5,187.0,14.6,64.0,6.2,2.5
SITE209,8,29.9,14.9,22.4,46.3,162.0,15.1,64.0,6.2,2.5
SITE209,9,26.8,11.1,18.9,39.5,115.0,15.8,62.0,6.3,2.5
SITE209,10,22.4,6.0,14.2,32.6,75.0,16.4,61.0,6.4,2.5
SITE209,11,17.9,1.1,9.5,29.2,42.0,16.8,61.0,6.4,2.5
SITE209,12,14.5,-2.4,6.0,27.5,30.0,17.0,60.0,6.5,2.5
SITE210,1,13.0,-4.0,4.5,52.7,32.0,17.0,60.0,6.5,2.5
SITE210,2,14.3,-2.8,5.7,49.4,44.0,17.2,60.0,6.5,2.5
SITE210,3,17.5,1.0,9.2,62.5,80.0,16.5,61.0,6.4,2.5
SITE210,4,22.0,6.0,14.0,72.4,119.0,16.0,62.0,6.3,2.5
SITE210,5,26.4,11.0,18.7,82.3,164.0,15.5,63.0,6.3,2.5
SITE210,6,29.7,14.7,22.2,92.2,182.0,15.0,64.0,6.2,2.5
SITE210,7,30.8,16.1,23.4,98.8,186.0,14.6,64.0,6.2,2.5
SITE210,8,29.7,14.6,22.2,88.9,161.0,15.1,64.0,6.2,2.5
SITE210,9,26.6,10.8,18.7,75.7,114.0,15.8,62.0,6.3,2.5
SITE210,10,22.2,5.7,14.0,62.5,74.0,16.5,61.0,6.4,2.5
SITE210,11,17.6,0.8,9.2,56.0,42.0,16.8,61.0,6.4,2.5
SITE210,12,14.2,-2.8,5.7,52.7,30.0,17.0,60.0,6.5,2.5
SITE211,1,11.3,-6.0,2.6,29.0,22.0,17.3,56.0,6.0,2.7
SITE211,2,12.6,-4.9,3.9,26.4,34.0,17.5,56.0,6.0,2.7
SITE211,3,15.8,-1.3,7.2,31.7,67.0,17.1,56.0,6.0,2.7
SITE211,4,20.0,3.7,11.8,42.2,107.0,16.4,58.0,5.9,2.7
SITE211,5,24.3,8.6,16.5,52.8,152.0,15.6,59.0,5.8,2.7
SITE211,6,27.2,12.5,19.8,66.0,169.0,14.7,61.0,5.6,2.7
SITE211,7,28.2,13.9,21.1,71.3,172.0,14.3,61.0,5.6,2.7
SITE211,8,27.3,12.4,19.8,63.3,145.0,14.9,60.0,5.7,2.7
SITE211,9,24.3,8.6,16.5,52.8,98.0,15.6,59.0,5.8,2.7
SITE211,10,20.0,3.7,11.8,42.2,59.0,16.4,58.0,5.9,2.7
SITE211,11,15.7,-1.2,7.2,34.3,30.0,16.9,57.0,6.0,2.7
SITE211,12,12.5,-4.8,3.9,29.0,20.0,17.3,56.0,6.0,2.7
SITE212,1,10.3,-7.8,1.2,20.8,22.0,18.1,56.0,6.0,2.7
SITE212,2,11.7,-6.6,2.5,18.9,33.0,18.2,56.0,6.0,2.7
SITE212,3,15.1,-2.8,6.1,22.7,66.0,17.9,56.0,6.0,2.7
SITE212,4,19.6,2.5,11.0,30.3,106.0,17.1,58.0,5.9,2.7
SITE212,5,24.1,7.8,15.9,37.9,153.0,16.3,59.0,5.8,2.7
SITE212,6,27.2,11.8,19.5,47.3,172.0,15.3,61.0,5.6,2.7
SITE212,7,28.3,13.3,20.8,51.1,175.0,15.0,61.0,5.6,2.7
SITE212,8,27.3,11.7,19.5,45.4,147.0,15.5,60.0,5.7,2.7
SITE212,9,24.1,7.8,15.9,37.9,99.0,16.3,59.0,5.8,2.7
SITE212,10,19.6,2.5,11.0,30.3,59.0,17.1,58.0,5.9,2.7
SITE212,11,15.0,-2.7,6.1,24.6,30.0,17.7,57.0,6.0,2.7
SITE212,12,11.6,-6.5,2.5,20.8,20.0,18.1,56.0,6.0,2.7
SITE213,1,3.2,-16.1,-6.5,16.9,12.0,19.3,56.0,6.0,2.7
SITE213,2,4.9,-14.6,-4.8,15.4,21.0,19.5,56.0,6.0,2.7
SITE213,3,9.2,-9.9,-0.3,18.4,48.0,19.1,56.0,6.0,2.7
SITE213,4,15.0,-3.3,5.8,24.6,89.0,18.3,58.0,5.9,2.7
SITE213,5,20.7,3.3,12.0,30.7,139.0,17.5,59.0,5.8,2.7
SITE213,6,24.7,8.3,16.5,38.4,163.0,16.4,61.0,5.6,2.7
SITE213,7,26.1,10.1,18.1,41.5,168.0,16.0,61.0,5.6,2.7
SITE213,8,24.8,8.2,16.5,36.9,139.0,16.6,60.0,5.7,2.7
SITE213,9,20.7,3.3,12.0,30.7,88.0,17.5,59.0,5.8,2.7
SITE213,10,15.0,-3.3,5.8,24.6,48.0,18.3,58.0,5.9,2.7
SITE213,11,9.1,-9.8,-0.3,20.0,21.0,18.9,57.0,6.0,2.7
SITE213,12,4.8,-14.5,-4.8,16.9,12.0,19.3,56.0,6.0,2.7
SITE214,1,1.1,-18.2,-8.5,11.9,10.0,19.3,56.0,6.0,2.7
SITE214,2,3.0,-16.6,-6.8,10.8,17.0,19.5,56.0,6.0,2.7
SITE214,3,7.5,-11.6,-2.1,12.9,43.0,19.1,56.0,6.0,2.7
SITE214,4,13.5,-4.7,4.4,17.2,83.0,18.3,58.0,5.9,2.7
SITE214,5,19.6,2.1,10.9,21.6,133.0,17.5,59.0,5.8,2.7
SITE214,6,23.8,7.4,15.6,27.0,159.0,16.4,61.0,5.6,2.7
SITE214,7,25.3,9.3,17.3,29.1,164.0,16.0,61.0,5.6,2.7
SITE214,8,23.9,7.3,15.6,25.9,135.0,16.6,60.0,5.7,2.7
SITE214,9,19.6,2.1,10.9,21.6,84.0,17.5,59.0,5.8,2.7
SITE214,10,13.5,-4.7,4.4,17.2,44.0,18.3,58.0,5.9,2.7
SITE214,11,7.4,-11.5,-2.1,14.0,18.0,18.9,57.0,6.0,2.7
SITE214,12,2.9,-16.5,-6.8,11.9,9.0,19.3,56.0,6.0,2.7
SITE215,1,21.2,9.5,15.3,74.1,143.0,11.8,41.0,8.3,3.2
SITE215,2,20.5,8.6,14.6,70.9,116.0,11.9,41.0,8.3,3.2
SITE215,3,20.9,9.8,15.3,93.4,108.0,11.1,44.0,8.1,3.2
SITE215,4,23.3,11.7,17.5,77.3,89.0,11.7,42.0,8.3,3.2
SITE215,5,27.0,13.9,20.4,35.4,81.0,13.1,36.0,8.7,3.2
SITE215,6,30.4,16.3,23.4,6.4,75.0,14.1,33.0,8.9,3.2
SITE215,7,32.7,18.4,25.5,1.6,88.0,14.2,32.0,9.0,3.2
SITE215,8,33.4,19.2,26.3,1.6,113.0,14.2,32.0,9.0,3.2
SITE215,9,32.6,18.5,25.5,4.8,139.0,14.1,33.0,9.0,3.2
SITE215,10,30.1,16.6,23.4,22.5,164.0,13.5,35.0,8.8,3.2
SITE215,11,26.3,14.6,20.4,77.3,155.0,11.7,42.0,8.3,3.2
SITE215,12,22.8,12.2,17.5,109.5,147.0,10.6,46.0,8.0,3.2
SITE216,1,19.8,7.3,13.5,50.6,140.0,12.5,41.0,8.3,3.2
SITE216,2,19.0,6.3,12.7,48.4,113.0,12.6,41.0,8.3,3.2
SITE216,3,19.5,7.6,13.5,63.8,105.0,11.8,44.0,8.1,3.2
SITE216,4,22.1,9.7,15.9,52.8,87.0,12.4,42.0,8.3,3.2
SITE216,5,26.1,12.2,19.2,24.2,81.0,13.9,36.0,8.7,3.2
SITE216,6,29.9,14.9,22.4,4.4,75.0,15.0,33.0,8.9,3.2
SITE216,7,32.3,17.2,24.8,1.1,88.0,15.1,32.0,9.0,3.2
SITE216,8,33.2,18.1,25.6,1.1,114.0,15.1,32.0,9.0,3.2
SITE216,9,32.3,17.3,24.8,3.3,141.0,15.0,33.0,9.0,3.2
SITE216,10,29.6,15.2,22.4,15.4,165.0,14.4,35.0,8.8,3.2
SITE216,11,25.4,13.0,19.2,52.8,154.0,12.4,42.0,8.3,3.2
SITE216,12,21.5,10.3,15.9,74.9,145.0,11.3,46.0,8.0,3.2
SITE217,1,20.9,10.1,15.5,27.5,138.0,10.8,60.0,6.5,2.5
SITE217,2,20.3,9.4,14.8,25.8,110.0,10.9,60.0,6.5,2.5
SITE217,3,20.7,10.2,15.5,32.7,101.0,10.5,61.0,6.4,2.5
SITE217,4,22.3,12.1,17.2,37.8,76.0,10.1,62.0,6.3,2.5
SITE217,5,24.5,14.6,19.5,43.0,61.0,9.8,63.0,6.3,2.5
SITE217,6,26.7,17.2,21.9,48.2,51.0,9.5,64.0,6.2,2.5
SITE217,7,28.3,19.0,23.6,51.6,59.0,9.3,64.0,6.2,2.5
SITE217,8,29.1,19.5,24.3,46.4,80.0,9.6,64.0,6.2,2.5
SITE217,9,28.7,18.6,23.6,39.6,106.0,10.0,62.0,6.3,2.5
SITE217,10,27.1,16.7,21.9,32.7,135.0,10.5,61.0,6.4,2.5
SITE217,11,24.9,14.2,19.5,29.2,144.0,10.7,61.0,6.4,2.5
SITE217,12,22.6,11.8,17.2,27.5,149.0,10.8,60.0,6.5,2.5
SITE218,1,20.6,9.2,14.9,19.7,140.0,11.4,60.0,6.5,2.5
SITE218,2,20.0,8.4,14.2,18.4,111.0,11.5,60.0,6.5,2.5
SITE218,3,20.5,9.4,14.9,23.4,102.0,11.1,61.0,6.4,2.5
SITE218,4,22.2,11.5,16.8,27.1,77.0,10.7,62.0,6.3,2.5
SITE218,5,24.6,14.2,19.4,30.7,62.0,10.4,63.0,6.3,2.5
SITE218,6,27.1,17.0,22.0,34.4,53.0,10.1,64.0,6.2,2.5
SITE218,7,28.9,19.0,23.9,36.9,61.0,9.8,64.0,6.2,2.5
SITE218,8,29.7,19.6,24.6,33.2,83.0,10.2,64.0,6.2,2.5
SITE218,9,29.3,18.6,23.9,28.3,110.0,10.6,62.0,6.3,2.5
SITE218,10,27.6,16.5,22.0,23.4,140.0,11.1,61.0,6.4,2.5
SITE218,11,25.1,13.8,19.4,20.9,148.0,11.3,61.0,6.4,2.5
SITE218,12,22.5,11.1,16.8,19.7,151.0,11.4,60.0,6.5,2.5
SITE219,1,34.8,24.3,29.5,29.5,173.0,10.5,73.0,5.7,2.0
SITE219,2,34.5,23.9,29.2,23.6,156.0,10.6,73.0,5.7,2.0
SITE219,3,34.8,24.3,29.5,35.4,169.0,10.5,74.0,5.7,2.0
SITE219,4,35.4,25.5,30.4,88.5,151.0,10.0,76.0,5.5,2.0
SITE219,5,36.3,27.1,31.7,176.9,140.0,9.1,80.0,5.2,2.0
SITE219,6,37.1,28.8,33.0,265.4,125.0,8.3,84.0,4.9,2.0
SITE219,7,37.9,29.9,33.9,294.9,132.0,8.0,85.0,4.8,2.0
SITE219,8,38.3,30.1,34.2,265.4,147.0,8.3,84.0,4.9,2.0
SITE219,9,38.3,29.4,33.9,206.4,159.0,8.8,81.0,5.1,2.0
SITE219,10,37.8,28.1,33.0,117.9,176.0,9.7,77.0,5.4,2.0
SITE219,11,36.8,26.6,31.7,59.0,172.0,10.2,75.0,5.6,2.0
SITE219,12,35.7,25.2,30.4,41.3,174.0,10.4,74.0,5.7,2.0
SITE220,1,33.7,23.2,28.5,20.7,169.0,10.5,73.0,5.7,2.0
SITE220,2,33.4,22.8,28.1,16.6,153.0,10.6,73.0,5.7,2.0
SITE220,3,33.7,23.2,28.5,24.8,165.0,10.5,74.0,5.7,2.0
SITE220,4,34.3,24.4,29.4,62.1,148.0,10.0,76.0,5.5,2.0
SITE220,5,35.2,26.1,30.6,124.2,137.0,9.1,80.0,5.2,2.0
SITE220,6,36.0,27.7,31.9,186.3,122.0,8.3,84.0,4.9,2.0
SITE220,7,36.8,28.8,32.8,207.0,129.0,8.0,85.0,4.8,2.0
SITE220,8,37.3,29.0,33.1,186.3,143.0,8.3,84.0,4.9,2.0
SITE220,9,37.2,28.4,32.8,144.9,155.0,8.8,81.0,5.1,2.0
SITE220,10,36.7,27.0,31.9,82.8,172.0,9.7,77.0,5.4,2.0
SITE220,11,35.7,25.5,30.6,41.4,168.0,10.2,75.0,5.6,2.0
SITE220,12,34.6,24.2,29.4,29.0,170.0,10.4,74.0,5.7,2.0
SITE221,1,34.3,23.8,29.0,36.7,131.0,10.5,73.0,5.7,2.0
SITE221,2,34.7,24.1,29.4,29.4,132.0,10.6,73.0,5.7,2.0
SITE221,3,35.5,25.1,30.3,44.0,163.0,10.5,74.0,5.7,2.0
SITE221,4,36.5,26.6,31.5,110.1,167.0,10.0,76.0,5.5,2.0
SITE221,5,37.4,28.2,32.8,220.1,171.0,9.1,80.0,5.2,2.0
SITE221,6,37.9,29.6,33.7,330.2,160.0,8.3,84.0,4.9,2.0
SITE221,7,38.0,30.0,34.0,366.9,163.0,8.0,85.0,4.8,2.0
SITE221,8,37.9,29.6,33.7,330.2,164.0,8.3,84.0,4.9,2.0
SITE221,9,37.2,28.4,32.8,256.8,155.0,8.8,81.0,5.1,2.0
SITE221,10,36.4,26.7,31.5,146.8,150.0,9.7,77.0,5.4,2.0
SITE221,11,35.4,25.2,30.3,73.4,131.0,10.2,75.0,5.6,2.0
SITE221,12,34.6,24.2,29.4,51.4,126.0,10.4,74.0,5.7,2.0
SITE222,1,33.4,22.9,28.2,26.0,129.0,10.5,73.0,5.7,2.0
SITE222,2,33.8,23.2,28.5,20.8,130.0,10.6,73.0,5.7,2.0
SITE222,3,34.7,24.2,29.4,31.2,160.0,10.5,74.0,5.7,2.0
SITE222,4,35.7,25.7,30.7,77.9,164.0,10.0,76.0,5.5,2.0
SITE222,5,36.5,27.4,31.9,155.8,168.0,9.1,80.0,5.2,2.0
SITE222,6,37.0,28.7,32.8,233.8,157.0,8.3,84.0,4.9,2.0
SITE222,7,37.2,29.2,33.2,259.7,160.0,8.0,85.0,4.8,2.0
SITE222,8,37.0,28.7,32.8,233.8,161.0,8.3,84.0,4.9,2.0
SITE222,9,36.3,27.5,31.9,181.8,152.0,8.8,81.0,5.1,2.0
SITE222,10,35.5,25.8,30.7,103.9,148.0,9.7,77.0,5.4,2.0
SITE222,11,34.5,24.3,29.4,51.9,129.0,10.2,75.0,5.6,2.0
SITE222,12,33.7,23.3,28.5,36.4,125.0,10.4,74.0,5.7,2.0
SITE223,1,33.9,23.4,28.6,29.4,140.0,10.5,73.0,5.7,2.0
SITE223,2,34.3,23.7,29.0,23.5,138.0,10.6,73.0,5.7,2.0
SITE223,3,35.1,24.7,29.9,35.3,165.0,10.5,74.0,5.7,2.0
SITE223,4,36.1,26.2,31.2,88.2,165.0,10.0,76.0,5.5,2.0
SITE223,5,37.0,27.8,32.4,176.5,165.0,9.1,80.0,5.2,2.0
SITE223,6,37.5,29.2,33.3,264.7,153.0,8.3,84.0,4.9,2.0
SITE223,7,37.7,29.7,33.7,294.1,157.0,8.0,85.0,4.8,2.0
SITE223,8,37.5,29.2,33.3,264.7,160.0,8.3,84.0,4.9,2.0
SITE223,9,36.8,28.0,32.4,205.9,156.0,8.8,81.0,5.1,2.0
SITE223,10,36.0,26.3,31.2,117.6,155.0,9.7,77.0,5.4,2.0
SITE223,11,35.0,24.8,29.9,58.8,139.0,10.2,75.0,5.6,2.0
SITE223,12,34.2,23.8,29.0,41.2,136.0,10.4,74.0,5.7,2.0
SITE224,1,33.5,23.0,28.3,20.4,138.0,10.5,73.0,5.7,2.0
SITE224,2,33.9,23.3,28.6,16.3,136.0,10.6,73.0,5.7,2.0
SITE224,3,34.8,24.3,29.5,24.5,164.0,10.5,74.0,5.7,2.0
SITE224,4,35.8,25.8,30.8,61.3,164.0,10.0,76.0,5.5,2.0
SITE224,5,36.6,27.5,32.0,122.5,165.0,9.1,80.0,5.2,2.0
SITE224,6,37.1,28.8,32.9,183.8,152.0,8.3,84.0,4.9,2.0
SITE224,7,37.3,29.3,33.3,204.2,156.0,8.0,85.0,4.8,2.0
SITE224,8,37.1,28.8,32.9,183.8,159.0,8.3,84.0,4.9,2.0
SITE224,9,36.4,27.6,32.0,143.0,154.0,8.8,81.0,5.1,2.0
SITE224,10,35.6,25.9,30.8,81.7,154.0,9.7,77.0,5.4,2.0
SITE224,11,34.6,24.4,29.5,40.8,138.0,10.2,75.0,5.6,2.0
SITE224,12,33.8,23.4,28.6,28.6,134.0,10.4,74.0,5.7,2.0
SITE225,1,30.0,19.4,24.7,36.8,99.0,10.5,73.0,5.7,2.0
SITE225,2,30.3,19.7,25.0,29.5,105.0,10.6,73.0,5.7,2.0
SITE225,3,31.2,20.7,26.0,44.2,138.0,10.5,74.0,5.7,2.0
SITE225,4,32.2,22.2,27.2,110.5,151.0,10.0,76.0,5.5,2.0
SITE225,5,33.0,23.9,28.4,220.9,161.0,9.1,80.0,5.2,2.0
SITE225,6,33.5,25.2,29.4,331.4,154.0,8.3,84.0,4.9,2.0
SITE225,7,33.7,25.7,29.7,368.2,156.0,8.0,85.0,4.8,2.0
SITE225,8,33.5,25.2,29.4,331.4,151.0,8.3,84.0,4.9,2.0
SITE225,9,32.9,24.0,28.4,257.7,135.0,8.8,81.0,5.1,2.0
SITE225,10,32.0,22.4,27.2,147.3,123.0,9.7,77.0,5.4,2.0
SITE225,11,31.1,20.8,26.0,73.6,101.0,10.2,75.0,5.6,2.0
SITE225,12,30.2,19.8,25.0,51.5,95.0,10.4,74.0,5.7,2.0
SITE226,1,28.8,18.3,23.6,25.8,96.0,10.5,73.0,5.7,2.0
SITE226,2,29.3,18.7,24.0,20.6,102.0,10.6,73.0,5.7,2.0
SITE226,3,30.3,19.8,25.1,30.9,135.0,10.5,74.0,5.7,2.0
SITE226,4,31.6,21.6,26.6,77.3,148.0,10.0,76.0,5.5,2.0
SITE226,5,32.6,23.5,28.1,154.5,160.0,9.1,80.0,5.2,2.0
SITE226,6,33.3,25.0,29.2,231.8,153.0,8.3,84.0,4.9,2.0
SITE226,7,33.6,25.6,29.6,257.5,155.0,8.0,85.0,4.8,2.0
SITE226,8,33.3,25.0,29.2,231.8,151.0,8.3,84.0,4.9,2.0
SITE226,9,32.5,23.7,28.1,180.3,134.0,8.8,81.0,5.1,2.0
SITE226,10,31.4,21.7,26.6,103.0,121.0,9.7,77.0,5.4,2.0
SITE226,11,30.2,20.0,25.1,51.5,99.0,10.2,75.0,5.6,2.0
SITE226,12,29.2,18.8,24.0,36.1,92.0,10.4,74.0,5.7,2.0
SITE227,1,32.8,24.8,28.8,200.0,127.0,8.0,78.0,5.4,2.0
SITE227,2,33.1,25.1,29.1,200.0,123.0,8.0,78.0,5.4,2.0
SITE227,3,34.0,26.0,30.0,200.0,147.0,8.0,78.0,5.4,2.0
SITE227,4,35.2,27.2,31.2,200.0,147.0,8.0,78.0,5.4,2.0
SITE227,5,36.5,28.5,32.5,200.0,152.0,8.0,78.0,5.4,2.0
SITE227,6,37.4,29.4,33.4,200.0,147.0,8.0,78.0,5.4,2.0
SITE227,7,37.8,29.8,33.8,200.0,154.0,8.0,78.0,5.4,2.0
SITE227,8,37.4,29.4,33.4,200.0,156.0,8.0,78.0,5.4,2.0
SITE227,9,36.5,28.5,32.5,200.0,149.0,8.0,78.0,5.4,2.0
SITE227,10,35.2,27.2,31.2,200.0,145.0,8.0,78.0,5.4,2.0
SITE227,11,34.0,26.0,30.0,200.0,128.0,8.0,78.0,5.4,2.0
SITE227,12,33.1,25.1,29.1,200.0,125.0,8.0,78.0,5.4,2.0
SITE228,1,31.0,23.0,27.0,138.9,123.0,8.0,78.0,5.4,2.0
SITE228,2,31.3,23.3,27.3,138.9,119.0,8.0,78.0,5.4,2.0
SITE228,3,32.2,24.2,28.2,138.9,141.0,8.0,78.0,5.4,2.0
SITE228,4,33.5,25.5,29.5,138.9,142.0,8.0,78.0,5.4,2.0
SITE228,5,34.7,26.7,30.7,138.9,147.0,8.0,78.0,5.4,2.0
SITE228,6,35.6,27.6,31.6,138.9,141.0,8.0,78.0,5.4,2.0
SITE228,7,36.0,28.0,32.0,138.9,148.0,8.0,78.0,5.4,2.0
SITE228,8,35.6,27.6,31.6,138.9,151.0,8.0,78.0,5.4,2.0
SITE228,9,34.7,26.7,30.7,138.9,144.0,8.0,78.0,5.4,2.0
SITE228,10,33.5,25.5,29.5,138.9,140.0,8.0,78.0,5.4,2.0
SITE228,11,32.2,24.2,28.2,138.9,124.0,8.0,78.0,5.4,2.0
SITE228,12,31.3,23.3,27.3,138.9,121.0,8.0,78.0,5.4,2.0
SITE229,1,25.1,12.1,18.6,20.0,86.0,12.9,57.0,6.7,2.5
SITE229,2,25.8,12.8,19.3,20.0,94.0,12.9,57.0,6.7,2.5
SITE229,3,27.6,14.8,21.2,33.3,131.0,12.8,58.0,6.7,2.5
SITE229,4,29.9,17.6,23.7,80.0,153.0,12.3,60.0,6.5,2.5
SITE229,5,32.2,20.4,26.3,133.4,176.0,11.8,62.0,6.3,2.5
SITE229,6,33.6,22.8,28.2,233.4,174.0,10.8,67.0,6.0,2.5
SITE229,7,33.7,24.0,28.9,333.4,171.0,9.7,72.0,5.6,2.5
SITE229,8,33.2,23.1,28.2,300.1,162.0,10.1,71.0,5.7,2.5
SITE229,9,31.8,20.8,26.3,213.4,140.0,11.0,66.0,6.0,2.5
SITE229,10,29.9,17.6,23.7,80.0,121.0,12.3,60.0,6.5,2.5
SITE229,11,27.6,14.7,21.2,26.7,93.0,12.9,57.0,6.7,2.5
SITE229,12,25.8,12.8,19.3,13.3,82.0,13.0,57.0,6.8,2.5
SITE230,1,24.8,11.2,18.0,14.0,86.0,13.7,57.0,6.7,2.5
SITE230,2,25.6,11.9,18.8,14.0,95.0,13.7,57.0,6.7,2.5
SITE230,3,27.6,14.0,20.8,23.4,133.0,13.5,58.0,6.7,2.5
SITE230,4,30.1,17.1,23.6,56.2,157.0,13.0,60.0,6.5,2.5
SITE230,5,32.7,20.2,26.4,93.6,181.0,12.5,62.0,6.3,2.5
SITE230,6,34.2,22.8,28.5,163.9,180.0,11.4,67.0,6.0,2.5
SITE230,7,34.4,24.1,29.2,234.1,177.0,10.3,72.0,5.6,2.5
SITE230,8,33.8,23.2,28.5,210.7,168.0,10.7,71.0,5.7,2.5
SITE230,9,32.2,20.6,26.4,149.8,144.0,11.6,66.0,6.0,2.5
SITE230,10,30.1,17.1,23.6,56.2,124.0,13.0,60.0,6.5,2.5
SITE230,11,27.6,14.0,20.8,18.7,94.0,13.6,57.0,6.7,2.5
SITE230,12,25.6,11.9,18.8,9.4,83.0,13.7,57.0,6.8,2.5
SITE231,1,16.0,-1.8,7.1,25.5,62.0,17.8,41.0,8.3,3.2
SITE231,2,17.5,-0.4,8.6,24.4,73.0,18.0,41.0,8.3,3.2
SITE231,3,21.0,4.2,12.6,32.2,112.0,16.8,44.0,8.1,3.2
SITE231,4,26.9,9.3,18.1,26.6,155.0,17.6,42.0,8.3,3.2
SITE231,5,33.5,13.7,23.6,12.2,215.0,19.8,36.0,8.7,3.2
SITE231,6,37.7,17.7,27.7,2.2,236.0,20.0,33.0,8.9,3.2
SITE231,7,39.1,19.1,29.1,0.6,248.0,20.0,32.0,9.0,3.2
SITE231,8,37.7,17.7,27.7,0.6,224.0,20.0,32.0,9.0,3.2
SITE231,9,33.6,13.6,23.6,1.7,171.0,20.0,33.0,9.0,3.2
SITE231,10,28.1,8.1,18.1,7.8,125.0,20.0,35.0,8.8,3.2
SITE231,11,21.4,3.8,12.6,26.6,76.0,17.6,42.0,8.3,3.2
SITE231,12,16.6,0.6,8.6,37.7,58.0,16.0,46.0,8.0,3.2
SITE232,1,13.7,-4.1,4.8,18.0,56.0,17.8,41.0,8.3,3.2
SITE232,2,15.4,-2.6,6.4,17.3,67.0,18.0,41.0,8.3,3.2
SITE232,3,19.1,2.2,10.6,22.7,105.0,16.8,44.0,8.1,3.2
SITE232,4,25.3,7.6,16.5,18.8,148.0,17.6,42.0,8.3,3.2
SITE232,5,32.2,12.4,22.3,8.6,208.0,19.8,36.0,8.7,3.2
SITE232,6,36.6,16.6,26.6,1.6,231.0,20.0,33.0,8.9,3.2
SITE232,7,38.1,18.1,28.1,0.4,243.0,20.0,32.0,9.0,3.2
SITE232,8,36.6,16.6,26.6,0.4,219.0,20.0,32.0,9.0,3.2
SITE232,9,32.3,12.3,22.3,1.2,166.0,20.0,33.0,9.0,3.2
SITE232,10,26.5,6.5,16.5,5.5,119.0,20.0,35.0,8.8,3.2
SITE232,11,19.5,1.8,10.6,18.8,72.0,17.6,42.0,8.3,3.2
SITE232,12,14.4,-1.6,6.4,26.7,53.0,16.0,46.0,8.0,3.2
SITE233,1,12.7,-5.1,3.8,71.5,43.0,17.8,41.0,8.3,3.2
SITE233,2,14.3,-3.6,5.4,68.4,55.0,18.0,41.0,8.3,3.2
SITE233,3,17.9,1.1,9.5,90.2,91.0,16.8,44.0,8.1,3.2
SITE233,4,24.0,6.3,15.2,74.6,137.0,17.6,42.0,8.3,3.2
SITE233,5,30.7,10.9,20.8,34.2,199.0,19.8,36.0,8.7,3.2
SITE233,6,35.0,15.0,25.0,6.2,225.0,20.0,33.0,8.9,3.2
SITE233,7,36.5,16.5,26.5,1.6,235.0,20.0,32.0,9.0,3.2
SITE233,8,35.0,15.0,25.0,1.6,206.0,20.0,32.0,9.0,3.2
SITE233,9,30.8,10.8,20.8,4.7,149.0,20.0,33.0,9.0,3.2
SITE233,10,25.2,5.2,15.2,21.8,100.0,20.0,35.0,8.8,3.2
SITE233,11,18.3,0.7,9.5,74.6,56.0,17.6,42.0,8.3,3.2
SITE233,12,13.4,-2.6,5.4,105.7,39.0,16.0,46.0,8.0,3.2
SITE234,1,10.6,-7.2,1.7,48.3,38.0,17.8,41.0,8.3,3.2
SITE234,2,12.3,-5.7,3.3,46.2,49.0,18.0,41.0,8.3,3.2
SITE234,3,16.1,-0.8,7.6,60.9,85.0,16.8,44.0,8.1,3.2
SITE234,4,22.5,4.8,13.6,50.4,130.0,17.6,42.0,8.3,3.2
SITE234,5,29.5,9.7,19.6,23.1,193.0,19.8,36.0,8.7,3.2
SITE234,6,34.0,14.0,24.0,4.2,220.0,20.0,33.0,8.9,3.2
SITE234,7,35.6,15.6,25.6,1.1,230.0,20.0,32.0,9.0,3.2
SITE234,8,34.0,14.0,24.0,1.1,201.0,20.0,32.0,9.0,3.2
SITE234,9,29.6,9.6,19.6,3.2,143.0,20.0,33.0,9.0,3.2
SITE234,10,23.6,3.6,13.6,14.7,95.0,20.0,35.0,8.8,3.2
SITE234,11,16.5,-1.2,7.6,50.4,52.0,17.6,42.0,8.3,3.2
SITE234,12,11.3,-4.7,3.3,71.4,35.0,16.0,46.0,8.0,3.2
SITE235,1,9.7,-9.6,0.0,24.7,30.0,19.3,56.0,6.0,2.7
SITE235,2,11.3,-8.2,1.5,22.5,41.0,19.5,56.0,6.0,2.7
SITE235,3,15.2,-3.9,5.7,27.0,77.0,19.1,56.0,6.0,2.7
SITE235,4,20.5,2.2,11.3,36.0,119.0,18.3,58.0,5.9,2.7
SITE235,5,25.7,8.2,17.0,45.0,167.0,17.5,59.0,5.8,2.7
SITE235,6,29.3,12.9,21.1,56.2,186.0,16.4,61.0,5.6,2.7
SITE235,7,30.6,14.6,22.6,60.7,191.0,16.0,61.0,5.6,2.7
SITE235,8,29.4,12.8,21.1,54.0,166.0,16.6,60.0,5.7,2.7
SITE235,9,25.7,8.2,17.0,45.0,118.0,17.5,59.0,5.8,2.7
SITE235,10,20.5,2.2,11.3,36.0,76.0,18.3,58.0,5.9,2.7
SITE235,11,15.1,-3.8,5.7,29.2,42.0,18.9,57.0,6.0,2.7
SITE235,12,11.2,-8.1,1.5,24.7,29.0,19.3,56.0,6.0,2.7
SITE236,1,8.2,-11.1,-1.4,17.2,28.0,19.3,56.0,6.0,2.7
SITE236,2,9.9,-9.6,0.1,15.7,39.0,19.5,56.0,6.0,2.7
SITE236,3,14.1,-5.1,4.5,18.8,73.0,19.1,56.0,6.0,2.7
SITE236,4,19.6,1.3,10.4,25.1,115.0,18.3,58.0,5.9,2.7
SITE236,5,25.1,7.7,16.4,31.3,164.0,17.5,59.0,5.8,2.7
SITE236,6,28.9,12.5,20.7,39.1,184.0,16.4,61.0,5.6,2.7
SITE236,7,30.3,14.3,22.3,42.3,190.0,16.0,61.0,5.6,2.7
SITE236,8,29.0,12.4,20.7,37.6,165.0,16.6,60.0,5.7,2.7
SITE236,9,25.1,7.7,16.4,31.3,116.0,17.5,59.0,5.8,2.7
SITE236,10,19.6,1.3,10.4,25.1,73.0,18.3,58.0,5.9,2.7
SITE236,11,13.9,-5.0,4.5,20.4,40.0,18.9,57.0,6.0,2.7
SITE236,12,9.8,-9.5,0.1,17.2,27.0,19.3,56.0,6.0,2.7
SITE237,1,15.7,0.8,8.2,31.3,40.0,14.9,60.0,6.5,2.5
SITE237,2,16.8,1.8,9.3,29.3,52.0,15.0,60.0,6.5,2.5
SITE237,3,19.4,5.0,12.2,37.1,87.0,14.4,61.0,6.4,2.5
SITE237,4,23.1,9.1,16.1,43.0,122.0,14.0,62.0,6.3,2.5
SITE237,5,26.8,13.2,20.0,48.8,160.0,13.5,63.0,6.3,2.5
SITE237,6,29.4,16.3,22.9,54.7,173.0,13.1,64.0,6.2,2.5
SITE237,7,30.3,17.5,23.9,58.6,177.0,12.8,64.0,6.2,2.5
SITE237,8,29.5,16.3,22.9,52.7,156.0,13.2,64.0,6.2,2.5
SITE237,9,26.9,13.1,20.0,44.9,115.0,13.8,62.0,6.3,2.5
SITE237,10,23.3,8.9,16.1,37.1,80.0,14.4,61.0,6.4,2.5
SITE237,11,19.5,4.8,12.2,33.2,49.0,14.7,61.0,6.4,2.5
SITE237,12,16.7,1.9,9.3,31.3,38.0,14.9,60.0,6.5,2.5
SITE238,1,14.0,-1.7,6.2,21.0,39.0,15.6,60.0,6.5,2.5
SITE238,2,15.2,-0.6,7.3,19.7,50.0,15.8,60.0,6.5,2.5
SITE238,3,18.0,2.8,10.4,25.0,85.0,15.2,61.0,6.4,2.5
SITE238,4,21.9,7.3,14.6,28.9,120.0,14.7,62.0,6.3,2.5
SITE238,5,25.9,11.7,18.8,32.9,159.0,14.2,63.0,6.3,2.5
SITE238,6,28.8,15.0,21.9,36.8,174.0,13.8,64.0,6.2,2.5
SITE238,7,29.8,16.3,23.0,39.5,178.0,13.4,64.0,6.2,2.5
SITE238,8,28.9,15.0,21.9,35.5,157.0,13.9,64.0,6.2,2.5
SITE238,9,26.1,11.5,18.8,30.2,115.0,14.5,62.0,6.3,2.5
SITE238,10,22.2,7.0,14.6,25.0,79.0,15.2,61.0,6.4,2.5
SITE238,11,18.1,2.6,10.4,22.4,48.0,15.5,61.0,6.4,2.5
SITE238,12,15.1,-0.5,7.3,21.0,36.0,15.6,60.0,6.5,2.5
SITE239,1,21.4,9.7,15.5,28.7,49.0,11.7,41.0,8.3,3.2
SITE239,2,22.2,10.4,16.3,27.5,61.0,11.8,41.0,8.3,3.2
SITE239,3,24.0,12.9,18.4,36.2,95.0,11.0,44.0,8.1,3.2
SITE239,4,27.1,15.6,21.4,30.0,130.0,11.6,42.0,8.3,3.2
SITE239,5,30.7,17.8,24.3,13.7,175.0,13.0,36.0,8.7,3.2
SITE239,6,33.4,19.4,26.4,2.5,194.0,14.0,33.0,8.9,3.2
SITE239,7,34.2,20.1,27.2,0.6,200.0,14.1,32.0,9.0,3.2
SITE239,8,33.4,19.3,26.4,0.6,177.0,14.1,32.0,9.0,3.2
SITE239,9,31.3,17.2,24.3,1.9,132.0,14.0,33.0,9.0,3.2
SITE239,10,28.1,14.6,21.4,8.7,93.0,13.4,35.0,8.8,3.2
SITE239,11,24.2,12.7,18.4,30.0,56.0,11.6,42.0,8.3,3.2
SITE239,12,21.6,11.1,16.3,42.5,43.0,10.5,46.0,8.0,3.2
SITE240,1,19.3,6.8,13.1,17.9,46.0,12.5,41.0,8.3,3.2
SITE240,2,20.2,7.6,13.9,17.1,59.0,12.6,41.0,8.3,3.2
SITE240,3,22.2,10.4,16.3,22.6,92.0,11.8,44.0,8.1,3.2
SITE240,4,25.7,13.3,19.5,18.7,127.0,12.4,42.0,8.3,3.2
SITE240,5,29.7,15.8,22.7,8.6,174.0,13.9,36.0,8.7,3.2
SITE240,6,32.6,17.6,25.1,1.6,195.0,14.9,33.0,8.9,3.2
SITE240,7,33.5,18.4,26.0,0.4,202.0,15.1,32.0,9.0,3.2
SITE240,8,32.6,17.6,25.1,0.4,177.0,15.1,32.0,9.0,3.2
SITE240,9,30.2,15.3,22.7,1.2,131.0,15.0,33.0,9.0,3.2
SITE240,10,26.7,12.3,19.5,5.5,91.0,14.3,35.0,8.8,3.2
SITE240,11,22.5,10.1,16.3,18.7,54.0,12.4,42.0,8.3,3.2
SITE240,12,19.5,8.3,13.9,26.5,41.0,11.2,46.0,8.0,3.2
SITE241,1,26.6,12.8,19.7,14.7,94.0,13.8,41.0,8.3,3.2
SITE241,2,27.7,13.7,20.7,14.1,104.0,14.0,41.0,8.3,3.2
SITE241,3,30.0,16.9,23.5,18.5,142.0,13.1,44.0,8.1,3.2
SITE241,4,34.1,20.4,27.2,15.3,175.0,13.7,42.0,8.3,3.2
SITE241,5,38.7,23.3,31.0,7.0,222.0,15.4,36.0,8.7,3.2
SITE241,6,42.0,25.5,33.7,1.3,240.0,16.5,33.0,8.9,3.2
SITE241,7,43.1,26.4,34.8,0.3,251.0,16.7,32.0,9.0,3.2
SITE241,8,42.1,25.4,33.7,0.3,234.0,16.7,32.0,9.0,3.2
SITE241,9,39.3,22.7,31.0,1.0,192.0,16.6,33.0,9.0,3.2
SITE241,10,35.2,19.3,27.2,4.5,152.0,15.9,35.0,8.8,3.2
SITE241,11,30.3,16.6,23.5,15.3,104.0,13.7,42.0,8.3,3.2
SITE241,12,26.9,14.5,20.7,21.7,86.0,12.4,46.0,8.0,3.2
SITE242,1,25.9,11.5,18.7,8.8,93.0,14.4,41.0,8.3,3.2
SITE242,2,27.0,12.5,19.8,8.4,103.0,14.6,41.0,8.3,3.2
SITE242,3,29.5,15.9,22.7,11.0,142.0,13.6,44.0,8.1,3.2
SITE242,4,33.9,19.5,26.7,9.1,177.0,14.3,42.0,8.3,3.2
SITE242,5,38.7,22.7,30.7,4.2,226.0,16.1,36.0,8.7,3.2
SITE242,6,42.3,25.0,33.7,0.8,245.0,17.3,33.0,8.9,3.2
SITE242,7,43.5,26.0,34.7,0.2,257.0,17.5,32.0,9.0,3.2
SITE242,8,42.4,24.9,33.7,0.2,239.0,17.5,32.0,9.0,3.2
SITE242,9,39.4,22.1,30.7,0.6,195.0,17.3,33.0,9.0,3.2
SITE242,10,35.0,18.4,26.7,2.7,153.0,16.6,35.0,8.8,3.2
SITE242,11,29.8,15.5,22.7,9.1,104.0,14.3,42.0,8.3,3.2
SITE242,12,26.2,13.3,19.8,13.0,86.0,13.0,46.0,8.0,3.2
SITE243,1,32.3,20.6,26.4,7.2,107.0,11.7,41.0,8.3,3.2
SITE243,2,33.1,21.3,27.2,6.9,116.0,11.8,41.0,8.3,3.2
SITE243,3,34.9,23.8,29.3,9.1,152.0,11.0,44.0,8.1,3.2
SITE243,4,38.0,26.5,32.2,7.5,180.0,11.6,42.0,8.3,3.2
SITE243,5,41.6,28.7,35.2,3.5,221.0,13.0,36.0,8.7,3.2
SITE243,6,44.3,30.3,37.3,0.6,234.0,14.0,33.0,8.9,3.2
SITE243,7,45.1,31.0,38.1,0.2,244.0,14.1,32.0,9.0,3.2
SITE243,8,44.3,30.2,37.3,0.2,231.0,14.1,32.0,9.0,3.2
SITE243,9,42.2,28.1,35.2,0.5,194.0,14.0,33.0,9.0,3.2
SITE243,10,39.0,25.5,32.2,2.2,160.0,13.4,35.0,8.8,3.2
SITE243,11,35.1,23.6,29.3,7.5,114.0,11.6,42.0,8.3,3.2
SITE243,12,32.5,22.0,27.2,10.7,98.0,10.5,46.0,8.0,3.2
SITE244,1,31.6,19.3,25.4,5.5,108.0,12.3,41.0,8.3,3.2
SITE244,2,32.5,20.1,26.3,5.3,117.0,12.5,41.0,8.3,3.2
SITE244,3,34.4,22.8,28.6,7.0,154.0,11.7,44.0,8.1,3.2
SITE244,4,37.9,25.7,31.8,5.8,184.0,12.2,42.0,8.3,3.2
SITE244,5,41.8,28.1,34.9,2.6,226.0,13.7,36.0,8.7,3.2
SITE244,6,44.6,29.9,37.3,0.5,240.0,14.7,33.0,8.9,3.2
SITE244,7,45.6,30.7,38.1,0.1,251.0,14.9,32.0,9.0,3.2
SITE244,8,44.7,29.8,37.3,0.1,237.0,14.9,32.0,9.0,3.2
SITE244,9,42.3,27.5,34.9,0.4,199.0,14.8,33.0,9.0,3.2
SITE244,10,38.9,24.7,31.8,1.7,163.0,14.2,35.0,8.8,3.2
SITE244,11,34.7,22.5,28.6,5.8,116.0,12.2,42.0,8.3,3.2
SITE244,12,31.8,20.7,26.3,8.2,99.0,11.1,46.0,8.0,3.2
SITE245,1,30.3,19.2,24.8,13.7,179.0,11.1,41.0,8.3,3.2
SITE245,2,29.7,18.4,24.0,13.1,146.0,11.2,41.0,8.3,3.2
SITE245,3,30.0,19.5,24.8,17.2,136.0,10.5,44.0,8.1,3.2
SITE245,4,32.2,21.2,26.7,14.3,110.0,11.0,42.0,8.3,3.2
SITE245,5,35.6,23.2,29.4,6.5,99.0,12.4,36.0,8.7,3.2
SITE245,6,38.7,25.4,32.1,1.2,91.0,13.3,33.0,8.9,3.2
SITE245,7,40.8,27.3,34.1,0.3,104.0,13.4,32.0,9.0,3.2
SITE245,8,41.5,28.1,34.8,0.3,132.0,13.4,32.0,9.0,3.2
SITE245,9,40.7,27.4,34.1,0.9,163.0,13.3,33.0,9.0,3.2
SITE245,10,38.5,25.7,32.1,4.2,193.0,12.8,35.0,8.8,3.2
SITE245,11,34.9,23.9,29.4,14.3,186.0,11.0,42.0,8.3,3.2
SITE245,12,31.7,21.7,26.7,20.2,180.0,10.0,46.0,8.0,3.2
SITE246,1,28.5,16.5,22.5,7.2,175.0,12.0,41.0,8.3,3.2
SITE246,2,27.7,15.6,21.7,6.9,143.0,12.1,41.0,8.3,3.2
SITE246,3,28.1,16.8,22.5,9.1,134.0,11.3,44.0,8.1,3.2
SITE246,4,30.6,18.8,24.7,7.5,110.0,11.9,42.0,8.3,3.2
SITE246,5,34.4,21.1,27.7,3.5,100.0,13.3,36.0,8.7,3.2
SITE246,6,37.9,23.6,30.7,0.6,93.0,14.3,33.0,8.9,3.2
SITE246,7,40.2,25.7,32.9,0.2,107.0,14.5,32.0,9.0,3.2
SITE246,8,41.0,26.5,33.8,0.2,136.0,14.5,32.0,9.0,3.2
SITE246,9,40.1,25.8,32.9,0.5,167.0,14.3,33.0,9.0,3.2
SITE246,10,37.6,23.9,30.7,2.2,195.0,13.7,35.0,8.8,3.2
SITE246,11,33.6,21.8,27.7,7.5,186.0,11.9,42.0,8.3,3.2
SITE246,12,30.1,19.3,24.7,10.7,178.0,10.8,46.0,8.0,3.2
SITE247,1,16.3,3.4,9.9,89.4,54.0,12.9,67.0,6.0,2.5
SITE247,2,17.6,4.3,10.9,83.6,65.0,13.2,66.0,6.0,2.5
SITE247,3,20.7,7.0,13.9,75.0,102.0,13.7,65.0,6.1,2.5
SITE247,4,25.4,10.4,17.9,49.0,140.0,15.0,62.0,6.4,2.5
SITE247,5,29.9,13.9,21.9,28.8,185.0,16.0,60.0,6.5,2.5
SITE247,6,33.3,16.3,24.8,8.6,205.0,17.0,57.0,6.7,2.5
SITE247,7,34.5,17.2,25.8,2.9,215.0,17.3,56.0,6.8,2.5
SITE247,8,33.4,16.2,24.8,5.8,193.0,17.2,57.0,6.7,2.5
SITE247,9,29.9,13.8,21.9,25.9,144.0,16.1,59.0,6.6,2.5
SITE247,10,25.1,10.6,17.9,57.7,101.0,14.5,63.0,6.3,2.5
SITE247,11,20.6,7.2,13.9,80.7,65.0,13.4,66.0,6.1,2.5
SITE247,12,17.6,4.3,10.9,83.6,53.0,13.2,66.0,6.0,2.5
SITE248,1,15.2,1.6,8.4,62.0,53.0,13.6,67.0,6.0,2.5
SITE248,2,16.5,2.6,9.5,58.0,63.0,13.9,66.0,6.0,2.5
SITE248,3,19.8,5.5,12.7,52.0,100.0,14.3,65.0,6.1,2.5
SITE248,4,24.8,9.1,16.9,34.0,140.0,15.7,62.0,6.4,2.5
SITE248,5,29.6,12.8,21.2,20.0,186.0,16.8,60.0,6.5,2.5
SITE248,6,33.3,15.4,24.3,6.0,208.0,17.9,57.0,6.7,2.5
SITE248,7,34.6,16.4,25.5,2.0,219.0,18.2,56.0,6.8,2.5
SITE248,8,33.3,15.3,24.3,4.0,196.0,18.0,57.0,6.7,2.5
SITE248,9,29.7,12.7,21.2,18.0,145.0,16.9,59.0,6.6,2.5
SITE248,10,24.6,9.3,16.9,40.0,101.0,15.3,63.0,6.3,2.5
SITE248,11,19.7,5.6,12.7,56.0,64.0,14.0,66.0,6.1,2.5
SITE248,12,16.5,2.6,9.5,58.0,51.0,13.9,66.0,6.0,2.5
SITE249,1,24.0,16.0,20.0,81.2,60.0,8.0,67.0,6.0,2.5
SITE249,2,24.6,16.4,20.5,76.0,69.0,8.2,66.0,6.0,2.5
SITE249,3,26.0,17.5,21.8,68.1,101.0,8.5,65.0,6.1,2.5
SITE249,4,28.2,18.9,23.6,44.5,129.0,9.3,62.0,6.4,2.5
SITE249,5,30.3,20.4,25.3,26.2,158.0,9.9,60.0,6.5,2.5
SITE249,6,31.9,21.4,26.6,7.9,168.0,10.5,57.0,6.7,2.5
SITE249,7,32.5,21.8,27.1,2.6,174.0,10.7,56.0,6.8,2.5
SITE249,8,31.9,21.3,26.6,5.2,159.0,10.6,57.0,6.7,2.5
SITE249,9,30.3,20.3,25.3,23.6,124.0,10.0,59.0,6.6,2.5
SITE249,10,28.0,19.1,23.6,52.4,94.0,9.0,63.0,6.3,2.5
SITE249,11,25.9,17.6,21.8,73.3,66.0,8.3,66.0,6.1,2.5
SITE249,12,24.6,16.4,20.5,76.0,57.0,8.2,66.0,6.0,2.5
SITE250,1,22.7,14.1,18.4,60.2,60.0,8.7,67.0,6.0,2.5
SITE250,2,23.4,14.5,19.0,56.3,69.0,8.8,66.0,6.0,2.5
SITE250,3,25.1,15.9,20.5,50.5,102.0,9.1,65.0,6.1,2.5
SITE250,4,27.6,17.6,22.6,33.0,131.0,10.0,62.0,6.4,2.5
SITE250,5,30.0,19.3,24.7,19.4,162.0,10.7,60.0,6.5,2.5
SITE250,6,31.9,20.5,26.2,5.8,173.0,11.4,57.0,6.7,2.5
SITE250,7,32.5,20.9,26.7,1.9,180.0,11.6,56.0,6.8,2.5
SITE250,8,31.9,20.4,26.2,3.9,163.0,11.5,57.0,6.7,2.5
SITE250,9,30.1,19.3,24.7,17.5,127.0,10.8,59.0,6.6,2.5
SITE250,10,27.4,17.7,22.6,38.8,95.0,9.7,63.0,6.3,2.5
SITE250,11,25.0,16.0,20.5,54.4,66.0,8.9,66.0,6.1,2.5
SITE250,12,23.4,14.5,19.0,56.3,57.0,8.8,66.0,6.0,2.5
SITE251,1,22.7,12.1,17.4,18.2,139.0,10.6,57.0,6.7,2.5
SITE251,2,22.4,11.7,17.0,18.2,120.0,10.6,57.0,6.7,2.5
SITE251,3,22.6,12.1,17.4,30.4,122.0,10.5,58.0,6.7,2.5
SITE251,4,23.4,13.2,18.3,72.9,103.0,10.1,60.0,6.5,2.5
SITE251,5,24.4,14.7,19.6,121.4,91.0,9.7,62.0,6.3,2.5
SITE251,6,25.2,16.4,20.8,212.5,80.0,8.8,67.0,6.0,2.5
SITE251,7,25.7,17.7,21.7,303.6,83.0,8.0,72.0,5.6,2.5
SITE251,8,26.2,17.9,22.0,273.2,98.0,8.3,71.0,5.7,2.5
SITE251,9,26.2,17.2,21.7,194.3,115.0,9.0,66.0,6.0,2.5
SITE251,10,25.9,15.7,20.8,72.9,138.0,10.1,60.0,6.5,2.5
SITE251,11,24.8,14.3,19.6,24.3,140.0,10.6,57.0,6.7,2.5
SITE251,12,23.6,13.0,18.3,12.1,144.0,10.7,57.0,6.8,2.5
SITE252,1,22.4,11.8,17.1,12.8,138.0,10.6,57.0,6.7,2.5
SITE252,2,22.1,11.5,16.8,12.8,119.0,10.6,57.0,6.7,2.5
SITE252,3,22.4,11.9,17.1,21.3,121.0,10.5,58.0,6.7,2.5
SITE252,4,23.1,13.0,18.1,51.0,102.0,10.1,60.0,6.5,2.5
SITE252,5,24.2,14.5,19.3,85.0,91.0,9.7,62.0,6.3,2.5
SITE252,6,25.0,16.2,20.6,148.8,79.0,8.8,67.0,6.0,2.5
SITE252,7,25.5,17.5,21.5,212.6,83.0,8.0,72.0,5.6,2.5
SITE252,8,26.0,17.7,21.9,191.3,98.0,8.3,71.0,5.7,2.5
SITE252,9,26.0,17.0,21.5,136.0,115.0,9.0,66.0,6.0,2.5
SITE252,10,25.7,15.5,20.6,51.0,137.0,10.1,60.0,6.5,2.5
SITE252,11,24.6,14.0,19.3,17.0,139.0,10.6,57.0,6.7,2.5
SITE252,12,23.4,12.7,18.1,8.5,143.0,10.7,57.0,6.8,2.5
SITE253,1,26.5,15.8,21.1,5.9,139.0,10.7,72.0,5.8,2.0
SITE253,2,26.2,15.4,20.8,5.9,127.0,10.7,72.0,5.8,2.0
SITE253,3,26.5,15.8,21.1,11.9,141.0,10.6,73.0,5.7,2.0
SITE253,4,27.2,16.9,22.1,35.6,130.0,10.3,75.0,5.6,2.0
SITE253,5,28.2,18.5,23.3,86.9,125.0,9.7,79.0,5.3,2.0
SITE253,6,28.9,20.2,24.6,165.9,112.0,8.7,85.0,4.8,2.0
SITE253,7,29.5,21.5,25.5,217.3,116.0,8.0,90.0,4.5,2.0
SITE253,8,30.1,21.6,25.8,177.8,129.0,8.5,86.0,4.7,2.0
SITE253,9,30.1,20.8,25.5,118.5,137.0,9.3,82.0,5.1,2.0
SITE253,10,29.7,19.5,24.6,47.4,149.0,10.2,76.0,5.5,2.0
SITE253,11,28.6,18.0,23.3,9.9,142.0,10.7,73.0,5.7,2.0
SITE253,12,27.4,16.7,22.1,4.0,141.0,10.7,72.0,5.8,2.0
SITE254,1,24.8,14.0,19.4,4.3,132.0,10.7,72.0,5.8,2.0
SITE254,2,24.4,13.7,19.1,4.3,121.0,10.7,72.0,5.8,2.0
SITE254,3,24.7,14.1,19.4,8.6,134.0,10.6,73.0,5.7,2.0
SITE254,4,25.5,15.2,20.3,25.7,125.0,10.3,75.0,5.6,2.0
SITE254,5,26.4,16.7,21.6,62.7,120.0,9.7,79.0,5.3,2.0
SITE254,6,27.2,18.5,22.8,119.7,108.0,8.7,85.0,4.8,2.0
SITE254,7,27.7,19.7,23.7,156.8,112.0,8.0,90.0,4.5,2.0
SITE254,8,28.3,19.8,24.1,128.3,124.0,8.5,86.0,4.7,2.0
SITE254,9,28.4,19.1,23.7,85.5,132.0,9.3,82.0,5.1,2.0
SITE254,10,27.9,17.7,22.8,34.2,143.0,10.2,76.0,5.5,2.0
SITE254,11,26.9,16.2,21.6,7.1,135.0,10.7,73.0,5.7,2.0
SITE254,12,25.7,15.0,20.3,2.9,134.0,10.7,72.0,5.8,2.0
SITE255,1,34.0,23.2,28.6,5.3,150.0,10.7,72.0,5.8,2.0
SITE255,2,34.3,23.6,28.9,5.3,144.0,10.7,72.0,5.8,2.0
SITE255,3,35.2,24.5,29.8,10.6,169.0,10.6,73.0,5.7,2.0
SITE255,4,36.3,25.9,31.1,31.8,166.0,10.3,75.0,5.6,2.0
SITE255,5,37.2,27.5,32.3,77.6,165.0,9.7,79.0,5.3,2.0
SITE255,6,37.6,28.9,33.3,148.2,150.0,8.7,85.0,4.8,2.0
SITE255,7,37.6,29.6,33.6,194.0,151.0,8.0,90.0,4.5,2.0
SITE255,8,37.5,29.0,33.3,158.8,159.0,8.5,86.0,4.7,2.0
SITE255,9,37.0,27.7,32.3,105.8,160.0,9.3,82.0,5.1,2.0
SITE255,10,36.2,26.0,31.1,42.3,164.0,10.2,76.0,5.5,2.0
SITE255,11,35.2,24.5,29.8,8.8,150.0,10.7,73.0,5.7,2.0
SITE255,12,34.3,23.6,28.9,3.5,148.0,10.7,72.0,5.8,2.0
SITE256,1,33.8,23.1,28.4,3.7,149.0,10.7,72.0,5.8,2.0
SITE256,2,34.1,23.4,28.8,3.7,144.0,10.7,72.0,5.8,2.0
SITE256,3,35.0,24.4,29.7,7.5,169.0,10.6,73.0,5.7,2.0
SITE256,4,36.1,25.8,30.9,22.4,166.0,10.3,75.0,5.6,2.0
SITE256,5,37.0,27.3,32.2,54.9,165.0,9.7,79.0,5.3,2.0
SITE256,6,37.4,28.8,33.1,104.8,150.0,8.7,85.0,4.8,2.0
SITE256,7,37.4,29.4,33.4,137.2,151.0,8.0,90.0,4.5,2.0
SITE256,8,37.4,28.8,33.1,112.2,159.0,8.5,86.0,4.7,2.0
SITE256,9,36.8,27.5,32.2,74.8,160.0,9.3,82.0,5.1,2.0
SITE256,10,36.0,25.8,30.9,29.9,164.0,10.2,76.0,5.5,2.0
SITE256,11,35.0,24.3,29.7,6.2,149.0,10.7,73.0,5.7,2.0
SITE256,12,34.1,23.4,28.8,2.5,147.0,10.7,72.0,5.8,2.0
SITE257,1,29.9,21.0,25.4,52.4,111.0,8.9,41.0,8.3,3.2
SITE257,2,30.3,21.3,25.8,50.2,112.0,9.0,41.0,8.3,3.2
SITE257,3,30.9,22.5,26.7,66.1,135.0,8.4,44.0,8.1,3.2
SITE257,4,32.4,23.5,28.0,54.7,146.0,8.8,42.0,8.3,3.2
SITE257,5,34.1,24.3,29.2,25.1,166.0,9.9,36.0,8.7,3.2
SITE257,6,35.4,24.8,30.1,4.6,168.0,10.6,33.0,8.9,3.2
SITE257,7,35.8,25.1,30.4,1.1,176.0,10.8,32.0,9.0,3.2
SITE257,8,35.5,24.7,30.1,1.1,174.0,10.8,32.0,9.0,3.2
SITE257,9,34.5,23.9,29.2,3.4,158.0,10.7,33.0,9.0,3.2
SITE257,10,33.1,22.8,28.0,16.0,143.0,10.2,35.0,8.8,3.2
SITE257,11,31.1,22.3,26.7,54.7,113.0,8.8,42.0,8.3,3.2
SITE257,12,29.8,21.8,25.8,77.5,102.0,8.0,46.0,8.0,3.2
SITE258,1,28.7,19.8,24.2,35.9,108.0,8.9,41.0,8.3,3.2
SITE258,2,29.0,20.1,24.5,34.4,109.0,9.0,41.0,8.3,3.2
SITE258,3,29.7,21.3,25.5,45.3,131.0,8.4,44.0,8.1,3.2
SITE258,4,31.1,22.3,26.7,37.5,142.0,8.8,42.0,8.3,3.2
SITE258,5,32.9,23.0,28.0,17.2,161.0,9.9,36.0,8.7,3.2
SITE258,6,34.2,23.6,28.9,3.1,164.0,10.6,33.0,8.9,3.2
SITE258,7,34.6,23.8,29.2,0.8,172.0,10.8,32.0,9.0,3.2
SITE258,8,34.3,23.5,28.9,0.8,169.0,10.8,32.0,9.0,3.2
SITE258,9,33.3,22.6,28.0,2.3,154.0,10.7,33.0,9.0,3.2
SITE258,10,31.8,21.6,26.7,10.9,139.0,10.2,35.0,8.8,3.2
SITE258,11,29.9,21.1,25.5,37.5,109.0,8.8,42.0,8.3,3.2
SITE258,12,28.5,20.5,24.5,53.1,99.0,8.0,46.0,8.0,3.2
SITE259,1,32.3,23.4,27.9,70.2,120.0,8.9,41.0,8.3,3.2
SITE259,2,32.7,23.8,28.3,67.2,120.0,9.0,41.0,8.3,3.2
SITE259,3,33.5,25.1,29.3,88.5,144.0,8.4,44.0,8.1,3.2
SITE259,4,35.2,26.4,30.8,73.3,155.0,8.8,42.0,8.3,3.2
SITE259,5,37.2,27.3,32.2,33.6,175.0,9.9,36.0,8.7,3.2
SITE259,6,38.6,28.0,33.3,6.1,178.0,10.6,33.0,8.9,3.2
SITE259,7,39.1,28.3,33.7,1.5,186.0,10.8,32.0,9.0,3.2
SITE259,8,38.7,27.9,33.3,1.5,185.0,10.8,32.0,9.0,3.2
SITE259,9,37.6,26.9,32.2,4.6,169.0,10.7,33.0,9.0,3.2
SITE259,10,35.9,25.7,30.8,21.4,154.0,10.2,35.0,8.8,3.2
SITE259,11,33.7,24.9,29.3,73.3,122.0,8.8,42.0,8.3,3.2
SITE259,12,32.3,24.3,28.3,103.8,111.0,8.0,46.0,8.0,3.2
SITE260,1,31.7,22.8,27.2,47.7,118.0,8.9,41.0,8.3,3.2
SITE260,2,32.2,23.2,27.7,45.6,119.0,9.0,41.0,8.3,3.2
SITE260,3,33.1,24.7,28.9,60.1,143.0,8.4,44.0,8.1,3.2
SITE260,4,35.0,26.2,30.6,49.7,154.0,8.8,42.0,8.3,3.2
SITE260,5,37.3,27.4,32.3,22.8,175.0,9.9,36.0,8.7,3.2
SITE260,6,38.9,28.2,33.5,4.1,179.0,10.6,33.0,8.9,3.2
SITE260,7,39.4,28.6,34.0,1.0,187.0,10.8,32.0,9.0,3.2
SITE260,8,38.9,28.2,33.5,1.0,186.0,10.8,32.0,9.0,3.2
SITE260,9,37.7,27.0,32.3,3.1,169.0,10.7,33.0,9.0,3.2
SITE260,10,35.7,25.5,30.6,14.5,154.0,10.2,35.0,8.8,3.2
SITE260,11,33.3,24.5,28.9,49.7,121.0,8.8,42.0,8.3,3.2
SITE260,12,31.7,23.7,27.7,70.5,110.0,8.0,46.0,8.0,3.2
SITE261,1,25.9,11.3,18.6,2.6,95.0,14.5,41.0,8.3,3.2
SITE261,2,27.0,12.3,19.7,2.5,105.0,14.7,41.0,8.3,3.2
SITE261,3,29.5,15.8,22.6,3.2,143.0,13.7,44.0,8.1,3.2
SITE261,4,33.9,19.5,26.7,2.7,178.0,14.4,42.0,8.3,3.2
SITE261,5,38.8,22.7,30.7,1.2,226.0,16.2,36.0,8.7,3.2
SITE261,6,42.4,25.0,33.7,0.2,245.0,17.4,33.0,8.9,3.2
SITE261,7,43.6,26.0,34.8,0.1,257.0,17.6,32.0,9.0,3.2
SITE261,8,42.5,24.9,33.7,0.1,240.0,17.6,32.0,9.0,3.2
SITE261,9,39.5,22.0,30.7,0.2,197.0,17.4,33.0,9.0,3.2
SITE261,10,35.0,18.3,26.7,0.8,155.0,16.7,35.0,8.8,3.2
SITE261,11,29.8,15.4,22.6,2.7,106.0,14.4,42.0,8.3,3.2
SITE261,12,26.2,13.1,19.7,3.8,88.0,13.1,46.0,8.0,3.2
SITE262,1,24.7,9.5,17.1,2.6,94.0,15.2,41.0,8.3,3.2
SITE262,2,26.0,10.6,18.3,2.5,104.0,15.4,41.0,8.3,3.2
SITE262,3,28.6,14.2,21.4,3.2,143.0,14.4,44.0,8.1,3.2
SITE262,4,33.3,18.2,25.8,2.7,179.0,15.1,42.0,8.3,3.2
SITE262,5,38.6,21.6,30.1,1.2,228.0,16.9,36.0,8.7,3.2
SITE262,6,42.4,24.2,33.3,0.2,249.0,18.2,33.0,8.9,3.2
SITE262,7,43.6,25.2,34.4,0.1,262.0,18.4,32.0,9.0,3.2
SITE262,8,42.5,24.1,33.3,0.1,244.0,18.4,32.0,9.0,3.2
SITE262,9,39.2,21.0,30.1,0.2,199.0,18.3,33.0,9.0,3.2
SITE262,10,34.5,17.0,25.8,0.8,156.0,17.5,35.0,8.8,3.2
SITE262,11,29.0,13.9,21.4,2.7,106.0,15.1,42.0,8.3,3.2
SITE262,12,25.1,11.4,18.3,3.8,87.0,13.7,46.0,8.0,3.2
SITE263,1,31.3,19.6,25.4,8.9,102.0,11.7,41.0,8.3,3.2
SITE263,2,32.1,20.3,26.2,8.5,111.0,11.8,41.0,8.3,3.2
SITE263,3,33.9,22.8,28.3,11.2,147.0,11.0,44.0,8.1,3.2
SITE263,4,37.0,25.5,31.2,9.3,176.0,11.6,42.0,8.3,3.2
SITE263,5,40.6,27.7,34.2,4.3,217.0,13.0,36.0,8.7,3.2
SITE263,6,43.3,29.3,36.3,0.8,231.0,14.0,33.0,8.9,3.2
SITE263,7,44.1,30.0,37.1,0.2,240.0,14.1,32.0,9.0,3.2
SITE263,8,43.3,29.2,36.3,0.2,226.0,14.1,32.0,9.0,3.2
SITE263,9,41.2,27.1,34.2,0.6,189.0,14.0,33.0,9.0,3.2
SITE263,10,38.0,24.5,31.2,2.7,154.0,13.4,35.0,8.8,3.2
SITE263,11,34.1,22.6,28.3,9.3,109.0,11.6,42.0,8.3,3.2
SITE263,12,31.5,21.0,26.2,13.1,93.0,10.5,46.0,8.0,3.2
SITE264,1,30.8,18.5,24.6,7.0,103.0,12.3,41.0,8.3,3.2
SITE264,2,31.7,19.3,25.5,6.7,112.0,12.4,41.0,8.3,3.2
SITE264,3,33.6,22.0,27.8,8.8,149.0,11.6,44.0,8.1,3.2
SITE264,4,37.0,24.8,30.9,7.3,180.0,12.2,42.0,8.3,3.2
SITE264,5,40.9,27.3,34.1,3.3,222.0,13.7,36.0,8.7,3.2
SITE264,6,43.7,29.0,36.4,0.6,237.0,14.7,33.0,8.9,3.2
SITE264,7,44.7,29.8,37.2,0.2,247.0,14.9,32.0,9.0,3.2
SITE264,8,43.8,29.0,36.4,0.2,233.0,14.9,32.0,9.0,3.2
SITE264,9,41.5,26.7,34.1,0.5,194.0,14.7,33.0,9.0,3.2
SITE264,10,38.0,23.9,30.9,2.1,157.0,14.1,35.0,8.8,3.2
SITE264,11,33.9,21.7,27.8,7.3,111.0,12.2,42.0,8.3,3.2
SITE264,12,31.0,20.0,25.5,10.3,94.0,11.0,46.0,8.0,3.2
SITE265,1,12.6,3.3,8.0,34.7,95.0,9.3,60.0,6.5,2.5
SITE265,2,12.2,2.8,7.5,32.6,82.0,9.4,60.0,6.5,2.5
SITE265,3,12.5,3.5,8.0,41.3,84.0,9.1,61.0,6.4,2.5
SITE265,4,13.7,4.9,9.3,47.8,73.0,8.8,62.0,6.3,2.5
SITE265,5,15.3,6.9,11.1,54.3,68.0,8.5,63.0,6.3,2.5
SITE265,6,17.0,8.8,12.9,60.8,63.0,8.2,64.0,6.2,2.5
SITE265,7,18.2,10.2,14.2,65.1,69.0,8.0,64.0,6.2,2.5
SITE265,8,18.8,10.5,14.7,58.6,82.0,8.3,64.0,6.2,2.5
SITE265,9,18.6,9.9,14.2,49.9,93.0,8.7,62.0,6.3,2.5
SITE265,10,17.4,8.4,12.9,41.3,104.0,9.1,61.0,6.4,2.5
SITE265,11,15.7,6.5,11.1,36.9,101.0,9.2,61.0,6.4,2.5
SITE265,12,14.0,4.6,9.3,34.7,100.0,9.3,60.0,6.5,2.5
SITE266,1,11.3,1.1,6.2,24.0,92.0,10.2,60.0,6.5,2.5
SITE266,2,10.8,0.5,5.6,22.5,79.0,10.3,60.0,6.5,2.5
SITE266,3,11.1,1.3,6.2,28.5,81.0,9.9,61.0,6.4,2.5
SITE266,4,12.5,3.0,7.7,33.0,72.0,9.6,62.0,6.3,2.5
SITE266,5,14.5,5.2,9.9,37.5,68.0,9.2,63.0,6.3,2.5
SITE266,6,16.4,7.5,12.0,41.9,64.0,8.9,64.0,6.2,2.5
SITE266,7,17.9,9.2,13.5,44.9,71.0,8.7,64.0,6.2,2.5
SITE266,8,18.6,9.6,14.1,40.4,84.0,9.0,64.0,6.2,2.5
SITE266,9,18.3,8.8,13.5,34.5,95.0,9.4,62.0,6.3,2.5
SITE266,10,16.9,7.1,12.0,28.5,105.0,9.9,61.0,6.4,2.5
SITE266,11,14.9,4.8,9.9,25.5,101.0,10.1,61.0,6.4,2.5
SITE266,12,12.8,2.7,7.7,24.0,98.0,10.2,60.0,6.5,2.5
SITE267,1,26.3,17.4,21.8,2.6,140.0,8.9,41.0,8.3,3.2
SITE267,2,26.0,17.0,21.5,2.5,123.0,9.0,41.0,8.3,3.2
SITE267,3,26.0,17.6,21.8,3.2,125.0,8.4,44.0,8.1,3.2
SITE267,4,27.2,18.3,22.8,2.7,113.0,8.8,42.0,8.3,3.2
SITE267,5,29.0,19.1,24.0,1.2,112.0,9.9,36.0,8.7,3.2
SITE267,6,30.6,20.0,25.3,0.2,107.0,10.6,33.0,8.9,3.2
SITE267,7,31.6,20.9,26.2,0.1,117.0,10.8,32.0,9.0,3.2
SITE267,8,32.0,21.2,26.6,0.1,132.0,10.8,32.0,9.0,3.2
SITE267,9,31.6,20.9,26.2,0.2,144.0,10.7,33.0,9.0,3.2
SITE267,10,30.4,20.2,25.3,0.8,155.0,10.2,35.0,8.8,3.2
SITE267,11,28.4,19.6,24.0,2.7,141.0,8.8,42.0,8.3,3.2
SITE267,12,26.8,18.8,22.8,3.8,136.0,8.0,46.0,8.0,3.2
SITE268,1,25.0,16.1,20.5,2.6,135.0,8.9,41.0,8.3,3.2
SITE268,2,24.6,15.6,20.1,2.5,119.0,9.0,41.0,8.3,3.2
SITE268,3,24.7,16.3,20.5,3.2,121.0,8.4,44.0,8.1,3.2
SITE268,4,26.1,17.2,21.7,2.7,110.0,8.8,42.0,8.3,3.2
SITE268,5,28.2,18.3,23.2,1.2,110.0,9.9,36.0,8.7,3.2
SITE268,6,30.1,19.4,24.8,0.2,106.0,10.6,33.0,8.9,3.2
SITE268,7,31.3,20.5,25.9,0.1,116.0,10.8,32.0,9.0,3.2
SITE268,8,31.7,20.9,26.3,0.1,132.0,10.8,32.0,9.0,3.2
SITE268,9,31.2,20.6,25.9,0.2,143.0,10.7,33.0,9.0,3.2
SITE268,10,29.9,19.7,24.8,0.8,153.0,10.2,35.0,8.8,3.2
SITE268,11,27.6,18.8,23.2,2.7,138.0,8.8,42.0,8.3,3.2
SITE268,12,25.7,17.7,21.7,3.8,132.0,8.0,46.0,8.0,3.2
SITE269,1,33.6,22.8,28.2,5.7,137.0,10.7,72.0,5.8,2.0
SITE269,2,33.9,23.2,28.5,5.7,136.0,10.7,72.0,5.8,2.0
SITE269,3,34.8,24.1,29.4,11.5,164.0,10.6,73.0,5.7,2.0
SITE269,4,35.9,25.5,30.7,34.4,167.0,10.3,75.0,5.6,2.0
SITE269,5,36.8,27.1,32.0,84.1,170.0,9.7,79.0,5.3,2.0
SITE269,6,37.2,28.5,32.9,160.5,157.0,8.7,85.0,4.8,2.0
SITE269,7,37.2,29.2,33.2,210.2,157.0,8.0,90.0,4.5,2.0
SITE269,8,37.1,28.6,32.9,172.0,162.0,8.5,86.0,4.7,2.0
SITE269,9,36.6,27.3,32.0,114.7,158.0,9.3,82.0,5.1,2.0
SITE269,10,35.8,25.6,30.7,45.9,156.0,10.2,76.0,5.5,2.0
SITE269,11,34.8,24.1,29.4,9.6,138.0,10.7,73.0,5.7,2.0
SITE269,12,33.9,23.2,28.5,3.8,134.0,10.7,72.0,5.8,2.0
SITE270,1,32.6,21.9,27.2,3.9,134.0,10.7,72.0,5.8,2.0
SITE270,2,32.9,22.2,27.6,3.9,133.0,10.7,72.0,5.8,2.0
SITE270,3,33.8,23.1,28.5,7.8,161.0,10.6,73.0,5.7,2.0
SITE270,4,34.9,24.5,29.7,23.4,163.0,10.3,75.0,5.6,2.0
SITE270,5,35.8,26.1,31.0,57.1,167.0,9.7,79.0,5.3,2.0
SITE270,6,36.2,27.6,31.9,109.1,154.0,8.7,85.0,4.8,2.0
SITE270,7,36.2,28.2,32.2,142.8,154.0,8.0,90.0,4.5,2.0
SITE270,8,36.1,27.6,31.9,116.9,159.0,8.5,86.0,4.7,2.0
SITE270,9,35.6,26.3,31.0,77.9,154.0,9.3,82.0,5.1,2.0
SITE270,10,34.8,24.6,29.7,31.2,153.0,10.2,76.0,5.5,2.0
SITE270,11,33.8,23.1,28.5,6.5,136.0,10.7,73.0,5.7,2.0
SITE270,12,32.9,22.2,27.6,2.6,131.0,10.7,72.0,5.8,2.0
SITE271,1,29.2,18.5,23.9,4.7,126.0,10.7,72.0,5.8,2.0
SITE271,2,29.6,18.8,24.2,4.7,124.0,10.7,72.0,5.8,2.0
SITE271,3,30.4,19.8,25.1,9.4,150.0,10.6,73.0,5.7,2.0
SITE271,4,31.5,21.2,26.4,28.1,152.0,10.3,75.0,5.6,2.0
SITE271,5,32.5,22.8,27.6,68.7,154.0,9.7,79.0,5.3,2.0
SITE271,6,32.9,24.2,28.5,131.1,142.0,8.7,85.0,4.8,2.0
SITE271,7,32.9,24.9,28.9,171.7,142.0,8.0,90.0,4.5,2.0
SITE271,8,32.8,24.3,28.5,140.5,148.0,8.5,86.0,4.7,2.0
SITE271,9,32.3,23.0,27.6,93.7,144.0,9.3,82.0,5.1,2.0
SITE271,10,31.5,21.3,26.4,37.5,144.0,10.2,76.0,5.5,2.0
SITE271,11,30.5,19.8,25.1,7.8,128.0,10.7,73.0,5.7,2.0
SITE271,12,29.6,18.8,24.2,3.1,124.0,10.7,72.0,5.8,2.0
SITE272,1,27.8,17.0,22.4,3.3,122.0,10.7,72.0,5.8,2.0
SITE272,2,28.1,17.4,22.7,3.3,120.0,10.7,72.0,5.8,2.0
SITE272,3,29.0,18.3,23.6,6.5,145.0,10.6,73.0,5.7,2.0
SITE272,4,30.1,19.7,24.9,19.6,147.0,10.3,75.0,5.6,2.0
SITE272,5,31.0,21.3,26.1,47.9,149.0,9.7,79.0,5.3,2.0
SITE272,6,31.4,22.7,27.1,91.5,138.0,8.7,85.0,4.8,2.0
SITE272,7,31.4,23.4,27.4,119.8,138.0,8.0,90.0,4.5,2.0
SITE272,8,31.3,22.8,27.1,98.0,143.0,8.5,86.0,4.7,2.0
SITE272,9,30.8,21.5,26.1,65.3,139.0,9.3,82.0,5.1,2.0
SITE272,10,30.0,19.8,24.9,26.1,139.0,10.2,76.0,5.5,2.0
SITE272,11,29.0,18.3,23.6,5.4,123.0,10.7,73.0,5.7,2.0
SITE272,12,28.1,17.4,22.7,2.2,119.0,10.7,72.0,5.8,2.0
SITE273,1,27.7,15.2,21.5,6.1,170.0,12.4,72.0,5.8,2.0
SITE273,2,27.0,14.6,20.8,6.1,144.0,12.4,72.0,5.8,2.0
SITE273,3,27.6,15.3,21.5,12.1,145.0,12.4,73.0,5.7,2.0
SITE273,4,29.2,17.2,23.2,36.4,122.0,12.0,75.0,5.6,2.0
SITE273,5,31.2,19.9,25.5,89.1,108.0,11.2,79.0,5.3,2.0
SITE273,6,32.9,22.9,27.9,170.1,93.0,10.0,85.0,4.8,2.0
SITE273,7,34.3,25.0,29.6,222.7,100.0,9.3,90.0,4.5,2.0
SITE273,8,35.2,25.3,30.3,182.2,123.0,9.9,86.0,4.7,2.0
SITE273,9,35.0,24.3,29.6,121.5,147.0,10.8,82.0,5.1,2.0
SITE273,10,33.8,22.0,27.9,48.6,176.0,11.8,76.0,5.5,2.0
SITE273,11,31.7,19.4,25.5,10.1,178.0,12.4,73.0,5.7,2.0
SITE273,12,29.4,16.9,23.2,4.0,179.0,12.5,72.0,5.8,2.0
SITE274,1,26.8,13.5,20.1,4.2,170.0,13.3,72.0,5.8,2.0
SITE274,2,26.1,12.8,19.4,4.2,143.0,13.3,72.0,5.8,2.0
SITE274,3,26.7,13.5,20.1,8.5,145.0,13.2,73.0,5.7,2.0
SITE274,4,28.5,15.7,22.1,25.4,122.0,12.8,75.0,5.6,2.0
SITE274,5,30.7,18.7,24.7,62.0,108.0,12.0,79.0,5.3,2.0
SITE274,6,32.7,22.0,27.4,118.4,95.0,10.7,85.0,4.8,2.0
SITE274,7,34.3,24.3,29.3,155.1,102.0,9.9,90.0,4.5,2.0
SITE274,8,35.3,24.7,30.0,126.9,126.0,10.5,86.0,4.7,2.0
SITE274,9,35.0,23.6,29.3,84.6,151.0,11.5,82.0,5.1,2.0
SITE274,10,33.7,21.1,27.4,33.8,179.0,12.6,76.0,5.5,2.0
SITE274,11,31.3,18.1,24.7,7.0,181.0,13.2,73.0,5.7,2.0
SITE274,12,28.7,15.4,22.1,2.8,181.0,13.3,72.0,5.8,2.0
SITE275,1,21.9,12.6,17.3,68.3,135.0,9.3,60.0,6.5,2.5
SITE275,2,21.5,12.1,16.8,64.0,109.0,9.4,60.0,6.5,2.5
SITE275,3,21.8,12.8,17.3,81.1,100.0,9.1,61.0,6.4,2.5
SITE275,4,23.0,14.2,18.6,93.9,75.0,8.8,62.0,6.3,2.5
SITE275,5,24.6,16.2,20.4,106.7,60.0,8.5,63.0,6.3,2.5
SITE275,6,26.3,18.1,22.2,119.5,51.0,8.2,64.0,6.2,2.5
SITE275,7,27.5,19.5,23.5,128.1,57.0,8.0,64.0,6.2,2.5
SITE275,8,28.1,19.8,24.0,115.2,77.0,8.3,64.0,6.2,2.5
SITE275,9,27.9,19.2,23.5,98.2,100.0,8.7,62.0,6.3,2.5
SITE275,10,26.7,17.7,22.2,81.1,128.0,9.1,61.0,6.4,2.5
SITE275,11,25.0,15.8,20.4,72.6,137.0,9.2,61.0,6.4,2.5
SITE275,12,23.3,13.9,18.6,68.3,143.0,9.3,60.0,6.5,2.5
SITE276,1,21.1,11.0,16.1,47.3,135.0,10.0,60.0,6.5,2.5
SITE276,2,20.6,10.4,15.5,44.3,109.0,10.1,60.0,6.5,2.5
SITE276,3,20.9,11.2,16.1,56.1,101.0,9.7,61.0,6.4,2.5
SITE276,4,22.3,12.9,17.6,65.0,76.0,9.4,62.0,6.3,2.5
SITE276,5,24.2,15.1,19.6,73.8,62.0,9.1,63.0,6.3,2.5
SITE276,6,26.1,17.3,21.7,82.7,52.0,8.8,64.0,6.2,2.5
SITE276,7,27.5,18.9,23.2,88.6,59.0,8.6,64.0,6.2,2.5
SITE276,8,28.2,19.3,23.8,79.7,79.0,8.9,64.0,6.2,2.5
SITE276,9,27.9,18.5,23.2,67.9,103.0,9.3,62.0,6.3,2.5
SITE276,10,26.5,16.8,21.7,56.1,131.0,9.7,61.0,6.4,2.5
SITE276,11,24.6,14.7,19.6,50.2,139.0,9.9,61.0,6.4,2.5
SITE276,12,22.6,12.6,17.6,47.3,144.0,10.0,60.0,6.5,2.5
SITE277,1,20.2,9.2,14.7,85.3,51.0,11.0,67.0,6.0,2.5
SITE277,2,21.2,9.9,15.6,79.8,63.0,11.3,66.0,6.0,2.5
SITE277,3,23.7,12.0,17.9,71.5,100.0,11.6,65.0,6.1,2.5
SITE277,4,27.4,14.6,21.0,46.8,137.0,12.7,62.0,6.4,2.5
SITE277,5,30.9,17.3,24.1,27.5,179.0,13.6,60.0,6.5,2.5
SITE277,6,33.7,19.2,26.4,8.3,198.0,14.5,57.0,6.7,2.5
SITE277,7,34.6,19.9,27.3,2.8,205.0,14.7,56.0,6.8,2.5
SITE277,8,33.7,19.1,26.4,5.5,182.0,14.6,57.0,6.7,2.5
SITE277,9,31.0,17.3,24.1,24.8,134.0,13.7,59.0,6.6,2.5
SITE277,10,27.2,14.8,21.0,55.0,93.0,12.4,63.0,6.3,2.5
SITE277,11,23.5,12.2,17.9,77.0,59.0,11.4,66.0,6.1,2.5
SITE277,12,21.2,9.9,15.6,79.8,48.0,11.3,66.0,6.0,2.5
SITE278,1,19.3,7.6,13.4,60.2,50.0,11.6,67.0,6.0,2.5
SITE278,2,20.3,8.4,14.4,56.3,62.0,11.9,66.0,6.0,2.5
SITE278,3,23.0,10.7,16.9,50.5,100.0,12.3,65.0,6.1,2.5
SITE278,4,27.0,13.5,20.3,33.0,138.0,13.5,62.0,6.4,2.5
SITE278,5,30.9,16.5,23.7,19.4,182.0,14.4,60.0,6.5,2.5
SITE278,6,33.8,18.5,26.2,5.8,202.0,15.3,57.0,6.7,2.5
SITE278,7,34.9,19.3,27.1,1.9,210.0,15.6,56.0,6.8,2.5
SITE278,8,33.9,18.5,26.2,3.9,186.0,15.4,57.0,6.7,2.5
SITE278,9,30.9,16.4,23.7,17.5,137.0,14.5,59.0,6.6,2.5
SITE278,10,26.8,13.7,20.3,38.8,94.0,13.1,63.0,6.3,2.5
SITE278,11,22.9,10.8,16.9,54.4,59.0,12.0,66.0,6.1,2.5
SITE278,12,20.3,8.4,14.4,56.3,48.0,11.9,66.0,6.0,2.5
SITE279,1,11.5,1.7,6.6,78.5,22.0,9.8,62.0,6.4,2.5
SITE279,2,12.2,2.4,7.3,78.5,31.0,9.8,62.0,6.4,2.5
SITE279,3,14.1,4.3,9.2,78.5,57.0,9.8,62.0,6.4,2.5
SITE279,4,16.7,6.9,11.8,78.5,84.0,9.8,62.0,6.4,2.5
SITE279,5,19.4,9.5,14.4,78.5,114.0,9.8,62.0,6.4,2.5
SITE279,6,21.3,11.4,16.3,78.5,126.0,9.8,62.0,6.4,2.5
SITE279,7,22.0,12.1,17.0,78.5,128.0,9.8,62.0,6.4,2.5
SITE279,8,21.3,11.4,16.3,78.5,108.0,9.8,62.0,6.4,2.5
SITE279,9,19.4,9.5,14.4,78.5,75.0,9.8,62.0,6.4,2.5
SITE279,10,16.7,6.9,11.8,78.5,48.0,9.8,62.0,6.4,2.5
SITE279,11,14.1,4.3,9.2,78.5,27.0,9.8,62.0,6.4,2.5
SITE279,12,12.2,2.4,7.3,78.5,19.0,9.8,62.0,6.4,2.5
SITE280,1,10.4,-0.1,5.1,56.3,22.0,10.5,62.0,6.4,2.5
SITE280,2,11.1,0.7,5.9,56.3,31.0,10.5,62.0,6.4,2.5
SITE280,3,13.2,2.8,8.0,56.3,56.0,10.5,62.0,6.4,2.5
SITE280,4,16.1,5.7,10.9,56.3,84.0,10.5,62.0,6.4,2.5
SITE280,5,19.0,8.6,13.8,56.3,115.0,10.5,62.0,6.4,2.5
SITE280,6,21.1,10.7,15.9,56.3,128.0,10.5,62.0,6.4,2.5
SITE280,7,21.9,11.5,16.7,56.3,131.0,10.5,62.0,6.4,2.5
SITE280,8,21.1,10.7,15.9,56.3,111.0,10.5,62.0,6.4,2.5
SITE280,9,19.0,8.6,13.8,56.3,76.0,10.5,62.0,6.4,2.5
SITE280,10,16.1,5.7,10.9,56.3,48.0,10.5,62.0,6.4,2.5
SITE280,11,13.2,2.8,8.0,56.3,27.0,10.5,62.0,6.4,2.5
SITE280,12,11.1,0.7,5.9,56.3,19.0,10.5,62.0,6.4,2.5
SITE281,1,15.0,7.0,11.0,65.8,17.0,8.0,62.0,6.4,2.5
SITE281,2,15.5,7.5,11.5,65.8,28.0,8.0,62.0,6.4,2.5
SITE281,3,16.8,8.8,12.8,65.8,52.0,8.0,62.0,6.4,2.5
SITE281,4,18.6,10.6,14.6,65.8,79.0,8.0,62.0,6.4,2.5
SITE281,5,20.3,12.3,16.3,65.8,107.0,8.0,62.0,6.4,2.5
SITE281,6,21.6,13.6,17.6,65.8,117.0,8.0,62.0,6.4,2.5
SITE281,7,22.1,14.1,18.1,65.8,118.0,8.0,62.0,6.4,2.5
SITE281,8,21.6,13.6,17.6,65.8,98.0,8.0,62.0,6.4,2.5
SITE281,9,20.3,12.3,16.3,65.8,66.0,8.0,62.0,6.4,2.5
SITE281,10,18.6,10.6,14.6,65.8,41.0,8.0,62.0,6.4,2.5
SITE281,11,16.8,8.8,12.8,65.8,21.0,8.0,62.0,6.4,2.5
SITE281,12,15.5,7.5,11.5,65.8,15.0,8.0,62.0,6.4,2.5
SITE282,1,13.5,4.9,9.2,47.7,17.0,8.7,62.0,6.4,2.5
SITE282,2,14.1,5.4,9.8,47.7,27.0,8.7,62.0,6.4,2.5
SITE282,3,15.6,7.0,11.3,47.7,52.0,8.7,62.0,6.4,2.5
SITE282,4,17.7,9.0,13.4,47.7,79.0,8.7,62.0,6.4,2.5
SITE282,5,19.8,11.1,15.5,47.7,108.0,8.7,62.0,6.4,2.5
SITE282,6,21.3,12.6,17.0,47.7,120.0,8.7,62.0,6.4,2.5
SITE282,7,21.9,13.2,17.5,47.7,121.0,8.7,62.0,6.4,2.5
SITE282,8,21.3,12.6,17.0,47.7,100.0,8.7,62.0,6.4,2.5
SITE282,9,19.8,11.1,15.5,47.7,67.0,8.7,62.0,6.4,2.5
SITE282,10,17.7,9.0,13.4,47.7,41.0,8.7,62.0,6.4,2.5
SITE282,11,15.6,7.0,11.3,47.7,21.0,8.7,62.0,6.4,2.5
SITE282,12,14.1,5.4,9.8,47.7,15.0,8.7,62.0,6.4,2.5
SITE283,1,15.7,7.7,11.7,53.6,18.0,8.0,62.0,6.4,2.5
SITE283,2,16.1,8.1,12.1,53.6,28.0,8.0,62.0,6.4,2.5
SITE283,3,17.1,9.1,13.1,53.6,53.0,8.0,62.0,6.4,2.5
SITE283,4,18.6,10.6,14.6,53.6,79.0,8.0,62.0,6.4,2.5
SITE283,5,20.0,12.0,16.0,53.6,106.0,8.0,62.0,6.4,2.5
SITE283,6,21.0,13.0,17.0,53.6,115.0,8.0,62.0,6.4,2.5
SITE283,7,21.4,13.4,17.4,53.6,116.0,8.0,62.0,6.4,2.5
SITE283,8,21.0,13.0,17.0,53.6,96.0,8.0,62.0,6.4,2.5
SITE283,9,20.0,12.0,16.0,53.6,65.0,8.0,62.0,6.4,2.5
SITE283,10,18.6,10.6,14.6,53.6,41.0,8.0,62.0,6.4,2.5
SITE283,11,17.1,9.1,13.1,53.6,21.0,8.0,62.0,6.4,2.5
SITE283,12,16.1,8.1,12.1,53.6,15.0,8.0,62.0,6.4,2.5
SITE284,1,14.9,6.9,10.9,38.0,17.0,8.0,62.0,6.4,2.5
SITE284,2,15.4,7.4,11.4,38.0,27.0,8.0,62.0,6.4,2.5
SITE284,3,16.6,8.6,12.6,38.0,52.0,8.0,62.0,6.4,2.5
SITE284,4,18.3,10.3,14.3,38.0,78.0,8.0,62.0,6.4,2.5
SITE284,5,19.9,11.9,15.9,38.0,106.0,8.0,62.0,6.4,2.5
SITE284,6,21.2,13.2,17.2,38.0,116.0,8.0,62.0,6.4,2.5
SITE284,7,21.6,13.6,17.6,38.0,116.0,8.0,62.0,6.4,2.5
SITE284,8,21.2,13.2,17.2,38.0,97.0,8.0,62.0,6.4,2.5
SITE284,9,19.9,11.9,15.9,38.0,65.0,8.0,62.0,6.4,2.5
SITE284,10,18.3,10.3,14.3,38.0,40.0,8.0,62.0,6.4,2.5
SITE284,11,16.6,8.6,12.6,38.0,21.0,8.0,62.0,6.4,2.5
SITE284,12,15.4,7.4,11.4,38.0,14.0,8.0,62.0,6.4,2.5
SITE285,1,16.0,7.0,11.5,65.9,34.0,9.0,62.0,6.4,2.5
SITE285,2,16.6,7.6,12.1,65.9,44.0,9.0,62.0,6.4,2.5
SITE285,3,18.2,9.2,13.7,65.9,71.0,9.0,62.0,6.4,2.5
SITE285,4,20.4,11.4,15.9,65.9,97.0,9.0,62.0,6.4,2.5
SITE285,5,22.7,13.7,18.2,65.9,124.0,9.0,62.0,6.4,2.5
SITE285,6,24.3,15.3,19.8,65.9,133.0,9.0,62.0,6.4,2.5
SITE285,7,24.9,15.9,20.4,65.9,136.0,9.0,62.0,6.4,2.5
SITE285,8,24.3,15.3,19.8,65.9,118.0,9.0,62.0,6.4,2.5
SITE285,9,22.7,13.7,18.2,65.9,88.0,9.0,62.0,6.4,2.5
SITE285,10,20.4,11.4,15.9,65.9,62.0,9.0,62.0,6.4,2.5
SITE285,11,18.2,9.2,13.7,65.9,39.0,9.0,62.0,6.4,2.5
SITE285,12,16.6,7.6,12.1,65.9,31.0,9.0,62.0,6.4,2.5
SITE286,1,14.1,4.4,9.3,45.7,33.0,9.7,62.0,6.4,2.5
SITE286,2,14.8,5.1,10.0,45.7,42.0,9.7,62.0,6.4,2.5
SITE286,3,16.7,7.0,11.8,45.7,70.0,9.7,62.0,6.4,2.5
SITE286,4,19.2,9.5,14.4,45.7,96.0,9.7,62.0,6.4,2.5
SITE286,5,21.8,12.1,16.9,45.7,124.0,9.7,62.0,6.4,2.5
SITE286,6,23.7,14.0,18.8,45.7,134.0,9.7,62.0,6.4,2.5
SITE286,7,24.3,14.6,19.5,45.7,138.0,9.7,62.0,6.4,2.5
SITE286,8,23.7,14.0,18.8,45.7,120.0,9.7,62.0,6.4,2.5
SITE286,9,21.8,12.1,16.9,45.7,88.0,9.7,62.0,6.4,2.5
SITE286,10,19.2,9.5,14.4,45.7,61.0,9.7,62.0,6.4,2.5
SITE286,11,16.7,7.0,11.8,45.7,38.0,9.7,62.0,6.4,2.5
SITE286,12,14.8,5.1,10.0,45.7,30.0,9.7,62.0,6.4,2.5
SITE287,1,12.2,1.2,6.7,44.6,22.0,11.0,62.0,6.4,2.5
SITE287,2,13.1,2.1,7.6,44.6,33.0,11.0,62.0,6.4,2.5
SITE287,3,15.4,4.4,9.9,44.6,61.0,11.0,62.0,6.4,2.5
SITE287,4,18.5,7.5,13.0,44.6,92.0,11.0,62.0,6.4,2.5
SITE287,5,21.6,10.6,16.1,44.6,127.0,11.0,62.0,6.4,2.5
SITE287,6,23.9,12.9,18.4,44.6,141.0,11.0,62.0,6.4,2.5
SITE287,7,24.8,13.8,19.3,44.6,144.0,11.0,62.0,6.4,2.5
SITE287,8,23.9,12.9,18.4,44.6,121.0,11.0,62.0,6.4,2.5
SITE287,9,21.6,10.6,16.1,44.6,83.0,11.0,62.0,6.4,2.5
SITE287,10,18.5,7.5,13.0,44.6,52.0,11.0,62.0,6.4,2.5
SITE287,11,15.4,4.4,9.9,44.6,28.0,11.0,62.0,6.4,2.5
SITE287,12,13.1,2.1,7.6,44.6,20.0,11.0,62.0,6.4,2.5
SITE288,1,11.0,-0.7,5.1,33.0,21.0,11.6,62.0,6.4,2.5
SITE288,2,11.9,0.2,6.1,33.0,31.0,11.6,62.0,6.4,2.5
SITE288,3,14.4,2.7,8.6,33.0,59.0,11.6,62.0,6.4,2.5
SITE288,4,17.8,6.1,12.0,33.0,91.0,11.6,62.0,6.4,2.5
SITE288,5,21.2,9.6,15.4,33.0,127.0,11.6,62.0,6.4,2.5
SITE288,6,23.7,12.1,17.9,33.0,143.0,11.6,62.0,6.4,2.5
SITE288,7,24.6,13.0,18.8,33.0,146.0,11.6,62.0,6.4,2.5
SITE288,8,23.7,12.1,17.9,33.0,122.0,11.6,62.0,6.4,2.5
SITE288,9,21.2,9.6,15.4,33.0,83.0,11.6,62.0,6.4,2.5
SITE288,10,17.8,6.1,12.0,33.0,51.0,11.6,62.0,6.4,2.5
SITE288,11,14.4,2.7,8.6,33.0,27.0,11.6,62.0,6.4,2.5
SITE288,12,11.9,0.2,6.1,33.0,19.0,11.6,62.0,6.4,2.5
SITE289,1,13.2,1.4,7.3,47.6,26.0,11.8,62.0,6.4,2.5
SITE289,2,14.1,2.3,8.2,47.6,37.0,11.8,62.0,6.4,2.5
SITE289,3,16.7,4.9,10.8,47.6,68.0,11.8,62.0,6.4,2.5
SITE289,4,20.1,8.3,14.2,47.6,101.0,11.8,62.0,6.4,2.5
SITE289,5,23.6,11.8,17.7,47.6,138.0,11.8,62.0,6.4,2.5
SITE289,6,26.2,14.4,20.3,47.6,154.0,11.8,62.0,6.4,2.5
SITE289,7,27.1,15.3,21.2,47.6,158.0,11.8,62.0,6.4,2.5
SITE289,8,26.2,14.4,20.3,47.6,133.0,11.8,62.0,6.4,2.5
SITE289,9,23.6,11.8,17.7,47.6,92.0,11.8,62.0,6.4,2.5
SITE289,10,20.1,8.3,14.2,47.6,59.0,11.8,62.0,6.4,2.5
SITE289,11,16.7,4.9,10.8,47.6,33.0,11.8,62.0,6.4,2.5
SITE289,12,14.1,2.3,8.2,47.6,24.0,11.8,62.0,6.4,2.5
SITE290,1,11.2,-1.4,4.9,33.2,24.0,12.5,62.0,6.4,2.5
SITE290,2,12.2,-0.3,5.9,33.2,34.0,12.5,62.0,6.4,2.5
SITE290,3,15.0,2.4,8.7,33.2,64.0,12.5,62.0,6.4,2.5
SITE290,4,18.8,6.3,12.5,33.2,98.0,12.5,62.0,6.4,2.5
SITE290,5,22.6,10.1,16.3,33.2,136.0,12.5,62.0,6.4,2.5
SITE290,6,25.4,12.8,19.1,33.2,154.0,12.5,62.0,6.4,2.5
SITE290,7,26.4,13.9,20.1,33.2,158.0,12.5,62.0,6.4,2.5
SITE290,8,25.4,12.8,19.1,33.2,133.0,12.5,62.0,6.4,2.5
SITE290,9,22.6,10.1,16.3,33.2,91.0,12.5,62.0,6.4,2.5
SITE290,10,18.8,6.3,12.5,33.2,57.0,12.5,62.0,6.4,2.5
SITE290,11,15.0,2.4,8.7,33.2,31.0,12.5,62.0,6.4,2.5
SITE290,12,12.2,-0.3,5.9,33.2,22.0,12.5,62.0,6.4,2.5
SITE291,1,14.9,0.2,7.5,36.7,35.0,14.7,60.0,6.5,2.5
SITE291,2,16.0,1.1,8.6,34.4,47.0,14.9,60.0,6.5,2.5
SITE291,3,18.5,4.3,11.4,43.6,81.0,14.3,61.0,6.4,2.5
SITE291,4,22.2,8.3,15.2,50.5,116.0,13.8,62.0,6.3,2.5
SITE291,5,25.8,12.4,19.1,57.4,154.0,13.4,63.0,6.3,2.5
SITE291,6,28.4,15.5,21.9,64.3,168.0,12.9,64.0,6.2,2.5
SITE291,7,29.3,16.6,23.0,68.9,171.0,12.6,64.0,6.2,2.5
SITE291,8,28.5,15.4,21.9,62.0,150.0,13.1,64.0,6.2,2.5
SITE291,9,25.9,12.3,19.1,52.8,108.0,13.7,62.0,6.3,2.5
SITE291,10,22.4,8.1,15.2,43.6,73.0,14.3,61.0,6.4,2.5
SITE291,11,18.7,4.1,11.4,39.0,43.0,14.6,61.0,6.4,2.5
SITE291,12,15.9,1.2,8.6,36.7,32.0,14.7,60.0,6.5,2.5
SITE292,1,14.3,-1.1,6.6,25.8,35.0,15.4,60.0,6.5,2.5
SITE292,2,15.5,-0.0,7.7,24.2,47.0,15.5,60.0,6.5,2.5
SITE292,3,18.2,3.3,10.8,30.7,81.0,14.9,61.0,6.4,2.5
SITE292,4,22.1,7.6,14.9,35.5,117.0,14.5,62.0,6.3,2.5
SITE292,5,26.0,12.0,19.0,40.4,157.0,14.0,63.0,6.3,2.5
SITE292,6,28.8,15.3,22.0,45.2,173.0,13.5,64.0,6.2,2.5
SITE292,7,29.7,16.5,23.1,48.4,176.0,13.2,64.0,6.2,2.5
SITE292,8,28.9,15.2,22.0,43.6,153.0,13.7,64.0,6.2,2.5
SITE292,9,26.2,11.8,19.0,37.1,111.0,14.3,62.0,6.3,2.5
SITE292,10,22.3,7.4,14.9,30.7,74.0,14.9,61.0,6.4,2.5
SITE292,11,18.4,3.1,10.8,27.5,43.0,15.2,61.0,6.4,2.5
SITE292,12,15.4,0.0,7.7,25.8,32.0,15.4,60.0,6.5,2.5
SITE293,1,15.7,1.0,8.3,36.5,40.0,14.7,60.0,6.5,2.5
SITE293,2,16.8,1.9,9.4,34.2,52.0,14.9,60.0,6.5,2.5
SITE293,3,19.3,5.1,12.2,43.3,86.0,14.3,61.0,6.4,2.5
SITE293,4,23.0,9.1,16.0,50.2,121.0,13.8,62.0,6.3,2.5
SITE293,5,26.6,13.2,19.9,57.0,159.0,13.4,63.0,6.3,2.5
SITE293,6,29.2,16.3,22.7,63.8,172.0,12.9,64.0,6.2,2.5
SITE293,7,30.1,17.4,23.8,68.4,175.0,12.6,64.0,6.2,2.5
SITE293,8,29.3,16.2,22.7,61.6,154.0,13.1,64.0,6.2,2.5
SITE293,9,26.7,13.1,19.9,52.4,114.0,13.7,62.0,6.3,2.5
SITE293,10,23.2,8.9,16.0,43.3,79.0,14.3,61.0,6.4,2.5
SITE293,11,19.5,4.9,12.2,38.8,48.0,14.6,61.0,6.4,2.5
SITE293,12,16.7,2.0,9.4,36.5,37.0,14.7,60.0,6.5,2.5
SITE294,1,14.3,-1.2,6.5,25.3,38.0,15.5,60.0,6.5,2.5
SITE294,2,15.5,-0.2,7.7,23.8,50.0,15.6,60.0,6.5,2.5
SITE294,3,18.2,3.2,10.7,30.1,85.0,15.0,61.0,6.4,2.5
SITE294,4,22.1,7.6,14.9,34.8,120.0,14.6,62.0,6.3,2.5
SITE294,5,26.1,12.0,19.0,39.6,159.0,14.1,63.0,6.3,2.5
SITE294,6,28.9,15.3,22.1,44.3,173.0,13.6,64.0,6.2,2.5
SITE294,7,29.8,16.5,23.2,47.5,177.0,13.3,64.0,6.2,2.5
SITE294,8,29.0,15.2,22.1,42.8,156.0,13.8,64.0,6.2,2.5
SITE294,9,26.2,11.8,19.0,36.4,115.0,14.4,62.0,6.3,2.5
SITE294,10,22.4,7.4,14.9,30.1,79.0,15.0,61.0,6.4,2.5
SITE294,11,18.4,3.0,10.7,26.9,47.0,15.3,61.0,6.4,2.5
SITE294,12,15.4,-0.1,7.7,25.3,36.0,15.5,60.0,6.5,2.5
SITE295,1,12.5,-5.3,3.6,37.5,46.0,17.8,41.0,8.3,3.2
SITE295,2,14.1,-3.9,5.1,35.9,57.0,18.0,41.0,8.3,3.2
SITE295,3,17.5,0.7,9.1,47.3,93.0,16.8,44.0,8.1,3.2
SITE295,4,23.5,5.8,14.6,39.1,137.0,17.6,42.0,8.3,3.2
SITE295,5,30.1,10.3,20.2,17.9,196.0,19.8,36.0,8.7,3.2
SITE295,6,34.2,14.2,24.2,3.3,221.0,20.0,33.0,8.9,3.2
SITE295,7,35.7,15.7,25.7,0.8,231.0,20.0,32.0,9.0,3.2
SITE295,8,34.2,14.2,24.2,0.8,204.0,20.0,32.0,9.0,3.2
SITE295,9,30.2,10.2,20.2,2.4,150.0,20.0,33.0,9.0,3.2
SITE295,10,24.7,4.7,14.7,11.4,103.0,20.0,35.0,8.8,3.2
SITE295,11,17.9,0.3,9.1,39.1,59.0,17.6,42.0,8.3,3.2
SITE295,12,13.1,-2.9,5.1,55.4,43.0,16.0,46.0,8.0,3.2
SITE296,1,11.8,-6.0,2.9,26.7,44.0,17.8,41.0,8.3,3.2
SITE296,2,13.4,-4.6,4.4,25.5,55.0,18.0,41.0,8.3,3.2
SITE296,3,17.1,0.2,8.7,33.6,91.0,16.8,44.0,8.1,3.2
SITE296,4,23.3,5.6,14.4,27.8,136.0,17.6,42.0,8.3,3.2
SITE296,5,30.1,10.3,20.2,12.8,196.0,19.8,36.0,8.7,3.2
SITE296,6,34.4,14.4,24.4,2.3,222.0,20.0,33.0,8.9,3.2
SITE296,7,36.0,16.0,26.0,0.6,232.0,20.0,32.0,9.0,3.2
SITE296,8,34.4,14.4,24.4,0.6,205.0,20.0,32.0,9.0,3.2
SITE296,9,30.2,10.2,20.2,1.7,150.0,20.0,33.0,9.0,3.2
SITE296,10,24.4,4.4,14.4,8.1,102.0,20.0,35.0,8.8,3.2
SITE296,11,17.5,-0.2,8.7,27.8,58.0,17.6,42.0,8.3,3.2
SITE296,12,12.4,-3.6,4.4,39.4,41.0,16.0,46.0,8.0,3.2
SITE297,1,28.4,13.5,21.0,18.6,91.0,15.0,41.0,8.3,3.2
SITE297,2,29.6,14.5,22.1,17.7,103.0,15.1,41.0,8.3,3.2
SITE297,3,32.2,18.1,25.2,23.4,147.0,14.1,44.0,8.1,3.2
SITE297,4,36.8,22.0,29.4,19.4,188.0,14.8,42.0,8.3,3.2
SITE297,5,41.9,25.3,33.6,8.9,244.0,16.6,36.0,8.7,3.2
SITE297,6,45.6,27.8,36.7,1.6,267.0,17.9,33.0,8.9,3.2
SITE297,7,46.9,28.8,37.8,0.4,279.0,18.1,32.0,9.0,3.2
SITE297,8,45.7,27.7,36.7,0.4,256.0,18.1,32.0,9.0,3.2
SITE297,9,42.6,24.7,33.6,1.2,203.0,17.9,33.0,9.0,3.2
SITE297,10,38.0,20.8,29.4,5.6,155.0,17.2,35.0,8.8,3.2
SITE297,11,32.6,17.8,25.2,19.4,102.0,14.8,42.0,8.3,3.2
SITE297,12,28.8,15.4,22.1,27.4,83.0,13.4,46.0,8.0,3.2
SITE298,1,27.5,11.8,19.7,12.0,90.0,15.7,41.0,8.3,3.2
SITE298,2,28.8,13.0,20.9,11.5,103.0,15.8,41.0,8.3,3.2
SITE298,3,31.6,16.8,24.2,15.1,147.0,14.8,44.0,8.1,3.2
SITE298,4,36.4,20.9,28.7,12.5,190.0,15.5,42.0,8.3,3.2
SITE298,5,41.9,24.5,33.2,5.7,248.0,17.4,36.0,8.7,3.2
SITE298,6,45.8,27.1,36.5,1.0,272.0,18.7,33.0,8.9,3.2
SITE298,7,47.1,28.2,37.7,0.3,285.0,18.9,32.0,9.0,3.2
SITE298,8,45.9,27.0,36.5,0.3,261.0,18.9,32.0,9.0,3.2
SITE298,9,42.6,23.8,33.2,0.8,207.0,18.8,33.0,9.0,3.2
SITE298,10,37.7,19.7,28.7,3.6,157.0,18.0,35.0,8.8,3.2
SITE298,11,31.9,16.4,24.2,12.5,103.0,15.5,42.0,8.3,3.2
SITE298,12,27.9,13.8,20.9,17.7,83.0,14.1,46.0,8.0,3.2
SITE299,1,19.8,3.5,11.7,30.9,76.0,16.3,41.0,8.3,3.2
SITE299,2,21.2,4.7,13.0,29.6,87.0,16.5,41.0,8.3,3.2
SITE299,3,24.1,8.7,16.4,39.0,125.0,15.4,44.0,8.1,3.2
SITE299,4,29.3,13.1,21.2,32.3,164.0,16.2,42.0,8.3,3.2
SITE299,5,35.0,16.9,26.0,14.8,217.0,18.1,36.0,8.7,3.2
SITE299,6,39.2,19.7,29.5,2.7,241.0,19.5,33.0,8.9,3.2
SITE299,7,40.6,20.9,30.7,0.7,253.0,19.7,32.0,9.0,3.2
SITE299,8,39.3,19.6,29.5,0.7,233.0,19.7,32.0,9.0,3.2
SITE299,9,35.7,16.2,26.0,2.0,184.0,19.6,33.0,9.0,3.2
SITE299,10,30.6,11.8,21.2,9.4,139.0,18.7,35.0,8.8,3.2
SITE299,11,24.5,8.4,16.4,32.3,89.0,16.2,42.0,8.3,3.2
SITE299,12,20.3,5.6,13.0,45.7,71.0,14.7,46.0,8.0,3.2
SITE300,1,18.8,1.8,10.3,22.7,74.0,17.0,41.0,8.3,3.2
SITE300,2,20.2,3.1,11.6,21.7,85.0,17.2,41.0,8.3,3.2
SITE300,3,23.4,7.3,15.3,28.6,124.0,16.1,44.0,8.1,3.2
SITE300,4,28.8,11.9,20.4,23.7,164.0,16.9,42.0,8.3,3.2
SITE300,5,34.9,16.0,25.4,10.8,219.0,18.9,36.0,8.7,3.2
SITE300,6,39.1,19.1,29.1,2.0,242.0,20.0,33.0,8.9,3.2
SITE300,7,40.5,20.5,30.5,0.5,254.0,20.0,32.0,9.0,3.2
SITE300,8,39.1,19.1,29.1,0.5,233.0,20.0,32.0,9.0,3.2
SITE300,9,35.4,15.4,25.4,1.5,184.0,20.0,33.0,9.0,3.2
SITE300,10,30.1,10.6,20.4,6.9,139.0,19.5,35.0,8.8,3.2
SITE300,11,23.8,6.9,15.3,23.7,88.0,16.9,42.0,8.3,3.2
SITE300,12,19.3,4.0,11.6,33.5,69.0,15.3,46.0,8.0,3.2
