site_id,year,tmax_avg_c,tmin_avg_c,tavg_c,precip_mm,et0_mm,gdd_base10,frost_days,heat_days_gt35,rh_mean_pct,wind_ms,sunshine_h_day,precip_anom_pct,temp_anom_c
SITE001,1991,25.5,6.9,15.8,362.3,1664.0,2617,63,31,41.0,3.0,8.2,15,-0.56
SITE001,1992,25.7,7.0,16.0,292.4,1683.0,2638,62,31,39.0,3.0,8.6,-7,-0.4
SITE001,1993,25.7,7.0,16.0,426.6,1661.0,2637,62,31,41.0,3.3,8.4,35,-0.41
SITE001,1994,25.6,7.0,15.9,171.3,1701.0,2634,62,31,38.0,3.0,8.8,-46,-0.44
SITE001,1995,25.7,7.0,16.0,375.6,1671.0,2640,62,32,40.0,3.2,8.5,19,-0.39
SITE001,1996,25.7,7.1,16.0,230.4,1695.0,2644,62,32,39.0,3.0,8.7,-27,-0.36
SITE001,1997,25.8,7.1,16.1,263.8,1693.0,2654,61,32,39.0,3.3,8.7,-17,-0.29
SITE001,1998,25.7,7.1,16.1,274.5,1690.0,2648,61,32,39.0,3.3,8.6,-13,-0.33
SITE001,1999,25.7,7.1,16.0,166.3,1706.0,2645,62,32,38.0,3.8,8.7,-47,-0.36
SITE001,2000,25.8,7.1,16.1,285.2,1690.0,2653,61,32,39.0,2.9,8.7,-10,-0.3
SITE001,2001,25.9,7.2,16.2,334.2,1687.0,2667,61,32,39.0,3.7,8.5,6,-0.19
SITE001,2002,25.9,7.3,16.2,341.3,1687.0,2670,61,32,39.0,3.2,8.7,8,-0.17
SITE001,2003,25.8,7.2,16.1,391.4,1675.0,2660,61,32,40.0,2.9,8.7,24,-0.24
SITE001,2004,25.8,7.1,16.1,250.9,1695.0,2653,61,32,39.0,3.0,8.5,-21,-0.3
SITE001,2005,25.9,7.3,16.2,141.3,1719.0,2670,61,32,37.0,2.9,9.0,-55,-0.17
SITE001,2006,25.9,7.3,16.3,253.8,1703.0,2675,61,32,38.0,3.4,8.5,-20,-0.13
SITE001,2007,26.0,7.4,16.3,766.3,1624.0,2686,60,33,42.0,3.3,7.8,142,-0.05
SITE001,2008,26.2,7.5,16.5,254.8,1714.0,2705,59,33,37.0,3.2,8.8,-19,0.09
SITE001,2009,26.3,7.6,16.6,317.0,1708.0,2716,59,33,37.0,3.6,8.6,0,0.17
SITE001,2010,26.2,7.6,16.6,234.7,1721.0,2715,59,33,37.0,2.9,8.8,-26,0.17
SITE001,2011,26.3,7.6,16.6,280.9,1716.0,2721,59,34,37.0,3.1,8.9,-11,0.21
SITE001,2012,26.3,7.6,16.6,313.5,1710.0,2721,59,34,37.0,3.6,8.7,-1,0.21
SITE001,2013,26.3,7.7,16.6,277.0,1719.0,2728,59,34,37.0,3.1,8.5,-12,0.26
SITE001,2014,26.4,7.8,16.7,339.3,1713.0,2740,58,34,37.0,3.0,8.6,7,0.36
SITE001,2015,26.5,7.8,16.8,287.8,1723.0,2743,58,34,36.0,3.0,8.6,-9,0.37
SITE001,2016,26.4,7.7,16.7,318.2,1714.0,2734,58,34,37.0,3.2,8.3,1,0.31
SITE001,2017,26.4,7.8,16.7,130.3,1746.0,2737,58,34,35.0,3.4,8.9,-59,0.33
SITE001,2018,26.3,7.7,16.6,225.0,1727.0,2728,59,34,36.0,3.3,8.8,-29,0.26
SITE001,2019,26.3,7.7,16.6,344.9,1706.0,2723,59,34,37.0,3.2,8.8,9,0.23
SITE001,2020,26.5,7.8,16.8,296.9,1721.0,2744,58,34,36.0,3.2,8.4,-6,0.38
SITE001,2021,26.4,7.8,16.7,251.1,1728.0,2741,58,34,36.0,3.6,8.8,-21,0.36
SITE001,2022,26.5,7.8,16.8,268.1,1728.0,2748,58,34,36.0,3.7,8.8,-15,0.41
SITE001,2023,26.6,7.9,16.9,199.4,1743.0,2758,58,34,35.0,2.9,9.0,-37,0.48
SITE001,2024,26.6,7.9,16.9,292.1,1728.0,2758,58,34,36.0,2.8,8.4,-8,0.49
SITE002,1991,24.1,5.5,14.4,267.6,1601.0,2339,97,23,40.0,3.5,8.4,15,-0.42
SITE002,1992,24.1,5.4,14.4,362.6,1578.0,2331,97,23,42.0,3.2,8.2,56,-0.48
SITE002,1993,24.1,5.5,14.4,153.2,1625.0,2338,97,23,39.0,3.6,8.8,-34,-0.42
SITE002,1994,24.2,5.6,14.6,77.8,1646.0,2353,96,23,37.0,2.5,9.0,-66,-0.3
SITE002,1995,24.3,5.6,14.6,76.2,1648.0,2355,95,23,37.0,3.6,8.7,-67,-0.28
SITE002,1996,24.2,5.6,14.5,315.6,1596.0,2351,96,23,40.0,3.0,8.1,36,-0.31
SITE002,1997,24.3,5.6,14.6,266.7,1608.0,2356,95,23,40.0,3.5,8.5,15,-0.27
SITE002,1998,24.4,5.7,14.7,184.7,1629.0,2365,95,24,38.0,3.2,8.7,-20,-0.19
SITE002,1999,24.4,5.7,14.7,213.8,1624.0,2368,95,24,38.0,2.9,8.5,-8,-0.17
SITE002,2000,24.4,5.8,14.7,139.9,1642.0,2374,94,24,37.0,3.4,8.7,-40,-0.12
SITE002,2001,24.3,5.6,14.6,131.2,1636.0,2355,95,23,38.0,3.5,8.7,-43,-0.28
SITE002,2002,24.3,5.6,14.6,352.9,1590.0,2356,95,23,41.0,3.1,8.2,52,-0.27
SITE002,2003,24.4,5.7,14.7,345.5,1597.0,2368,95,24,40.0,3.0,8.3,49,-0.17
SITE002,2004,24.3,5.6,14.6,267.5,1608.0,2357,95,23,40.0,3.3,8.4,15,-0.27
SITE002,2005,24.2,5.6,14.5,128.0,1634.0,2348,96,23,38.0,3.2,9.1,-45,-0.34
SITE002,2006,24.3,5.7,14.6,160.5,1633.0,2362,95,24,38.0,3.8,8.7,-31,-0.22
SITE002,2007,24.4,5.8,14.8,213.3,1628.0,2377,94,24,38.0,3.3,8.5,-8,-0.1
SITE002,2008,24.5,5.9,14.8,264.9,1622.0,2388,93,24,38.0,2.9,8.5,14,-0.01
SITE002,2009,24.4,5.8,14.7,292.7,1611.0,2375,94,24,39.0,3.3,8.5,26,-0.11
SITE002,2010,24.5,5.9,14.8,202.8,1633.0,2383,94,24,38.0,3.5,8.5,-13,-0.04
SITE002,2011,24.5,5.9,14.9,182.2,1640.0,2388,93,24,37.0,3.4,8.7,-21,0.0
SITE002,2012,24.6,6.0,14.9,201.6,1638.0,2395,93,24,37.0,3.5,8.9,-13,0.06
SITE002,2013,24.6,6.0,14.9,216.4,1636.0,2398,93,24,37.0,3.8,8.7,-7,0.08
SITE002,2014,24.7,6.1,15.0,192.3,1646.0,2409,92,24,37.0,3.2,8.8,-17,0.17
SITE002,2015,24.8,6.2,15.1,226.6,1645.0,2423,91,25,37.0,2.9,8.5,-2,0.29
SITE002,2016,24.9,6.2,15.2,296.1,1632.0,2428,91,25,37.0,2.9,8.2,28,0.33
SITE002,2017,24.9,6.3,15.2,152.9,1665.0,2434,91,25,35.0,3.2,8.8,-34,0.38
SITE002,2018,24.9,6.3,15.2,246.7,1644.0,2433,91,25,37.0,3.6,8.6,6,0.37
SITE002,2019,24.9,6.3,15.3,376.2,1619.0,2437,90,25,38.0,3.1,8.3,62,0.41
SITE002,2020,25.0,6.4,15.3,143.8,1671.0,2444,90,25,35.0,3.2,8.7,-38,0.46
SITE002,2021,25.0,6.4,15.3,144.6,1671.0,2445,90,25,35.0,3.0,8.7,-38,0.48
SITE002,2022,25.1,6.4,15.4,118.2,1679.0,2450,90,25,34.0,2.9,8.9,-49,0.51
SITE002,2023,25.1,6.5,15.4,240.1,1655.0,2456,89,25,36.0,3.4,9.0,3,0.56
SITE002,2024,25.2,6.6,15.5,191.4,1670.0,2467,89,26,35.0,3.2,8.7,-17,0.66
SITE003,1991,24.1,5.5,14.4,453.6,1607.0,2366,93,25,41.0,3.1,8.2,9,-0.76
SITE003,1992,24.2,5.6,14.5,558.0,1600.0,2379,93,25,42.0,3.0,8.3,34,-0.66
SITE003,1993,24.3,5.7,14.6,456.0,1615.0,2387,92,25,41.0,3.4,8.5,10,-0.6
SITE003,1994,24.4,5.8,14.7,223.8,1648.0,2401,91,26,39.0,2.9,8.7,-46,-0.48
SITE003,1995,24.5,5.8,14.8,403.5,1629.0,2406,91,26,40.0,3.2,8.6,-3,-0.44
SITE003,1996,24.5,5.8,14.8,374.9,1634.0,2409,91,26,39.0,2.7,8.6,-10,-0.41
SITE003,1997,24.6,6.0,15.0,372.7,1642.0,2429,90,26,39.0,2.7,8.6,-10,-0.25
SITE003,1998,24.7,6.0,15.0,259.4,1657.0,2432,90,26,38.0,3.3,8.6,-38,-0.23
SITE003,1999,24.6,6.0,14.9,296.3,1650.0,2426,90,26,38.0,2.9,8.9,-29,-0.28
SITE003,2000,24.7,6.1,15.0,202.5,1666.0,2437,89,26,37.0,3.1,9.0,-51,-0.18
SITE003,2001,24.8,6.1,15.1,331.5,1653.0,2443,89,27,38.0,3.1,8.5,-20,-0.14
SITE003,2002,24.8,6.1,15.1,435.9,1640.0,2444,89,27,39.0,2.9,8.5,5,-0.13
SITE003,2003,24.7,6.1,15.1,567.1,1624.0,2441,89,27,40.0,3.5,8.1,36,-0.15
SITE003,2004,24.9,6.2,15.2,403.8,1649.0,2457,88,27,38.0,2.7,8.6,-3,-0.03
SITE003,2005,24.8,6.2,15.1,836.6,1595.0,2448,89,27,41.0,3.2,7.8,101,-0.1
SITE003,2006,24.9,6.2,15.2,276.2,1664.0,2455,88,27,37.0,3.1,8.9,-34,-0.04
SITE003,2007,25.0,6.3,15.3,274.8,1669.0,2468,88,27,37.0,3.1,8.6,-34,0.06
SITE003,2008,24.8,6.2,15.1,384.0,1650.0,2452,89,27,38.0,2.9,8.6,-8,-0.07
SITE003,2009,24.8,6.2,15.1,459.1,1641.0,2452,89,27,39.0,3.5,8.4,10,-0.07
SITE003,2010,24.9,6.3,15.2,511.2,1639.0,2463,88,27,39.0,3.5,8.4,23,0.03
SITE003,2011,24.9,6.3,15.2,346.3,1658.0,2460,88,27,38.0,3.0,8.6,-17,-0.0
SITE003,2012,25.0,6.4,15.3,417.4,1656.0,2477,87,27,37.0,2.9,8.8,0,0.14
SITE003,2013,25.0,6.3,15.3,335.5,1663.0,2470,88,27,37.0,3.4,8.5,-19,0.08
SITE003,2014,24.9,6.3,15.3,345.4,1660.0,2466,88,27,37.0,3.3,8.9,-17,0.05
SITE003,2015,25.0,6.4,15.3,442.2,1652.0,2474,87,27,38.0,3.1,8.4,6,0.11
SITE003,2016,25.1,6.4,15.4,498.3,1647.0,2479,87,27,38.0,2.8,8.4,20,0.16
SITE003,2017,25.2,6.5,15.5,369.8,1669.0,2494,86,28,37.0,3.1,8.9,-11,0.28
SITE003,2018,25.2,6.6,15.5,210.7,1689.0,2498,86,28,35.0,2.7,8.7,-49,0.3
SITE003,2019,25.4,6.7,15.7,525.9,1660.0,2520,85,28,37.0,2.8,8.2,26,0.49
SITE003,2020,25.5,6.9,15.8,686.1,1649.0,2539,84,29,37.0,3.4,8.1,65,0.64
SITE003,2021,25.6,7.0,15.9,359.9,1692.0,2548,83,29,35.0,3.0,8.6,-13,0.72
SITE003,2022,25.6,7.0,15.9,448.0,1681.0,2547,83,29,35.0,3.8,8.2,8,0.71
SITE003,2023,25.5,6.9,15.8,264.3,1700.0,2539,84,29,34.0,3.9,8.8,-36,0.64
SITE003,2024,25.5,6.9,15.8,245.6,1701.0,2536,84,29,34.0,3.0,8.8,-41,0.62
SITE004,1991,25.4,7.5,16.1,589.5,1621.0,2633,38,28,67.0,2.6,6.1,69,-0.67
SITE004,1992,25.3,7.4,16.0,366.9,1648.0,2619,38,27,65.0,2.5,6.4,5,-0.77
SITE004,1993,25.3,7.4,16.0,610.1,1614.0,2620,38,27,67.0,2.4,6.1,75,-0.77
SITE004,1994,25.3,7.4,16.0,152.1,1681.0,2626,38,27,63.0,2.4,6.7,-56,-0.72
SITE004,1995,25.4,7.5,16.1,316.5,1660.0,2632,38,27,64.0,2.5,6.4,-9,-0.68
SITE004,1996,25.4,7.5,16.1,392.9,1650.0,2635,38,28,65.0,2.5,6.4,13,-0.65
SITE004,1997,25.5,7.6,16.2,439.9,1649.0,2651,38,28,65.0,2.5,6.3,26,-0.54
SITE004,1998,25.5,7.6,16.2,506.6,1640.0,2653,37,28,65.0,2.5,6.4,46,-0.52
SITE004,1999,25.4,7.5,16.0,160.4,1681.0,2630,38,27,63.0,2.4,6.6,-54,-0.69
SITE004,2000,25.4,7.5,16.1,232.7,1675.0,2641,38,28,63.0,2.2,6.6,-33,-0.61
SITE004,2001,25.4,7.5,16.1,162.3,1684.0,2637,38,28,63.0,3.1,6.5,-53,-0.64
SITE004,2002,25.4,7.5,16.1,301.1,1664.0,2637,38,28,64.0,2.4,6.4,-13,-0.64
SITE004,2003,25.5,7.6,16.2,493.9,1643.0,2655,37,28,65.0,2.8,5.9,42,-0.51
SITE004,2004,25.7,7.8,16.4,516.9,1646.0,2673,37,28,65.0,2.4,5.8,49,-0.38
SITE004,2005,25.7,7.8,16.4,379.8,1667.0,2676,37,28,64.0,2.3,6.3,9,-0.35
SITE004,2006,25.8,7.9,16.5,282.1,1686.0,2690,37,29,62.0,2.4,6.4,-19,-0.25
SITE004,2007,25.8,7.9,16.5,264.8,1690.0,2696,37,29,62.0,3.0,6.4,-24,-0.2
SITE004,2008,26.0,8.1,16.6,346.3,1684.0,2712,36,29,62.0,2.3,6.5,0,-0.09
SITE004,2009,25.9,8.0,16.6,336.9,1685.0,2710,36,29,62.0,2.5,6.2,-3,-0.11
SITE004,2010,26.0,8.1,16.7,393.5,1678.0,2713,36,29,63.0,2.5,6.4,13,-0.08
SITE004,2011,26.0,8.1,16.7,353.0,1687.0,2723,36,29,62.0,2.7,6.2,1,-0.01
SITE004,2012,26.1,8.2,16.8,405.4,1684.0,2736,36,30,62.0,2.5,6.0,16,0.08
SITE004,2013,26.3,8.4,17.0,403.6,1694.0,2762,35,30,61.0,2.6,6.4,16,0.27
SITE004,2014,26.4,8.5,17.1,384.1,1701.0,2773,35,31,61.0,2.2,6.4,10,0.36
SITE004,2015,26.6,8.7,17.3,345.8,1714.0,2796,34,31,60.0,2.2,6.4,-1,0.52
SITE004,2016,26.7,8.8,17.4,473.7,1702.0,2814,34,31,60.0,2.3,6.1,36,0.66
SITE004,2017,26.8,8.9,17.5,188.3,1751.0,2832,34,32,57.0,2.4,6.8,-46,0.79
SITE004,2018,26.9,9.0,17.6,175.5,1757.0,2843,33,32,57.0,2.1,6.7,-50,0.87
SITE004,2019,26.9,9.0,17.6,447.8,1714.0,2836,34,32,60.0,2.2,6.1,29,0.82
SITE004,2020,27.0,9.2,17.7,393.0,1731.0,2861,33,32,58.0,2.4,6.5,13,1.0
SITE004,2021,27.2,9.3,17.9,222.0,1763.0,2880,33,33,56.0,2.6,6.6,-36,1.14
SITE004,2022,27.2,9.3,17.8,286.7,1752.0,2875,33,33,57.0,2.1,6.6,-18,1.11
SITE004,2023,27.2,9.3,17.9,273.1,1755.0,2877,33,33,57.0,2.5,6.3,-22,1.12
SITE004,2024,27.2,9.3,17.9,273.8,1755.0,2878,33,33,57.0,2.5,6.4,-21,1.13
SITE005,1991,24.4,6.2,15.0,151.7,1634.0,2406,64,23,64.0,2.4,6.6,-33,-0.79
SITE005,1992,24.5,6.3,15.0,421.0,1580.0,2416,63,24,67.0,2.8,5.8,85,-0.71
SITE005,1993,24.6,6.4,15.1,184.2,1635.0,2427,63,24,64.0,2.5,6.4,-19,-0.63
SITE005,1994,24.7,6.5,15.2,174.9,1641.0,2438,63,24,63.0,2.6,6.8,-23,-0.54
SITE005,1995,24.7,6.5,15.2,129.7,1650.0,2434,63,24,63.0,2.3,6.8,-43,-0.57
SITE005,1996,24.8,6.6,15.3,288.2,1621.0,2448,62,24,65.0,2.4,6.0,27,-0.45
SITE005,1997,24.8,6.6,15.3,283.1,1624.0,2453,62,24,64.0,2.4,6.1,25,-0.41
SITE005,1998,24.8,6.5,15.3,134.1,1653.0,2446,62,24,63.0,2.9,6.5,-41,-0.47
SITE005,1999,24.8,6.6,15.3,161.4,1648.0,2446,62,24,63.0,2.3,6.3,-29,-0.47
SITE005,2000,24.7,6.5,15.3,118.6,1656.0,2443,62,24,63.0,2.6,6.4,-48,-0.5
SITE005,2001,24.8,6.6,15.3,160.9,1649.0,2449,62,24,63.0,2.6,6.6,-29,-0.45
SITE005,2002,25.0,6.8,15.5,277.9,1633.0,2472,61,25,64.0,2.6,6.0,22,-0.27
SITE005,2003,24.9,6.7,15.4,224.4,1641.0,2464,62,25,63.0,2.5,6.4,-1,-0.32
SITE005,2004,25.0,6.8,15.5,270.9,1636.0,2477,61,25,63.0,2.7,6.3,19,-0.22
SITE005,2005,24.9,6.7,15.4,181.0,1651.0,2466,62,25,63.0,2.6,6.6,-20,-0.31
SITE005,2006,24.9,6.7,15.4,289.8,1627.0,2463,62,25,64.0,2.2,6.0,28,-0.33
SITE005,2007,25.0,6.7,15.5,164.9,1657.0,2471,61,25,62.0,2.9,6.6,-27,-0.28
SITE005,2008,24.9,6.7,15.5,184.7,1651.0,2467,61,25,63.0,2.4,6.4,-19,-0.3
SITE005,2009,25.1,6.8,15.6,124.2,1671.0,2483,61,25,61.0,2.3,6.6,-45,-0.17
SITE005,2010,25.2,7.0,15.7,219.3,1656.0,2500,60,25,62.0,2.9,6.4,-3,-0.04
SITE005,2011,25.3,7.1,15.8,179.1,1670.0,2511,60,26,61.0,2.6,6.6,-21,0.05
SITE005,2012,25.3,7.1,15.9,213.6,1665.0,2518,60,26,61.0,2.5,6.4,-6,0.1
SITE005,2013,25.5,7.3,16.1,116.3,1696.0,2542,59,26,59.0,2.5,6.6,-49,0.3
SITE005,2014,25.6,7.4,16.1,203.1,1679.0,2548,58,26,60.0,2.4,6.4,-11,0.34
SITE005,2015,25.7,7.5,16.2,198.5,1687.0,2565,58,27,60.0,3.0,6.8,-13,0.48
SITE005,2016,25.7,7.5,16.3,262.7,1674.0,2569,58,27,60.0,3.2,6.0,16,0.51
SITE005,2017,25.7,7.5,16.3,219.6,1684.0,2570,58,27,60.0,2.5,6.2,-3,0.52
SITE005,2018,25.8,7.6,16.3,179.3,1694.0,2573,57,27,59.0,2.6,6.6,-21,0.54
SITE005,2019,25.8,7.6,16.4,374.2,1654.0,2580,57,27,62.0,2.6,6.1,65,0.6
SITE005,2020,26.0,7.8,16.5,290.6,1680.0,2601,56,27,60.0,2.8,6.2,28,0.76
SITE005,2021,26.1,7.9,16.7,114.6,1727.0,2619,56,28,57.0,2.6,6.8,-50,0.91
SITE005,2022,26.2,8.0,16.7,198.1,1712.0,2629,55,28,58.0,2.3,6.6,-13,0.99
SITE005,2023,26.2,8.0,16.8,257.7,1699.0,2631,55,28,58.0,2.1,6.3,14,1.0
SITE005,2024,26.4,8.2,16.9,174.0,1726.0,2650,54,28,57.0,2.0,6.3,-23,1.15
SITE006,1991,25.1,6.9,15.6,630.1,1632.0,2532,56,27,65.0,2.9,5.9,39,-0.52
SITE006,1992,25.0,6.7,15.5,689.3,1620.0,2518,57,27,66.0,2.2,5.9,52,-0.63
SITE006,1993,25.1,6.9,15.6,567.7,1640.0,2536,56,27,65.0,2.2,6.3,25,-0.49
SITE006,1994,25.1,6.9,15.6,448.6,1654.0,2538,56,27,64.0,2.6,6.4,-1,-0.47
SITE006,1995,25.2,7.0,15.7,305.9,1673.0,2547,56,27,63.0,2.7,6.6,-33,-0.41
SITE006,1996,25.2,7.0,15.7,830.0,1617.0,2550,56,27,66.0,2.3,5.8,83,-0.38
SITE006,1997,25.1,6.9,15.6,450.0,1653.0,2535,56,27,64.0,2.6,6.3,-1,-0.49
SITE006,1998,25.1,6.9,15.7,305.9,1671.0,2543,56,27,63.0,2.5,6.4,-33,-0.43
SITE006,1999,25.1,6.9,15.6,367.4,1662.0,2538,56,27,63.0,2.7,6.5,-19,-0.48
SITE006,2000,25.1,6.9,15.7,360.8,1665.0,2543,56,27,63.0,2.6,6.6,-21,-0.44
SITE006,2001,25.4,7.2,15.9,537.2,1657.0,2574,55,28,63.0,2.6,5.9,18,-0.2
SITE006,2002,25.5,7.3,16.0,329.7,1685.0,2586,54,28,62.0,2.6,6.3,-27,-0.11
SITE006,2003,25.5,7.3,16.1,871.9,1627.0,2591,54,28,65.0,2.2,5.9,92,-0.06
SITE006,2004,25.6,7.4,16.1,693.5,1650.0,2600,54,28,64.0,2.5,6.1,53,0.0
SITE006,2005,25.6,7.4,16.2,481.8,1677.0,2608,54,29,62.0,2.4,6.6,6,0.07
SITE006,2006,25.6,7.4,16.2,177.4,1710.0,2608,54,29,60.0,2.7,7.0,-61,0.06
SITE006,2007,25.6,7.4,16.1,352.2,1689.0,2603,54,29,61.0,2.4,6.4,-22,0.02
SITE006,2008,25.6,7.4,16.2,459.2,1679.0,2608,54,29,62.0,2.6,6.2,1,0.06
SITE006,2009,25.7,7.5,16.2,492.3,1676.0,2611,54,29,62.0,2.3,6.2,8,0.09
SITE006,2010,25.6,7.4,16.2,554.8,1667.0,2605,54,29,63.0,2.8,5.9,22,0.04
SITE006,2011,25.7,7.5,16.2,444.6,1681.0,2610,54,29,62.0,2.6,6.5,-2,0.08
SITE006,2012,25.6,7.4,16.2,541.3,1669.0,2605,54,29,62.0,2.8,6.2,19,0.04
SITE006,2013,25.7,7.5,16.2,581.5,1668.0,2614,53,29,62.0,3.0,6.2,28,0.11
SITE006,2014,25.7,7.5,16.2,557.3,1670.0,2613,53,29,62.0,2.6,6.1,23,0.1
SITE006,2015,25.8,7.6,16.3,423.1,1689.0,2625,53,29,61.0,2.8,6.6,-7,0.19
SITE006,2016,25.8,7.6,16.4,467.5,1688.0,2634,53,29,61.0,2.3,6.3,3,0.27
SITE006,2017,26.0,7.7,16.5,248.5,1718.0,2648,52,30,59.0,2.4,6.6,-45,0.37
SITE006,2018,26.0,7.8,16.5,516.8,1690.0,2653,52,30,61.0,2.3,6.1,14,0.41
SITE006,2019,25.9,7.7,16.4,669.9,1667.0,2639,53,29,62.0,2.4,6.1,48,0.3
SITE006,2020,25.9,7.7,16.5,320.9,1709.0,2645,52,29,60.0,2.5,6.6,-29,0.35
SITE006,2021,26.1,7.9,16.6,187.9,1731.0,2664,52,30,58.0,2.6,6.7,-59,0.5
SITE006,2022,26.1,7.9,16.7,345.6,1717.0,2673,51,30,59.0,2.6,6.5,-24,0.57
SITE006,2023,26.3,8.1,16.8,365.3,1722.0,2692,51,30,59.0,2.6,6.5,-20,0.71
SITE006,2024,26.3,8.1,16.9,208.4,1741.0,2697,51,31,57.0,2.6,6.7,-54,0.75
SITE007,1991,23.9,5.3,14.2,344.8,1508.0,2243,96,17,40.0,2.8,8.2,29,-0.37
SITE007,1992,23.9,5.3,14.2,262.4,1520.0,2240,96,17,40.0,3.2,8.6,-2,-0.4
SITE007,1993,23.9,5.3,14.2,268.6,1521.0,2243,96,17,40.0,3.6,8.7,1,-0.37
SITE007,1994,23.9,5.2,14.2,201.9,1529.0,2235,96,17,39.0,3.6,8.5,-24,-0.44
SITE007,1995,23.8,5.2,14.1,216.8,1523.0,2227,97,17,39.0,3.1,8.8,-19,-0.51
SITE007,1996,23.8,5.1,14.1,352.1,1498.0,2224,97,17,41.0,3.1,8.3,32,-0.54
SITE007,1997,23.7,5.1,14.0,240.1,1516.0,2221,97,17,40.0,3.2,8.7,-10,-0.57
SITE007,1998,23.8,5.2,14.1,105.4,1543.0,2229,96,17,38.0,2.8,9.0,-61,-0.49
SITE007,1999,23.9,5.2,14.2,269.1,1517.0,2234,96,17,40.0,3.3,8.5,1,-0.45
SITE007,2000,24.0,5.3,14.3,191.1,1535.0,2246,95,17,39.0,3.2,8.8,-28,-0.35
SITE007,2001,24.0,5.3,14.3,300.0,1518.0,2250,95,17,40.0,3.5,8.4,12,-0.31
SITE007,2002,24.1,5.4,14.4,232.5,1533.0,2258,95,18,39.0,3.0,8.4,-13,-0.24
SITE007,2003,24.1,5.4,14.4,309.4,1520.0,2260,95,18,39.0,3.5,8.5,16,-0.23
SITE007,2004,24.1,5.4,14.4,246.4,1532.0,2261,94,18,39.0,3.4,8.5,-8,-0.22
SITE007,2005,24.1,5.4,14.4,276.3,1526.0,2259,95,18,39.0,2.9,8.3,3,-0.24
SITE007,2006,24.1,5.5,14.4,218.1,1537.0,2263,94,18,38.0,3.4,8.8,-18,-0.2
SITE007,2007,24.2,5.5,14.5,239.2,1538.0,2272,94,18,38.0,3.3,8.6,-10,-0.12
SITE007,2008,24.2,5.5,14.5,239.0,1537.0,2270,94,18,38.0,3.2,8.6,-10,-0.13
SITE007,2009,24.2,5.5,14.5,188.6,1546.0,2271,94,18,38.0,3.2,8.4,-29,-0.13
SITE007,2010,24.2,5.6,14.5,202.4,1545.0,2275,94,18,38.0,3.0,8.4,-24,-0.09
SITE007,2011,24.3,5.7,14.6,150.8,1559.0,2286,93,18,37.0,3.3,9.0,-44,0.01
SITE007,2012,24.4,5.8,14.7,282.5,1540.0,2297,92,18,38.0,3.1,8.5,6,0.1
SITE007,2013,24.5,5.8,14.8,195.7,1558.0,2304,92,18,37.0,3.4,8.8,-27,0.16
SITE007,2014,24.6,6.0,14.9,247.7,1558.0,2324,90,19,36.0,3.2,8.5,-7,0.34
SITE007,2015,24.7,6.0,15.0,271.8,1556.0,2329,90,19,37.0,3.2,8.5,2,0.38
SITE007,2016,24.6,6.0,15.0,375.6,1536.0,2325,90,19,38.0,3.0,8.4,41,0.34
SITE007,2017,24.7,6.1,15.0,240.0,1563.0,2333,90,19,36.0,3.3,8.8,-10,0.41
SITE007,2018,24.9,6.2,15.2,201.8,1578.0,2353,88,19,35.0,3.2,8.9,-24,0.59
SITE007,2019,24.9,6.2,15.2,356.4,1550.0,2352,89,19,37.0,3.4,8.4,33,0.58
SITE007,2020,24.9,6.2,15.2,387.6,1545.0,2352,89,19,37.0,2.7,8.3,45,0.58
SITE007,2021,25.0,6.3,15.3,143.4,1593.0,2364,88,19,34.0,2.9,8.8,-46,0.68
SITE007,2022,25.0,6.4,15.3,137.4,1594.0,2364,88,19,34.0,3.1,8.9,-49,0.69
SITE007,2023,25.0,6.4,15.3,166.8,1591.0,2370,87,19,34.0,3.0,8.6,-38,0.74
SITE007,2024,25.1,6.4,15.4,290.8,1571.0,2375,87,19,35.0,2.9,8.5,9,0.78
SITE008,1991,22.1,3.5,12.4,187.0,1444.0,1949,120,8,40.0,3.1,8.7,11,-0.52
SITE008,1992,22.2,3.5,12.5,196.3,1444.0,1955,119,8,40.0,3.1,8.6,16,-0.46
SITE008,1993,22.2,3.5,12.5,102.0,1469.0,1956,119,8,39.0,3.1,8.4,-40,-0.46
SITE008,1994,22.3,3.6,12.6,143.8,1463.0,1966,118,8,39.0,2.8,8.8,-15,-0.35
SITE008,1995,22.4,3.7,12.7,74.7,1486.0,1978,117,8,37.0,3.2,9.1,-56,-0.23
SITE008,1996,22.4,3.8,12.8,167.7,1466.0,1985,116,8,39.0,3.0,8.4,-1,-0.16
SITE008,1997,22.5,3.8,12.8,136.3,1475.0,1988,116,8,38.0,3.8,8.7,-19,-0.13
SITE008,1998,22.4,3.8,12.8,190.5,1460.0,1985,116,8,39.0,3.1,8.2,13,-0.17
SITE008,1999,22.4,3.8,12.7,108.5,1479.0,1980,117,8,38.0,3.2,8.7,-36,-0.21
SITE008,2000,22.5,3.9,12.8,129.3,1478.0,1989,116,8,38.0,3.4,8.8,-24,-0.12
SITE008,2001,22.4,3.8,12.7,122.3,1477.0,1983,117,8,38.0,3.1,8.8,-28,-0.18
SITE008,2002,22.6,4.0,12.9,178.6,1470.0,2000,115,8,38.0,2.9,8.6,6,-0.01
SITE008,2003,22.6,4.0,12.9,209.6,1462.0,1999,115,8,39.0,2.7,8.4,24,-0.02
SITE008,2004,22.4,3.8,12.7,169.6,1464.0,1983,117,8,39.0,3.6,8.5,0,-0.18
SITE008,2005,22.4,3.8,12.7,194.5,1456.0,1980,117,8,39.0,3.6,8.5,15,-0.21
SITE008,2006,22.4,3.8,12.7,216.9,1451.0,1980,117,8,40.0,3.2,8.3,28,-0.21
SITE008,2007,22.4,3.8,12.7,213.4,1453.0,1984,117,8,39.0,3.2,8.4,26,-0.17
SITE008,2008,22.5,3.8,12.8,144.6,1473.0,1987,116,8,38.0,3.1,8.4,-14,-0.15
SITE008,2009,22.5,3.9,12.8,152.4,1474.0,1994,116,8,38.0,3.1,8.7,-10,-0.07
SITE008,2010,22.6,4.0,12.9,143.2,1481.0,2003,115,8,37.0,2.9,8.4,-15,0.02
SITE008,2011,22.7,4.1,13.1,119.0,1493.0,2014,114,8,37.0,2.9,8.7,-30,0.13
SITE008,2012,22.7,4.1,13.0,159.5,1481.0,2013,114,8,37.0,3.2,8.4,-6,0.12
SITE008,2013,22.9,4.2,13.2,82.2,1507.0,2025,113,8,36.0,3.0,9.1,-51,0.24
SITE008,2014,22.8,4.1,13.1,131.4,1491.0,2018,113,8,37.0,3.6,8.6,-22,0.17
SITE008,2015,22.9,4.2,13.2,152.7,1489.0,2026,113,8,37.0,3.0,8.7,-10,0.25
SITE008,2016,22.8,4.2,13.1,184.2,1478.0,2020,113,8,38.0,3.0,8.5,9,0.19
SITE008,2017,22.7,4.1,13.0,163.5,1481.0,2014,114,8,37.0,3.3,8.6,-3,0.13
SITE008,2018,22.9,4.3,13.2,111.6,1503.0,2032,112,8,36.0,2.9,8.7,-34,0.31
SITE008,2019,22.9,4.3,13.2,209.9,1477.0,2032,112,8,37.0,3.1,8.8,24,0.31
SITE008,2020,22.9,4.3,13.2,117.5,1502.0,2034,112,8,36.0,3.4,8.9,-30,0.33
SITE008,2021,23.0,4.4,13.4,106.2,1511.0,2044,111,9,35.0,3.4,8.7,-37,0.43
SITE008,2022,23.1,4.4,13.4,119.8,1509.0,2048,111,9,35.0,3.4,8.8,-29,0.47
SITE008,2023,23.1,4.5,13.4,142.6,1505.0,2053,110,9,35.0,3.2,8.5,-16,0.52
SITE008,2024,23.0,4.4,13.3,254.2,1470.0,2041,111,8,38.0,2.9,8.1,50,0.4
SITE009,1991,22.2,3.6,12.5,464.4,1438.0,1987,118,10,41.0,2.8,8.8,32,-0.63
SITE009,1992,22.3,3.7,12.6,502.7,1436.0,1993,118,10,42.0,3.2,8.7,43,-0.57
SITE009,1993,22.4,3.8,12.7,327.8,1463.0,2004,117,10,40.0,3.5,8.6,-7,-0.46
SITE009,1994,22.5,3.8,12.8,231.8,1478.0,2012,116,10,38.0,3.0,8.6,-34,-0.38
SITE009,1995,22.4,3.8,12.7,318.5,1464.0,2006,116,10,40.0,3.2,8.6,-10,-0.45
SITE009,1996,22.4,3.8,12.7,130.6,1488.0,2005,117,10,38.0,3.4,9.0,-63,-0.45
SITE009,1997,22.5,3.9,12.8,822.0,1405.0,2013,116,10,44.0,3.1,8.0,134,-0.38
SITE009,1998,22.4,3.8,12.7,294.2,1468.0,2007,116,10,39.0,3.2,8.7,-16,-0.43
SITE009,1999,22.4,3.8,12.7,409.7,1453.0,2006,116,10,40.0,3.5,8.2,16,-0.44
SITE009,2000,22.5,3.8,12.8,356.7,1462.0,2011,116,10,40.0,3.4,8.7,1,-0.39
SITE009,2001,22.4,3.8,12.7,266.9,1471.0,2005,117,10,39.0,3.1,9.0,-24,-0.45
SITE009,2002,22.5,3.8,12.8,312.5,1467.0,2010,116,10,39.0,3.1,8.7,-11,-0.41
SITE009,2003,22.5,3.9,12.8,283.6,1473.0,2016,116,10,39.0,3.3,8.7,-19,-0.35
SITE009,2004,22.6,3.9,12.9,413.6,1460.0,2022,115,10,40.0,3.2,8.6,18,-0.28
SITE009,2005,22.6,4.0,12.9,270.9,1481.0,2028,115,10,38.0,3.0,8.6,-23,-0.23
SITE009,2006,22.6,3.9,12.9,185.5,1488.0,2021,115,10,38.0,3.6,8.6,-47,-0.3
SITE009,2007,22.7,4.0,13.0,496.4,1454.0,2030,114,10,40.0,3.0,8.2,41,-0.21
SITE009,2008,22.7,4.1,13.0,240.4,1488.0,2034,114,10,38.0,3.5,8.6,-32,-0.17
SITE009,2009,22.8,4.2,13.1,233.5,1494.0,2045,113,10,37.0,3.2,8.7,-34,-0.06
SITE009,2010,22.9,4.2,13.2,512.2,1461.0,2051,112,10,39.0,3.3,8.3,46,0.0
SITE009,2011,22.9,4.3,13.2,284.8,1493.0,2058,112,10,37.0,3.3,8.6,-19,0.07
SITE009,2012,23.1,4.4,13.4,155.9,1517.0,2074,110,10,35.0,3.3,9.1,-56,0.22
SITE009,2013,23.2,4.5,13.5,264.3,1508.0,2083,110,11,36.0,3.2,8.6,-25,0.31
SITE009,2014,23.2,4.5,13.5,365.5,1494.0,2082,110,11,37.0,3.1,8.7,4,0.3
SITE009,2015,23.3,4.6,13.6,359.9,1500.0,2093,109,11,36.0,3.4,8.6,2,0.41
SITE009,2016,23.3,4.6,13.6,371.3,1499.0,2094,109,11,37.0,2.9,8.5,5,0.41
SITE009,2017,23.4,4.8,13.7,309.3,1513.0,2107,108,11,35.0,3.6,8.6,-12,0.54
SITE009,2018,23.4,4.8,13.7,382.2,1505.0,2109,107,11,36.0,3.5,8.4,9,0.57
SITE009,2019,23.4,4.8,13.7,463.3,1495.0,2110,107,11,37.0,3.1,8.2,32,0.57
SITE009,2020,23.5,4.9,13.8,387.8,1508.0,2118,107,11,36.0,3.1,8.6,10,0.65
SITE009,2021,23.6,4.9,13.9,230.1,1530.0,2121,106,11,34.0,2.8,8.6,-35,0.68
SITE009,2022,23.6,5.0,13.9,149.5,1543.0,2126,106,11,33.0,3.4,9.1,-58,0.73
SITE009,2023,23.6,4.9,13.9,148.5,1542.0,2124,106,11,33.0,3.3,8.6,-58,0.71
SITE009,2024,23.7,5.1,14.0,389.6,1518.0,2139,105,11,35.0,3.1,8.5,11,0.86
SITE010,1991,36.9,19.8,28.0,249.4,2122.0,6603,0,163,40.0,3.3,8.9,-37,-0.85
SITE010,1992,37.1,19.9,28.1,434.0,2099.0,6651,0,165,41.0,3.3,8.5,9,-0.71
SITE010,1993,37.1,20.0,28.2,294.5,2124.0,6669,0,166,40.0,3.0,8.8,-26,-0.65
SITE010,1994,37.2,20.0,28.3,364.4,2116.0,6693,0,167,40.0,3.3,8.5,-8,-0.58
SITE010,1995,37.3,20.1,28.3,199.2,2145.0,6719,0,169,39.0,3.0,8.9,-50,-0.51
SITE010,1996,37.3,20.2,28.4,464.5,2107.0,6746,0,170,40.0,3.4,8.5,17,-0.43
SITE010,1997,37.4,20.3,28.5,508.1,2105.0,6786,0,172,40.0,3.1,8.3,28,-0.31
SITE010,1998,37.4,20.3,28.5,347.4,2130.0,6781,0,172,39.0,3.3,8.5,-13,-0.33
SITE010,1999,37.4,20.3,28.5,291.8,2138.0,6776,0,172,39.0,3.5,8.8,-27,-0.34
SITE010,2000,37.5,20.4,28.6,238.6,2152.0,6816,0,174,38.0,3.3,8.8,-40,-0.23
SITE010,2001,37.6,20.4,28.6,163.6,2166.0,6827,0,174,37.0,3.3,9.0,-59,-0.2
SITE010,2002,37.6,20.5,28.7,462.0,2120.0,6844,0,175,39.0,3.4,8.6,16,-0.15
SITE010,2003,37.7,20.5,28.7,458.1,2123.0,6860,0,176,39.0,2.9,8.5,15,-0.1
SITE010,2004,37.7,20.5,28.8,258.5,2156.0,6867,0,176,37.0,3.3,8.7,-35,-0.08
SITE010,2005,37.7,20.6,28.8,433.6,2129.0,6879,0,177,38.0,3.2,8.7,9,-0.05
SITE010,2006,37.8,20.7,28.9,306.3,2153.0,6907,0,178,37.0,3.2,8.6,-23,0.04
SITE010,2007,37.7,20.6,28.8,318.9,2147.0,6874,0,177,38.0,3.0,8.7,-20,-0.06
SITE010,2008,37.7,20.6,28.8,290.0,2151.0,6872,0,176,37.0,2.9,8.7,-27,-0.06
SITE010,2009,37.7,20.6,28.8,336.6,2146.0,6890,0,177,38.0,3.0,8.6,-15,-0.01
SITE010,2010,37.8,20.6,28.9,560.8,2112.0,6904,0,178,39.0,3.0,8.2,41,0.03
SITE010,2011,37.8,20.7,28.9,451.8,2132.0,6922,0,179,38.0,3.2,8.4,14,0.08
SITE010,2012,37.9,20.8,29.0,287.5,2161.0,6944,0,180,37.0,3.2,8.6,-28,0.14
SITE010,2013,37.9,20.8,29.0,377.2,2149.0,6956,0,181,37.0,3.6,8.4,-5,0.18
SITE010,2014,38.0,20.9,29.1,478.3,2136.0,6986,0,182,38.0,3.2,8.5,20,0.27
SITE010,2015,38.1,21.0,29.2,384.4,2156.0,7020,0,184,36.0,3.1,8.3,-3,0.37
SITE010,2016,38.1,21.0,29.2,272.4,2174.0,7017,0,184,36.0,2.7,8.4,-32,0.36
SITE010,2017,38.1,21.0,29.2,220.2,2183.0,7021,0,184,35.0,3.1,8.9,-45,0.37
SITE010,2018,38.2,21.0,29.3,578.1,2127.0,7037,0,185,38.0,3.5,8.2,45,0.41
SITE010,2019,38.2,21.0,29.3,364.7,2161.0,7036,0,185,36.0,3.3,8.7,-8,0.41
SITE010,2020,38.3,21.1,29.3,437.2,2154.0,7068,0,187,36.0,3.2,8.6,10,0.5
SITE010,2021,38.4,21.2,29.4,221.2,2193.0,7100,0,188,34.0,3.4,8.6,-44,0.6
SITE010,2022,38.3,21.2,29.4,506.4,2145.0,7091,0,188,37.0,3.5,8.2,27,0.57
SITE010,2023,38.4,21.2,29.5,234.5,2192.0,7105,0,188,34.0,2.9,8.8,-41,0.61
SITE010,2024,38.5,21.3,29.6,218.9,2199.0,7143,0,190,34.0,3.4,9.1,-45,0.72
SITE011,1991,37.3,19.5,28.0,114.6,2187.0,6611,0,169,38.0,3.1,8.9,-58,-0.55
SITE011,1992,37.4,19.5,28.1,353.6,2134.0,6630,0,170,41.0,2.9,8.4,28,-0.49
SITE011,1993,37.3,19.5,28.1,163.6,2177.0,6620,0,170,39.0,3.3,8.8,-41,-0.52
SITE011,1994,37.4,19.6,28.1,208.0,2171.0,6648,0,171,39.0,3.6,8.7,-25,-0.44
SITE011,1995,37.6,19.7,28.3,160.2,2190.0,6706,0,174,38.0,3.1,9.0,-42,-0.27
SITE011,1996,37.5,19.7,28.3,672.5,2068.0,6693,0,174,44.0,3.2,7.6,144,-0.31
SITE011,1997,37.7,19.8,28.4,331.0,2153.0,6732,0,176,39.0,3.0,8.1,20,-0.19
SITE011,1998,37.7,19.9,28.4,398.2,2140.0,6750,0,177,40.0,3.4,8.4,44,-0.14
SITE011,1999,37.7,19.9,28.4,138.7,2201.0,6745,0,176,37.0,3.2,8.8,-50,-0.15
SITE011,2000,37.7,19.9,28.5,95.1,2213.0,6761,0,177,36.0,2.9,9.0,-66,-0.11
SITE011,2001,37.8,19.9,28.5,129.6,2205.0,6763,0,177,37.0,3.5,8.7,-53,-0.1
SITE011,2002,37.8,19.9,28.5,249.9,2177.0,6767,0,178,38.0,3.0,8.6,-9,-0.09
SITE011,2003,37.7,19.9,28.4,291.8,2164.0,6742,0,176,39.0,3.7,8.3,6,-0.16
SITE011,2004,37.7,19.9,28.4,267.5,2171.0,6751,0,177,38.0,3.2,8.5,-3,-0.14
SITE011,2005,37.6,19.8,28.3,174.5,2189.0,6719,0,175,38.0,3.4,8.6,-37,-0.23
SITE011,2006,37.6,19.8,28.3,319.4,2154.0,6714,0,175,39.0,3.1,8.4,16,-0.24
SITE011,2007,37.6,19.8,28.3,761.7,2051.0,6720,0,175,44.0,2.9,7.4,176,-0.23
SITE011,2008,37.6,19.8,28.4,139.6,2197.0,6724,0,175,37.0,3.3,8.7,-49,-0.21
SITE011,2009,37.8,19.9,28.5,178.7,2194.0,6765,0,177,37.0,3.0,8.8,-35,-0.09
SITE011,2010,37.9,20.0,28.6,259.5,2180.0,6799,0,179,38.0,3.1,8.6,-6,0.01
SITE011,2011,37.9,20.0,28.6,180.7,2199.0,6803,0,179,37.0,3.1,8.9,-35,0.02
SITE011,2012,37.9,20.1,28.6,268.0,2181.0,6821,0,180,38.0,3.4,8.8,-3,0.07
SITE011,2013,38.0,20.2,28.7,315.1,2174.0,6852,0,182,38.0,3.1,8.4,14,0.16
SITE011,2014,38.0,20.2,28.7,388.5,2155.0,6844,0,182,39.0,2.9,8.3,41,0.14
SITE011,2015,37.9,20.1,28.7,180.7,2202.0,6828,0,181,37.0,3.1,8.9,-35,0.09
SITE011,2016,38.1,20.3,28.9,574.2,2118.0,6897,0,184,40.0,3.6,8.0,108,0.3
SITE011,2017,38.2,20.3,28.9,190.1,2211.0,6903,0,185,36.0,3.3,8.8,-31,0.31
SITE011,2018,38.2,20.4,28.9,225.6,2205.0,6922,0,186,36.0,3.2,8.6,-18,0.37
SITE011,2019,38.3,20.5,29.1,441.8,2158.0,6960,0,188,38.0,3.4,8.3,60,0.48
SITE011,2020,38.3,20.5,29.1,459.8,2154.0,6959,0,188,38.0,3.0,8.1,67,0.48
SITE011,2021,38.4,20.5,29.1,179.8,2223.0,6977,0,189,35.0,3.5,8.9,-35,0.53
SITE011,2022,38.4,20.5,29.1,230.7,2210.0,6968,0,188,35.0,3.1,8.8,-16,0.5
SITE011,2023,38.4,20.6,29.1,185.3,2224.0,6989,0,189,35.0,3.2,8.8,-33,0.56
SITE011,2024,38.5,20.6,29.2,228.7,2216.0,7008,0,190,35.0,3.3,8.7,-17,0.62
SITE012,1991,35.5,17.6,26.2,428.9,2078.0,5977,0,147,42.0,3.7,8.6,-17,-1.13
SITE012,1992,35.5,17.6,26.2,852.9,2029.0,5987,0,148,44.0,3.1,8.1,65,-1.1
SITE012,1993,35.6,17.6,26.2,526.1,2069.0,5993,0,148,42.0,3.0,8.7,2,-1.08
SITE012,1994,35.7,17.7,26.3,231.7,2109.0,6025,0,150,40.0,3.5,8.9,-55,-0.98
SITE012,1995,35.8,17.8,26.5,659.9,2063.0,6063,0,152,42.0,3.6,8.3,28,-0.86
SITE012,1996,36.0,18.0,26.6,496.6,2091.0,6115,0,155,41.0,3.0,8.7,-4,-0.69
SITE012,1997,36.1,18.1,26.7,384.6,2109.0,6148,0,156,40.0,3.2,8.6,-25,-0.59
SITE012,1998,36.2,18.2,26.8,358.9,2118.0,6187,0,158,39.0,3.1,8.7,-30,-0.47
SITE012,1999,36.3,18.3,27.0,321.9,2129.0,6226,0,160,38.0,3.2,8.7,-38,-0.34
SITE012,2000,36.5,18.5,27.1,273.1,2142.0,6273,0,163,37.0,3.3,8.7,-47,-0.2
SITE012,2001,36.4,18.4,27.1,638.6,2094.0,6256,0,162,40.0,3.6,8.4,24,-0.25
SITE012,2002,36.5,18.6,27.2,470.0,2120.0,6293,0,164,38.0,3.5,8.5,-9,-0.13
SITE012,2003,36.5,18.6,27.2,264.8,2146.0,6296,0,164,37.0,3.2,8.7,-49,-0.12
SITE012,2004,36.6,18.7,27.3,590.2,2110.0,6323,0,165,39.0,3.2,8.6,14,-0.04
SITE012,2005,36.6,18.7,27.3,402.0,2135.0,6331,0,166,37.0,3.3,8.5,-22,-0.01
SITE012,2006,36.7,18.8,27.4,456.8,2132.0,6362,0,168,37.0,3.5,8.6,-11,0.08
SITE012,2007,36.8,18.9,27.5,789.3,2095.0,6388,0,169,39.0,3.3,8.3,53,0.17
SITE012,2008,36.8,18.9,27.5,486.1,2134.0,6395,0,169,37.0,3.2,8.8,-6,0.19
SITE012,2009,36.9,18.9,27.5,783.9,2099.0,6409,0,170,39.0,3.1,8.3,52,0.23
SITE012,2010,37.0,19.0,27.6,439.7,2145.0,6432,0,171,36.0,3.5,8.6,-15,0.31
SITE012,2011,37.0,19.1,27.7,159.3,2184.0,6460,0,173,34.0,3.1,9.0,-69,0.39
SITE012,2012,37.1,19.2,27.8,184.4,2185.0,6485,0,174,34.0,3.1,8.9,-64,0.47
SITE012,2013,37.1,19.2,27.8,317.7,2168.0,6487,0,174,35.0,3.0,8.8,-38,0.48
SITE012,2014,37.2,19.3,27.9,542.8,2145.0,6517,0,176,36.0,3.2,8.6,5,0.57
SITE012,2015,37.2,19.2,27.9,389.1,2163.0,6510,0,175,35.0,3.2,8.6,-25,0.55
SITE012,2016,37.1,19.2,27.8,286.5,2172.0,6486,0,174,35.0,3.4,9.0,-44,0.47
SITE012,2017,37.2,19.2,27.8,434.6,2157.0,6506,0,175,35.0,2.9,8.4,-16,0.54
SITE012,2018,37.2,19.2,27.9,426.8,2158.0,6507,0,175,35.0,3.5,8.6,-17,0.54
SITE012,2019,37.1,19.1,27.8,979.3,2084.0,6477,0,174,39.0,3.1,8.0,90,0.45
SITE012,2020,37.1,19.1,27.7,708.9,2117.0,6472,0,173,37.0,3.6,8.2,37,0.43
SITE012,2021,37.1,19.2,27.8,445.7,2152.0,6485,0,174,36.0,3.1,8.7,-14,0.47
SITE012,2022,37.1,19.1,27.7,323.4,2165.0,6472,0,173,35.0,3.4,8.7,-37,0.43
SITE012,2023,37.2,19.3,27.9,396.6,2163.0,6518,0,176,35.0,3.1,8.9,-23,0.58
SITE012,2024,37.3,19.3,27.9,295.9,2178.0,6536,0,177,34.0,2.7,8.8,-43,0.63
SITE013,1991,38.7,21.5,29.8,161.4,2211.0,7228,0,181,39.0,3.3,8.4,-26,-0.48
SITE013,1992,38.6,21.5,29.7,110.8,2223.0,7202,0,180,39.0,3.0,8.8,-49,-0.55
SITE013,1993,38.6,21.5,29.7,242.2,2184.0,7211,0,180,40.0,3.8,8.5,11,-0.53
SITE013,1994,38.7,21.6,29.8,199.1,2200.0,7234,0,182,40.0,3.2,8.4,-9,-0.46
SITE013,1995,38.8,21.6,29.9,220.1,2198.0,7269,0,183,39.0,3.2,8.8,0,-0.37
SITE013,1996,38.8,21.6,29.9,433.8,2133.0,7262,0,183,42.0,3.2,8.1,98,-0.39
SITE013,1997,38.9,21.7,30.0,359.5,2160.0,7299,0,185,41.0,3.1,7.9,64,-0.29
SITE013,1998,38.9,21.7,30.0,167.0,2218.0,7299,0,185,38.0,3.1,8.7,-24,-0.29
SITE013,1999,38.9,21.8,30.0,175.6,2218.0,7322,0,186,38.0,3.1,8.7,-20,-0.22
SITE013,2000,39.0,21.9,30.1,153.1,2230.0,7363,0,188,38.0,2.8,8.8,-30,-0.12
SITE013,2001,39.0,21.8,30.1,201.7,2213.0,7339,0,187,38.0,3.6,8.6,-8,-0.18
SITE013,2002,38.9,21.8,30.0,228.9,2202.0,7316,0,186,39.0,3.1,8.3,5,-0.24
SITE013,2003,39.0,21.9,30.1,309.6,2181.0,7344,0,187,40.0,3.0,8.2,41,-0.16
SITE013,2004,38.9,21.8,30.0,164.9,2220.0,7312,0,186,38.0,3.1,8.8,-25,-0.25
SITE013,2005,39.1,22.0,30.2,160.0,2231.0,7385,0,189,37.0,2.8,8.6,-27,-0.06
SITE013,2006,39.1,22.0,30.2,186.0,2225.0,7398,0,190,38.0,3.3,8.5,-15,-0.02
SITE013,2007,39.2,22.0,30.3,283.4,2197.0,7413,0,191,39.0,3.3,8.4,29,0.02
SITE013,2008,39.2,22.1,30.3,210.8,2221.0,7426,0,191,38.0,2.7,8.8,-4,0.06
SITE013,2009,39.2,22.1,30.3,120.5,2250.0,7438,0,192,36.0,3.3,8.7,-45,0.09
SITE013,2010,39.3,22.2,30.4,154.5,2242.0,7462,0,193,37.0,3.1,8.7,-29,0.15
SITE013,2011,39.3,22.2,30.4,155.3,2243.0,7468,0,194,36.0,3.2,8.5,-29,0.17
SITE013,2012,39.2,22.1,30.3,263.7,2206.0,7438,0,192,38.0,3.0,8.5,20,0.09
SITE013,2013,39.3,22.2,30.4,155.2,2242.0,7458,0,193,37.0,3.0,8.9,-29,0.14
SITE013,2014,39.3,22.2,30.4,227.2,2220.0,7460,0,193,38.0,3.2,8.7,4,0.15
SITE013,2015,39.3,22.1,30.3,128.6,2248.0,7442,0,192,36.0,2.9,8.8,-41,0.1
SITE013,2016,39.3,22.2,30.4,162.2,2240.0,7459,0,193,37.0,2.9,8.8,-26,0.15
SITE013,2017,39.5,22.3,30.6,123.9,2259.0,7519,0,196,35.0,3.6,8.7,-43,0.31
SITE013,2018,39.5,22.4,30.6,119.1,2263.0,7538,0,197,35.0,3.0,8.8,-46,0.36
SITE013,2019,39.6,22.5,30.7,250.4,2226.0,7567,0,199,37.0,3.1,8.6,14,0.44
SITE013,2020,39.6,22.5,30.7,277.6,2219.0,7576,0,199,37.0,3.0,8.4,27,0.46
SITE013,2021,39.6,22.5,30.7,117.3,2269.0,7582,0,199,35.0,3.0,8.8,-46,0.48
SITE013,2022,39.6,22.4,30.7,181.8,2247.0,7566,0,199,36.0,2.7,9.0,-17,0.43
SITE013,2023,39.6,22.5,30.7,185.7,2247.0,7572,0,199,36.0,2.9,8.7,-15,0.45
SITE013,2024,39.7,22.6,30.8,416.9,2181.0,7615,0,201,38.0,3.3,8.1,90,0.57
SITE014,1991,38.5,20.7,29.2,186.3,2215.0,7028,0,175,41.0,3.1,8.2,6,-0.72
SITE014,1992,38.6,20.8,29.4,88.5,2260.0,7089,0,179,39.0,3.5,9.0,-49,-0.56
SITE014,1993,38.7,20.9,29.5,214.4,2216.0,7118,0,180,41.0,2.8,8.8,23,-0.47
SITE014,1994,38.7,20.9,29.5,121.0,2252.0,7122,0,180,39.0,2.9,8.4,-31,-0.46
SITE014,1995,38.8,21.0,29.5,127.0,2251.0,7134,0,181,39.0,3.0,8.8,-27,-0.43
SITE014,1996,38.7,21.0,29.5,186.3,2228.0,7132,0,181,40.0,3.1,8.7,6,-0.44
SITE014,1997,38.8,21.0,29.6,181.4,2233.0,7154,0,182,40.0,2.9,8.4,4,-0.38
SITE014,1998,38.8,21.0,29.5,232.0,2214.0,7152,0,182,41.0,3.4,8.1,33,-0.38
SITE014,1999,38.7,20.9,29.5,160.8,2238.0,7128,0,181,40.0,3.2,8.7,-8,-0.45
SITE014,2000,38.8,21.0,29.5,104.9,2260.0,7136,0,181,39.0,3.2,8.9,-40,-0.43
SITE014,2001,38.8,21.0,29.6,128.1,2254.0,7156,0,182,39.0,3.2,8.6,-27,-0.37
SITE014,2002,38.8,21.0,29.5,171.8,2235.0,7139,0,181,40.0,3.0,8.7,-2,-0.42
SITE014,2003,38.8,21.0,29.5,261.8,2202.0,7148,0,182,41.0,2.6,8.1,50,-0.39
SITE014,2004,38.9,21.1,29.7,171.9,2241.0,7189,0,184,39.0,3.3,8.4,-2,-0.28
SITE014,2005,38.9,21.1,29.7,190.4,2236.0,7204,0,185,39.0,3.5,8.4,9,-0.24
SITE014,2006,39.0,21.2,29.7,173.2,2245.0,7221,0,185,39.0,3.2,8.5,-1,-0.19
SITE014,2007,39.0,21.2,29.7,224.0,2225.0,7216,0,185,40.0,3.0,8.3,28,-0.21
SITE014,2008,39.0,21.2,29.7,68.5,2285.0,7219,0,185,37.0,2.8,8.8,-61,-0.2
SITE014,2009,39.1,21.3,29.9,174.1,2251.0,7270,0,188,38.0,2.9,8.6,0,-0.06
SITE014,2010,39.2,21.5,30.0,172.3,2257.0,7314,0,190,38.0,3.0,8.3,-2,0.06
SITE014,2011,39.3,21.5,30.0,163.4,2262.0,7323,0,191,37.0,3.2,8.4,-7,0.09
SITE014,2012,39.4,21.6,30.1,245.1,2236.0,7370,0,193,38.0,3.5,8.4,40,0.22
SITE014,2013,39.4,21.6,30.2,316.9,2210.0,7385,0,194,39.0,3.6,8.2,81,0.26
SITE014,2014,39.6,21.8,30.3,143.0,2285.0,7442,0,197,36.0,2.9,8.6,-18,0.41
SITE014,2015,39.6,21.8,30.4,98.4,2304.0,7454,0,198,35.0,3.0,9.0,-44,0.45
SITE014,2016,39.8,22.0,30.5,171.2,2282.0,7500,0,200,36.0,3.3,8.7,-2,0.57
SITE014,2017,39.8,22.0,30.5,87.0,2315.0,7501,0,200,34.0,3.3,8.8,-50,0.57
SITE014,2018,39.8,22.0,30.5,121.3,2303.0,7512,0,201,35.0,2.8,8.9,-31,0.6
SITE014,2019,39.8,22.0,30.5,146.1,2293.0,7511,0,201,35.0,3.7,8.6,-16,0.6
SITE014,2020,39.9,22.1,30.6,112.9,2311.0,7546,0,202,34.0,3.0,8.7,-35,0.7
SITE014,2021,39.8,22.0,30.6,111.2,2308.0,7522,0,201,34.0,3.5,8.8,-36,0.63
SITE014,2022,39.8,22.0,30.6,180.6,2282.0,7527,0,201,36.0,3.3,8.5,3,0.65
SITE014,2023,39.8,22.0,30.5,58.6,2327.0,7510,0,200,34.0,2.9,8.9,-67,0.6
SITE014,2024,39.8,22.1,30.6,190.8,2279.0,7533,0,202,36.0,3.1,8.6,9,0.66
SITE015,1991,37.3,19.4,28.0,378.8,2153.0,6599,0,171,41.0,2.7,8.3,32,-0.41
SITE015,1992,37.3,19.3,28.0,294.0,2170.0,6583,0,170,40.0,3.2,8.7,3,-0.46
SITE015,1993,37.3,19.3,28.0,311.3,2166.0,6585,0,170,40.0,3.3,8.3,9,-0.45
SITE015,1994,37.2,19.2,27.8,149.3,2198.0,6548,0,169,39.0,3.6,8.8,-48,-0.56
SITE015,1995,37.2,19.3,27.9,285.7,2168.0,6555,0,169,40.0,3.4,8.6,0,-0.54
SITE015,1996,37.2,19.3,27.9,138.7,2203.0,6567,0,170,38.0,3.0,8.9,-52,-0.5
SITE015,1997,37.2,19.3,27.9,537.5,2112.0,6564,0,169,43.0,3.2,8.1,88,-0.51
SITE015,1998,37.2,19.3,27.9,405.8,2142.0,6562,0,169,41.0,3.2,8.1,42,-0.52
SITE015,1999,37.2,19.2,27.9,128.7,2203.0,6553,0,169,39.0,3.5,8.9,-55,-0.55
SITE015,2000,37.3,19.3,27.9,232.2,2184.0,6579,0,170,39.0,3.5,8.7,-19,-0.47
SITE015,2001,37.2,19.3,27.9,157.0,2199.0,6568,0,170,39.0,3.6,9.0,-45,-0.5
SITE015,2002,37.3,19.3,27.9,237.9,2182.0,6574,0,170,39.0,3.4,8.5,-17,-0.48
SITE015,2003,37.5,19.5,28.1,419.1,2150.0,6647,0,174,40.0,3.1,8.3,47,-0.27
SITE015,2004,37.6,19.6,28.3,373.2,2167.0,6688,0,176,39.0,4.1,8.7,30,-0.14
SITE015,2005,37.7,19.7,28.4,148.0,2223.0,6719,0,178,37.0,3.2,8.8,-48,-0.05
SITE015,2006,37.7,19.8,28.4,417.3,2162.0,6726,0,178,40.0,3.1,8.2,46,-0.03
SITE015,2007,37.8,19.8,28.4,658.9,2109.0,6746,0,179,42.0,3.0,7.9,130,0.03
SITE015,2008,37.8,19.8,28.4,335.0,2184.0,6748,0,179,38.0,3.4,8.6,17,0.03
SITE015,2009,37.8,19.9,28.5,226.8,2210.0,6756,0,180,37.0,3.1,8.6,-21,0.06
SITE015,2010,37.9,19.9,28.5,175.0,2225.0,6778,0,181,36.0,3.1,8.8,-39,0.12
SITE015,2011,37.9,20.0,28.6,215.0,2218.0,6797,0,182,37.0,3.5,8.7,-25,0.18
SITE015,2012,37.9,19.9,28.6,250.1,2209.0,6785,0,181,37.0,3.2,8.6,-13,0.14
SITE015,2013,38.0,20.1,28.7,144.3,2240.0,6836,0,184,35.0,3.8,9.0,-50,0.29
SITE015,2014,38.1,20.2,28.8,230.8,2224.0,6862,0,185,36.0,3.2,8.5,-19,0.37
SITE015,2015,38.1,20.2,28.8,174.1,2239.0,6873,0,186,35.0,3.2,9.0,-39,0.4
SITE015,2016,38.1,20.2,28.8,432.7,2177.0,6859,0,185,38.0,4.0,7.9,51,0.36
SITE015,2017,38.1,20.2,28.8,118.6,2250.0,6860,0,185,35.0,3.4,8.8,-59,0.36
SITE015,2018,38.2,20.3,28.9,333.1,2205.0,6895,0,187,37.0,3.1,8.5,16,0.47
SITE015,2019,38.2,20.3,28.9,693.9,2122.0,6899,0,187,40.0,3.3,7.5,143,0.48
SITE015,2020,38.3,20.3,29.0,394.6,2194.0,6920,0,188,37.0,2.8,8.1,38,0.54
SITE015,2021,38.3,20.4,29.0,155.8,2252.0,6933,0,189,34.0,3.4,9.0,-46,0.58
SITE015,2022,38.4,20.4,29.1,279.4,2226.0,6955,0,190,35.0,3.4,8.5,-2,0.65
SITE015,2023,38.4,20.4,29.0,223.1,2238.0,6948,0,190,35.0,3.4,9.0,-22,0.63
SITE015,2024,38.5,20.5,29.1,313.5,2222.0,6983,0,192,35.0,3.3,8.4,10,0.73
SITE016,1991,20.8,2.2,11.1,367.0,1352.0,1608,131,0,40.0,3.3,8.1,27,-0.42
SITE016,1992,20.9,2.3,11.2,522.1,1335.0,1617,130,0,42.0,3.4,8.0,81,-0.31
SITE016,1993,20.9,2.3,11.2,206.2,1379.0,1615,130,0,38.0,3.2,8.7,-28,-0.33
SITE016,1994,20.8,2.2,11.1,182.8,1379.0,1609,131,0,39.0,3.3,8.8,-37,-0.41
SITE016,1995,20.8,2.2,11.1,236.0,1371.0,1609,131,0,39.0,3.5,8.6,-18,-0.41
SITE016,1996,20.9,2.2,11.2,196.3,1379.0,1613,131,0,38.0,3.3,8.8,-32,-0.36
SITE016,1997,20.9,2.2,11.2,371.4,1354.0,1613,131,0,40.0,2.8,8.5,29,-0.36
SITE016,1998,20.9,2.3,11.2,223.0,1377.0,1615,130,0,39.0,3.3,8.6,-23,-0.33
SITE016,1999,20.8,2.2,11.1,127.5,1386.0,1608,131,0,38.0,3.1,9.0,-56,-0.43
SITE016,2000,20.9,2.2,11.2,106.1,1393.0,1614,131,0,38.0,3.3,8.9,-63,-0.35
SITE016,2001,20.9,2.2,11.2,206.2,1378.0,1612,131,0,39.0,3.6,8.9,-28,-0.37
SITE016,2002,20.9,2.3,11.2,250.0,1374.0,1617,130,0,39.0,3.0,8.5,-13,-0.32
SITE016,2003,21.1,2.4,11.4,328.2,1371.0,1630,129,0,39.0,3.2,8.5,14,-0.15
SITE016,2004,21.1,2.5,11.4,423.5,1358.0,1632,128,0,40.0,3.0,8.3,47,-0.13
SITE016,2005,21.1,2.5,11.5,301.6,1377.0,1635,128,0,39.0,3.4,8.4,5,-0.09
SITE016,2006,21.3,2.7,11.6,153.7,1406.0,1648,126,0,36.0,2.9,8.6,-47,0.06
SITE016,2007,21.4,2.8,11.7,223.0,1401.0,1656,125,0,37.0,3.3,8.7,-23,0.17
SITE016,2008,21.4,2.8,11.7,122.0,1417.0,1659,125,0,35.0,2.9,9.1,-58,0.2
SITE016,2009,21.4,2.8,11.7,273.2,1393.0,1656,125,0,37.0,2.7,8.7,-5,0.16
SITE016,2010,21.3,2.7,11.6,390.6,1373.0,1650,126,0,39.0,3.0,8.4,36,0.1
SITE016,2011,21.4,2.7,11.7,253.4,1395.0,1655,126,0,37.0,3.3,8.5,-12,0.15
SITE016,2012,21.5,2.9,11.8,220.6,1406.0,1665,124,0,36.0,3.1,8.8,-23,0.28
SITE016,2013,21.5,2.9,11.8,279.9,1397.0,1664,124,0,37.0,2.9,8.5,-3,0.26
SITE016,2014,21.5,2.8,11.8,217.0,1405.0,1663,125,0,36.0,3.0,8.6,-25,0.25
SITE016,2015,21.5,2.8,11.8,213.8,1404.0,1660,125,0,36.0,3.3,8.7,-26,0.22
SITE016,2016,21.5,2.8,11.8,264.6,1398.0,1663,125,0,37.0,2.5,8.5,-8,0.24
SITE016,2017,21.5,2.9,11.8,253.1,1400.0,1664,124,0,37.0,2.9,8.5,-12,0.26
SITE016,2018,21.5,2.9,11.8,211.1,1407.0,1664,124,0,36.0,3.2,8.7,-27,0.26
SITE016,2019,21.5,2.8,11.8,306.6,1391.0,1661,125,0,37.0,3.1,8.5,6,0.22
SITE016,2020,21.5,2.8,11.8,212.2,1405.0,1661,125,0,36.0,3.2,8.6,-26,0.22
SITE016,2021,21.6,2.9,11.9,141.7,1420.0,1670,124,0,35.0,2.9,9.0,-51,0.33
SITE016,2022,21.7,3.1,12.0,245.9,1411.0,1680,122,0,36.0,2.9,8.9,-15,0.46
SITE016,2023,21.7,3.0,12.0,150.1,1424.0,1679,123,0,35.0,2.8,9.0,-48,0.44
SITE016,2024,21.7,3.1,12.0,253.2,1411.0,1681,122,0,36.0,3.0,8.4,-12,0.47
SITE017,1991,20.4,1.7,10.7,198.9,1353.0,1596,140,1,40.0,3.1,9.0,-7,-0.59
SITE017,1992,20.4,1.8,10.7,238.5,1347.0,1599,139,1,41.0,3.0,8.4,12,-0.56
SITE017,1993,20.4,1.7,10.7,246.8,1344.0,1596,140,1,41.0,2.9,8.6,16,-0.6
SITE017,1994,20.5,1.8,10.8,139.9,1369.0,1604,139,1,39.0,3.3,8.6,-34,-0.5
SITE017,1995,20.5,1.8,10.8,146.9,1367.0,1603,139,1,39.0,3.0,8.6,-31,-0.51
SITE017,1996,20.6,1.9,10.9,200.6,1361.0,1611,138,1,39.0,3.9,8.6,-6,-0.42
SITE017,1997,20.5,1.9,10.8,166.1,1366.0,1609,138,1,39.0,3.1,9.1,-22,-0.44
SITE017,1998,20.6,1.9,10.9,151.0,1371.0,1611,138,1,39.0,3.0,8.8,-29,-0.4
SITE017,1999,20.5,1.9,10.9,101.6,1380.0,1610,138,1,38.0,3.6,9.0,-52,-0.42
SITE017,2000,20.6,1.9,10.9,188.7,1364.0,1611,138,1,39.0,3.0,8.8,-11,-0.41
SITE017,2001,20.7,2.0,11.0,137.8,1378.0,1619,137,1,38.0,3.4,8.7,-35,-0.32
SITE017,2002,20.7,2.1,11.0,155.1,1377.0,1623,136,1,38.0,3.0,8.7,-27,-0.27
SITE017,2003,20.8,2.2,11.1,141.8,1386.0,1634,135,1,37.0,3.4,9.0,-33,-0.13
SITE017,2004,20.8,2.2,11.2,94.8,1395.0,1635,135,1,37.0,3.0,8.9,-56,-0.12
SITE017,2005,20.9,2.2,11.2,90.3,1398.0,1638,134,1,37.0,2.7,8.9,-58,-0.08
SITE017,2006,21.0,2.4,11.3,271.2,1370.0,1650,132,1,39.0,3.2,8.5,27,0.07
SITE017,2007,21.1,2.4,11.4,149.1,1397.0,1655,132,1,37.0,3.5,8.5,-30,0.12
SITE017,2008,21.2,2.5,11.5,130.3,1404.0,1661,131,1,36.0,3.1,8.8,-39,0.19
SITE017,2009,21.2,2.5,11.5,246.0,1381.0,1661,131,1,38.0,3.9,8.4,16,0.2
SITE017,2010,21.1,2.5,11.5,83.6,1412.0,1659,131,1,35.0,3.0,8.9,-61,0.18
SITE017,2011,21.1,2.5,11.4,197.5,1388.0,1655,132,1,37.0,3.3,8.3,-7,0.13
SITE017,2012,21.1,2.4,11.4,184.7,1389.0,1654,132,1,37.0,3.4,8.5,-13,0.11
SITE017,2013,21.1,2.5,11.5,153.9,1398.0,1660,131,1,36.0,3.5,8.9,-28,0.18
SITE017,2014,21.2,2.6,11.6,239.8,1386.0,1668,130,1,37.0,3.2,8.6,13,0.28
SITE017,2015,21.2,2.6,11.5,217.2,1391.0,1667,130,1,37.0,3.1,8.4,2,0.27
SITE017,2016,21.2,2.6,11.5,221.4,1388.0,1664,131,1,37.0,3.4,8.5,4,0.23
SITE017,2017,21.1,2.5,11.4,126.8,1403.0,1659,131,1,36.0,3.2,8.6,-40,0.17
SITE017,2018,21.2,2.6,11.5,163.9,1400.0,1666,130,1,36.0,3.3,8.7,-23,0.26
SITE017,2019,21.4,2.7,11.7,240.6,1392.0,1678,129,1,37.0,2.9,8.4,13,0.4
SITE017,2020,21.5,2.8,11.8,153.4,1414.0,1686,128,1,35.0,3.2,8.9,-28,0.5
SITE017,2021,21.5,2.9,11.8,244.7,1398.0,1690,127,1,36.0,3.3,8.5,15,0.55
SITE017,2022,21.5,2.9,11.9,190.9,1410.0,1692,127,1,35.0,3.3,8.6,-10,0.58
SITE017,2023,21.6,2.9,11.9,108.4,1428.0,1695,127,1,34.0,4.1,9.1,-49,0.62
SITE017,2024,21.7,3.1,12.0,115.4,1433.0,1705,125,1,34.0,3.0,8.7,-46,0.73
SITE018,1991,19.9,1.2,10.2,469.9,1321.0,1487,147,0,41.0,3.1,8.5,18,-0.56
SITE018,1992,19.9,1.3,10.2,472.0,1323.0,1492,147,0,41.0,3.3,8.4,19,-0.5
SITE018,1993,20.1,1.4,10.4,448.2,1333.0,1503,145,0,40.0,3.3,8.8,13,-0.35
SITE018,1994,20.1,1.4,10.4,394.2,1339.0,1505,145,0,39.0,3.0,8.6,-1,-0.34
SITE018,1995,20.2,1.5,10.5,319.2,1352.0,1513,144,0,38.0,2.7,8.5,-20,-0.23
SITE018,1996,20.2,1.5,10.5,517.7,1331.0,1512,144,0,40.0,3.4,8.2,30,-0.24
SITE018,1997,20.2,1.5,10.5,255.3,1357.0,1511,144,0,38.0,3.2,8.8,-36,-0.26
SITE018,1998,20.1,1.5,10.4,512.2,1329.0,1507,144,0,40.0,3.3,8.6,29,-0.3
SITE018,1999,20.1,1.5,10.5,327.1,1349.0,1510,144,0,39.0,3.7,8.5,-18,-0.26
SITE018,2000,20.2,1.6,10.5,250.9,1359.0,1514,143,0,38.0,3.0,8.8,-37,-0.22
SITE018,2001,20.2,1.6,10.5,592.4,1326.0,1515,143,0,40.0,3.1,8.3,49,-0.19
SITE018,2002,20.2,1.6,10.5,547.2,1329.0,1514,143,0,40.0,3.4,8.2,38,-0.21
SITE018,2003,20.2,1.5,10.5,451.2,1338.0,1512,144,0,39.0,3.2,8.4,14,-0.24
SITE018,2004,20.2,1.6,10.5,566.6,1329.0,1517,143,0,40.0,3.5,8.6,43,-0.17
SITE018,2005,20.3,1.7,10.6,236.2,1367.0,1523,142,0,37.0,3.2,8.8,-41,-0.09
SITE018,2006,20.4,1.7,10.7,332.0,1360.0,1528,141,0,38.0,2.7,8.8,-16,-0.03
SITE018,2007,20.3,1.7,10.6,317.2,1358.0,1522,142,0,38.0,3.3,8.8,-20,-0.11
SITE018,2008,20.3,1.6,10.6,266.6,1362.0,1521,142,0,38.0,3.2,8.9,-33,-0.13
SITE018,2009,20.3,1.7,10.6,587.8,1331.0,1523,142,0,40.0,3.0,8.1,48,-0.1
SITE018,2010,20.4,1.8,10.7,340.5,1362.0,1532,141,0,37.0,3.2,8.7,-14,0.02
SITE018,2011,20.5,1.9,10.8,275.8,1373.0,1540,140,0,37.0,3.1,8.7,-31,0.12
SITE018,2012,20.5,1.9,10.9,242.5,1377.0,1541,139,0,36.0,2.9,8.6,-39,0.13
SITE018,2013,20.5,1.9,10.8,248.8,1374.0,1537,140,0,37.0,3.1,8.9,-37,0.09
SITE018,2014,20.5,1.9,10.8,105.0,1389.0,1538,140,0,35.0,2.9,9.3,-74,0.09
SITE018,2015,20.5,1.8,10.8,250.3,1372.0,1534,140,0,37.0,3.3,8.8,-37,0.04
SITE018,2016,20.6,1.9,10.9,445.2,1358.0,1543,139,0,38.0,3.2,8.6,12,0.17
SITE018,2017,20.6,2.0,10.9,289.5,1376.0,1546,139,0,36.0,3.4,8.7,-27,0.21
SITE018,2018,20.7,2.1,11.0,558.7,1352.0,1553,138,0,38.0,3.3,8.4,41,0.3
SITE018,2019,20.8,2.2,11.1,528.6,1360.0,1561,136,0,37.0,2.8,8.5,33,0.41
SITE018,2020,20.9,2.2,11.2,418.2,1374.0,1564,136,0,36.0,3.3,8.3,5,0.44
SITE018,2021,20.9,2.3,11.2,138.0,1405.0,1567,136,0,34.0,3.3,9.1,-65,0.48
SITE018,2022,21.0,2.4,11.3,315.1,1391.0,1575,134,0,35.0,3.4,8.2,-21,0.58
SITE018,2023,21.2,2.5,11.5,402.5,1389.0,1587,133,0,35.0,3.6,8.4,1,0.74
SITE018,2024,21.1,2.5,11.4,199.2,1409.0,1584,133,0,34.0,3.6,8.6,-50,0.7
SITE019,1991,20.5,1.8,10.8,475.8,1326.0,1521,130,0,43.0,2.9,8.3,41,-0.98
SITE019,1992,20.5,1.9,10.8,282.4,1352.0,1527,130,0,41.0,3.4,8.9,-16,-0.91
SITE019,1993,20.6,2.0,10.9,447.3,1338.0,1536,129,0,42.0,3.1,8.4,33,-0.8
SITE019,1994,20.7,2.1,11.0,399.8,1347.0,1542,128,0,41.0,2.9,8.3,19,-0.72
SITE019,1995,20.8,2.2,11.1,132.9,1383.0,1548,127,0,39.0,3.0,8.9,-61,-0.64
SITE019,1996,21.0,2.3,11.3,417.1,1357.0,1561,126,0,41.0,3.0,8.5,24,-0.48
SITE019,1997,21.0,2.4,11.3,369.8,1364.0,1565,125,0,40.0,3.1,8.5,10,-0.44
SITE019,1998,20.9,2.3,11.2,468.4,1349.0,1559,126,0,41.0,3.2,8.6,39,-0.51
SITE019,1999,20.9,2.3,11.3,300.6,1370.0,1560,126,0,40.0,3.0,8.5,-11,-0.49
SITE019,2000,21.0,2.4,11.3,291.8,1374.0,1565,125,0,39.0,3.0,8.4,-13,-0.43
SITE019,2001,21.0,2.4,11.3,288.0,1376.0,1567,125,0,39.0,2.8,8.5,-15,-0.41
SITE019,2002,21.1,2.4,11.4,408.2,1364.0,1572,124,0,40.0,3.3,8.4,21,-0.35
SITE019,2003,21.2,2.5,11.5,410.8,1368.0,1579,123,0,40.0,3.4,8.6,22,-0.25
SITE019,2004,21.3,2.7,11.6,421.8,1373.0,1590,122,0,39.0,2.9,8.2,25,-0.12
SITE019,2005,21.4,2.7,11.7,318.6,1387.0,1593,122,0,38.0,3.1,8.8,-5,-0.08
SITE019,2006,21.5,2.9,11.8,197.0,1410.0,1606,120,0,36.0,3.5,8.8,-42,0.08
SITE019,2007,21.6,3.0,12.0,320.9,1400.0,1616,119,0,37.0,3.1,8.4,-5,0.21
SITE019,2008,21.7,3.0,12.0,322.7,1402.0,1619,119,0,37.0,3.6,8.7,-4,0.25
SITE019,2009,21.7,3.0,12.0,349.8,1397.0,1617,119,0,37.0,3.1,8.5,4,0.22
SITE019,2010,21.6,3.0,11.9,208.6,1414.0,1615,119,0,36.0,2.7,8.9,-38,0.19
SITE019,2011,21.7,3.0,12.0,266.0,1409.0,1619,119,0,36.0,3.2,8.6,-21,0.24
SITE019,2012,21.7,3.0,12.0,431.8,1389.0,1619,119,0,38.0,3.2,8.2,28,0.25
SITE019,2013,21.7,3.1,12.0,302.3,1406.0,1622,118,0,37.0,3.2,8.9,-10,0.28
SITE019,2014,21.8,3.1,12.1,237.0,1417.0,1627,118,0,36.0,2.7,8.8,-30,0.34
SITE019,2015,21.8,3.1,12.1,328.2,1406.0,1628,117,0,37.0,3.2,8.5,-3,0.35
SITE019,2016,21.9,3.2,12.2,545.9,1383.0,1634,117,0,38.0,3.3,8.5,62,0.43
SITE019,2017,22.0,3.3,12.3,156.3,1437.0,1644,116,0,34.0,3.6,8.9,-54,0.55
SITE019,2018,22.0,3.3,12.3,267.0,1422.0,1641,116,0,35.0,3.3,8.5,-21,0.52
SITE019,2019,21.9,3.3,12.2,630.4,1375.0,1639,116,0,39.0,3.4,8.2,87,0.49
SITE019,2020,22.0,3.4,12.3,281.6,1422.0,1644,115,0,35.0,2.9,8.7,-16,0.56
SITE019,2021,22.1,3.5,12.4,260.8,1431.0,1656,114,0,35.0,3.9,8.7,-23,0.7
SITE019,2022,22.0,3.3,12.3,243.0,1426.0,1644,116,0,35.0,2.9,8.9,-28,0.55
SITE019,2023,22.1,3.5,12.4,231.0,1435.0,1655,114,0,34.0,3.1,9.0,-31,0.69
SITE019,2024,22.1,3.5,12.5,388.9,1415.0,1656,114,0,36.0,3.1,8.4,15,0.71
SITE020,1991,19.1,0.5,9.4,213.7,1295.0,1276,156,0,41.0,2.8,8.5,-5,-0.71
SITE020,1992,19.2,0.6,9.5,251.5,1293.0,1282,155,0,41.0,3.4,8.4,11,-0.61
SITE020,1993,19.3,0.6,9.6,323.1,1284.0,1287,154,0,41.0,3.2,8.2,43,-0.53
SITE020,1994,19.3,0.7,9.6,321.6,1286.0,1290,154,0,41.0,3.4,8.2,42,-0.49
SITE020,1995,19.3,0.7,9.6,114.9,1323.0,1291,153,0,38.0,3.6,8.8,-49,-0.47
SITE020,1996,19.4,0.7,9.7,230.7,1304.0,1294,153,0,40.0,3.1,8.4,2,-0.44
SITE020,1997,19.4,0.8,9.7,337.1,1287.0,1295,153,0,41.0,3.3,8.3,49,-0.41
SITE020,1998,19.4,0.7,9.7,154.1,1317.0,1293,153,0,39.0,3.4,8.7,-32,-0.45
SITE020,1999,19.2,0.6,9.6,162.5,1311.0,1286,154,0,39.0,3.1,8.6,-28,-0.56
SITE020,2000,19.3,0.7,9.6,100.2,1325.0,1291,153,0,38.0,3.4,8.9,-56,-0.48
SITE020,2001,19.3,0.7,9.6,148.3,1315.0,1289,154,0,39.0,2.9,8.8,-34,-0.5
SITE020,2002,19.3,0.6,9.6,164.3,1312.0,1288,154,0,39.0,3.3,8.7,-27,-0.52
SITE020,2003,19.3,0.7,9.6,392.0,1273.0,1289,154,0,42.0,3.2,8.1,73,-0.51
SITE020,2004,19.5,0.8,9.8,130.0,1327.0,1300,152,0,38.0,3.3,8.6,-42,-0.33
SITE020,2005,19.4,0.8,9.7,286.1,1298.0,1298,152,0,40.0,3.3,8.5,27,-0.36
SITE020,2006,19.5,0.9,9.8,270.8,1305.0,1304,151,0,40.0,3.1,8.5,20,-0.28
SITE020,2007,19.5,0.8,9.8,179.6,1319.0,1302,152,0,39.0,3.0,8.8,-21,-0.31
SITE020,2008,19.6,1.0,9.9,195.8,1321.0,1309,150,0,38.0,3.4,8.8,-13,-0.21
SITE020,2009,19.7,1.1,10.0,152.0,1336.0,1318,149,0,37.0,3.2,8.6,-33,-0.06
SITE020,2010,19.7,1.1,10.0,158.2,1335.0,1318,149,0,37.0,3.3,8.7,-30,-0.06
SITE020,2011,19.9,1.2,10.2,176.0,1337.0,1326,147,0,37.0,2.8,8.7,-22,0.05
SITE020,2012,20.0,1.4,10.3,155.0,1349.0,1338,145,0,36.0,2.9,8.9,-31,0.23
SITE020,2013,20.3,1.6,10.6,160.9,1359.0,1353,142,0,35.0,3.8,8.5,-29,0.46
SITE020,2014,20.3,1.7,10.6,277.8,1340.0,1355,142,0,37.0,2.6,8.2,23,0.49
SITE020,2015,20.3,1.7,10.7,136.9,1368.0,1358,141,0,35.0,3.6,9.0,-39,0.54
SITE020,2016,20.4,1.8,10.7,223.3,1355.0,1363,141,0,36.0,2.8,8.5,-1,0.61
SITE020,2017,20.6,1.9,10.9,118.6,1381.0,1372,139,0,34.0,2.9,9.0,-48,0.75
SITE020,2018,20.5,1.9,10.8,124.8,1379.0,1371,139,0,34.0,3.2,8.8,-45,0.73
SITE020,2019,20.5,1.9,10.8,205.1,1363.0,1369,139,0,35.0,3.5,8.7,-9,0.7
SITE020,2020,20.6,1.9,10.9,256.4,1358.0,1374,139,0,35.0,4.1,8.2,13,0.78
SITE020,2021,20.5,1.9,10.8,97.9,1383.0,1370,139,0,33.0,3.1,9.0,-57,0.71
SITE020,2022,20.5,1.9,10.8,140.0,1375.0,1369,139,0,34.0,2.6,8.7,-38,0.71
SITE020,2023,20.5,1.9,10.8,131.3,1376.0,1369,140,0,34.0,3.4,8.7,-42,0.7
SITE020,2024,20.6,2.0,10.9,233.1,1364.0,1377,138,0,35.0,3.3,8.3,3,0.83
SITE021,1991,18.8,0.2,9.1,705.5,1258.0,1258,159,0,44.0,3.3,8.5,63,-0.97
SITE021,1992,18.8,0.2,9.1,430.5,1281.0,1257,160,0,42.0,3.2,8.7,-1,-1.0
SITE021,1993,18.9,0.3,9.2,332.4,1296.0,1265,158,0,41.0,3.0,8.6,-23,-0.86
SITE021,1994,18.9,0.3,9.2,481.9,1282.0,1264,158,0,42.0,3.2,8.4,11,-0.88
SITE021,1995,19.0,0.3,9.3,296.7,1301.0,1267,158,0,40.0,3.4,8.7,-32,-0.84
SITE021,1996,19.0,0.3,9.3,370.1,1294.0,1267,158,0,41.0,3.2,8.8,-15,-0.84
SITE021,1997,19.1,0.4,9.4,683.0,1271.0,1273,157,0,43.0,2.9,7.8,57,-0.74
SITE021,1998,19.1,0.5,9.4,355.1,1301.0,1276,156,0,40.0,3.7,8.8,-18,-0.71
SITE021,1999,19.2,0.5,9.5,274.2,1312.0,1280,155,0,39.0,2.8,8.6,-37,-0.64
SITE021,2000,19.2,0.6,9.5,276.5,1315.0,1285,155,0,39.0,3.3,9.0,-36,-0.57
SITE021,2001,19.3,0.6,9.6,418.1,1305.0,1288,154,0,40.0,3.3,8.4,-4,-0.52
SITE021,2002,19.4,0.8,9.7,500.3,1304.0,1297,152,0,40.0,3.5,8.2,15,-0.39
SITE021,2003,19.4,0.8,9.7,571.6,1298.0,1298,152,0,40.0,3.5,8.6,32,-0.37
SITE021,2004,19.4,0.8,9.8,713.4,1286.0,1299,152,0,41.0,3.4,8.1,64,-0.36
SITE021,2005,19.5,0.8,9.8,461.9,1311.0,1302,152,0,39.0,3.0,8.5,6,-0.32
SITE021,2006,19.5,0.8,9.8,395.7,1315.0,1299,152,0,39.0,3.1,8.6,-9,-0.35
SITE021,2007,19.7,1.1,10.0,394.9,1327.0,1316,149,0,38.0,3.9,8.6,-9,-0.1
SITE021,2008,19.7,1.1,10.0,354.4,1332.0,1318,149,0,38.0,3.4,8.6,-18,-0.07
SITE021,2009,19.8,1.2,10.2,573.6,1318.0,1326,147,0,39.0,3.5,8.4,32,0.05
SITE021,2010,20.0,1.3,10.3,559.5,1325.0,1335,146,0,38.0,3.5,8.2,29,0.19
SITE021,2011,20.1,1.5,10.4,330.5,1354.0,1345,144,0,36.0,3.4,8.5,-24,0.33
SITE021,2012,20.2,1.5,10.5,336.1,1354.0,1346,144,0,36.0,3.2,8.7,-23,0.36
SITE021,2013,20.2,1.5,10.5,217.9,1365.0,1346,144,0,35.0,4.0,8.7,-50,0.36
SITE021,2014,20.2,1.6,10.5,612.2,1331.0,1350,143,0,38.0,3.4,8.4,41,0.41
SITE021,2015,20.2,1.6,10.5,422.9,1349.0,1350,143,0,36.0,2.9,8.3,-3,0.42
SITE021,2016,20.3,1.7,10.7,623.5,1336.0,1358,141,0,37.0,2.8,8.4,44,0.54
SITE021,2017,20.5,1.9,10.8,352.7,1369.0,1369,140,0,35.0,3.2,8.5,-19,0.69
SITE021,2018,20.6,2.0,10.9,219.8,1387.0,1376,138,0,33.0,3.1,8.8,-49,0.81
SITE021,2019,20.7,2.1,11.1,524.5,1365.0,1385,137,0,35.0,3.6,8.5,21,0.95
SITE021,2020,20.8,2.2,11.1,407.3,1378.0,1389,136,0,34.0,3.2,8.6,-6,1.0
SITE021,2021,20.9,2.2,11.2,260.6,1396.0,1394,135,0,32.0,3.4,8.9,-40,1.08
SITE021,2022,20.9,2.2,11.2,382.2,1385.0,1394,135,0,33.0,3.4,8.6,-12,1.09
SITE021,2023,20.9,2.3,11.2,261.5,1397.0,1396,135,0,32.0,3.2,8.8,-40,1.1
SITE021,2024,21.0,2.3,11.3,575.0,1370.0,1399,134,0,34.0,3.0,8.3,32,1.15
SITE022,1991,16.9,-1.1,7.5,428.6,1124.0,1052,172,0,62.0,2.5,5.4,26,-0.76
SITE022,1992,16.9,-1.1,7.5,575.0,1109.0,1051,172,0,63.0,2.9,5.3,70,-0.78
SITE022,1993,16.8,-1.2,7.5,341.5,1129.0,1048,173,0,61.0,2.8,5.9,1,-0.84
SITE022,1994,17.0,-1.1,7.6,237.7,1145.0,1055,171,0,60.0,2.6,5.7,-30,-0.72
SITE022,1995,17.0,-1.0,7.6,159.2,1156.0,1057,171,0,59.0,2.7,6.3,-53,-0.67
SITE022,1996,17.1,-1.0,7.7,332.6,1141.0,1060,170,0,60.0,2.7,5.9,-2,-0.61
SITE022,1997,17.0,-1.0,7.7,200.5,1153.0,1059,170,0,59.0,3.1,6.1,-41,-0.64
SITE022,1998,17.1,-0.9,7.8,338.9,1143.0,1064,169,0,60.0,2.6,5.6,0,-0.54
SITE022,1999,17.3,-0.8,7.9,233.1,1160.0,1072,167,0,59.0,2.7,6.1,-31,-0.4
SITE022,2000,17.3,-0.8,7.9,86.0,1175.0,1072,167,0,57.0,2.5,6.2,-75,-0.41
SITE022,2001,17.3,-0.8,7.9,222.4,1160.0,1071,167,0,59.0,3.0,5.9,-34,-0.42
SITE022,2002,17.3,-0.7,8.0,167.5,1170.0,1075,166,0,58.0,2.9,6.3,-51,-0.34
SITE022,2003,17.4,-0.7,8.0,281.3,1159.0,1077,166,0,59.0,3.0,6.2,-17,-0.31
SITE022,2004,17.3,-0.8,7.9,319.3,1152.0,1072,167,0,59.0,2.5,5.9,-6,-0.39
SITE022,2005,17.4,-0.7,8.0,493.0,1138.0,1077,166,0,61.0,2.7,5.5,45,-0.31
SITE022,2006,17.4,-0.6,8.0,518.6,1138.0,1080,165,0,61.0,2.4,5.6,53,-0.25
SITE022,2007,17.5,-0.5,8.2,239.9,1171.0,1086,164,0,58.0,2.6,6.1,-29,-0.14
SITE022,2008,17.7,-0.4,8.3,150.6,1185.0,1092,162,0,56.0,3.2,6.3,-56,-0.03
SITE022,2009,17.7,-0.4,8.3,172.1,1184.0,1094,162,0,57.0,2.7,6.4,-49,-0.01
SITE022,2010,17.9,-0.2,8.5,410.6,1168.0,1104,160,0,58.0,2.5,5.7,21,0.19
SITE022,2011,18.0,-0.1,8.6,356.3,1178.0,1109,158,0,57.0,2.8,5.9,5,0.28
SITE022,2012,18.0,-0.0,8.6,339.1,1182.0,1112,158,0,57.0,2.7,5.9,0,0.33
SITE022,2013,18.1,0.0,8.7,423.2,1177.0,1117,157,0,57.0,2.4,5.7,25,0.42
SITE022,2014,18.2,0.1,8.8,353.9,1187.0,1120,156,0,56.0,2.6,6.0,4,0.47
SITE022,2015,18.2,0.1,8.8,268.1,1196.0,1120,156,0,55.0,2.6,6.0,-21,0.47
SITE022,2016,18.3,0.3,8.9,246.9,1206.0,1129,154,0,55.0,2.6,6.0,-27,0.65
SITE022,2017,18.3,0.3,9.0,282.3,1203.0,1130,153,0,55.0,2.9,6.0,-17,0.66
SITE022,2018,18.4,0.4,9.0,288.4,1206.0,1134,152,0,55.0,2.4,5.8,-15,0.73
SITE022,2019,18.4,0.3,9.0,397.9,1193.0,1133,153,0,56.0,2.5,5.8,17,0.72
SITE022,2020,18.4,0.3,9.0,500.3,1182.0,1133,153,0,57.0,2.9,5.7,48,0.71
SITE022,2021,18.4,0.3,9.0,141.0,1219.0,1131,153,0,54.0,2.6,6.2,-58,0.68
SITE022,2022,18.4,0.4,9.0,281.8,1207.0,1135,152,0,55.0,2.8,6.0,-17,0.74
SITE022,2023,18.4,0.3,9.0,259.6,1208.0,1133,153,0,54.0,3.2,6.0,-23,0.72
SITE022,2024,18.5,0.4,9.1,355.0,1201.0,1137,152,0,55.0,2.7,5.9,5,0.78
SITE023,1991,15.2,-2.8,5.8,124.3,1089.0,868,188,0,59.0,2.8,6.3,-52,-0.73
SITE023,1992,15.1,-2.9,5.7,198.8,1076.0,865,189,0,61.0,2.6,6.0,-23,-0.81
SITE023,1993,15.1,-2.9,5.7,329.3,1060.0,865,189,0,62.0,2.9,5.8,28,-0.81
SITE023,1994,15.2,-2.8,5.8,317.6,1065.0,869,188,0,62.0,3.0,5.8,23,-0.72
SITE023,1995,15.3,-2.8,5.9,202.9,1082.0,871,187,0,60.0,2.6,6.0,-21,-0.66
SITE023,1996,15.5,-2.6,6.1,286.1,1080.0,880,185,0,60.0,2.5,5.6,11,-0.48
SITE023,1997,15.6,-2.5,6.2,354.1,1076.0,884,183,0,61.0,2.8,5.7,37,-0.38
SITE023,1998,15.6,-2.4,6.2,187.0,1100.0,886,183,0,58.0,2.6,5.9,-28,-0.33
SITE023,1999,15.7,-2.4,6.3,230.0,1096.0,888,182,0,59.0,3.3,5.7,-11,-0.29
SITE023,2000,15.7,-2.4,6.3,105.7,1112.0,889,182,0,57.0,2.5,6.2,-59,-0.28
SITE023,2001,15.7,-2.4,6.3,234.1,1095.0,888,182,0,59.0,2.6,5.9,-9,-0.29
SITE023,2002,15.6,-2.5,6.2,216.5,1094.0,884,183,0,59.0,3.0,5.6,-16,-0.38
SITE023,2003,15.6,-2.5,6.2,334.6,1079.0,884,183,0,60.0,2.7,5.8,30,-0.38
SITE023,2004,15.7,-2.3,6.3,354.8,1083.0,891,181,0,60.0,2.8,5.3,38,-0.22
SITE023,2005,15.7,-2.3,6.3,288.7,1092.0,892,181,0,59.0,2.8,5.8,12,-0.21
SITE023,2006,15.9,-2.2,6.5,333.5,1092.0,898,179,0,59.0,2.5,5.7,29,-0.08
SITE023,2007,15.9,-2.2,6.5,165.5,1115.0,899,178,0,57.0,2.5,5.8,-36,-0.05
SITE023,2008,16.0,-2.1,6.6,208.8,1114.0,904,177,0,57.0,2.6,6.0,-19,0.06
SITE023,2009,16.1,-2.0,6.7,217.0,1116.0,906,176,0,57.0,2.8,5.9,-16,0.11
SITE023,2010,16.1,-2.0,6.7,159.7,1125.0,908,176,0,56.0,2.3,6.4,-38,0.15
SITE023,2011,16.2,-1.9,6.8,193.3,1125.0,912,174,0,56.0,2.8,6.0,-25,0.24
SITE023,2012,16.2,-1.9,6.8,233.0,1120.0,912,174,0,57.0,2.6,5.8,-10,0.24
SITE023,2013,16.2,-1.9,6.8,259.2,1115.0,911,175,0,57.0,3.0,5.8,0,0.22
SITE023,2014,16.2,-1.8,6.8,279.2,1115.0,913,174,0,57.0,2.8,5.6,8,0.27
SITE023,2015,16.3,-1.8,6.9,227.3,1125.0,917,173,0,56.0,2.8,6.0,-12,0.35
SITE023,2016,16.4,-1.7,7.0,392.2,1107.0,921,172,0,58.0,3.1,5.6,52,0.43
SITE023,2017,16.5,-1.5,7.2,132.6,1149.0,928,169,0,54.0,2.6,6.0,-49,0.6
SITE023,2018,16.6,-1.5,7.2,183.3,1143.0,929,169,0,55.0,2.9,6.3,-29,0.61
SITE023,2019,16.5,-1.5,7.2,344.3,1121.0,928,169,0,57.0,3.0,5.6,33,0.59
SITE023,2020,16.6,-1.5,7.2,355.1,1122.0,931,169,0,57.0,2.6,5.5,38,0.65
SITE023,2021,16.6,-1.5,7.2,182.1,1143.0,929,169,0,55.0,2.8,6.3,-29,0.61
SITE023,2022,16.6,-1.4,7.3,184.8,1147.0,933,168,0,54.0,3.0,6.1,-28,0.69
SITE023,2023,16.6,-1.4,7.3,178.1,1148.0,933,168,0,54.0,2.9,6.3,-31,0.69
SITE023,2024,16.6,-1.5,7.2,208.9,1140.0,929,169,0,55.0,2.8,6.1,-19,0.61
SITE024,1991,17.0,-1.1,7.6,382.0,1146.0,1068,170,0,59.0,2.6,6.0,-15,-0.25
SITE024,1992,17.0,-1.0,7.7,273.1,1157.0,1073,169,0,58.0,2.6,6.3,-39,-0.17
SITE024,1993,17.1,-1.0,7.7,231.3,1161.0,1073,168,0,57.0,2.9,6.1,-48,-0.16
SITE024,1994,17.0,-1.1,7.6,254.4,1157.0,1071,169,0,58.0,2.4,6.1,-43,-0.21
SITE024,1995,17.0,-1.1,7.6,332.7,1151.0,1070,169,0,58.0,2.4,6.0,-26,-0.23
SITE024,1996,17.0,-1.1,7.6,542.4,1135.0,1071,169,0,59.0,2.8,5.8,21,-0.21
SITE024,1997,17.0,-1.0,7.6,438.9,1144.0,1071,169,0,59.0,2.5,5.7,-2,-0.2
SITE024,1998,17.0,-1.0,7.7,590.7,1133.0,1073,169,0,60.0,2.8,5.8,32,-0.17
SITE024,1999,17.0,-1.1,7.6,389.8,1146.0,1070,169,0,59.0,2.6,5.9,-13,-0.22
SITE024,2000,17.0,-1.1,7.6,449.7,1142.0,1070,169,0,59.0,2.6,5.8,0,-0.22
SITE024,2001,16.9,-1.2,7.5,205.1,1156.0,1064,171,0,58.0,2.9,6.2,-54,-0.33
SITE024,2002,16.9,-1.2,7.5,569.8,1126.0,1062,171,0,60.0,2.6,5.7,27,-0.36
SITE024,2003,17.0,-1.0,7.6,459.1,1142.0,1071,169,0,59.0,2.8,5.9,2,-0.2
SITE024,2004,17.1,-1.0,7.7,579.9,1136.0,1075,168,0,59.0,2.5,6.0,29,-0.13
SITE024,2005,17.2,-0.9,7.8,621.5,1136.0,1079,167,0,59.0,2.4,5.6,38,-0.06
SITE024,2006,17.1,-1.0,7.7,312.6,1157.0,1076,168,0,58.0,2.5,6.0,-30,-0.12
SITE024,2007,17.1,-1.0,7.7,560.1,1138.0,1076,168,0,59.0,2.7,5.9,25,-0.12
SITE024,2008,17.2,-0.9,7.8,455.5,1151.0,1081,166,0,58.0,2.8,5.9,1,-0.01
SITE024,2009,17.2,-0.8,7.8,464.4,1152.0,1083,166,0,58.0,2.5,5.8,3,0.02
SITE024,2010,17.3,-0.8,7.9,709.6,1134.0,1084,166,0,60.0,3.0,5.5,58,0.04
SITE024,2011,17.2,-0.8,7.8,242.5,1168.0,1082,166,0,57.0,2.5,6.2,-46,0.01
SITE024,2012,17.3,-0.8,7.9,421.3,1156.0,1084,166,0,58.0,2.4,5.7,-6,0.05
SITE024,2013,17.3,-0.8,7.9,372.9,1161.0,1086,165,0,57.0,2.9,6.1,-17,0.08
SITE024,2014,17.3,-0.7,7.9,551.6,1149.0,1088,165,0,58.0,2.6,5.8,23,0.11
SITE024,2015,17.4,-0.7,8.0,412.0,1161.0,1090,164,0,57.0,2.9,6.2,-8,0.14
SITE024,2016,17.3,-0.7,7.9,428.7,1158.0,1088,165,0,57.0,3.2,5.6,-5,0.1
SITE024,2017,17.4,-0.7,8.0,432.3,1160.0,1091,164,0,57.0,2.3,5.9,-4,0.16
SITE024,2018,17.4,-0.7,8.0,381.6,1165.0,1092,164,0,57.0,3.2,5.6,-15,0.19
SITE024,2019,17.4,-0.7,8.0,658.4,1144.0,1092,164,0,59.0,2.5,5.5,47,0.19
SITE024,2020,17.5,-0.6,8.1,565.5,1154.0,1096,163,0,58.0,2.6,5.8,26,0.26
SITE024,2021,17.6,-0.5,8.2,286.3,1182.0,1103,161,0,55.0,3.0,6.2,-36,0.38
SITE024,2022,17.7,-0.4,8.3,301.2,1183.0,1106,160,0,55.0,2.7,6.0,-33,0.44
SITE024,2023,17.7,-0.3,8.3,554.1,1167.0,1110,159,0,57.0,2.7,5.8,23,0.51
SITE024,2024,17.9,-0.1,8.5,377.1,1189.0,1120,157,0,55.0,3.1,6.3,-16,0.7
SITE025,1991,25.5,13.9,19.5,1533.3,1291.0,3608,0,0,65.0,2.4,6.3,13,-0.76
SITE025,1992,25.5,13.9,19.5,1755.2,1284.0,3609,0,0,66.0,2.7,6.0,29,-0.76
SITE025,1993,25.4,13.9,19.4,1338.1,1294.0,3599,0,0,65.0,2.5,6.5,-2,-0.81
SITE025,1994,25.5,13.9,19.4,1348.9,1294.0,3600,0,0,65.0,2.7,6.1,-1,-0.8
SITE025,1995,25.6,14.1,19.6,918.0,1313.0,3635,0,0,63.0,2.2,6.5,-32,-0.62
SITE025,1996,25.7,14.1,19.7,1582.3,1295.0,3639,0,0,65.0,2.9,6.5,16,-0.6
SITE025,1997,25.7,14.1,19.7,2162.9,1279.0,3643,0,0,66.0,2.3,6.1,59,-0.58
SITE025,1998,25.7,14.2,19.7,1207.4,1307.0,3649,0,0,64.0,2.7,6.3,-11,-0.55
SITE025,1999,25.7,14.1,19.7,653.3,1322.0,3641,0,0,63.0,2.6,7.0,-52,-0.59
SITE025,2000,25.8,14.2,19.8,530.7,1329.0,3661,0,0,62.0,2.7,6.7,-61,-0.48
SITE025,2001,25.9,14.3,19.9,856.9,1323.0,3677,0,0,62.0,2.6,6.8,-37,-0.39
SITE025,2002,25.8,14.2,19.8,868.1,1319.0,3661,0,0,63.0,2.7,6.4,-36,-0.48
SITE025,2003,25.9,14.3,19.9,1588.4,1302.0,3680,0,0,64.0,2.5,6.2,17,-0.38
SITE025,2004,25.9,14.3,19.9,1307.3,1310.0,3678,0,0,63.0,2.5,6.2,-4,-0.39
SITE025,2005,25.9,14.4,19.9,1576.8,1305.0,3693,0,0,64.0,2.6,6.2,16,-0.31
SITE025,2006,26.1,14.6,20.1,1225.1,1321.0,3723,0,0,62.0,2.6,6.5,-10,-0.15
SITE025,2007,26.2,14.6,20.2,1416.2,1318.0,3738,0,0,62.0,2.1,6.4,4,-0.07
SITE025,2008,26.2,14.7,20.2,1118.2,1327.0,3742,0,0,62.0,2.2,6.5,-18,-0.05
SITE025,2009,26.2,14.7,20.2,1124.4,1328.0,3745,0,0,62.0,2.3,6.7,-17,-0.03
SITE025,2010,26.3,14.8,20.3,1126.4,1331.0,3762,0,0,61.0,2.5,6.6,-17,0.06
SITE025,2011,26.4,14.8,20.4,1136.8,1332.0,3772,0,0,61.0,2.9,6.6,-16,0.11
SITE025,2012,26.4,14.9,20.4,1033.2,1338.0,3784,0,0,61.0,3.0,6.5,-24,0.18
SITE025,2013,26.6,15.1,20.6,1997.4,1316.0,3822,0,0,62.0,2.7,6.1,47,0.38
SITE025,2014,26.7,15.2,20.7,782.7,1355.0,3840,0,0,59.0,2.7,6.5,-42,0.47
SITE025,2015,26.8,15.2,20.8,818.8,1356.0,3848,0,0,59.0,2.7,6.6,-40,0.51
SITE025,2016,26.8,15.3,20.8,1418.8,1339.0,3854,0,0,60.0,2.3,6.2,4,0.55
SITE025,2017,26.8,15.3,20.8,1118.1,1349.0,3858,0,0,59.0,2.6,6.5,-18,0.57
SITE025,2018,26.9,15.4,20.9,1361.1,1345.0,3873,0,0,59.0,2.4,6.2,0,0.65
SITE025,2019,26.9,15.3,20.9,2371.2,1314.0,3872,0,0,62.0,2.8,6.3,74,0.64
SITE025,2020,27.0,15.5,21.0,1908.6,1333.0,3898,0,0,60.0,2.2,5.9,40,0.78
SITE025,2021,27.1,15.6,21.1,880.7,1367.0,3915,0,0,57.0,2.5,6.3,-35,0.87
SITE025,2022,27.2,15.7,21.2,971.9,1368.0,3936,0,0,57.0,2.4,6.5,-29,0.98
SITE025,2023,27.3,15.7,21.3,1053.2,1366.0,3940,0,0,57.0,2.6,6.5,-23,1.0
SITE025,2024,27.3,15.8,21.3,1667.2,1349.0,3949,0,0,58.0,2.5,6.1,23,1.05
SITE026,1991,24.8,12.5,18.4,1260.4,1286.0,3180,0,0,65.0,2.3,6.1,34,-0.42
SITE026,1992,24.9,12.6,18.5,1113.9,1295.0,3194,0,0,64.0,2.6,6.3,19,-0.34
SITE026,1993,24.8,12.6,18.5,759.9,1307.0,3181,0,0,63.0,2.4,6.6,-19,-0.41
SITE026,1994,24.8,12.5,18.4,1040.7,1293.0,3171,0,0,64.0,2.6,6.5,11,-0.48
SITE026,1995,24.8,12.5,18.4,1225.6,1285.0,3169,0,0,65.0,3.0,6.0,31,-0.49
SITE026,1996,24.7,12.4,18.3,1173.6,1283.0,3150,0,0,65.0,2.4,6.4,25,-0.6
SITE026,1997,24.6,12.3,18.2,1078.1,1286.0,3148,0,0,65.0,2.6,6.5,15,-0.62
SITE026,1998,24.7,12.4,18.3,540.3,1311.0,3156,0,0,63.0,2.6,6.6,-42,-0.57
SITE026,1999,24.8,12.5,18.4,792.1,1304.0,3175,0,0,63.0,2.5,6.7,-16,-0.45
SITE026,2000,24.8,12.5,18.4,318.2,1325.0,3178,0,0,62.0,2.6,6.8,-66,-0.43
SITE026,2001,24.8,12.6,18.5,869.3,1302.0,3181,0,0,63.0,2.3,6.3,-7,-0.42
SITE026,2002,25.0,12.7,18.6,1275.4,1291.0,3206,0,0,64.0,2.9,6.0,36,-0.27
SITE026,2003,25.0,12.7,18.6,994.4,1301.0,3200,0,0,63.0,2.5,6.5,6,-0.3
SITE026,2004,25.1,12.8,18.7,1021.4,1306.0,3226,0,0,63.0,2.7,6.1,9,-0.14
SITE026,2005,25.2,12.9,18.8,1201.9,1300.0,3233,0,0,63.0,2.4,6.2,28,-0.09
SITE026,2006,25.2,12.9,18.8,965.3,1310.0,3235,0,0,62.0,2.4,6.2,3,-0.09
SITE026,2007,25.2,12.9,18.8,930.9,1312.0,3234,0,0,62.0,2.4,6.5,-1,-0.09
SITE026,2008,25.3,13.0,18.9,892.2,1317.0,3250,0,0,62.0,2.7,6.3,-5,0.01
SITE026,2009,25.3,13.0,18.9,753.1,1323.0,3251,0,0,61.0,2.4,6.4,-20,0.02
SITE026,2010,25.3,13.1,19.0,1038.0,1313.0,3263,0,0,62.0,2.6,6.3,11,0.09
SITE026,2011,25.5,13.2,19.1,785.9,1331.0,3293,0,0,60.0,2.7,6.4,-16,0.27
SITE026,2012,25.6,13.3,19.2,782.8,1334.0,3309,0,0,60.0,2.1,6.2,-17,0.37
SITE026,2013,25.6,13.3,19.2,513.1,1345.0,3304,0,0,59.0,2.2,6.9,-45,0.34
SITE026,2014,25.6,13.3,19.2,1054.2,1320.0,3296,0,0,61.0,2.8,6.2,12,0.29
SITE026,2015,25.5,13.2,19.1,949.7,1323.0,3289,0,0,61.0,2.5,6.5,1,0.25
SITE026,2016,25.5,13.3,19.2,842.8,1329.0,3294,0,0,61.0,3.0,6.7,-10,0.28
SITE026,2017,25.7,13.4,19.3,452.6,1349.0,3312,0,0,59.0,2.5,6.7,-52,0.39
SITE026,2018,25.7,13.4,19.3,1095.7,1322.0,3313,0,0,61.0,2.3,6.5,17,0.4
SITE026,2019,25.7,13.4,19.3,1605.5,1303.0,3326,0,0,62.0,2.4,5.9,71,0.47
SITE026,2020,25.8,13.5,19.4,847.3,1338.0,3336,0,0,60.0,2.9,6.6,-10,0.54
SITE026,2021,25.8,13.5,19.4,449.9,1356.0,3341,0,0,58.0,2.7,6.9,-52,0.57
SITE026,2022,25.9,13.6,19.5,460.2,1358.0,3353,0,0,58.0,2.3,6.5,-51,0.64
SITE026,2023,25.9,13.6,19.5,444.1,1359.0,3355,0,0,58.0,2.6,6.7,-53,0.65
SITE026,2024,25.9,13.6,19.5,1057.9,1332.0,3353,0,0,60.0,2.5,6.3,13,0.64
SITE027,1991,25.8,13.6,19.4,1621.5,1335.0,3556,0,0,64.0,2.6,6.6,-8,-0.54
SITE027,1992,25.8,13.6,19.5,2083.1,1325.0,3561,0,0,65.0,2.9,6.1,18,-0.51
SITE027,1993,25.9,13.7,19.5,1170.8,1348.0,3572,0,0,63.0,2.1,6.6,-34,-0.45
SITE027,1994,25.9,13.7,19.5,866.5,1355.0,3570,0,0,62.0,2.6,6.4,-51,-0.46
SITE027,1995,25.9,13.7,19.5,1865.7,1332.0,3572,0,0,64.0,2.4,6.4,6,-0.44
SITE027,1996,25.8,13.6,19.5,1659.6,1335.0,3563,0,0,64.0,2.4,6.5,-6,-0.5
SITE027,1997,25.9,13.7,19.6,2932.9,1310.0,3581,0,0,66.0,2.4,5.9,66,-0.4
SITE027,1998,25.9,13.7,19.6,1311.8,1347.0,3584,0,0,63.0,2.2,6.5,-26,-0.38
SITE027,1999,26.1,13.9,19.7,1824.9,1339.0,3604,0,0,63.0,2.8,6.4,4,-0.27
SITE027,2000,26.0,13.8,19.6,1306.7,1349.0,3592,0,0,63.0,2.4,6.3,-26,-0.34
SITE027,2001,26.0,13.8,19.7,812.5,1361.0,3595,0,0,62.0,2.8,6.5,-54,-0.32
SITE027,2002,26.0,13.8,19.6,2569.7,1319.0,3586,0,0,65.0,2.6,5.9,46,-0.37
SITE027,2003,26.0,13.8,19.6,2873.8,1312.0,3587,0,0,65.0,3.0,6.3,63,-0.37
SITE027,2004,26.1,13.9,19.7,2586.6,1323.0,3611,0,0,64.0,2.6,6.2,47,-0.24
SITE027,2005,26.3,14.1,20.0,1590.8,1354.0,3651,0,0,62.0,2.7,6.5,-10,-0.02
SITE027,2006,26.3,14.1,19.9,1159.9,1363.0,3648,0,0,61.0,2.3,6.6,-34,-0.03
SITE027,2007,26.3,14.1,20.0,2369.6,1337.0,3658,0,0,63.0,2.5,6.3,34,0.02
SITE027,2008,26.4,14.2,20.1,1240.4,1367.0,3676,0,0,61.0,2.7,6.3,-30,0.12
SITE027,2009,26.5,14.3,20.1,1792.0,1354.0,3677,0,0,62.0,2.8,6.3,2,0.13
SITE027,2010,26.5,14.3,20.2,2569.0,1339.0,3687,0,0,63.0,2.5,5.9,46,0.18
SITE027,2011,26.6,14.4,20.2,1897.5,1356.0,3699,0,0,61.0,2.6,6.5,8,0.25
SITE027,2012,26.5,14.3,20.1,1306.9,1366.0,3680,0,0,61.0,2.5,6.2,-26,0.15
SITE027,2013,26.5,14.3,20.1,1642.9,1358.0,3679,0,0,61.0,2.5,6.6,-7,0.14
SITE027,2014,26.6,14.4,20.2,1509.5,1365.0,3699,0,0,61.0,2.4,6.4,-14,0.25
SITE027,2015,26.6,14.4,20.2,1523.8,1365.0,3701,0,0,61.0,2.7,6.5,-14,0.26
SITE027,2016,26.6,14.4,20.2,2560.6,1342.0,3702,0,0,62.0,2.6,5.9,45,0.26
SITE027,2017,26.7,14.5,20.3,1320.1,1373.0,3717,0,0,60.0,2.6,6.5,-25,0.35
SITE027,2018,26.7,14.5,20.4,990.1,1383.0,3728,0,0,59.0,2.4,6.5,-44,0.41
SITE027,2019,26.8,14.6,20.5,3470.1,1328.0,3742,0,0,63.0,2.4,5.8,97,0.49
SITE027,2020,26.8,14.6,20.5,2657.2,1348.0,3745,0,0,62.0,2.7,6.2,51,0.5
SITE027,2021,26.8,14.6,20.5,934.7,1388.0,3746,0,0,59.0,2.7,6.6,-47,0.51
SITE027,2022,26.8,14.6,20.5,1223.5,1380.0,3741,0,0,59.0,2.4,6.5,-31,0.48
SITE027,2023,26.9,14.7,20.6,1270.2,1383.0,3760,0,0,59.0,2.7,6.6,-28,0.58
SITE027,2024,26.9,14.7,20.5,1026.4,1387.0,3751,0,0,59.0,2.5,6.5,-42,0.54
SITE028,1991,26.6,15.0,20.6,612.8,1353.0,3977,0,0,64.0,2.1,6.5,-23,-0.58
SITE028,1992,26.7,15.1,20.6,975.8,1335.0,3982,0,0,65.0,2.4,6.3,22,-0.56
SITE028,1993,26.7,15.1,20.7,788.8,1346.0,3988,0,0,64.0,2.9,6.3,-1,-0.53
SITE028,1994,26.8,15.2,20.8,676.9,1355.0,4010,0,0,63.0,2.6,6.6,-15,-0.42
SITE028,1995,26.8,15.2,20.8,496.4,1365.0,4010,0,0,63.0,2.5,6.6,-38,-0.42
SITE028,1996,26.9,15.3,20.8,963.5,1343.0,4023,0,0,64.0,2.7,6.3,21,-0.36
SITE028,1997,26.9,15.3,20.8,1005.2,1340.0,4020,0,0,64.0,2.4,6.1,26,-0.37
SITE028,1998,27.0,15.4,20.9,553.1,1367.0,4042,0,0,62.0,2.6,6.8,-31,-0.27
SITE028,1999,27.0,15.4,21.0,575.0,1368.0,4054,0,0,62.0,2.5,6.2,-28,-0.21
SITE028,2000,26.9,15.3,20.9,341.5,1377.0,4039,0,0,61.0,3.0,6.9,-57,-0.28
SITE028,2001,27.0,15.4,21.0,855.5,1353.0,4049,0,0,63.0,2.8,6.2,7,-0.23
SITE028,2002,27.0,15.4,21.0,695.4,1362.0,4056,0,0,62.0,2.5,6.3,-13,-0.2
SITE028,2003,27.0,15.4,21.0,627.9,1366.0,4056,0,0,62.0,2.4,6.6,-21,-0.2
SITE028,2004,27.1,15.5,21.1,725.2,1365.0,4078,0,0,62.0,2.4,6.4,-9,-0.09
SITE028,2005,27.1,15.5,21.1,619.5,1368.0,4069,0,0,62.0,2.7,6.5,-22,-0.14
SITE028,2006,27.1,15.5,21.1,772.8,1361.0,4071,0,0,62.0,2.5,6.2,-3,-0.12
SITE028,2007,27.2,15.6,21.1,920.3,1356.0,4084,0,0,63.0,2.4,6.3,15,-0.06
SITE028,2008,27.2,15.6,21.2,555.6,1375.0,4089,0,0,61.0,2.3,6.5,-30,-0.03
SITE028,2009,27.2,15.6,21.1,1050.5,1349.0,4084,0,0,63.0,2.3,6.3,31,-0.06
SITE028,2010,27.2,15.6,21.1,1147.0,1344.0,4087,0,0,63.0,2.5,6.3,44,-0.05
SITE028,2011,27.2,15.6,21.2,736.1,1367.0,4095,0,0,62.0,2.6,6.5,-8,-0.0
SITE028,2012,27.2,15.6,21.2,461.9,1382.0,4098,0,0,61.0,2.7,6.3,-42,0.01
SITE028,2013,27.3,15.7,21.3,791.0,1366.0,4108,0,0,62.0,2.4,6.3,-1,0.06
SITE028,2014,27.5,15.9,21.4,462.4,1390.0,4146,0,0,60.0,2.7,6.4,-42,0.24
SITE028,2015,27.5,15.9,21.5,421.5,1393.0,4153,0,0,59.0,2.6,6.5,-47,0.27
SITE028,2016,27.5,15.9,21.4,817.3,1371.0,4143,0,0,61.0,2.5,6.3,2,0.23
SITE028,2017,27.6,16.0,21.6,765.6,1379.0,4176,0,0,60.0,2.9,6.1,-4,0.39
SITE028,2018,27.7,16.1,21.6,656.4,1387.0,4188,0,0,60.0,2.6,6.6,-18,0.45
SITE028,2019,27.7,16.1,21.7,1259.3,1356.0,4191,0,0,62.0,2.5,6.0,58,0.46
SITE028,2020,27.7,16.1,21.7,918.7,1374.0,4191,0,0,61.0,2.8,6.3,15,0.46
SITE028,2021,27.8,16.2,21.7,716.8,1387.0,4205,0,0,60.0,2.4,6.6,-10,0.53
SITE028,2022,27.9,16.3,21.8,697.3,1392.0,4228,0,0,59.0,2.4,6.5,-13,0.64
SITE028,2023,27.9,16.3,21.9,670.1,1394.0,4233,0,0,59.0,2.3,6.4,-16,0.67
SITE028,2024,28.0,16.4,22.0,986.7,1381.0,4252,0,0,60.0,2.5,6.3,23,0.76
SITE029,1991,25.5,13.1,19.1,492.5,1343.0,3417,0,0,64.0,2.7,6.5,-10,-0.48
SITE029,1992,25.5,13.1,19.1,788.5,1321.0,3418,0,0,65.0,2.2,6.1,44,-0.47
SITE029,1993,25.6,13.2,19.2,589.3,1338.0,3429,0,0,64.0,2.4,6.2,8,-0.41
SITE029,1994,25.6,13.3,19.2,349.1,1358.0,3437,0,0,62.0,2.4,6.8,-36,-0.36
SITE029,1995,25.6,13.2,19.1,437.2,1348.0,3424,0,0,63.0,2.3,6.3,-20,-0.44
SITE029,1996,25.6,13.2,19.2,713.6,1330.0,3436,0,0,64.0,2.5,6.1,30,-0.37
SITE029,1997,25.6,13.2,19.2,1051.9,1306.0,3436,0,0,66.0,2.4,5.6,92,-0.37
SITE029,1998,25.7,13.3,19.3,663.6,1337.0,3450,0,0,64.0,2.4,6.3,21,-0.29
SITE029,1999,25.8,13.4,19.3,539.3,1348.0,3458,0,0,63.0,2.4,6.6,-1,-0.24
SITE029,2000,25.8,13.4,19.4,411.9,1359.0,3465,0,0,62.0,2.8,6.4,-25,-0.21
SITE029,2001,25.9,13.5,19.4,498.4,1355.0,3478,0,0,62.0,2.6,6.4,-9,-0.13
SITE029,2002,25.9,13.5,19.5,531.0,1353.0,3482,0,0,62.0,2.8,6.7,-3,-0.11
SITE029,2003,26.0,13.6,19.5,605.8,1351.0,3495,0,0,62.0,2.8,6.2,11,-0.03
SITE029,2004,26.0,13.6,19.6,614.4,1352.0,3506,0,0,62.0,2.2,6.4,12,0.03
SITE029,2005,26.1,13.7,19.6,1034.5,1322.0,3513,0,0,64.0,2.5,5.9,89,0.07
SITE029,2006,26.1,13.7,19.6,429.5,1368.0,3515,0,0,61.0,2.5,6.7,-21,0.08
SITE029,2007,26.1,13.7,19.6,668.9,1350.0,3513,0,0,62.0,2.3,5.9,22,0.07
SITE029,2008,26.1,13.7,19.6,379.5,1372.0,3515,0,0,61.0,2.5,6.3,-31,0.08
SITE029,2009,26.2,13.8,19.8,324.8,1380.0,3536,0,0,60.0,2.2,6.8,-41,0.2
SITE029,2010,26.2,13.8,19.7,386.0,1374.0,3530,0,0,60.0,2.5,6.6,-29,0.17
SITE029,2011,26.2,13.8,19.7,422.3,1371.0,3529,0,0,61.0,2.6,6.4,-23,0.16
SITE029,2012,26.3,13.9,19.9,659.5,1359.0,3555,0,0,61.0,2.7,6.0,21,0.31
SITE029,2013,26.2,13.9,19.8,728.5,1352.0,3544,0,0,62.0,3.0,6.4,33,0.25
SITE029,2014,26.3,13.9,19.8,390.9,1377.0,3546,0,0,60.0,2.6,6.5,-29,0.26
SITE029,2015,26.3,13.9,19.8,342.6,1382.0,3550,0,0,60.0,2.6,6.4,-37,0.28
SITE029,2016,26.3,14.0,19.9,775.7,1351.0,3560,0,0,62.0,2.4,5.9,42,0.34
SITE029,2017,26.3,13.9,19.9,210.1,1392.0,3554,0,0,59.0,2.5,6.5,-62,0.3
SITE029,2018,26.3,13.9,19.8,383.1,1378.0,3547,0,0,60.0,2.6,6.4,-30,0.26
SITE029,2019,26.2,13.8,19.8,724.8,1350.0,3536,0,0,62.0,2.6,6.4,32,0.2
SITE029,2020,26.0,13.7,19.6,543.2,1358.0,3509,0,0,62.0,2.7,6.5,-1,0.05
SITE029,2021,26.1,13.7,19.7,517.0,1362.0,3517,0,0,61.0,2.5,6.4,-5,0.09
SITE029,2022,26.2,13.8,19.8,366.9,1377.0,3537,0,0,60.0,2.5,6.4,-33,0.21
SITE029,2023,26.2,13.8,19.8,280.2,1384.0,3539,0,0,60.0,2.4,6.6,-49,0.22
SITE029,2024,26.3,13.9,19.8,694.9,1354.0,3546,0,0,62.0,2.5,6.5,27,0.26
SITE030,1991,25.8,13.6,19.5,1444.5,1329.0,3619,0,0,67.0,2.7,6.2,40,-0.85
SITE030,1992,25.9,13.7,19.5,1176.3,1342.0,3633,0,0,66.0,3.0,6.3,14,-0.78
SITE030,1993,26.1,13.8,19.7,975.5,1355.0,3658,0,0,64.0,2.5,6.2,-5,-0.64
SITE030,1994,26.0,13.8,19.6,775.6,1361.0,3651,0,0,64.0,2.4,6.7,-25,-0.68
SITE030,1995,26.1,13.9,19.7,638.4,1370.0,3670,0,0,63.0,2.6,6.7,-38,-0.58
SITE030,1996,26.1,13.8,19.7,1585.3,1332.0,3666,0,0,66.0,2.5,6.2,54,-0.6
SITE030,1997,26.2,13.9,19.8,1380.4,1344.0,3685,0,0,65.0,2.4,6.0,34,-0.5
SITE030,1998,26.3,14.1,19.9,817.6,1371.0,3708,0,0,63.0,2.5,6.5,-21,-0.38
SITE030,1999,26.4,14.2,20.0,763.7,1377.0,3728,0,0,62.0,2.4,6.4,-26,-0.28
SITE030,2000,26.4,14.2,20.0,553.7,1385.0,3727,0,0,62.0,2.5,6.6,-46,-0.28
SITE030,2001,26.3,14.1,20.0,935.8,1367.0,3714,0,0,63.0,2.8,6.2,-9,-0.35
SITE030,2002,26.4,14.1,20.0,1167.5,1359.0,3722,0,0,64.0,2.2,6.3,13,-0.3
SITE030,2003,26.5,14.3,20.1,1760.4,1340.0,3744,0,0,65.0,2.5,6.0,71,-0.19
SITE030,2004,26.5,14.3,20.2,1261.3,1361.0,3750,0,0,63.0,2.4,6.1,22,-0.16
SITE030,2005,26.6,14.4,20.3,1002.7,1375.0,3771,0,0,62.0,2.3,6.2,-3,-0.05
SITE030,2006,26.7,14.4,20.3,774.7,1385.0,3775,0,0,61.0,2.2,6.5,-25,-0.03
SITE030,2007,26.8,14.6,20.4,873.1,1386.0,3802,0,0,61.0,2.5,6.6,-15,0.12
SITE030,2008,26.9,14.6,20.5,819.3,1391.0,3814,0,0,61.0,2.6,6.4,-21,0.18
SITE030,2009,26.9,14.6,20.5,887.0,1389.0,3818,0,0,61.0,2.7,6.7,-14,0.2
SITE030,2010,27.0,14.7,20.6,1294.6,1375.0,3828,0,0,62.0,2.7,6.1,25,0.26
SITE030,2011,26.9,14.7,20.5,829.3,1391.0,3818,0,0,61.0,2.7,6.7,-20,0.21
SITE030,2012,27.0,14.7,20.6,1226.0,1379.0,3836,0,0,61.0,2.3,6.4,19,0.3
SITE030,2013,27.0,14.7,20.6,1302.2,1375.0,3830,0,0,62.0,2.6,6.2,26,0.27
SITE030,2014,27.1,14.9,20.8,870.2,1398.0,3862,0,0,60.0,2.6,6.3,-16,0.44
SITE030,2015,27.1,14.9,20.8,591.3,1410.0,3864,0,0,59.0,2.7,6.4,-43,0.44
SITE030,2016,27.1,14.9,20.8,1475.3,1373.0,3861,0,0,62.0,2.0,6.1,43,0.43
SITE030,2017,27.2,14.9,20.8,523.4,1414.0,3874,0,0,59.0,2.3,6.4,-49,0.5
SITE030,2018,27.1,14.9,20.8,754.7,1403.0,3863,0,0,59.0,2.7,6.8,-27,0.44
SITE030,2019,27.0,14.8,20.7,2312.5,1337.0,3847,0,0,64.0,2.1,5.8,124,0.36
SITE030,2020,27.0,14.7,20.6,1071.4,1384.0,3830,0,0,61.0,2.3,6.5,4,0.27
SITE030,2021,27.1,14.9,20.7,601.4,1408.0,3857,0,0,59.0,2.3,6.6,-42,0.41
SITE030,2022,27.2,15.0,20.8,622.9,1411.0,3878,0,0,59.0,2.6,6.7,-40,0.52
SITE030,2023,27.3,15.1,21.0,1024.4,1399.0,3901,0,0,59.0,2.9,6.3,-1,0.64
SITE030,2024,27.3,15.1,21.0,931.5,1404.0,3903,0,0,59.0,2.3,6.4,-10,0.65
SITE031,1991,27.8,14.2,20.7,775.6,1502.0,4012,0,21,65.0,2.1,6.1,28,-0.51
SITE031,1992,27.9,14.2,20.8,614.9,1515.0,4017,0,21,64.0,2.4,6.1,1,-0.48
SITE031,1993,27.9,14.2,20.8,892.7,1495.0,4023,0,21,65.0,2.5,6.1,47,-0.45
SITE031,1994,27.8,14.1,20.7,395.4,1528.0,4000,0,21,63.0,2.6,6.7,-35,-0.57
SITE031,1995,27.8,14.2,20.7,374.7,1532.0,4013,0,21,63.0,2.9,6.6,-38,-0.5
SITE031,1996,27.9,14.2,20.8,1033.5,1484.0,4018,0,21,66.0,2.3,5.9,70,-0.48
SITE031,1997,28.0,14.4,20.9,819.0,1506.0,4053,0,22,64.0,2.7,5.8,35,-0.31
SITE031,1998,28.1,14.4,21.0,627.2,1521.0,4056,0,22,63.0,2.6,6.1,3,-0.29
SITE031,1999,28.0,14.4,20.9,520.6,1529.0,4054,0,22,63.0,2.6,6.4,-14,-0.3
SITE031,2000,28.1,14.4,21.0,404.7,1540.0,4066,0,22,62.0,2.6,6.4,-33,-0.25
SITE031,2001,28.2,14.5,21.1,392.2,1543.0,4078,0,22,62.0,2.4,6.5,-35,-0.19
SITE031,2002,28.1,14.5,21.0,443.6,1539.0,4075,0,22,62.0,2.5,6.7,-27,-0.2
SITE031,2003,28.1,14.5,21.0,769.9,1514.0,4073,0,22,64.0,2.6,6.2,27,-0.21
SITE031,2004,28.2,14.5,21.1,862.8,1508.0,4081,0,22,64.0,2.9,6.1,42,-0.17
SITE031,2005,28.3,14.7,21.2,555.9,1537.0,4112,0,22,62.0,2.6,6.5,-9,-0.02
SITE031,2006,28.4,14.7,21.3,309.4,1559.0,4128,0,23,60.0,2.5,6.7,-49,0.06
SITE031,2007,28.4,14.7,21.3,544.9,1540.0,4121,0,22,62.0,2.2,6.5,-10,0.02
SITE031,2008,28.4,14.7,21.3,461.0,1546.0,4122,0,22,61.0,2.4,6.4,-24,0.02
SITE031,2009,28.4,14.7,21.3,515.8,1543.0,4123,0,22,61.0,2.5,6.4,-15,0.03
SITE031,2010,28.4,14.8,21.3,1019.5,1507.0,4135,0,23,64.0,2.5,6.0,68,0.09
SITE031,2011,28.5,14.8,21.4,488.1,1548.0,4140,0,23,61.0,2.5,6.7,-20,0.12
SITE031,2012,28.5,14.8,21.4,361.2,1559.0,4148,0,23,60.0,2.5,6.6,-41,0.15
SITE031,2013,28.7,15.0,21.6,613.1,1546.0,4181,0,23,61.0,2.6,6.1,1,0.32
SITE031,2014,28.7,15.0,21.6,609.8,1547.0,4181,0,23,61.0,2.2,6.4,0,0.31
SITE031,2015,28.7,15.1,21.6,544.7,1555.0,4200,0,23,60.0,2.4,6.6,-10,0.4
SITE031,2016,28.8,15.1,21.7,509.8,1559.0,4206,0,23,60.0,2.8,6.4,-16,0.43
SITE031,2017,28.8,15.1,21.7,380.2,1569.0,4208,0,23,59.0,2.6,6.6,-37,0.45
SITE031,2018,28.7,15.0,21.6,511.6,1555.0,4187,0,23,60.0,2.3,6.4,-16,0.34
SITE031,2019,28.7,15.1,21.6,997.6,1520.0,4198,0,23,62.0,2.9,6.0,64,0.39
SITE031,2020,28.7,15.1,21.6,666.2,1545.0,4195,0,23,61.0,2.6,6.3,10,0.38
SITE031,2021,28.7,15.0,21.6,311.4,1571.0,4190,0,23,59.0,2.3,6.6,-49,0.36
SITE031,2022,28.7,15.0,21.6,290.0,1572.0,4189,0,23,59.0,2.5,6.6,-52,0.35
SITE031,2023,28.7,15.0,21.6,746.2,1537.0,4187,0,23,61.0,2.3,6.5,23,0.34
SITE031,2024,28.7,15.1,21.6,227.2,1578.0,4191,0,23,59.0,2.3,6.7,-63,0.36
SITE032,1991,26.4,11.8,18.8,341.9,1502.0,3352,0,15,64.0,2.6,6.4,-20,-0.65
SITE032,1992,26.3,11.7,18.7,381.4,1493.0,3334,0,15,65.0,2.6,6.6,-11,-0.75
SITE032,1993,26.3,11.7,18.7,397.7,1492.0,3337,0,15,65.0,2.5,5.9,-8,-0.74
SITE032,1994,26.2,11.7,18.7,469.9,1482.0,3327,0,15,65.0,2.4,6.5,9,-0.79
SITE032,1995,26.3,11.8,18.8,387.7,1495.0,3346,0,15,64.0,2.5,6.5,-10,-0.68
SITE032,1996,26.5,11.9,18.9,484.8,1491.0,3371,0,15,65.0,2.6,6.3,13,-0.54
SITE032,1997,26.5,11.9,18.9,794.7,1458.0,3369,0,15,67.0,2.3,5.9,85,-0.55
SITE032,1998,26.5,12.0,19.0,531.0,1489.0,3381,0,15,65.0,2.5,6.2,23,-0.48
SITE032,1999,26.6,12.1,19.1,312.9,1515.0,3395,0,16,63.0,2.4,6.5,-27,-0.4
SITE032,2000,26.7,12.1,19.1,190.8,1530.0,3404,0,16,62.0,2.7,6.4,-56,-0.35
SITE032,2001,26.7,12.1,19.1,212.9,1528.0,3407,0,16,62.0,2.2,6.7,-50,-0.33
SITE032,2002,26.8,12.3,19.3,316.7,1523.0,3433,0,16,62.0,2.8,6.4,-26,-0.18
SITE032,2003,26.8,12.3,19.3,486.5,1506.0,3435,0,16,63.0,2.3,6.3,13,-0.17
SITE032,2004,26.9,12.4,19.3,593.1,1497.0,3445,0,16,64.0,2.7,6.3,38,-0.11
SITE032,2005,27.0,12.5,19.4,292.6,1533.0,3462,0,16,61.0,2.7,6.7,-32,-0.01
SITE032,2006,27.1,12.5,19.5,588.2,1504.0,3473,0,16,63.0,2.5,5.9,37,0.05
SITE032,2007,27.2,12.7,19.6,437.3,1525.0,3495,0,16,61.0,2.7,6.6,2,0.17
SITE032,2008,27.2,12.7,19.6,325.9,1537.0,3495,0,16,61.0,2.4,6.7,-24,0.18
SITE032,2009,27.3,12.7,19.7,290.8,1545.0,3511,0,17,60.0,2.3,6.9,-32,0.27
SITE032,2010,27.3,12.8,19.7,486.8,1524.0,3511,0,17,61.0,2.4,6.4,13,0.27
SITE032,2011,27.3,12.7,19.7,268.3,1547.0,3510,0,17,60.0,2.4,6.5,-38,0.26
SITE032,2012,27.3,12.7,19.7,429.4,1529.0,3506,0,17,61.0,2.6,6.3,0,0.24
SITE032,2013,27.4,12.9,19.8,435.3,1533.0,3529,0,17,61.0,2.7,6.4,1,0.37
SITE032,2014,27.4,12.9,19.9,321.3,1548.0,3537,0,17,60.0,2.5,6.5,-25,0.42
SITE032,2015,27.4,12.9,19.9,277.4,1552.0,3535,0,17,59.0,2.5,6.7,-35,0.41
SITE032,2016,27.5,12.9,19.9,389.3,1542.0,3544,0,17,60.0,2.3,6.4,-9,0.46
SITE032,2017,27.5,12.9,19.9,336.1,1548.0,3544,0,17,60.0,2.6,6.2,-22,0.46
SITE032,2018,27.4,12.9,19.9,321.2,1548.0,3539,0,17,60.0,2.5,6.4,-25,0.43
SITE032,2019,27.5,12.9,19.9,423.8,1538.0,3542,0,17,60.0,2.4,6.4,-1,0.45
SITE032,2020,27.4,12.9,19.8,405.6,1537.0,3531,0,17,60.0,2.6,6.4,-6,0.39
SITE032,2021,27.4,12.9,19.9,330.7,1547.0,3539,0,17,60.0,2.3,6.5,-23,0.43
SITE032,2022,27.4,12.9,19.9,426.3,1537.0,3538,0,17,60.0,2.3,6.3,-1,0.42
SITE032,2023,27.5,13.0,20.0,278.7,1556.0,3553,0,17,59.0,2.1,6.9,-35,0.51
SITE032,2024,27.6,13.0,20.0,504.7,1533.0,3558,0,17,60.0,2.5,6.1,17,0.54
SITE033,1991,27.6,13.3,20.2,761.4,1536.0,3855,0,25,65.0,2.6,6.1,-3,-0.74
SITE033,1992,27.7,13.4,20.3,851.0,1534.0,3874,0,25,65.0,2.6,6.4,8,-0.64
SITE033,1993,27.7,13.4,20.3,745.2,1539.0,3867,0,25,65.0,2.5,6.8,-5,-0.68
SITE033,1994,27.8,13.5,20.4,329.3,1568.0,3886,0,25,63.0,2.5,6.7,-58,-0.58
SITE033,1995,27.9,13.6,20.4,474.7,1563.0,3904,0,26,63.0,2.5,6.4,-40,-0.49
SITE033,1996,27.8,13.5,20.4,1330.8,1511.0,3897,0,25,66.0,2.8,6.2,69,-0.53
SITE033,1997,27.9,13.6,20.5,1030.7,1530.0,3907,0,26,65.0,2.9,6.6,31,-0.48
SITE033,1998,27.9,13.6,20.5,430.4,1568.0,3917,0,26,62.0,2.5,6.6,-45,-0.43
SITE033,1999,28.0,13.7,20.6,783.2,1549.0,3926,0,26,64.0,2.1,6.3,0,-0.38
SITE033,2000,28.0,13.7,20.6,438.0,1571.0,3932,0,26,62.0,2.6,6.5,-44,-0.35
SITE033,2001,28.0,13.7,20.6,868.8,1545.0,3934,0,26,64.0,2.8,6.3,10,-0.34
SITE033,2002,28.1,13.8,20.6,557.1,1566.0,3945,0,26,62.0,2.5,6.2,-29,-0.29
SITE033,2003,28.1,13.8,20.7,714.4,1557.0,3946,0,26,63.0,2.5,6.5,-9,-0.28
SITE033,2004,28.1,13.8,20.6,558.0,1566.0,3945,0,26,62.0,2.9,6.6,-29,-0.29
SITE033,2005,28.2,13.9,20.7,574.0,1569.0,3965,0,26,62.0,2.5,6.7,-27,-0.18
SITE033,2006,28.1,13.8,20.7,714.6,1559.0,3957,0,26,63.0,2.6,6.6,-9,-0.23
SITE033,2007,28.2,13.9,20.7,1042.4,1541.0,3964,0,26,64.0,2.4,6.2,32,-0.19
SITE033,2008,28.3,14.0,20.9,576.5,1574.0,3987,0,27,61.0,2.5,6.8,-27,-0.07
SITE033,2009,28.4,14.2,21.0,932.1,1559.0,4020,0,27,62.0,2.8,6.2,18,0.09
SITE033,2010,28.5,14.2,21.1,841.9,1566.0,4031,0,27,62.0,2.5,6.4,7,0.14
SITE033,2011,28.5,14.2,21.1,518.2,1587.0,4037,0,27,60.0,2.6,6.4,-34,0.17
SITE033,2012,28.5,14.3,21.1,972.2,1561.0,4040,0,27,62.0,2.5,6.3,24,0.19
SITE033,2013,28.7,14.4,21.3,1227.2,1552.0,4073,0,28,62.0,2.6,5.9,56,0.35
SITE033,2014,28.7,14.4,21.2,430.8,1598.0,4063,0,28,59.0,2.3,6.7,-45,0.3
SITE033,2015,28.7,14.4,21.3,573.2,1592.0,4076,0,28,60.0,2.4,6.5,-27,0.37
SITE033,2016,28.8,14.5,21.4,658.9,1589.0,4088,0,28,60.0,2.4,6.5,-16,0.43
SITE033,2017,28.8,14.5,21.4,816.9,1581.0,4096,0,28,60.0,2.5,6.2,4,0.47
SITE033,2018,29.0,14.7,21.6,770.1,1592.0,4137,0,29,59.0,2.4,6.3,-2,0.67
SITE033,2019,29.0,14.7,21.6,501.7,1609.0,4137,0,29,58.0,2.4,6.7,-36,0.67
SITE033,2020,29.0,14.7,21.6,681.0,1597.0,4132,0,29,59.0,2.2,6.6,-13,0.65
SITE033,2021,29.0,14.7,21.6,365.4,1615.0,4128,0,29,58.0,2.3,6.7,-54,0.63
SITE033,2022,29.0,14.7,21.6,377.2,1616.0,4135,0,29,58.0,2.6,6.4,-52,0.66
SITE033,2023,29.0,14.8,21.6,282.3,1622.0,4139,0,29,57.0,2.8,6.9,-64,0.68
SITE033,2024,29.1,14.8,21.6,1068.1,1575.0,4142,0,29,60.0,2.6,6.4,36,0.7
SITE034,1991,23.1,4.5,13.4,156.7,1523.0,2105,108,13,40.0,3.2,8.5,12,-0.53
SITE034,1992,23.2,4.6,13.5,147.7,1531.0,2115,107,13,40.0,3.3,8.6,5,-0.44
SITE034,1993,23.2,4.5,13.5,82.0,1552.0,2115,107,13,39.0,3.0,8.9,-41,-0.44
SITE034,1994,23.3,4.6,13.6,151.0,1534.0,2125,106,13,40.0,2.6,8.3,8,-0.35
SITE034,1995,23.4,4.8,13.7,147.3,1542.0,2140,105,13,39.0,3.3,8.7,5,-0.21
SITE034,1996,23.3,4.7,13.6,131.8,1543.0,2131,106,13,39.0,3.3,8.7,-6,-0.29
SITE034,1997,23.4,4.7,13.7,121.4,1549.0,2136,106,13,39.0,2.9,8.9,-13,-0.25
SITE034,1998,23.4,4.8,13.7,205.4,1524.0,2141,105,13,40.0,3.0,8.3,47,-0.19
SITE034,1999,23.4,4.8,13.7,81.3,1565.0,2142,105,13,38.0,2.9,8.7,-42,-0.19
SITE034,2000,23.5,4.9,13.8,93.0,1565.0,2150,104,13,37.0,3.2,8.9,-34,-0.11
SITE034,2001,23.5,4.9,13.8,58.0,1577.0,2151,104,13,37.0,3.5,8.7,-59,-0.11
SITE034,2002,23.4,4.8,13.7,107.9,1556.0,2142,105,13,38.0,3.1,8.6,-23,-0.19
SITE034,2003,23.5,4.9,13.8,200.4,1530.0,2152,104,13,40.0,3.0,8.2,43,-0.1
SITE034,2004,23.5,4.9,13.8,87.7,1568.0,2153,104,13,37.0,3.1,8.8,-37,-0.09
SITE034,2005,23.5,4.9,13.9,140.6,1551.0,2154,104,13,38.0,3.4,8.6,0,-0.08
SITE034,2006,23.6,4.9,13.9,125.9,1557.0,2156,104,13,38.0,3.6,8.5,-10,-0.06
SITE034,2007,23.6,4.9,13.9,218.8,1525.0,2155,104,13,40.0,3.5,8.2,56,-0.07
SITE034,2008,23.5,4.9,13.8,54.6,1577.0,2148,105,13,37.0,2.9,8.9,-61,-0.14
SITE034,2009,23.6,5.0,13.9,177.0,1541.0,2159,104,13,39.0,3.1,8.1,26,-0.03
SITE034,2010,23.6,5.0,13.9,94.8,1570.0,2161,104,13,37.0,3.0,8.6,-32,-0.01
SITE034,2011,23.6,5.0,14.0,81.2,1575.0,2164,103,13,37.0,3.1,8.8,-42,0.02
SITE034,2012,23.6,5.0,13.9,208.9,1533.0,2164,103,13,39.0,3.2,8.4,49,0.01
SITE034,2013,23.8,5.1,14.1,106.3,1574.0,2179,102,14,37.0,3.0,8.8,-24,0.15
SITE034,2014,23.8,5.2,14.1,77.4,1586.0,2186,102,14,36.0,3.6,9.0,-45,0.21
SITE034,2015,23.8,5.1,14.1,133.7,1564.0,2178,102,14,37.0,3.4,8.5,-4,0.14
SITE034,2016,23.8,5.1,14.1,114.0,1571.0,2180,102,14,37.0,3.0,8.5,-19,0.16
SITE034,2017,23.9,5.3,14.2,110.8,1578.0,2192,101,14,36.0,3.0,8.8,-21,0.27
SITE034,2018,23.9,5.2,14.2,75.3,1588.0,2187,102,14,36.0,3.4,8.9,-46,0.23
SITE034,2019,23.9,5.3,14.2,214.4,1543.0,2191,101,14,39.0,3.0,8.2,53,0.27
SITE034,2020,24.0,5.3,14.3,116.0,1580.0,2201,101,14,36.0,3.1,8.5,-17,0.35
SITE034,2021,24.1,5.4,14.4,89.7,1594.0,2211,100,14,35.0,3.4,8.7,-36,0.45
SITE034,2022,24.2,5.5,14.5,116.7,1589.0,2221,99,14,35.0,3.1,8.8,-17,0.54
SITE034,2023,24.2,5.5,14.5,148.3,1579.0,2221,99,14,36.0,3.2,8.4,6,0.54
SITE034,2024,24.2,5.5,14.5,138.6,1582.0,2222,99,14,36.0,2.8,8.6,-1,0.55
SITE035,1991,21.5,2.9,11.8,48.4,1479.0,1848,126,5,39.0,3.0,9.0,-39,-0.55
SITE035,1992,21.5,2.9,11.8,68.0,1469.0,1849,126,5,40.0,3.0,8.8,-14,-0.53
SITE035,1993,21.6,2.9,11.9,100.1,1453.0,1853,126,5,41.0,3.5,8.5,27,-0.49
SITE035,1994,21.7,3.0,12.0,79.9,1471.0,1865,125,5,39.0,3.2,8.8,1,-0.36
SITE035,1995,21.7,3.1,12.0,63.6,1483.0,1871,124,5,39.0,2.9,8.8,-20,-0.3
SITE035,1996,21.7,3.1,12.0,121.5,1450.0,1870,124,5,41.0,3.3,8.5,54,-0.31
SITE035,1997,21.7,3.1,12.0,177.8,1418.0,1870,124,5,43.0,3.0,8.2,125,-0.31
SITE035,1998,21.7,3.1,12.1,84.9,1471.0,1872,124,5,39.0,3.4,8.5,8,-0.29
SITE035,1999,21.7,3.0,12.0,55.3,1484.0,1865,125,5,39.0,3.3,8.8,-30,-0.36
SITE035,2000,21.5,2.9,11.9,64.2,1473.0,1853,126,5,39.0,3.3,8.6,-19,-0.49
SITE035,2001,21.6,2.9,11.9,77.8,1466.0,1853,126,5,40.0,3.1,8.6,-2,-0.49
SITE035,2002,21.6,2.9,11.9,186.8,1407.0,1857,125,5,44.0,2.7,7.6,136,-0.45
SITE035,2003,21.8,3.1,12.1,74.1,1479.0,1876,124,5,39.0,3.0,8.5,-6,-0.25
SITE035,2004,21.8,3.2,12.1,88.7,1473.0,1880,123,5,39.0,3.2,8.2,12,-0.21
SITE035,2005,21.9,3.2,12.2,69.4,1486.0,1884,123,5,38.0,3.3,8.8,-12,-0.16
SITE035,2006,21.9,3.2,12.2,38.3,1504.0,1884,123,5,37.0,3.1,8.9,-51,-0.16
SITE035,2007,21.9,3.3,12.2,80.3,1483.0,1889,122,5,39.0,3.1,8.7,2,-0.11
SITE035,2008,22.0,3.4,12.3,94.7,1480.0,1899,121,5,39.0,3.2,8.3,20,0.0
SITE035,2009,22.0,3.4,12.3,61.6,1497.0,1895,122,5,38.0,3.0,8.6,-22,-0.04
SITE035,2010,22.0,3.4,12.3,99.1,1477.0,1898,121,5,39.0,3.0,8.5,25,-0.01
SITE035,2011,22.1,3.5,12.4,45.4,1511.0,1905,121,5,36.0,3.3,8.9,-42,0.06
SITE035,2012,22.1,3.5,12.4,80.0,1492.0,1907,120,5,38.0,3.0,8.9,1,0.08
SITE035,2013,22.2,3.6,12.5,79.4,1497.0,1915,119,5,37.0,3.2,8.5,1,0.17
SITE035,2014,22.3,3.7,12.6,46.3,1522.0,1928,118,5,36.0,3.4,9.0,-41,0.3
SITE035,2015,22.4,3.7,12.7,48.2,1522.0,1930,118,5,36.0,3.6,8.5,-39,0.32
SITE035,2016,22.5,3.8,12.8,66.2,1517.0,1939,117,5,36.0,3.7,8.5,-16,0.41
SITE035,2017,22.4,3.8,12.7,44.4,1527.0,1934,118,5,35.0,3.7,8.7,-44,0.37
SITE035,2018,22.5,3.9,12.8,58.3,1524.0,1945,116,5,35.0,3.4,8.5,-26,0.48
SITE035,2019,22.6,3.9,12.9,43.8,1535.0,1949,116,5,35.0,3.4,8.7,-45,0.52
SITE035,2020,22.6,3.9,12.9,97.5,1505.0,1952,116,5,37.0,3.1,8.4,23,0.55
SITE035,2021,22.6,4.0,12.9,69.1,1524.0,1955,115,5,35.0,3.3,8.8,-13,0.59
SITE035,2022,22.6,4.0,12.9,44.1,1538.0,1954,115,5,34.0,3.6,8.7,-44,0.58
SITE035,2023,22.8,4.1,13.1,129.7,1496.0,1969,114,5,37.0,3.1,8.4,64,0.73
SITE035,2024,22.8,4.1,13.1,83.0,1522.0,1968,114,5,35.0,3.1,8.5,5,0.72
SITE036,1991,22.2,3.5,12.5,178.6,1490.0,1984,120,10,40.0,3.0,8.7,4,-0.57
SITE036,1992,22.1,3.5,12.5,238.1,1473.0,1981,120,10,42.0,2.9,8.1,39,-0.6
SITE036,1993,22.2,3.6,12.5,312.7,1457.0,1987,119,10,43.0,3.1,8.2,83,-0.54
SITE036,1994,22.3,3.7,12.7,80.8,1525.0,2002,118,10,38.0,3.2,9.0,-53,-0.4
SITE036,1995,22.2,3.6,12.6,123.0,1509.0,1992,119,10,39.0,3.5,8.7,-28,-0.5
SITE036,1996,22.2,3.6,12.5,215.4,1482.0,1987,119,10,41.0,3.8,8.5,26,-0.55
SITE036,1997,22.2,3.5,12.5,242.3,1473.0,1982,120,10,42.0,3.2,8.5,42,-0.6
SITE036,1998,22.2,3.6,12.5,156.0,1499.0,1990,119,10,40.0,3.2,8.7,-9,-0.51
SITE036,1999,22.2,3.6,12.5,101.9,1513.0,1988,119,10,39.0,3.0,8.8,-40,-0.53
SITE036,2000,22.2,3.6,12.5,146.6,1501.0,1988,119,10,40.0,3.0,8.6,-14,-0.54
SITE036,2001,22.3,3.7,12.6,104.5,1518.0,2000,118,10,39.0,3.3,8.3,-39,-0.42
SITE036,2002,22.5,3.8,12.8,166.3,1509.0,2015,117,10,39.0,3.5,8.5,-3,-0.27
SITE036,2003,22.6,3.9,12.9,211.7,1500.0,2023,116,10,39.0,3.6,8.0,24,-0.19
SITE036,2004,22.6,3.9,12.9,95.5,1533.0,2026,116,10,37.0,3.9,8.7,-44,-0.17
SITE036,2005,22.7,4.0,13.0,122.7,1529.0,2033,115,10,38.0,2.9,8.7,-28,-0.1
SITE036,2006,22.8,4.1,13.1,147.6,1527.0,2043,114,10,38.0,3.1,8.4,-14,0.01
SITE036,2007,22.8,4.2,13.1,118.1,1539.0,2052,113,10,37.0,3.7,9.1,-31,0.09
SITE036,2008,22.9,4.2,13.2,127.7,1538.0,2054,113,10,37.0,3.2,8.9,-25,0.11
SITE036,2009,22.8,4.2,13.2,89.4,1547.0,2053,113,10,36.0,3.2,8.7,-48,0.1
SITE036,2010,22.8,4.2,13.2,218.5,1513.0,2053,113,10,38.0,3.4,8.4,28,0.1
SITE036,2011,22.9,4.3,13.2,232.7,1513.0,2061,113,11,38.0,3.2,8.4,36,0.17
SITE036,2012,23.0,4.3,13.3,165.1,1533.0,2066,112,11,37.0,3.1,8.8,-3,0.23
SITE036,2013,23.1,4.4,13.4,122.6,1549.0,2075,111,11,36.0,3.3,9.0,-28,0.32
SITE036,2014,23.1,4.5,13.4,113.8,1555.0,2082,111,11,35.0,3.4,8.8,-33,0.38
SITE036,2015,23.1,4.5,13.5,139.9,1549.0,2084,111,11,36.0,3.5,8.7,-18,0.4
SITE036,2016,23.1,4.5,13.4,147.3,1544.0,2078,111,11,36.0,2.9,8.6,-14,0.35
SITE036,2017,23.2,4.6,13.5,74.3,1571.0,2093,110,11,34.0,3.0,8.7,-57,0.49
SITE036,2018,23.3,4.6,13.6,156.7,1549.0,2095,110,11,36.0,3.0,8.4,-8,0.51
SITE036,2019,23.2,4.5,13.5,233.4,1526.0,2088,110,11,37.0,3.8,8.2,36,0.44
SITE036,2020,23.2,4.6,13.6,126.0,1557.0,2094,110,11,35.0,3.5,8.7,-26,0.5
SITE036,2021,23.2,4.6,13.5,148.1,1550.0,2090,110,11,36.0,3.4,8.7,-13,0.46
SITE036,2022,23.3,4.6,13.6,81.5,1571.0,2097,109,11,34.0,3.4,8.7,-52,0.53
SITE036,2023,23.3,4.7,13.6,114.7,1565.0,2102,109,11,35.0,2.9,8.6,-33,0.58
SITE036,2024,23.5,4.8,13.8,179.3,1555.0,2119,107,11,35.0,3.4,8.4,5,0.74
SITE037,1991,27.0,8.4,17.3,122.9,1683.0,3015,46,47,40.0,3.0,8.5,10,-0.38
SITE037,1992,27.0,8.4,17.3,72.8,1705.0,3013,46,47,39.0,3.3,8.8,-35,-0.39
SITE037,1993,27.1,8.5,17.4,101.4,1696.0,3026,45,47,39.0,3.2,8.6,-9,-0.3
SITE037,1994,27.1,8.5,17.4,78.6,1707.0,3030,45,47,38.0,3.1,8.8,-30,-0.28
SITE037,1995,27.2,8.6,17.5,100.3,1701.0,3042,45,48,38.0,2.9,8.7,-10,-0.2
SITE037,1996,27.2,8.6,17.5,122.4,1692.0,3045,45,48,39.0,3.0,8.6,9,-0.18
SITE037,1997,27.2,8.6,17.5,111.2,1697.0,3042,45,48,39.0,3.0,8.7,-1,-0.2
SITE037,1998,27.2,8.6,17.5,95.2,1704.0,3045,45,48,38.0,3.2,8.6,-15,-0.18
SITE037,1999,27.2,8.6,17.5,53.7,1724.0,3046,45,48,37.0,3.2,8.8,-52,-0.18
SITE037,2000,27.1,8.5,17.4,89.2,1703.0,3030,45,47,38.0,3.6,8.7,-20,-0.28
SITE037,2001,27.0,8.4,17.3,96.7,1695.0,3015,46,47,39.0,3.2,8.9,-14,-0.37
SITE037,2002,27.1,8.5,17.4,68.8,1712.0,3030,45,47,38.0,3.0,8.9,-39,-0.28
SITE037,2003,27.3,8.6,17.6,156.6,1679.0,3052,45,48,40.0,3.5,8.4,40,-0.13
SITE037,2004,27.2,8.6,17.6,115.2,1697.0,3048,45,48,39.0,3.0,8.4,3,-0.16
SITE037,2005,27.2,8.6,17.5,100.0,1702.0,3042,45,48,38.0,3.6,8.7,-11,-0.2
SITE037,2006,27.3,8.7,17.6,129.9,1694.0,3062,44,48,39.0,3.0,8.5,16,-0.07
SITE037,2007,27.2,8.6,17.5,46.7,1727.0,3047,45,48,37.0,3.8,8.9,-58,-0.17
SITE037,2008,27.3,8.7,17.6,39.7,1734.0,3056,45,48,36.0,2.8,9.0,-65,-0.11
SITE037,2009,27.3,8.7,17.6,179.3,1671.0,3061,44,48,40.0,3.5,8.2,60,-0.08
SITE037,2010,27.4,8.7,17.7,187.9,1669.0,3066,44,48,40.0,3.0,8.3,68,-0.04
SITE037,2011,27.4,8.8,17.7,102.2,1710.0,3071,44,49,38.0,3.0,8.4,-9,-0.01
SITE037,2012,27.4,8.8,17.7,74.6,1724.0,3078,44,49,37.0,3.4,9.0,-33,0.04
SITE037,2013,27.4,8.8,17.8,85.8,1720.0,3079,44,49,37.0,3.3,8.6,-23,0.04
SITE037,2014,27.5,8.9,17.8,89.4,1722.0,3090,44,49,37.0,3.4,8.4,-20,0.11
SITE037,2015,27.5,8.8,17.8,107.9,1710.0,3082,44,49,38.0,2.8,8.4,-4,0.06
SITE037,2016,27.5,8.9,17.8,97.1,1719.0,3093,44,49,37.0,3.1,8.8,-13,0.13
SITE037,2017,27.7,9.1,18.0,79.8,1735.0,3119,43,50,36.0,3.5,8.6,-29,0.3
SITE037,2018,27.7,9.1,18.1,122.2,1717.0,3125,43,50,37.0,3.4,8.7,9,0.34
SITE037,2019,27.9,9.2,18.2,142.9,1714.0,3144,43,51,37.0,3.3,8.4,28,0.47
SITE037,2020,27.9,9.2,18.2,215.6,1679.0,3142,43,51,39.0,2.7,8.0,92,0.45
SITE037,2021,27.8,9.2,18.1,102.7,1731.0,3140,43,51,36.0,2.8,8.4,-8,0.44
SITE037,2022,27.9,9.3,18.2,107.4,1734.0,3156,42,51,36.0,3.1,8.6,-4,0.54
SITE037,2023,28.0,9.4,18.3,83.2,1747.0,3164,42,52,35.0,3.2,8.8,-26,0.59
SITE037,2024,28.1,9.4,18.4,210.0,1692.0,3175,42,52,38.0,3.0,8.1,88,0.67
SITE038,1991,26.9,8.2,17.2,78.6,1692.0,3005,54,49,39.0,2.8,8.5,-12,-0.33
SITE038,1992,26.9,8.2,17.2,144.3,1655.0,3006,54,49,41.0,2.8,8.4,62,-0.32
SITE038,1993,26.9,8.3,17.2,73.3,1698.0,3013,54,50,39.0,3.0,8.7,-18,-0.27
SITE038,1994,27.0,8.3,17.3,98.3,1686.0,3021,54,50,39.0,3.1,8.7,10,-0.22
SITE038,1995,27.1,8.5,17.4,75.0,1706.0,3040,54,50,38.0,3.3,8.7,-16,-0.09
SITE038,1996,27.2,8.5,17.5,64.3,1716.0,3054,53,51,37.0,3.4,8.5,-28,-0.0
SITE038,1997,27.2,8.6,17.5,161.3,1661.0,3056,53,51,40.0,3.0,8.0,81,0.01
SITE038,1998,27.3,8.6,17.6,70.1,1716.0,3065,53,51,37.0,3.2,8.5,-21,0.07
SITE038,1999,27.3,8.6,17.6,99.6,1701.0,3070,53,51,38.0,3.2,8.7,12,0.1
SITE038,2000,27.2,8.5,17.5,65.4,1715.0,3054,53,51,37.0,3.3,9.0,-26,-0.01
SITE038,2001,27.1,8.5,17.4,77.0,1704.0,3040,54,50,38.0,2.7,8.6,-13,-0.09
SITE038,2002,27.2,8.5,17.5,60.1,1718.0,3053,53,51,37.0,3.8,8.5,-32,-0.01
SITE038,2003,27.1,8.4,17.4,96.9,1692.0,3036,54,50,39.0,3.1,8.3,9,-0.12
SITE038,2004,27.1,8.4,17.4,58.0,1714.0,3036,54,50,37.0,3.3,8.5,-35,-0.12
SITE038,2005,27.1,8.4,17.4,58.1,1713.0,3035,54,50,37.0,3.1,8.6,-35,-0.13
SITE038,2006,27.1,8.5,17.4,56.6,1717.0,3043,53,51,37.0,3.2,8.5,-36,-0.07
SITE038,2007,27.1,8.4,17.4,64.4,1711.0,3039,54,50,38.0,2.9,8.5,-28,-0.1
SITE038,2008,27.1,8.5,17.4,30.3,1732.0,3044,53,51,36.0,3.2,8.8,-66,-0.07
SITE038,2009,27.1,8.5,17.4,108.2,1687.0,3040,54,50,39.0,2.9,8.6,22,-0.09
SITE038,2010,27.2,8.6,17.5,58.7,1720.0,3056,53,51,37.0,3.0,8.7,-34,0.01
SITE038,2011,27.2,8.5,17.5,102.5,1694.0,3054,53,51,38.0,3.2,8.8,15,-0.0
SITE038,2012,27.1,8.5,17.4,95.3,1695.0,3044,53,51,38.0,3.3,8.5,7,-0.07
SITE038,2013,27.1,8.5,17.4,98.8,1693.0,3044,53,51,39.0,2.9,8.4,11,-0.07
SITE038,2014,27.1,8.5,17.4,74.9,1708.0,3046,53,51,38.0,3.6,8.3,-16,-0.05
SITE038,2015,27.2,8.5,17.5,52.4,1723.0,3054,53,51,37.0,3.1,8.7,-41,-0.0
SITE038,2016,27.2,8.6,17.5,76.9,1710.0,3058,53,51,37.0,3.0,8.6,-14,0.03
SITE038,2017,27.2,8.6,17.5,54.5,1724.0,3061,53,51,37.0,3.4,8.8,-39,0.04
SITE038,2018,27.2,8.6,17.5,64.1,1719.0,3062,53,51,37.0,3.0,8.8,-28,0.05
SITE038,2019,27.3,8.6,17.6,100.1,1700.0,3070,53,51,38.0,3.3,8.3,12,0.1
SITE038,2020,27.4,8.7,17.7,105.5,1702.0,3083,52,52,38.0,3.1,8.5,18,0.19
SITE038,2021,27.5,8.8,17.8,69.9,1727.0,3098,52,52,36.0,3.0,8.6,-21,0.29
SITE038,2022,27.6,8.9,17.9,84.7,1723.0,3113,51,53,36.0,3.7,8.8,-5,0.38
SITE038,2023,27.6,9.0,18.0,84.8,1727.0,3124,51,53,36.0,3.1,8.4,-5,0.46
SITE038,2024,27.7,9.1,18.0,56.4,1747.0,3136,51,54,35.0,3.4,8.7,-37,0.53
SITE039,1991,25.3,6.7,15.6,137.2,1617.0,2659,73,37,41.0,3.2,8.7,-3,-0.81
SITE039,1992,25.4,6.7,15.7,374.8,1539.0,2669,73,37,46.0,3.5,7.6,164,-0.74
SITE039,1993,25.3,6.7,15.6,144.5,1614.0,2659,73,37,41.0,3.1,8.6,2,-0.81
SITE039,1994,25.4,6.8,15.7,127.6,1626.0,2675,72,37,40.0,3.1,8.5,-10,-0.69
SITE039,1995,25.5,6.8,15.8,77.4,1645.0,2680,72,37,39.0,3.2,8.8,-45,-0.66
SITE039,1996,25.5,6.8,15.8,100.6,1638.0,2683,72,37,40.0,3.4,8.8,-29,-0.64
SITE039,1997,25.6,6.9,15.9,171.9,1618.0,2696,71,38,41.0,3.3,8.3,21,-0.54
SITE039,1998,25.6,7.0,15.9,50.1,1662.0,2704,71,38,38.0,3.5,9.0,-65,-0.49
SITE039,1999,25.8,7.1,16.1,165.3,1629.0,2721,71,38,40.0,3.5,8.4,16,-0.36
SITE039,2000,25.9,7.3,16.2,122.3,1650.0,2739,70,39,39.0,3.1,8.5,-14,-0.23
SITE039,2001,25.9,7.2,16.2,73.7,1665.0,2735,70,39,38.0,3.5,9.0,-48,-0.26
SITE039,2002,25.9,7.3,16.2,130.6,1648.0,2742,70,39,39.0,3.1,8.6,-8,-0.21
SITE039,2003,26.1,7.4,16.4,71.0,1676.0,2763,69,40,37.0,3.5,8.9,-50,-0.06
SITE039,2004,26.0,7.4,16.3,200.3,1628.0,2755,69,39,40.0,3.3,8.2,41,-0.11
SITE039,2005,26.2,7.5,16.5,69.2,1681.0,2775,68,40,36.0,2.8,9.0,-51,0.03
SITE039,2006,26.2,7.5,16.5,75.6,1680.0,2778,68,40,36.0,3.0,8.8,-47,0.05
SITE039,2007,26.3,7.7,16.6,229.2,1633.0,2799,67,41,39.0,3.5,8.2,61,0.2
SITE039,2008,26.1,7.5,16.4,37.3,1691.0,2773,68,40,36.0,3.2,8.9,-74,0.01
SITE039,2009,26.2,7.6,16.5,131.5,1663.0,2787,68,40,37.0,3.4,8.4,-7,0.12
SITE039,2010,26.2,7.6,16.5,73.0,1682.0,2783,68,40,36.0,3.2,8.7,-49,0.09
SITE039,2011,26.3,7.6,16.6,105.2,1673.0,2789,68,40,37.0,3.2,8.6,-26,0.13
SITE039,2012,26.3,7.6,16.6,190.4,1645.0,2794,68,40,38.0,3.4,8.2,34,0.17
SITE039,2013,26.3,7.6,16.6,157.8,1656.0,2791,68,40,38.0,3.1,8.7,11,0.14
SITE039,2014,26.4,7.7,16.7,60.9,1695.0,2806,67,41,35.0,3.4,8.9,-57,0.25
SITE039,2015,26.4,7.8,16.8,118.1,1678.0,2816,67,41,36.0,3.1,8.4,-17,0.32
SITE039,2016,26.5,7.9,16.8,184.2,1659.0,2827,66,41,37.0,3.0,8.4,30,0.41
SITE039,2017,26.5,7.8,16.8,131.0,1675.0,2819,67,41,36.0,3.0,8.9,-8,0.35
SITE039,2018,26.5,7.9,16.8,179.5,1660.0,2826,66,41,37.0,3.3,8.3,26,0.4
SITE039,2019,26.7,8.0,17.0,262.1,1638.0,2847,65,42,38.0,3.3,8.1,85,0.55
SITE039,2020,26.7,8.1,17.0,80.9,1705.0,2855,65,42,34.0,3.4,8.8,-43,0.61
SITE039,2021,26.8,8.2,17.1,147.7,1686.0,2869,65,43,35.0,3.2,8.6,4,0.7
SITE039,2022,26.9,8.2,17.2,63.0,1719.0,2876,64,43,33.0,2.9,8.6,-56,0.76
SITE039,2023,26.8,8.1,17.1,95.6,1702.0,2860,65,42,34.0,3.2,8.7,-33,0.64
SITE039,2024,26.8,8.2,17.1,55.6,1718.0,2865,65,43,33.0,4.0,9.0,-61,0.68
SITE040,1991,27.4,8.7,17.7,44.6,1739.0,3174,43,59,41.0,3.2,8.4,-1,-0.68
SITE040,1992,27.4,8.7,17.7,85.6,1692.0,3178,43,59,43.0,3.7,7.7,90,-0.66
SITE040,1993,27.5,8.9,17.8,27.1,1766.0,3198,43,60,39.0,2.8,8.9,-40,-0.54
SITE040,1994,27.5,8.9,17.8,43.4,1746.0,3196,43,60,40.0,3.2,8.6,-4,-0.55
SITE040,1995,27.5,8.9,17.8,67.4,1720.0,3202,43,60,42.0,3.6,8.0,50,-0.51
SITE040,1996,27.5,8.9,17.8,34.7,1756.0,3196,43,60,40.0,3.2,8.8,-23,-0.55
SITE040,1997,27.6,8.9,17.9,66.7,1723.0,3209,43,61,41.0,3.0,8.2,48,-0.47
SITE040,1998,27.6,9.0,17.9,64.6,1728.0,3217,42,61,41.0,3.1,8.1,43,-0.42
SITE040,1999,27.6,9.0,17.9,32.8,1765.0,3216,43,61,39.0,3.5,8.6,-27,-0.43
SITE040,2000,27.6,8.9,17.9,22.4,1775.0,3209,43,61,38.0,3.2,8.8,-50,-0.47
SITE040,2001,27.7,9.1,18.0,32.8,1770.0,3234,42,62,38.0,3.3,8.6,-27,-0.32
SITE040,2002,27.7,9.0,18.0,49.4,1748.0,3224,42,61,40.0,3.1,8.4,10,-0.38
SITE040,2003,27.7,9.1,18.0,51.4,1747.0,3229,42,61,40.0,2.9,8.5,14,-0.35
SITE040,2004,27.7,9.1,18.0,53.0,1745.0,3230,42,61,40.0,3.7,8.4,18,-0.35
SITE040,2005,27.7,9.1,18.1,65.8,1733.0,3238,42,62,41.0,3.2,8.3,46,-0.3
SITE040,2006,27.9,9.2,18.2,56.9,1750.0,3260,42,63,39.0,3.2,8.4,26,-0.16
SITE040,2007,27.8,9.2,18.1,77.7,1723.0,3252,42,62,41.0,3.2,8.0,73,-0.21
SITE040,2008,27.8,9.2,18.1,29.4,1779.0,3250,42,62,38.0,3.1,8.5,-35,-0.22
SITE040,2009,27.9,9.2,18.2,37.5,1771.0,3256,42,62,38.0,2.9,8.9,-17,-0.19
SITE040,2010,28.0,9.4,18.3,27.9,1790.0,3282,41,63,37.0,3.4,8.8,-38,-0.03
SITE040,2011,28.2,9.5,18.5,46.4,1775.0,3304,41,64,38.0,3.6,8.2,3,0.11
SITE040,2012,28.2,9.6,18.6,46.3,1780.0,3320,40,65,37.0,3.1,8.8,3,0.21
SITE040,2013,28.3,9.6,18.6,58.4,1767.0,3326,40,65,38.0,3.3,8.5,30,0.24
SITE040,2014,28.3,9.7,18.6,22.7,1812.0,3335,40,65,35.0,3.1,8.6,-50,0.29
SITE040,2015,28.3,9.6,18.6,23.9,1808.0,3325,40,65,36.0,3.7,8.7,-47,0.23
SITE040,2016,28.4,9.7,18.7,45.8,1787.0,3340,40,66,37.0,3.4,8.5,2,0.33
SITE040,2017,28.5,9.9,18.8,29.5,1813.0,3364,40,67,35.0,2.9,9.1,-34,0.47
SITE040,2018,28.5,9.9,18.8,31.2,1812.0,3366,40,67,35.0,2.4,8.6,-31,0.48
SITE040,2019,28.7,10.0,19.0,76.4,1764.0,3389,39,68,38.0,3.0,8.3,70,0.62
SITE040,2020,28.7,10.1,19.1,31.3,1823.0,3402,39,68,34.0,3.3,8.6,-30,0.71
SITE040,2021,28.9,10.3,19.2,35.1,1827.0,3431,38,69,34.0,3.2,8.7,-22,0.88
SITE040,2022,29.0,10.3,19.3,23.5,1844.0,3442,38,70,33.0,3.2,8.8,-48,0.95
SITE040,2023,29.1,10.5,19.4,53.7,1815.0,3466,37,71,34.0,2.9,8.7,19,1.1
SITE040,2024,29.2,10.6,19.5,30.6,1847.0,3480,37,71,32.0,3.6,8.7,-32,1.18
SITE041,1991,26.4,7.8,16.7,28.0,1717.0,2948,66,50,39.0,2.9,8.7,-30,-0.42
SITE041,1992,26.5,7.9,16.8,48.6,1693.0,2956,66,50,40.0,3.5,8.3,22,-0.37
SITE041,1993,26.5,7.8,16.8,36.0,1708.0,2955,66,50,39.0,3.1,8.5,-10,-0.38
SITE041,1994,26.5,7.9,16.8,21.6,1729.0,2960,65,51,38.0,2.9,8.5,-46,-0.34
SITE041,1995,26.4,7.8,16.7,24.9,1719.0,2944,66,50,39.0,3.4,8.7,-38,-0.45
SITE041,1996,26.3,7.7,16.6,51.6,1681.0,2933,66,50,41.0,3.3,8.1,29,-0.53
SITE041,1997,26.3,7.7,16.7,24.4,1716.0,2934,66,50,39.0,3.4,8.8,-39,-0.52
SITE041,1998,26.4,7.7,16.7,13.6,1732.0,2941,66,50,38.0,3.5,9.0,-66,-0.47
SITE041,1999,26.4,7.8,16.7,26.6,1718.0,2948,66,50,39.0,3.4,8.8,-34,-0.42
SITE041,2000,26.5,7.8,16.8,18.7,1729.0,2950,66,50,38.0,3.5,8.6,-53,-0.41
SITE041,2001,26.7,8.0,17.0,29.6,1727.0,2985,65,51,38.0,3.5,8.8,-26,-0.18
SITE041,2002,26.7,8.0,17.0,44.2,1707.0,2984,65,51,39.0,2.8,8.3,11,-0.19
SITE041,2003,26.6,8.0,16.9,21.0,1734.0,2975,65,51,38.0,3.4,8.8,-47,-0.24
SITE041,2004,26.7,8.0,17.0,22.7,1734.0,2982,65,51,38.0,3.2,8.9,-43,-0.2
SITE041,2005,26.7,8.1,17.0,71.3,1674.0,2988,65,52,41.0,3.0,7.9,78,-0.16
SITE041,2006,26.8,8.1,17.1,52.7,1701.0,2998,64,52,39.0,2.9,8.4,32,-0.09
SITE041,2007,26.8,8.1,17.1,24.7,1736.0,2996,64,52,37.0,3.4,8.9,-38,-0.11
SITE041,2008,26.9,8.2,17.2,28.2,1738.0,3014,64,52,37.0,3.1,8.5,-30,0.01
SITE041,2009,26.9,8.3,17.2,36.0,1731.0,3023,63,53,37.0,3.4,8.7,-10,0.07
SITE041,2010,27.0,8.4,17.3,41.1,1727.0,3032,63,53,38.0,3.0,8.4,3,0.13
SITE041,2011,27.0,8.4,17.4,18.1,1760.0,3040,63,53,36.0,3.2,9.0,-55,0.19
SITE041,2012,27.2,8.5,17.5,45.7,1729.0,3057,62,54,37.0,3.3,8.3,14,0.3
SITE041,2013,27.2,8.5,17.5,29.0,1752.0,3060,62,54,36.0,3.2,8.8,-28,0.32
SITE041,2014,27.2,8.5,17.5,59.3,1713.0,3060,62,54,38.0,3.3,8.0,48,0.32
SITE041,2015,27.1,8.4,17.4,38.9,1734.0,3045,63,54,37.0,2.9,8.5,-3,0.22
SITE041,2016,27.1,8.5,17.4,40.3,1733.0,3047,63,54,37.0,3.4,8.7,1,0.23
SITE041,2017,27.1,8.4,17.4,44.2,1728.0,3046,63,54,37.0,3.4,8.6,10,0.23
SITE041,2018,27.1,8.5,17.4,39.9,1736.0,3054,62,54,37.0,3.2,8.4,0,0.28
SITE041,2019,27.3,8.6,17.6,41.4,1740.0,3072,62,54,37.0,3.2,8.5,3,0.4
SITE041,2020,27.3,8.6,17.6,27.3,1759.0,3074,62,55,35.0,3.0,8.8,-32,0.41
SITE041,2021,27.4,8.7,17.7,19.8,1773.0,3087,61,55,35.0,3.3,8.9,-51,0.49
SITE041,2022,27.4,8.7,17.7,32.8,1757.0,3090,61,55,35.0,3.0,8.9,-18,0.51
SITE041,2023,27.5,8.9,17.8,14.9,1789.0,3114,60,56,33.0,3.1,9.2,-63,0.68
SITE041,2024,27.6,9.0,17.9,15.7,1790.0,3123,60,56,33.0,2.9,9.0,-61,0.74
SITE042,1991,27.0,8.4,17.3,63.3,1734.0,3126,55,60,40.0,3.0,8.8,-16,-0.63
SITE042,1992,27.0,8.4,17.3,151.8,1672.0,3124,55,60,44.0,2.7,8.0,102,-0.65
SITE042,1993,27.0,8.4,17.3,91.2,1712.0,3119,55,60,41.0,4.2,8.3,22,-0.68
SITE042,1994,27.0,8.3,17.3,77.1,1721.0,3114,56,59,41.0,3.5,8.6,3,-0.71
SITE042,1995,27.1,8.4,17.4,55.1,1741.0,3131,55,60,40.0,3.3,8.7,-26,-0.61
SITE042,1996,27.3,8.6,17.6,110.5,1712.0,3161,54,61,41.0,3.4,8.0,47,-0.42
SITE042,1997,27.3,8.6,17.6,71.3,1741.0,3166,54,61,39.0,3.4,8.5,-5,-0.39
SITE042,1998,27.4,8.7,17.7,75.0,1743.0,3182,54,62,39.0,2.9,8.7,0,-0.29
SITE042,1999,27.4,8.7,17.7,27.8,1776.0,3183,54,62,37.0,3.1,8.9,-63,-0.29
SITE042,2000,27.5,8.8,17.8,48.3,1767.0,3199,53,63,38.0,3.1,8.7,-36,-0.19
SITE042,2001,27.5,8.8,17.8,46.5,1767.0,3197,53,63,38.0,3.9,8.6,-38,-0.19
SITE042,2002,27.5,8.9,17.8,151.7,1697.0,3207,53,63,42.0,3.5,8.0,102,-0.13
SITE042,2003,27.5,8.8,17.8,128.5,1710.0,3198,53,63,41.0,3.4,8.4,71,-0.19
SITE042,2004,27.5,8.9,17.8,116.2,1719.0,3199,53,63,40.0,3.1,8.2,55,-0.18
SITE042,2005,27.5,8.9,17.8,128.6,1713.0,3207,53,63,41.0,3.2,8.1,72,-0.13
SITE042,2006,27.6,9.0,17.9,43.8,1777.0,3223,53,64,37.0,3.0,8.8,-42,-0.04
SITE042,2007,27.6,9.0,17.9,103.9,1735.0,3223,53,64,39.0,3.2,8.6,39,-0.03
SITE042,2008,27.5,8.9,17.8,93.8,1736.0,3202,53,63,39.0,3.0,8.2,25,-0.17
SITE042,2009,27.6,8.9,17.9,40.4,1776.0,3213,53,63,37.0,3.3,9.0,-46,-0.1
SITE042,2010,27.7,9.0,18.0,38.7,1783.0,3231,52,64,36.0,2.6,8.9,-48,0.01
SITE042,2011,27.8,9.2,18.1,42.8,1786.0,3249,52,65,36.0,2.8,8.9,-43,0.12
SITE042,2012,27.8,9.2,18.1,71.4,1766.0,3250,52,65,37.0,3.1,8.7,-5,0.13
SITE042,2013,27.9,9.3,18.2,61.1,1779.0,3269,52,66,36.0,3.4,8.7,-19,0.25
SITE042,2014,27.9,9.3,18.2,72.3,1772.0,3272,51,66,37.0,3.1,8.6,-4,0.27
SITE042,2015,28.0,9.3,18.3,53.9,1787.0,3276,51,66,36.0,3.3,8.9,-28,0.3
SITE042,2016,28.0,9.4,18.3,75.3,1774.0,3286,51,66,37.0,3.5,8.6,0,0.36
SITE042,2017,28.0,9.4,18.4,59.9,1786.0,3289,51,66,36.0,3.7,8.7,-20,0.38
SITE042,2018,28.1,9.4,18.4,39.7,1802.0,3293,51,66,35.0,3.2,8.9,-47,0.4
SITE042,2019,28.1,9.5,18.4,129.5,1741.0,3302,51,67,38.0,3.5,8.1,73,0.45
SITE042,2020,28.3,9.7,18.6,125.3,1753.0,3334,50,68,37.0,3.4,8.3,67,0.65
SITE042,2021,28.3,9.7,18.6,46.6,1810.0,3336,50,68,34.0,3.1,8.7,-38,0.67
SITE042,2022,28.3,9.7,18.6,38.4,1815.0,3333,50,68,34.0,3.1,8.7,-49,0.65
SITE042,2023,28.4,9.7,18.7,45.2,1812.0,3338,50,68,34.0,3.0,8.9,-40,0.68
SITE042,2024,28.4,9.7,18.7,77.3,1790.0,3344,50,68,35.0,3.1,8.4,3,0.71
SITE043,1991,24.1,5.5,14.4,146.4,1599.0,2277,90,19,40.0,3.3,8.5,2,-0.51
SITE043,1992,24.1,5.5,14.5,275.7,1558.0,2281,89,19,43.0,3.3,8.1,91,-0.47
SITE043,1993,24.1,5.4,14.4,148.3,1596.0,2271,90,19,40.0,3.1,8.5,3,-0.56
SITE043,1994,24.1,5.5,14.4,126.4,1606.0,2279,90,19,40.0,3.2,8.6,-12,-0.49
SITE043,1995,24.1,5.5,14.4,158.8,1595.0,2278,90,19,40.0,3.0,8.8,10,-0.51
SITE043,1996,24.2,5.5,14.5,207.1,1582.0,2284,89,19,41.0,3.1,8.1,44,-0.45
SITE043,1997,24.2,5.6,14.5,182.3,1592.0,2290,89,19,40.0,3.0,8.4,27,-0.4
SITE043,1998,24.2,5.5,14.5,152.0,1601.0,2286,89,19,40.0,3.4,8.8,6,-0.44
SITE043,1999,24.3,5.7,14.6,90.5,1627.0,2299,88,19,38.0,2.7,8.7,-37,-0.32
SITE043,2000,24.3,5.6,14.6,51.3,1640.0,2298,88,19,37.0,3.0,8.8,-64,-0.33
SITE043,2001,24.4,5.8,14.7,76.2,1638.0,2315,87,19,37.0,2.8,8.7,-47,-0.19
SITE043,2002,24.5,5.9,14.8,189.7,1606.0,2328,87,20,39.0,3.4,8.4,32,-0.08
SITE043,2003,24.5,5.9,14.8,198.1,1603.0,2327,87,20,39.0,3.3,8.0,38,-0.08
SITE043,2004,24.5,5.9,14.9,143.1,1622.0,2328,87,20,38.0,3.3,8.6,-1,-0.08
SITE043,2005,24.4,5.8,14.7,212.7,1593.0,2315,87,19,40.0,2.8,8.5,48,-0.19
SITE043,2006,24.5,5.9,14.8,101.4,1635.0,2325,87,20,38.0,3.2,8.6,-30,-0.1
SITE043,2007,24.6,5.9,14.9,110.9,1634.0,2331,87,20,38.0,3.6,8.4,-23,-0.05
SITE043,2008,24.6,5.9,14.9,92.6,1640.0,2331,87,20,37.0,3.0,9.1,-36,-0.05
SITE043,2009,24.6,5.9,14.9,113.2,1633.0,2332,86,20,38.0,2.9,8.7,-21,-0.04
SITE043,2010,24.6,6.0,14.9,113.2,1634.0,2334,86,20,37.0,3.1,8.7,-21,-0.02
SITE043,2011,24.6,6.0,14.9,151.7,1621.0,2333,86,20,38.0,3.3,8.7,5,-0.03
SITE043,2012,24.7,6.1,15.0,112.6,1641.0,2348,85,20,37.0,3.0,8.8,-22,0.1
SITE043,2013,24.8,6.1,15.1,105.4,1646.0,2356,85,20,37.0,3.0,8.6,-27,0.16
SITE043,2014,24.7,6.1,15.1,91.0,1649.0,2351,85,20,36.0,3.4,9.0,-37,0.12
SITE043,2015,24.9,6.2,15.2,72.0,1663.0,2368,84,20,35.0,3.1,8.7,-50,0.26
SITE043,2016,25.0,6.3,15.3,130.7,1647.0,2378,84,20,36.0,3.3,8.8,-9,0.35
SITE043,2017,24.9,6.3,15.2,72.8,1665.0,2374,84,20,35.0,3.3,8.6,-49,0.32
SITE043,2018,25.0,6.4,15.3,131.0,1649.0,2384,83,21,36.0,2.7,8.6,-9,0.4
SITE043,2019,25.1,6.5,15.4,310.0,1593.0,2396,83,21,39.0,2.9,8.1,115,0.5
SITE043,2020,25.1,6.5,15.4,167.9,1642.0,2396,83,21,36.0,3.3,8.6,17,0.51
SITE043,2021,25.1,6.5,15.5,68.1,1677.0,2398,83,21,34.0,3.3,8.9,-53,0.52
SITE043,2022,25.2,6.6,15.5,109.1,1667.0,2407,82,21,35.0,3.4,8.7,-24,0.6
SITE043,2023,25.4,6.7,15.7,145.9,1662.0,2425,81,21,35.0,3.3,8.4,1,0.75
SITE043,2024,25.4,6.8,15.7,103.0,1680.0,2432,81,21,34.0,3.3,8.8,-28,0.81
SITE044,1991,22.7,4.0,13.0,93.7,1545.0,2048,113,11,39.0,3.5,8.7,-21,-0.52
SITE044,1992,22.6,4.0,12.9,206.8,1498.0,2044,114,11,43.0,2.8,8.0,75,-0.56
SITE044,1993,22.7,4.0,13.0,170.6,1515.0,2048,113,11,41.0,3.3,8.2,45,-0.52
SITE044,1994,22.6,4.0,12.9,64.6,1552.0,2040,114,11,39.0,3.1,8.9,-45,-0.59
SITE044,1995,22.6,3.9,12.9,106.2,1536.0,2039,114,11,40.0,3.2,8.7,-10,-0.6
SITE044,1996,22.7,4.1,13.0,187.8,1510.0,2052,113,11,42.0,3.4,8.1,59,-0.48
SITE044,1997,22.8,4.1,13.1,115.9,1542.0,2060,112,11,40.0,3.1,8.7,-2,-0.4
SITE044,1998,22.8,4.2,13.1,77.2,1558.0,2062,112,11,38.0,3.1,8.7,-35,-0.38
SITE044,1999,22.8,4.2,13.1,121.2,1542.0,2065,112,11,39.0,2.7,8.8,3,-0.35
SITE044,2000,22.9,4.2,13.2,46.5,1572.0,2067,112,11,38.0,3.0,8.8,-61,-0.34
SITE044,2001,22.9,4.3,13.3,97.9,1557.0,2077,111,12,38.0,3.4,8.6,-17,-0.24
SITE044,2002,23.0,4.3,13.3,144.0,1541.0,2081,111,12,39.0,3.0,8.3,22,-0.2
SITE044,2003,23.0,4.4,13.3,202.4,1519.0,2084,110,12,41.0,3.2,8.0,71,-0.18
SITE044,2004,23.0,4.3,13.3,221.9,1509.0,2079,111,12,42.0,3.0,8.0,88,-0.22
SITE044,2005,23.0,4.4,13.3,90.6,1563.0,2084,110,12,38.0,3.4,8.6,-23,-0.18
SITE044,2006,23.1,4.4,13.4,45.6,1584.0,2091,110,12,37.0,3.0,8.8,-61,-0.11
SITE044,2007,23.2,4.6,13.5,177.4,1540.0,2107,108,12,39.0,3.3,8.4,50,0.04
SITE044,2008,23.3,4.6,13.6,122.2,1564.0,2112,108,12,38.0,3.2,8.6,4,0.09
SITE044,2009,23.2,4.6,13.5,97.7,1570.0,2105,109,12,37.0,3.2,8.9,-17,0.02
SITE044,2010,23.3,4.6,13.6,110.8,1569.0,2113,108,12,37.0,2.8,8.7,-6,0.1
SITE044,2011,23.4,4.8,13.7,106.0,1576.0,2125,107,12,37.0,3.3,8.6,-10,0.21
SITE044,2012,23.3,4.6,13.6,182.2,1541.0,2113,108,12,39.0,3.1,8.1,54,0.1
SITE044,2013,23.3,4.6,13.6,142.4,1556.0,2112,108,12,38.0,2.8,8.3,21,0.09
SITE044,2014,23.3,4.7,13.7,58.3,1593.0,2119,107,12,36.0,3.4,8.7,-51,0.16
SITE044,2015,23.3,4.7,13.6,82.9,1581.0,2116,108,12,37.0,3.3,8.8,-30,0.13
SITE044,2016,23.3,4.7,13.6,58.7,1592.0,2119,108,12,36.0,2.8,9.1,-50,0.15
SITE044,2017,23.4,4.7,13.7,115.2,1572.0,2124,107,12,37.0,3.5,8.6,-2,0.2
SITE044,2018,23.7,5.1,14.0,103.5,1593.0,2157,104,13,36.0,2.9,8.6,-12,0.52
SITE044,2019,23.7,5.1,14.0,151.1,1574.0,2159,104,13,37.0,2.9,8.4,28,0.53
SITE044,2020,23.8,5.2,14.1,108.1,1596.0,2168,103,13,35.0,3.3,8.7,-8,0.62
SITE044,2021,23.9,5.3,14.2,172.6,1575.0,2179,103,13,36.0,3.1,8.2,46,0.73
SITE044,2022,23.9,5.2,14.2,126.3,1593.0,2176,103,13,35.0,2.9,8.7,7,0.7
SITE044,2023,23.9,5.3,14.2,155.4,1583.0,2181,102,13,36.0,2.8,8.4,32,0.75
SITE044,2024,24.0,5.3,14.3,125.6,1596.0,2183,102,13,35.0,3.5,8.4,6,0.76
SITE045,1991,22.8,4.2,13.2,246.8,1538.0,2067,112,11,40.0,2.9,8.5,20,-0.34
SITE045,1992,22.8,4.2,13.1,137.4,1560.0,2062,112,11,39.0,3.5,8.8,-33,-0.39
SITE045,1993,22.8,4.2,13.1,182.6,1552.0,2066,112,11,39.0,3.0,8.6,-11,-0.35
SITE045,1994,22.8,4.1,13.1,156.5,1554.0,2057,113,11,39.0,3.2,8.6,-24,-0.43
SITE045,1995,22.8,4.1,13.1,91.6,1570.0,2061,112,11,38.0,2.9,8.9,-55,-0.4
SITE045,1996,22.7,4.1,13.0,176.0,1548.0,2055,113,11,39.0,3.1,8.4,-14,-0.46
SITE045,1997,22.8,4.2,13.1,375.5,1508.0,2065,112,11,42.0,3.3,8.2,83,-0.36
SITE045,1998,22.9,4.2,13.2,133.0,1565.0,2070,112,12,38.0,3.4,8.9,-35,-0.31
SITE045,1999,23.0,4.3,13.3,142.4,1567.0,2079,111,12,38.0,3.2,9.1,-31,-0.22
SITE045,2000,23.0,4.4,13.3,209.9,1554.0,2084,110,12,39.0,3.6,8.7,2,-0.18
SITE045,2001,23.0,4.4,13.3,205.8,1556.0,2086,110,12,39.0,3.4,8.6,0,-0.15
SITE045,2002,23.1,4.4,13.4,375.3,1519.0,2089,110,12,41.0,3.3,8.0,83,-0.13
SITE045,2003,23.1,4.4,13.4,251.2,1548.0,2090,110,12,39.0,3.3,8.5,23,-0.12
SITE045,2004,22.9,4.3,13.2,140.7,1567.0,2077,111,12,38.0,3.5,8.5,-31,-0.25
SITE045,2005,23.0,4.3,13.3,287.9,1535.0,2080,111,12,40.0,3.3,8.3,40,-0.21
SITE045,2006,23.1,4.4,13.4,192.4,1561.0,2090,110,12,38.0,3.4,8.6,-6,-0.12
SITE045,2007,23.2,4.6,13.5,146.4,1579.0,2106,109,12,37.0,3.0,8.9,-29,0.03
SITE045,2008,23.2,4.6,13.5,187.3,1570.0,2107,109,12,38.0,2.8,8.4,-9,0.04
SITE045,2009,23.3,4.6,13.6,145.6,1581.0,2110,108,12,37.0,3.0,8.7,-29,0.07
SITE045,2010,23.4,4.7,13.7,222.3,1569.0,2121,107,12,38.0,3.2,8.6,8,0.17
SITE045,2011,23.4,4.7,13.7,74.8,1603.0,2121,107,12,35.0,3.2,9.0,-64,0.18
SITE045,2012,23.4,4.8,13.7,145.2,1588.0,2124,107,12,36.0,3.0,8.3,-29,0.2
SITE045,2013,23.4,4.7,13.7,249.1,1563.0,2122,107,12,38.0,3.3,8.3,22,0.18
SITE045,2014,23.4,4.7,13.7,195.2,1576.0,2123,107,12,37.0,2.9,8.7,-5,0.19
SITE045,2015,23.5,4.9,13.8,86.3,1608.0,2137,106,12,35.0,3.5,8.8,-58,0.33
SITE045,2016,23.4,4.8,13.8,233.7,1571.0,2130,107,12,37.0,3.1,8.6,14,0.26
SITE045,2017,23.5,4.9,13.8,145.1,1595.0,2137,106,12,36.0,3.1,8.6,-29,0.33
SITE045,2018,23.4,4.8,13.7,191.4,1578.0,2126,107,12,37.0,3.4,8.3,-7,0.22
SITE045,2019,23.5,4.8,13.8,217.5,1576.0,2132,106,12,37.0,3.4,8.7,6,0.28
SITE045,2020,23.4,4.8,13.7,158.1,1588.0,2129,107,12,36.0,3.1,9.0,-23,0.25
SITE045,2021,23.5,4.9,13.8,155.1,1591.0,2135,106,12,36.0,3.0,8.7,-24,0.31
SITE045,2022,23.6,5.0,13.9,155.3,1596.0,2146,105,12,36.0,3.2,8.6,-24,0.41
SITE045,2023,23.6,5.0,13.9,139.1,1601.0,2148,105,12,35.0,3.0,8.8,-32,0.43
SITE045,2024,23.7,5.1,14.0,238.1,1584.0,2160,104,13,36.0,3.2,8.5,16,0.54
SITE046,1991,31.4,12.8,21.7,104.6,1905.0,4411,0,111,43.0,3.5,8.4,49,-0.87
SITE046,1992,31.4,12.8,21.7,141.9,1873.0,4410,0,111,45.0,3.4,7.9,103,-0.88
SITE046,1993,31.4,12.7,21.7,48.6,1949.0,4401,0,111,41.0,3.4,8.6,-31,-0.91
SITE046,1994,31.4,12.7,21.7,39.1,1958.0,4407,0,111,40.0,3.3,8.9,-44,-0.89
SITE046,1995,31.5,12.8,21.8,32.1,1968.0,4426,0,112,40.0,3.2,8.8,-54,-0.81
SITE046,1996,31.5,12.9,21.8,48.5,1958.0,4442,0,113,40.0,3.1,8.6,-31,-0.74
SITE046,1997,31.5,12.9,21.8,82.7,1928.0,4436,0,113,42.0,3.4,8.1,18,-0.76
SITE046,1998,31.5,12.9,21.8,53.3,1953.0,4438,0,113,40.0,3.4,8.7,-24,-0.75
SITE046,1999,31.8,13.1,22.1,49.9,1967.0,4493,0,116,39.0,3.2,8.7,-29,-0.51
SITE046,2000,31.8,13.2,22.1,30.2,1988.0,4511,0,117,38.0,3.2,9.0,-57,-0.44
SITE046,2001,31.7,13.1,22.0,48.1,1968.0,4489,0,116,39.0,3.0,8.7,-31,-0.53
SITE046,2002,31.8,13.2,22.1,85.8,1940.0,4506,0,116,41.0,3.2,8.1,23,-0.46
SITE046,2003,32.0,13.4,22.3,92.7,1945.0,4556,0,119,40.0,3.2,8.3,32,-0.24
SITE046,2004,32.1,13.5,22.4,82.9,1957.0,4573,0,120,39.0,2.9,8.3,18,-0.17
SITE046,2005,32.2,13.6,22.5,40.5,1997.0,4595,0,121,37.0,3.0,8.5,-42,-0.07
SITE046,2006,32.3,13.6,22.6,82.2,1965.0,4609,0,122,39.0,3.1,8.4,17,-0.01
SITE046,2007,32.4,13.8,22.7,56.4,1993.0,4639,0,124,37.0,3.0,8.9,-19,0.12
SITE046,2008,32.5,13.8,22.8,52.6,2001.0,4658,0,125,36.0,3.5,8.6,-25,0.2
SITE046,2009,32.5,13.9,22.8,54.4,2001.0,4668,0,125,36.0,2.5,8.8,-22,0.24
SITE046,2010,32.5,13.9,22.8,83.7,1975.0,4664,0,125,38.0,3.2,8.4,20,0.23
SITE046,2011,32.5,13.9,22.8,60.6,1997.0,4672,0,125,37.0,3.6,8.7,-13,0.26
SITE046,2012,32.7,14.1,23.0,29.5,2033.0,4718,0,128,34.0,3.6,9.1,-58,0.46
SITE046,2013,32.7,14.1,23.0,57.2,2007.0,4709,0,127,36.0,2.6,8.7,-18,0.42
SITE046,2014,32.7,14.1,23.0,46.5,2019.0,4719,0,128,35.0,3.3,8.7,-34,0.47
SITE046,2015,32.8,14.1,23.1,34.9,2031.0,4727,0,128,34.0,2.8,8.7,-50,0.5
SITE046,2016,32.8,14.2,23.2,90.8,1986.0,4743,0,129,37.0,3.0,8.1,30,0.57
SITE046,2017,32.9,14.3,23.2,31.6,2041.0,4765,0,130,34.0,3.4,9.0,-55,0.66
SITE046,2018,33.0,14.3,23.3,34.2,2041.0,4774,0,131,34.0,2.8,8.9,-51,0.7
SITE046,2019,32.8,14.2,23.1,124.2,1956.0,4737,0,129,38.0,3.1,8.2,77,0.54
SITE046,2020,33.0,14.3,23.3,89.6,1992.0,4769,0,130,36.0,3.1,8.4,28,0.68
SITE046,2021,33.0,14.3,23.3,20.0,2054.0,4777,0,131,33.0,3.2,9.1,-71,0.72
SITE046,2022,32.9,14.3,23.2,45.3,2030.0,4766,0,130,34.0,3.3,8.7,-35,0.67
SITE046,2023,33.1,14.5,23.4,70.9,2017.0,4807,0,132,35.0,3.3,8.6,1,0.85
SITE046,2024,33.0,14.4,23.3,58.2,2023.0,4785,0,131,34.0,3.4,8.6,-17,0.75
SITE047,1991,29.7,11.1,20.0,35.1,1878.0,3847,15,98,40.0,3.3,8.8,-31,-0.79
SITE047,1992,29.7,11.1,20.1,30.8,1886.0,3858,15,98,40.0,3.4,8.8,-40,-0.74
SITE047,1993,29.8,11.1,20.1,42.5,1875.0,3865,15,98,40.0,3.1,8.8,-17,-0.7
SITE047,1994,29.8,11.2,20.1,78.3,1838.0,3875,15,99,42.0,3.1,8.0,54,-0.65
SITE047,1995,29.9,11.2,20.2,28.3,1894.0,3879,15,99,39.0,2.9,8.8,-44,-0.63
SITE047,1996,29.9,11.2,20.2,83.1,1834.0,3882,15,99,42.0,3.1,8.2,63,-0.62
SITE047,1997,29.8,11.1,20.1,44.8,1872.0,3865,15,98,40.0,3.3,8.7,-12,-0.7
SITE047,1998,29.9,11.2,20.2,59.6,1861.0,3884,15,99,41.0,3.5,8.2,17,-0.6
SITE047,1999,29.9,11.3,20.3,23.5,1904.0,3898,15,100,39.0,3.0,8.8,-54,-0.53
SITE047,2000,30.0,11.4,20.3,32.6,1896.0,3909,15,101,39.0,3.5,8.8,-36,-0.48
SITE047,2001,30.1,11.5,20.4,29.9,1905.0,3932,15,102,38.0,2.6,9.0,-41,-0.37
SITE047,2002,30.2,11.5,20.5,55.2,1879.0,3941,15,103,40.0,3.5,8.5,8,-0.32
SITE047,2003,30.1,11.4,20.4,69.6,1859.0,3925,15,102,41.0,3.0,8.5,36,-0.4
SITE047,2004,30.2,11.6,20.5,55.4,1882.0,3952,15,103,39.0,3.1,8.5,9,-0.27
SITE047,2005,30.2,11.6,20.5,36.7,1903.0,3955,15,103,38.0,2.9,8.8,-28,-0.25
SITE047,2006,30.3,11.7,20.6,45.8,1899.0,3977,15,104,38.0,3.2,8.7,-10,-0.14
SITE047,2007,30.5,11.8,20.8,58.7,1891.0,4003,15,106,39.0,3.4,8.6,15,-0.01
SITE047,2008,30.5,11.9,20.8,62.0,1890.0,4016,14,106,38.0,3.2,8.6,22,0.06
SITE047,2009,30.5,11.9,20.8,48.4,1905.0,4015,14,106,38.0,3.4,8.6,-5,0.05
SITE047,2010,30.6,11.9,20.9,22.2,1936.0,4022,14,107,36.0,3.4,8.6,-56,0.08
SITE047,2011,30.7,12.0,21.0,32.0,1930.0,4042,14,108,36.0,3.4,8.5,-37,0.18
SITE047,2012,30.8,12.1,21.1,48.3,1917.0,4063,14,109,37.0,2.9,8.6,-5,0.29
SITE047,2013,30.9,12.3,21.2,66.8,1904.0,4096,14,111,37.0,3.0,8.4,31,0.45
SITE047,2014,30.9,12.2,21.2,32.8,1940.0,4085,14,110,35.0,3.4,8.8,-36,0.4
SITE047,2015,30.9,12.2,21.2,16.5,1958.0,4085,14,110,34.0,3.0,9.1,-68,0.4
SITE047,2016,31.0,12.3,21.3,35.9,1941.0,4102,14,111,35.0,2.9,8.5,-30,0.48
SITE047,2017,31.0,12.3,21.3,39.1,1938.0,4105,14,111,35.0,3.3,8.9,-23,0.5
SITE047,2018,31.1,12.5,21.4,25.3,1960.0,4132,14,113,34.0,3.2,8.7,-50,0.64
SITE047,2019,31.2,12.6,21.5,39.9,1947.0,4148,14,113,35.0,3.3,8.7,-22,0.71
SITE047,2020,31.2,12.6,21.6,42.1,1948.0,4158,14,114,34.0,3.0,8.7,-18,0.76
SITE047,2021,31.3,12.6,21.6,34.8,1958.0,4165,14,114,34.0,3.1,8.8,-32,0.8
SITE047,2022,31.3,12.7,21.6,36.2,1959.0,4177,13,115,34.0,3.6,8.7,-29,0.86
SITE047,2023,31.3,12.6,21.6,22.2,1972.0,4164,14,114,33.0,3.2,8.9,-56,0.79
SITE047,2024,31.2,12.6,21.5,29.3,1962.0,4156,14,114,34.0,2.8,8.7,-43,0.75
SITE048,1991,32.0,13.3,22.3,25.9,2003.0,4525,2,122,37.0,2.8,9.3,-61,-0.2
SITE048,1992,31.9,13.2,22.2,105.3,1929.0,4505,2,121,41.0,2.9,8.1,57,-0.29
SITE048,1993,31.9,13.3,22.2,20.8,2007.0,4521,2,122,37.0,2.9,8.9,-69,-0.22
SITE048,1994,31.9,13.3,22.2,96.4,1939.0,4515,2,122,40.0,3.0,8.4,44,-0.24
SITE048,1995,31.9,13.2,22.2,34.0,1991.0,4500,2,121,38.0,2.8,9.0,-49,-0.31
SITE048,1996,31.8,13.2,22.1,155.1,1882.0,4489,2,120,43.0,3.5,7.9,131,-0.36
SITE048,1997,31.7,13.1,22.1,78.7,1946.0,4476,2,120,40.0,3.0,8.4,17,-0.41
SITE048,1998,31.7,13.1,22.0,125.7,1903.0,4467,2,119,42.0,3.3,8.3,88,-0.45
SITE048,1999,31.8,13.1,22.1,44.7,1977.0,4480,2,120,39.0,3.4,8.7,-33,-0.4
SITE048,2000,31.8,13.2,22.1,25.1,1998.0,4496,2,121,37.0,3.7,8.9,-63,-0.32
SITE048,2001,31.8,13.2,22.1,49.8,1974.0,4489,2,120,39.0,2.8,8.6,-26,-0.36
SITE048,2002,31.8,13.1,22.1,71.7,1954.0,4484,2,120,40.0,2.8,8.2,7,-0.38
SITE048,2003,31.8,13.1,22.1,53.7,1970.0,4483,2,120,39.0,3.2,8.7,-20,-0.38
SITE048,2004,31.8,13.2,22.1,48.2,1977.0,4493,2,121,39.0,3.4,8.7,-28,-0.34
SITE048,2005,31.9,13.3,22.2,45.1,1985.0,4518,2,122,38.0,3.1,8.9,-33,-0.23
SITE048,2006,31.9,13.3,22.2,66.5,1966.0,4517,2,122,39.0,3.2,8.6,-1,-0.24
SITE048,2007,32.0,13.3,22.3,46.3,1986.0,4531,2,123,38.0,3.2,8.8,-31,-0.17
SITE048,2008,32.0,13.4,22.3,47.1,1987.0,4537,2,123,38.0,3.1,8.8,-30,-0.15
SITE048,2009,32.1,13.5,22.4,62.2,1978.0,4557,2,124,38.0,2.7,8.7,-7,-0.06
SITE048,2010,32.1,13.5,22.4,74.1,1969.0,4565,2,124,38.0,3.1,8.4,11,-0.02
SITE048,2011,32.1,13.4,22.4,66.9,1973.0,4552,2,124,38.0,3.4,8.6,0,-0.08
SITE048,2012,32.2,13.5,22.5,23.4,2015.0,4569,2,125,36.0,3.4,9.1,-65,-0.01
SITE048,2013,32.3,13.6,22.6,30.8,2015.0,4600,2,126,36.0,3.5,8.9,-54,0.13
SITE048,2014,32.4,13.8,22.7,44.4,2010.0,4632,2,128,36.0,3.3,8.9,-34,0.27
SITE048,2015,32.4,13.7,22.7,70.5,1984.0,4619,2,127,37.0,3.3,8.3,5,0.21
SITE048,2016,32.4,13.8,22.7,53.5,2000.0,4625,2,128,36.0,3.3,8.6,-20,0.24
SITE048,2017,32.6,13.9,22.9,34.4,2026.0,4666,2,130,35.0,3.3,8.6,-49,0.42
SITE048,2018,32.6,14.0,22.9,66.8,2000.0,4677,2,131,36.0,3.2,8.4,0,0.46
SITE048,2019,32.8,14.1,23.1,127.2,1952.0,4706,2,132,38.0,3.2,8.1,90,0.59
SITE048,2020,32.8,14.1,23.1,128.0,1951.0,4708,2,132,38.0,3.2,8.3,91,0.6
SITE048,2021,32.9,14.2,23.2,40.8,2036.0,4736,2,134,34.0,2.8,8.9,-39,0.72
SITE048,2022,32.8,14.2,23.1,26.6,2047.0,4727,2,133,33.0,3.2,8.8,-60,0.68
SITE048,2023,32.8,14.2,23.1,45.8,2028.0,4719,2,133,34.0,3.4,8.8,-32,0.65
SITE048,2024,32.8,14.2,23.1,130.5,1951.0,4718,2,133,38.0,2.8,8.1,95,0.64
SITE049,1991,35.9,23.3,29.4,102.9,1923.0,7076,0,138,40.0,3.1,8.8,-42,-0.88
SITE049,1992,35.9,23.4,29.4,168.2,1903.0,7087,0,139,41.0,3.0,8.5,-6,-0.85
SITE049,1993,36.0,23.5,29.5,216.8,1891.0,7122,0,140,42.0,2.9,8.5,21,-0.76
SITE049,1994,36.1,23.5,29.5,110.4,1926.0,7131,0,141,40.0,2.7,8.8,-38,-0.73
SITE049,1995,36.0,23.4,29.5,274.0,1873.0,7117,0,140,43.0,3.2,8.3,53,-0.77
SITE049,1996,36.0,23.5,29.5,163.3,1908.0,7118,0,140,41.0,3.1,9.0,-9,-0.77
SITE049,1997,36.1,23.5,29.5,157.8,1912.0,7133,0,141,41.0,3.1,8.5,-12,-0.72
SITE049,1998,36.1,23.5,29.6,262.1,1880.0,7149,0,141,42.0,3.2,8.1,46,-0.68
SITE049,1999,36.1,23.5,29.6,116.2,1926.0,7148,0,141,40.0,3.2,8.7,-35,-0.69
SITE049,2000,36.3,23.7,29.7,186.9,1911.0,7212,0,144,40.0,2.9,8.5,4,-0.51
SITE049,2001,36.3,23.8,29.8,112.6,1937.0,7234,0,145,39.0,3.7,8.9,-37,-0.45
SITE049,2002,36.4,23.9,29.9,349.3,1866.0,7277,0,147,42.0,3.4,8.0,95,-0.34
SITE049,2003,36.5,23.9,30.0,118.2,1943.0,7300,0,148,38.0,3.0,8.8,-34,-0.27
SITE049,2004,36.5,23.9,30.0,297.1,1885.0,7297,0,147,41.0,3.3,8.2,66,-0.28
SITE049,2005,36.6,24.0,30.1,159.9,1933.0,7335,0,149,38.0,3.6,8.7,-11,-0.18
SITE049,2006,36.8,24.2,30.2,204.3,1925.0,7396,0,151,38.0,3.6,8.4,14,-0.02
SITE049,2007,36.9,24.3,30.3,214.1,1926.0,7433,0,153,38.0,3.0,8.3,20,0.09
SITE049,2008,36.9,24.4,30.4,86.3,1971.0,7461,0,154,36.0,3.0,8.7,-52,0.16
SITE049,2009,37.0,24.4,30.4,173.3,1943.0,7470,0,154,37.0,3.6,8.8,-3,0.18
SITE049,2010,37.1,24.5,30.5,251.1,1921.0,7502,0,156,38.0,3.1,8.1,40,0.27
SITE049,2011,37.1,24.5,30.5,168.2,1949.0,7504,0,156,37.0,2.9,8.3,-6,0.28
SITE049,2012,37.1,24.6,30.6,162.6,1953.0,7525,0,157,36.0,3.1,8.7,-9,0.33
SITE049,2013,37.2,24.6,30.6,138.9,1963.0,7546,0,158,36.0,3.2,8.9,-22,0.39
SITE049,2014,37.2,24.6,30.7,201.1,1943.0,7553,0,158,37.0,3.1,8.2,12,0.41
SITE049,2015,37.3,24.7,30.7,192.8,1950.0,7586,0,159,36.0,3.3,8.5,8,0.5
SITE049,2016,37.3,24.8,30.8,116.8,1977.0,7607,0,160,35.0,3.6,8.7,-35,0.56
SITE049,2017,37.3,24.8,30.8,124.5,1974.0,7603,0,160,35.0,3.1,8.7,-30,0.55
SITE049,2018,37.4,24.8,30.9,168.5,1963.0,7634,0,161,35.0,3.6,8.5,-6,0.63
SITE049,2019,37.5,24.9,30.9,270.6,1932.0,7659,0,162,37.0,3.4,8.2,51,0.7
SITE049,2020,37.4,24.9,30.9,172.6,1962.0,7640,0,161,35.0,3.1,8.6,-4,0.64
SITE049,2021,37.5,25.0,31.0,186.8,1961.0,7676,0,163,35.0,2.5,8.5,4,0.74
SITE049,2022,37.6,25.0,31.1,144.3,1978.0,7702,0,164,34.0,3.0,8.6,-19,0.81
SITE049,2023,37.6,25.1,31.1,137.6,1981.0,7712,0,164,34.0,3.2,8.8,-23,0.84
SITE049,2024,37.6,25.0,31.1,202.0,1959.0,7702,0,164,35.0,3.2,8.4,13,0.81
SITE050,1991,35.8,22.5,28.9,106.9,1943.0,6900,0,140,41.0,3.3,8.6,-7,-0.76
SITE050,1992,35.9,22.6,29.0,151.0,1925.0,6938,0,142,42.0,2.9,8.4,31,-0.66
SITE050,1993,36.0,22.6,29.0,118.6,1944.0,6964,0,143,40.0,3.4,8.4,3,-0.59
SITE050,1994,36.0,22.7,29.1,75.1,1969.0,6982,0,144,39.0,3.0,8.5,-35,-0.54
SITE050,1995,36.1,22.7,29.1,109.6,1953.0,6997,0,144,40.0,3.0,8.6,-5,-0.49
SITE050,1996,36.1,22.8,29.2,103.2,1959.0,7026,0,146,39.0,3.0,8.6,-10,-0.41
SITE050,1997,36.0,22.7,29.1,186.7,1913.0,6989,0,144,42.0,3.3,8.2,62,-0.52
SITE050,1998,36.1,22.8,29.2,158.4,1929.0,7010,0,145,41.0,3.5,8.1,38,-0.46
SITE050,1999,36.1,22.8,29.2,63.6,1978.0,7014,0,145,38.0,3.3,8.9,-45,-0.45
SITE050,2000,36.1,22.8,29.2,90.7,1966.0,7027,0,146,39.0,3.3,8.9,-21,-0.41
SITE050,2001,36.1,22.7,29.1,21.2,1997.0,6994,0,144,38.0,3.1,8.9,-82,-0.5
SITE050,2002,36.1,22.8,29.2,263.1,1877.0,7022,0,145,44.0,3.1,8.0,129,-0.43
SITE050,2003,36.3,22.9,29.3,130.9,1951.0,7073,0,148,40.0,3.3,8.4,14,-0.28
SITE050,2004,36.2,22.9,29.3,109.6,1960.0,7058,0,147,39.0,3.2,8.5,-5,-0.32
SITE050,2005,36.3,22.9,29.3,127.5,1952.0,7070,0,147,39.0,2.9,8.5,11,-0.29
SITE050,2006,36.4,23.1,29.5,79.6,1982.0,7115,0,149,38.0,3.2,8.8,-31,-0.16
SITE050,2007,36.6,23.3,29.6,168.5,1944.0,7182,0,152,39.0,3.4,8.3,47,0.02
SITE050,2008,36.5,23.2,29.6,98.6,1979.0,7171,0,152,38.0,3.2,8.9,-14,-0.01
SITE050,2009,36.6,23.3,29.7,148.2,1957.0,7203,0,153,39.0,3.6,8.5,29,0.08
SITE050,2010,36.7,23.4,29.8,164.1,1952.0,7234,0,154,39.0,3.1,8.1,43,0.17
SITE050,2011,36.8,23.4,29.8,34.0,2021.0,7251,0,155,35.0,3.2,9.0,-70,0.21
SITE050,2012,36.8,23.4,29.8,149.0,1962.0,7251,0,155,38.0,3.3,8.4,30,0.21
SITE050,2013,36.8,23.5,29.9,138.9,1968.0,7255,0,155,38.0,3.0,8.3,21,0.23
SITE050,2014,36.9,23.5,29.9,85.1,1999.0,7284,0,156,36.0,3.3,8.8,-26,0.31
SITE050,2015,36.9,23.6,30.0,91.5,1996.0,7292,0,157,36.0,3.5,8.7,-20,0.33
SITE050,2016,36.9,23.5,29.9,157.8,1961.0,7285,0,157,38.0,3.1,8.3,37,0.31
SITE050,2017,36.9,23.6,30.0,45.8,2021.0,7299,0,157,35.0,3.1,8.9,-60,0.35
SITE050,2018,37.0,23.6,30.0,67.0,2012.0,7319,0,158,35.0,3.1,8.9,-42,0.4
SITE050,2019,37.1,23.8,30.2,170.3,1965.0,7376,0,160,37.0,3.2,8.5,48,0.56
SITE050,2020,37.2,23.8,30.2,80.1,2014.0,7395,0,161,35.0,3.2,8.3,-30,0.61
SITE050,2021,37.3,24.0,30.4,86.4,2016.0,7434,0,163,34.0,3.7,8.6,-25,0.73
SITE050,2022,37.4,24.1,30.5,71.3,2029.0,7483,0,165,33.0,3.2,8.9,-38,0.86
SITE050,2023,37.5,24.2,30.6,61.5,2037.0,7507,0,166,33.0,3.3,8.8,-46,0.93
SITE050,2024,37.5,24.2,30.6,152.4,1991.0,7522,0,167,35.0,3.1,8.5,33,0.97
SITE051,1991,35.2,21.8,28.2,303.2,1892.0,6672,0,130,42.0,3.4,8.2,46,-0.6
SITE051,1992,35.2,21.8,28.2,191.1,1923.0,6667,0,129,40.0,3.2,8.5,-8,-0.62
SITE051,1993,35.2,21.8,28.2,122.5,1942.0,6673,0,130,39.0,3.0,9.1,-41,-0.6
SITE051,1994,35.2,21.7,28.2,127.4,1940.0,6663,0,129,39.0,3.5,8.7,-39,-0.63
SITE051,1995,35.2,21.8,28.3,81.1,1955.0,6685,0,130,38.0,3.0,9.0,-61,-0.56
SITE051,1996,35.2,21.8,28.2,435.8,1857.0,6683,0,130,44.0,3.0,8.0,110,-0.57
SITE051,1997,35.3,21.9,28.3,239.9,1914.0,6711,0,131,40.0,3.2,8.5,15,-0.49
SITE051,1998,35.3,21.9,28.3,181.1,1931.0,6716,0,131,40.0,3.7,8.6,-13,-0.47
SITE051,1999,35.3,21.8,28.3,277.9,1902.0,6699,0,131,41.0,3.5,8.6,34,-0.52
SITE051,2000,35.4,22.0,28.4,158.0,1942.0,6751,0,133,39.0,3.4,8.9,-24,-0.37
SITE051,2001,35.4,22.0,28.4,131.2,1949.0,6747,0,133,38.0,3.6,8.6,-37,-0.38
SITE051,2002,35.5,22.1,28.5,274.5,1913.0,6780,0,134,40.0,3.1,8.3,32,-0.29
SITE051,2003,35.5,22.1,28.5,387.1,1882.0,6782,0,134,42.0,3.6,8.1,86,-0.28
SITE051,2004,35.5,22.1,28.5,160.8,1946.0,6787,0,134,38.0,3.5,8.6,-23,-0.27
SITE051,2005,35.6,22.1,28.6,225.5,1929.0,6802,0,135,39.0,3.1,8.5,8,-0.22
SITE051,2006,35.6,22.2,28.6,241.8,1927.0,6821,0,136,39.0,3.1,8.7,16,-0.17
SITE051,2007,35.7,22.3,28.7,173.3,1949.0,6845,0,137,38.0,3.0,8.5,-17,-0.1
SITE051,2008,35.7,22.3,28.7,163.6,1952.0,6849,0,137,38.0,2.9,8.8,-21,-0.09
SITE051,2009,35.9,22.5,28.9,151.3,1964.0,6914,0,139,37.0,3.2,8.6,-27,0.1
SITE051,2010,35.9,22.5,29.0,331.4,1915.0,6932,0,140,39.0,2.7,8.2,59,0.15
SITE051,2011,36.0,22.6,29.1,170.9,1964.0,6964,0,141,36.0,3.6,8.6,-18,0.25
SITE051,2012,36.1,22.7,29.1,273.6,1938.0,6988,0,142,38.0,3.2,8.3,32,0.32
SITE051,2013,36.2,22.8,29.2,65.1,2001.0,7017,0,144,34.0,3.1,8.9,-69,0.4
SITE051,2014,36.3,22.9,29.3,210.6,1963.0,7045,0,145,36.0,2.6,8.5,1,0.48
SITE051,2015,36.3,22.9,29.3,284.2,1942.0,7048,0,145,37.0,3.3,8.2,37,0.49
SITE051,2016,36.3,22.9,29.3,272.2,1947.0,7055,0,145,37.0,2.8,8.2,31,0.51
SITE051,2017,36.3,22.9,29.4,144.8,1985.0,7069,0,146,35.0,3.2,8.5,-30,0.55
SITE051,2018,36.3,22.9,29.4,274.0,1947.0,7064,0,145,37.0,3.1,8.3,32,0.54
SITE051,2019,36.4,23.0,29.4,406.2,1913.0,7090,0,146,38.0,3.2,8.0,95,0.61
SITE051,2020,36.4,22.9,29.4,353.6,1926.0,7076,0,146,38.0,3.1,8.3,70,0.57
SITE051,2021,36.4,23.0,29.4,73.9,2007.0,7087,0,146,34.0,2.9,8.6,-64,0.61
SITE051,2022,36.3,22.9,29.4,89.0,2000.0,7065,0,146,34.0,2.8,8.9,-57,0.54
SITE051,2023,36.3,22.9,29.4,265.0,1950.0,7066,0,146,37.0,3.3,8.1,27,0.54
SITE051,2024,36.3,22.9,29.4,226.4,1961.0,7063,0,145,36.0,3.1,8.8,9,0.54
SITE052,1991,34.6,21.0,27.5,225.3,1887.0,6424,0,119,40.0,3.3,8.5,-2,-0.58
SITE052,1992,34.7,21.0,27.6,326.6,1864.0,6445,0,120,41.0,3.1,8.6,42,-0.52
SITE052,1993,34.7,21.1,27.7,213.5,1896.0,6472,0,121,40.0,2.9,8.8,-7,-0.44
SITE052,1994,34.7,21.1,27.7,457.9,1835.0,6471,0,121,43.0,3.7,7.7,99,-0.44
SITE052,1995,34.7,21.1,27.6,178.2,1902.0,6451,0,120,39.0,3.0,8.5,-23,-0.5
SITE052,1996,34.6,21.0,27.5,138.4,1909.0,6434,0,120,39.0,3.0,8.8,-40,-0.55
SITE052,1997,34.9,21.2,27.8,199.6,1904.0,6509,0,123,39.0,3.1,8.7,-13,-0.32
SITE052,1998,35.0,21.4,28.0,276.8,1892.0,6572,0,125,39.0,3.5,8.5,20,-0.13
SITE052,1999,35.1,21.5,28.0,93.4,1940.0,6584,0,125,37.0,3.1,8.8,-59,-0.1
SITE052,2000,35.0,21.3,27.9,127.0,1926.0,6545,0,124,38.0,3.1,8.8,-45,-0.22
SITE052,2001,35.0,21.4,27.9,230.5,1902.0,6554,0,124,39.0,3.8,8.7,0,-0.19
SITE052,2002,35.0,21.4,27.9,206.3,1907.0,6552,0,124,38.0,2.8,8.5,-10,-0.19
SITE052,2003,35.0,21.4,27.9,247.6,1897.0,6550,0,124,39.0,3.0,8.5,8,-0.2
SITE052,2004,34.9,21.3,27.8,205.0,1904.0,6522,0,123,39.0,3.5,8.5,-11,-0.29
SITE052,2005,34.9,21.3,27.8,311.0,1879.0,6528,0,123,40.0,3.0,8.3,35,-0.27
SITE052,2006,35.0,21.4,27.9,324.1,1880.0,6565,0,125,40.0,3.2,8.0,41,-0.15
SITE052,2007,35.1,21.4,28.0,278.2,1893.0,6579,0,125,39.0,3.1,8.3,21,-0.11
SITE052,2008,35.1,21.5,28.0,167.2,1921.0,6584,0,125,38.0,3.2,8.9,-27,-0.1
SITE052,2009,35.1,21.4,28.0,242.7,1902.0,6579,0,125,39.0,3.1,8.7,6,-0.11
SITE052,2010,35.2,21.6,28.1,356.2,1879.0,6624,0,127,40.0,3.3,8.2,55,0.02
SITE052,2011,35.2,21.6,28.1,241.9,1907.0,6617,0,127,38.0,2.7,8.3,5,0.0
SITE052,2012,35.3,21.7,28.2,231.7,1914.0,6655,0,128,38.0,3.3,8.8,1,0.12
SITE052,2013,35.3,21.7,28.2,420.5,1866.0,6651,0,128,40.0,3.2,7.8,83,0.11
SITE052,2014,35.3,21.7,28.3,81.8,1954.0,6672,0,129,35.0,3.2,9.0,-64,0.17
SITE052,2015,35.4,21.8,28.3,253.3,1912.0,6685,0,129,37.0,3.2,8.6,10,0.21
SITE052,2016,35.4,21.8,28.3,205.4,1925.0,6688,0,129,37.0,3.2,8.8,-11,0.22
SITE052,2017,35.4,21.8,28.4,107.2,1951.0,6701,0,130,35.0,3.2,8.7,-53,0.26
SITE052,2018,35.5,21.9,28.4,148.5,1943.0,6721,0,131,36.0,2.9,8.9,-35,0.32
SITE052,2019,35.5,21.9,28.4,146.3,1945.0,6732,0,131,36.0,3.5,8.9,-36,0.35
SITE052,2020,35.8,22.1,28.7,285.5,1920.0,6808,0,134,36.0,3.0,8.2,24,0.58
SITE052,2021,35.9,22.3,28.8,126.7,1966.0,6853,0,136,34.0,3.4,8.8,-45,0.72
SITE052,2022,35.9,22.3,28.9,149.5,1961.0,6866,0,136,34.0,2.9,8.9,-35,0.76
SITE052,2023,35.9,22.3,28.8,201.6,1948.0,6864,0,136,35.0,3.4,8.8,-12,0.75
SITE052,2024,36.0,22.4,28.9,138.3,1967.0,6891,0,137,33.0,2.9,8.5,-40,0.83
SITE053,1991,32.9,18.5,25.4,122.0,1868.0,5696,0,96,41.0,3.2,8.8,-19,-0.85
SITE053,1992,33.1,18.6,25.6,208.1,1842.0,5741,0,97,42.0,2.7,8.7,39,-0.7
SITE053,1993,33.1,18.7,25.6,145.3,1868.0,5756,0,98,40.0,2.9,8.6,-3,-0.64
SITE053,1994,33.1,18.7,25.6,39.8,1907.0,5752,0,98,38.0,3.5,9.2,-73,-0.66
SITE053,1995,33.2,18.7,25.7,138.1,1872.0,5766,0,98,40.0,2.8,8.5,-8,-0.61
SITE053,1996,33.3,18.8,25.7,101.3,1889.0,5788,0,99,39.0,3.3,8.8,-32,-0.54
SITE053,1997,33.3,18.9,25.8,170.5,1867.0,5812,0,100,40.0,3.0,8.6,14,-0.46
SITE053,1998,33.3,18.9,25.8,122.6,1885.0,5813,0,100,39.0,3.3,8.5,-18,-0.45
SITE053,1999,33.5,19.0,26.0,71.4,1911.0,5862,0,102,38.0,3.4,8.8,-52,-0.29
SITE053,2000,33.4,18.9,25.9,44.9,1917.0,5832,0,101,37.0,3.5,8.7,-70,-0.39
SITE053,2001,33.4,18.9,25.8,110.6,1891.0,5823,0,100,39.0,3.2,8.7,-26,-0.42
SITE053,2002,33.5,19.0,26.0,175.6,1872.0,5860,0,102,40.0,3.1,8.4,17,-0.29
SITE053,2003,33.4,18.9,25.9,208.8,1856.0,5839,0,101,41.0,3.5,8.4,39,-0.36
SITE053,2004,33.5,19.0,26.0,110.6,1897.0,5863,0,102,38.0,3.2,8.6,-26,-0.29
SITE053,2005,33.5,19.0,25.9,72.4,1909.0,5849,0,101,38.0,3.0,9.0,-52,-0.33
SITE053,2006,33.5,19.0,26.0,192.9,1866.0,5868,0,102,40.0,3.1,8.3,29,-0.27
SITE053,2007,33.6,19.1,26.0,134.7,1890.0,5883,0,102,39.0,3.3,8.7,-10,-0.22
SITE053,2008,33.7,19.2,26.2,141.9,1894.0,5923,0,104,38.0,3.0,8.5,-5,-0.08
SITE053,2009,33.8,19.3,26.3,124.3,1904.0,5948,0,105,37.0,3.1,8.9,-17,0.0
SITE053,2010,33.8,19.4,26.3,186.7,1882.0,5962,0,105,39.0,2.9,8.3,24,0.05
SITE053,2011,33.9,19.4,26.4,95.8,1919.0,5980,0,106,36.0,3.1,8.5,-36,0.11
SITE053,2012,34.0,19.5,26.5,105.7,1920.0,6010,0,107,36.0,3.0,8.8,-30,0.21
SITE053,2013,34.1,19.6,26.6,161.0,1903.0,6038,0,108,37.0,3.4,8.6,7,0.31
SITE053,2014,34.1,19.6,26.6,212.6,1884.0,6040,0,108,38.0,3.3,8.5,42,0.31
SITE053,2015,34.2,19.7,26.6,94.3,1931.0,6059,0,109,35.0,3.4,8.8,-37,0.38
SITE053,2016,34.1,19.7,26.6,152.7,1908.0,6050,0,108,37.0,3.4,8.6,2,0.34
SITE053,2017,34.3,19.8,26.8,83.2,1941.0,6097,0,110,35.0,3.1,8.9,-45,0.5
SITE053,2018,34.3,19.9,26.8,110.2,1933.0,6109,0,110,35.0,3.4,8.8,-27,0.54
SITE053,2019,34.4,19.9,26.9,181.6,1909.0,6133,0,111,36.0,3.0,8.2,21,0.62
SITE053,2020,34.5,20.0,27.0,229.2,1894.0,6162,0,112,37.0,3.1,8.1,53,0.72
SITE053,2021,34.7,20.2,27.2,70.6,1964.0,6220,0,114,33.0,2.9,9.0,-53,0.92
SITE053,2022,34.6,20.2,27.1,112.3,1945.0,6202,0,114,34.0,3.4,8.7,-25,0.86
SITE053,2023,34.7,20.2,27.2,117.9,1947.0,6226,0,114,34.0,3.1,8.7,-21,0.94
SITE053,2024,34.8,20.3,27.3,123.4,1948.0,6252,0,115,33.0,2.9,8.5,-18,1.02
SITE054,1991,33.3,19.0,25.9,333.5,1860.0,5857,0,103,42.0,3.7,8.3,22,-0.9
SITE054,1992,33.4,19.0,25.9,291.7,1872.0,5881,0,104,41.0,3.1,8.4,6,-0.82
SITE054,1993,33.6,19.2,26.1,348.8,1866.0,5922,0,106,42.0,3.2,8.3,27,-0.69
SITE054,1994,33.6,19.2,26.1,286.3,1881.0,5940,0,106,41.0,2.8,8.6,5,-0.63
SITE054,1995,33.7,19.3,26.2,165.7,1909.0,5957,0,107,39.0,2.7,8.6,-40,-0.58
SITE054,1996,33.8,19.4,26.3,374.3,1869.0,5983,0,108,41.0,3.2,7.9,37,-0.49
SITE054,1997,33.8,19.4,26.3,295.7,1887.0,5995,0,108,40.0,3.1,8.7,8,-0.45
SITE054,1998,33.8,19.4,26.3,265.8,1893.0,5994,0,108,40.0,3.1,8.7,-3,-0.46
SITE054,1999,33.8,19.4,26.3,211.5,1906.0,6004,0,109,39.0,3.5,8.6,-23,-0.42
SITE054,2000,34.0,19.6,26.5,186.5,1917.0,6046,0,110,38.0,3.0,8.7,-32,-0.29
SITE054,2001,34.0,19.7,26.6,223.6,1913.0,6072,0,111,38.0,3.2,8.7,-18,-0.2
SITE054,2002,34.1,19.7,26.6,422.3,1872.0,6076,0,111,40.0,3.0,8.2,54,-0.19
SITE054,2003,34.0,19.6,26.5,371.1,1881.0,6060,0,111,40.0,3.2,8.4,35,-0.24
SITE054,2004,34.0,19.6,26.5,176.6,1921.0,6058,0,111,38.0,3.3,8.8,-36,-0.25
SITE054,2005,34.1,19.7,26.6,306.9,1897.0,6083,0,111,39.0,3.3,8.6,12,-0.17
SITE054,2006,34.1,19.7,26.6,175.4,1924.0,6077,0,111,38.0,3.1,8.5,-36,-0.18
SITE054,2007,34.2,19.8,26.7,401.6,1881.0,6107,0,112,40.0,3.0,8.2,47,-0.09
SITE054,2008,34.2,19.8,26.7,209.1,1921.0,6110,0,112,38.0,3.6,8.4,-24,-0.08
SITE054,2009,34.2,19.8,26.7,152.9,1934.0,6115,0,113,37.0,3.6,9.0,-44,-0.06
SITE054,2010,34.3,19.9,26.8,463.6,1872.0,6141,0,114,40.0,2.9,8.3,69,0.02
SITE054,2011,34.4,20.0,26.9,214.4,1928.0,6167,0,115,37.0,3.0,8.6,-22,0.11
SITE054,2012,34.3,19.9,26.8,189.4,1932.0,6155,0,114,37.0,3.1,8.7,-31,0.07
SITE054,2013,34.5,20.1,27.0,225.7,1930.0,6197,0,116,37.0,3.0,8.6,-18,0.21
SITE054,2014,34.5,20.1,27.0,160.3,1946.0,6214,0,116,36.0,3.1,8.6,-42,0.26
SITE054,2015,34.6,20.2,27.1,211.9,1940.0,6250,0,118,36.0,3.2,8.4,-23,0.38
SITE054,2016,34.7,20.3,27.2,401.5,1904.0,6279,0,119,37.0,3.1,8.2,47,0.48
SITE054,2017,34.9,20.5,27.4,147.6,1964.0,6322,0,120,34.0,3.1,8.9,-46,0.61
SITE054,2018,34.9,20.5,27.4,172.5,1961.0,6337,0,121,34.0,3.4,8.7,-37,0.66
SITE054,2019,34.9,20.5,27.4,136.9,1966.0,6320,0,120,34.0,3.2,8.9,-50,0.61
SITE054,2020,34.9,20.5,27.4,255.7,1943.0,6332,0,121,35.0,2.8,8.6,-7,0.65
SITE054,2021,34.9,20.6,27.5,274.6,1940.0,6345,0,121,35.0,3.1,8.7,0,0.69
SITE054,2022,34.9,20.6,27.5,218.5,1952.0,6344,0,121,35.0,3.2,8.9,-20,0.69
SITE054,2023,35.1,20.7,27.6,165.4,1969.0,6384,0,123,34.0,2.9,9.2,-40,0.82
SITE054,2024,35.2,20.8,27.7,336.0,1937.0,6413,0,124,35.0,3.1,8.5,23,0.91
SITE055,1991,23.7,5.8,14.4,519.0,1517.0,2207,61,14,66.0,2.2,6.5,16,-0.78
SITE055,1992,23.8,5.9,14.5,535.2,1519.0,2215,60,14,65.0,2.5,6.1,19,-0.71
SITE055,1993,23.8,6.0,14.5,392.5,1536.0,2220,60,14,64.0,2.5,6.5,-12,-0.67
SITE055,1994,23.8,6.0,14.6,373.8,1539.0,2223,60,14,64.0,2.4,6.5,-17,-0.64
SITE055,1995,23.9,6.0,14.6,367.0,1541.0,2227,60,14,64.0,2.6,6.5,-18,-0.6
SITE055,1996,23.9,6.1,14.6,728.2,1506.0,2231,60,14,66.0,2.3,5.9,63,-0.57
SITE055,1997,24.0,6.1,14.7,559.6,1527.0,2240,59,14,65.0,2.6,6.1,25,-0.49
SITE055,1998,24.0,6.2,14.7,241.1,1561.0,2243,59,14,62.0,2.8,6.2,-46,-0.47
SITE055,1999,24.0,6.2,14.8,345.3,1551.0,2245,59,14,63.0,2.7,6.3,-23,-0.44
SITE055,2000,24.0,6.2,14.8,204.8,1566.0,2247,59,14,62.0,2.4,6.9,-54,-0.43
SITE055,2001,24.1,6.2,14.8,244.5,1564.0,2251,59,14,62.0,2.5,6.7,-45,-0.39
SITE055,2002,24.2,6.3,14.9,398.5,1553.0,2264,58,15,63.0,2.4,6.6,-11,-0.28
SITE055,2003,24.3,6.4,15.0,617.4,1535.0,2276,58,15,64.0,2.5,5.8,38,-0.18
SITE055,2004,24.3,6.4,15.0,360.9,1560.0,2271,58,15,62.0,2.3,6.7,-19,-0.22
SITE055,2005,24.2,6.3,14.9,434.5,1548.0,2261,59,14,63.0,2.3,6.4,-3,-0.31
SITE055,2006,24.3,6.5,15.0,486.3,1549.0,2277,58,15,63.0,2.9,6.2,9,-0.17
SITE055,2007,24.4,6.5,15.1,311.3,1570.0,2282,58,15,62.0,2.5,6.8,-31,-0.12
SITE055,2008,24.4,6.6,15.1,372.1,1567.0,2290,57,15,62.0,2.3,6.5,-17,-0.05
SITE055,2009,24.5,6.7,15.3,627.4,1545.0,2303,57,15,63.0,2.9,5.9,40,0.06
SITE055,2010,24.6,6.8,15.4,415.2,1573.0,2315,56,15,61.0,2.4,6.4,-7,0.17
SITE055,2011,24.7,6.8,15.4,492.6,1567.0,2321,56,15,61.0,2.3,6.3,10,0.21
SITE055,2012,24.5,6.7,15.2,400.0,1568.0,2301,57,15,62.0,2.3,6.5,-11,0.04
SITE055,2013,24.7,6.8,15.4,310.4,1585.0,2318,56,15,60.0,2.3,6.6,-31,0.19
SITE055,2014,24.8,6.9,15.5,318.3,1590.0,2333,56,15,60.0,2.8,6.7,-29,0.32
SITE055,2015,24.9,7.0,15.6,475.6,1577.0,2340,55,16,61.0,2.2,6.1,6,0.38
SITE055,2016,25.0,7.1,15.7,487.7,1582.0,2356,55,16,60.0,2.3,6.2,9,0.52
SITE055,2017,25.1,7.2,15.8,210.8,1616.0,2366,54,16,58.0,3.0,6.6,-53,0.61
SITE055,2018,25.1,7.2,15.8,358.0,1601.0,2368,54,16,59.0,2.3,6.6,-20,0.63
SITE055,2019,25.1,7.2,15.8,837.2,1547.0,2362,55,16,62.0,2.4,5.8,87,0.57
SITE055,2020,25.1,7.3,15.8,363.6,1601.0,2370,54,16,59.0,3.1,6.7,-19,0.64
SITE055,2021,25.2,7.3,15.9,255.7,1614.0,2374,54,16,58.0,2.3,6.8,-43,0.68
SITE055,2022,25.3,7.4,16.0,483.1,1597.0,2390,53,16,59.0,2.8,6.1,8,0.82
SITE055,2023,25.3,7.4,16.0,488.8,1595.0,2389,54,16,59.0,2.8,6.3,9,0.81
SITE055,2024,25.4,7.5,16.1,259.7,1623.0,2396,53,16,57.0,2.6,6.3,-42,0.87
SITE056,1991,22.0,3.8,12.5,239.3,1468.0,1903,111,4,65.0,2.4,6.8,-26,-0.86
SITE056,1992,22.0,3.8,12.6,448.1,1442.0,1906,110,4,66.0,2.5,5.9,39,-0.83
SITE056,1993,22.0,3.8,12.5,198.4,1472.0,1900,111,4,64.0,2.8,6.6,-39,-0.9
SITE056,1994,22.2,4.0,12.7,259.8,1474.0,1921,109,4,64.0,2.5,6.4,-20,-0.69
SITE056,1995,22.2,4.0,12.7,494.7,1442.0,1921,109,4,66.0,2.5,6.0,53,-0.68
SITE056,1996,22.3,4.1,12.8,573.3,1436.0,1929,109,4,67.0,3.0,5.7,77,-0.6
SITE056,1997,22.4,4.2,12.9,195.5,1493.0,1941,108,4,63.0,2.5,6.6,-39,-0.48
SITE056,1998,22.4,4.2,13.0,233.3,1489.0,1944,107,4,63.0,2.2,6.3,-28,-0.45
SITE056,1999,22.6,4.4,13.1,172.4,1505.0,1959,106,4,62.0,2.5,6.3,-47,-0.3
SITE056,2000,22.6,4.4,13.2,151.5,1511.0,1966,106,4,61.0,2.7,6.4,-53,-0.23
SITE056,2001,22.6,4.4,13.2,158.1,1510.0,1965,106,4,61.0,2.4,7.0,-51,-0.24
SITE056,2002,22.6,4.4,13.1,283.8,1489.0,1958,106,4,63.0,2.1,6.6,-12,-0.32
SITE056,2003,22.5,4.3,13.0,258.3,1489.0,1952,107,4,63.0,2.5,6.7,-20,-0.38
SITE056,2004,22.6,4.4,13.1,290.0,1489.0,1961,106,4,63.0,2.6,6.4,-10,-0.29
SITE056,2005,22.8,4.6,13.3,480.2,1472.0,1978,105,4,64.0,2.6,6.1,49,-0.11
SITE056,2006,22.9,4.7,13.4,336.2,1498.0,1991,103,4,62.0,2.6,6.5,4,0.02
SITE056,2007,22.7,4.5,13.3,577.3,1457.0,1975,105,4,65.0,2.5,5.8,79,-0.14
SITE056,2008,22.8,4.6,13.4,245.2,1508.0,1985,104,4,61.0,2.8,6.5,-24,-0.04
SITE056,2009,22.8,4.6,13.4,376.2,1489.0,1985,104,4,63.0,2.3,6.1,16,-0.04
SITE056,2010,22.9,4.7,13.4,447.4,1483.0,1993,103,4,63.0,2.3,6.0,39,0.04
SITE056,2011,23.0,4.8,13.5,332.1,1503.0,2000,103,4,62.0,2.3,6.5,3,0.11
SITE056,2012,23.0,4.8,13.6,258.0,1515.0,2005,102,5,61.0,2.4,6.5,-20,0.16
SITE056,2013,23.1,4.9,13.7,218.4,1526.0,2015,101,5,60.0,2.3,6.3,-32,0.26
SITE056,2014,23.3,5.1,13.8,168.8,1540.0,2029,100,5,59.0,2.9,6.6,-48,0.4
SITE056,2015,23.3,5.1,13.8,200.2,1535.0,2029,100,5,59.0,2.3,6.4,-38,0.4
SITE056,2016,23.4,5.2,13.9,140.0,1548.0,2038,99,5,58.0,2.3,7.0,-57,0.5
SITE056,2017,23.6,5.4,14.1,171.9,1553.0,2058,98,5,58.0,2.5,6.7,-47,0.69
SITE056,2018,23.6,5.4,14.1,188.6,1551.0,2058,98,5,58.0,2.6,6.4,-42,0.69
SITE056,2019,23.6,5.4,14.1,304.4,1535.0,2059,98,5,59.0,2.5,6.3,-6,0.7
SITE056,2020,23.6,5.4,14.1,445.5,1514.0,2058,98,5,60.0,2.8,6.2,38,0.69
SITE056,2021,23.5,5.3,14.1,127.3,1559.0,2056,98,5,57.0,2.5,6.8,-61,0.67
SITE056,2022,23.5,5.3,14.1,332.4,1530.0,2056,98,5,59.0,2.7,6.1,3,0.67
SITE056,2023,23.6,5.4,14.1,448.8,1516.0,2063,97,5,60.0,2.3,6.2,39,0.74
SITE056,2024,23.7,5.5,14.2,338.2,1536.0,2071,97,5,59.0,2.2,6.1,5,0.82
SITE057,1991,22.2,4.0,12.7,756.3,1455.0,1933,109,5,66.0,2.5,6.3,30,-0.78
SITE057,1992,22.2,4.0,12.8,1085.2,1431.0,1935,109,5,68.0,2.5,5.9,87,-0.75
SITE057,1993,22.2,4.0,12.7,423.0,1480.0,1933,109,5,64.0,2.6,6.6,-27,-0.77
SITE057,1994,22.2,4.0,12.7,479.0,1475.0,1931,109,5,65.0,3.0,6.8,-17,-0.79
SITE057,1995,22.2,4.0,12.8,505.1,1475.0,1936,109,5,65.0,2.3,6.5,-13,-0.74
SITE057,1996,22.3,4.1,12.8,642.4,1468.0,1943,108,5,65.0,2.3,6.5,11,-0.68
SITE057,1997,22.3,4.1,12.8,1054.0,1437.0,1943,108,5,67.0,2.6,5.8,82,-0.67
SITE057,1998,22.4,4.2,12.9,405.0,1489.0,1949,108,5,64.0,2.5,6.7,-30,-0.61
SITE057,1999,22.4,4.2,12.9,296.9,1498.0,1951,108,5,63.0,2.5,6.8,-49,-0.6
SITE057,2000,22.5,4.3,13.0,291.7,1503.0,1960,107,5,63.0,2.8,6.7,-50,-0.5
SITE057,2001,22.5,4.3,13.1,332.5,1503.0,1966,106,5,63.0,2.8,6.6,-43,-0.45
SITE057,2002,22.6,4.4,13.2,830.0,1469.0,1975,106,5,65.0,2.5,6.1,43,-0.35
SITE057,2003,22.7,4.5,13.2,897.8,1467.0,1982,105,5,65.0,2.9,6.0,55,-0.28
SITE057,2004,22.8,4.6,13.4,408.7,1512.0,1998,104,5,62.0,2.5,6.5,-30,-0.13
SITE057,2005,22.9,4.7,13.5,501.6,1509.0,2006,103,5,62.0,2.3,6.3,-14,-0.05
SITE057,2006,22.9,4.7,13.5,471.4,1512.0,2007,103,5,62.0,2.8,6.5,-19,-0.03
SITE057,2007,23.1,4.9,13.6,554.1,1513.0,2023,102,5,61.0,2.6,6.6,-4,0.12
SITE057,2008,23.2,5.0,13.7,440.2,1525.0,2029,101,5,61.0,2.3,6.3,-24,0.18
SITE057,2009,23.1,4.9,13.7,812.4,1495.0,2028,101,5,63.0,2.7,6.1,40,0.17
SITE057,2010,23.2,5.0,13.7,837.2,1497.0,2035,101,5,62.0,2.6,6.1,44,0.24
SITE057,2011,23.2,5.0,13.7,440.0,1527.0,2034,101,5,60.0,2.5,6.5,-24,0.23
SITE057,2012,23.2,5.0,13.7,316.1,1536.0,2032,101,5,60.0,2.6,6.6,-45,0.21
SITE057,2013,23.2,5.0,13.8,822.6,1498.0,2036,101,5,62.0,2.7,6.3,42,0.26
SITE057,2014,23.3,5.1,13.8,487.3,1529.0,2045,100,5,60.0,2.3,6.4,-16,0.34
SITE057,2015,23.4,5.2,13.9,429.0,1536.0,2050,99,5,60.0,2.6,6.7,-26,0.39
SITE057,2016,23.5,5.2,14.0,1058.4,1490.0,2059,99,5,63.0,2.2,5.6,82,0.48
SITE057,2017,23.5,5.3,14.0,266.4,1555.0,2063,98,5,58.0,2.6,6.7,-54,0.52
SITE057,2018,23.5,5.3,14.0,418.9,1541.0,2060,99,5,59.0,2.3,6.6,-28,0.49
SITE057,2019,23.5,5.3,14.0,487.0,1536.0,2060,99,5,60.0,2.6,6.4,-16,0.49
SITE057,2020,23.6,5.4,14.1,568.9,1536.0,2072,98,5,59.0,2.4,6.3,-2,0.61
SITE057,2021,23.7,5.5,14.2,517.4,1546.0,2084,97,5,59.0,2.6,6.3,-11,0.73
SITE057,2022,23.8,5.6,14.3,438.7,1557.0,2095,96,5,58.0,2.5,6.5,-24,0.84
SITE057,2023,23.8,5.6,14.4,761.7,1532.0,2097,96,6,59.0,2.3,5.8,31,0.87
SITE057,2024,23.9,5.7,14.5,900.0,1526.0,2108,95,6,60.0,2.3,5.8,55,0.97
SITE058,1991,22.0,3.8,12.5,533.5,1434.0,1848,112,3,64.0,2.4,6.0,26,-0.35
SITE058,1992,21.9,3.7,12.4,368.4,1449.0,1844,113,3,63.0,2.4,6.5,-13,-0.39
SITE058,1993,22.0,3.8,12.6,316.2,1459.0,1854,112,3,62.0,2.5,6.4,-26,-0.29
SITE058,1994,22.0,3.8,12.5,364.2,1451.0,1849,112,3,63.0,2.6,6.4,-14,-0.34
SITE058,1995,22.0,3.8,12.6,258.8,1466.0,1857,112,3,62.0,2.2,6.4,-39,-0.26
SITE058,1996,22.0,3.8,12.5,471.3,1442.0,1852,112,3,64.0,2.2,6.4,11,-0.31
SITE058,1997,21.9,3.7,12.4,546.4,1430.0,1843,113,3,64.0,2.6,6.2,29,-0.4
SITE058,1998,21.9,3.7,12.5,298.2,1457.0,1847,112,3,63.0,2.8,6.5,-30,-0.36
SITE058,1999,22.0,3.8,12.5,449.9,1442.0,1848,112,3,64.0,2.8,6.5,6,-0.35
SITE058,2000,22.0,3.8,12.5,396.1,1449.0,1850,112,3,63.0,2.1,6.3,-7,-0.33
SITE058,2001,22.1,3.9,12.7,237.0,1472.0,1864,111,3,61.0,2.3,6.5,-44,-0.18
SITE058,2002,22.1,3.9,12.7,538.9,1442.0,1866,111,3,63.0,2.5,5.9,27,-0.16
SITE058,2003,22.2,4.0,12.7,511.2,1447.0,1869,110,3,63.0,2.6,6.1,20,-0.12
SITE058,2004,22.3,4.1,12.8,457.3,1456.0,1877,110,3,62.0,2.7,6.2,8,-0.05
SITE058,2005,22.2,4.0,12.7,247.2,1474.0,1869,110,3,61.0,2.9,6.7,-42,-0.13
SITE058,2006,22.2,4.0,12.7,338.8,1465.0,1871,110,3,62.0,2.4,6.5,-20,-0.11
SITE058,2007,22.1,3.9,12.7,348.5,1462.0,1866,111,3,62.0,2.3,6.6,-18,-0.16
SITE058,2008,22.2,4.0,12.7,212.5,1478.0,1871,110,3,61.0,2.4,6.8,-50,-0.11
SITE058,2009,22.2,4.0,12.8,215.4,1480.0,1875,110,3,61.0,2.2,6.7,-49,-0.07
SITE058,2010,22.3,4.1,12.8,992.1,1403.0,1880,109,3,66.0,2.5,5.2,133,-0.01
SITE058,2011,22.4,4.2,12.9,413.2,1466.0,1887,109,3,62.0,2.6,6.2,-3,0.07
SITE058,2012,22.4,4.2,13.0,397.7,1470.0,1892,108,3,61.0,2.5,6.6,-6,0.11
SITE058,2013,22.4,4.2,12.9,298.1,1478.0,1889,109,3,61.0,2.2,6.5,-30,0.08
SITE058,2014,22.5,4.3,13.0,242.6,1490.0,1899,108,3,60.0,2.3,6.9,-43,0.19
SITE058,2015,22.4,4.2,13.0,312.6,1479.0,1893,108,3,61.0,2.6,6.3,-26,0.13
SITE058,2016,22.5,4.3,13.0,492.2,1464.0,1900,107,3,62.0,2.8,6.2,16,0.21
SITE058,2017,22.6,4.4,13.2,310.4,1489.0,1911,106,3,60.0,2.5,6.4,-27,0.32
SITE058,2018,22.7,4.5,13.2,209.7,1502.0,1916,106,3,59.0,2.3,6.6,-51,0.37
SITE058,2019,22.7,4.5,13.2,550.8,1467.0,1918,106,3,61.0,2.4,5.9,30,0.39
SITE058,2020,22.7,4.5,13.3,783.2,1444.0,1921,106,3,63.0,2.9,5.8,84,0.42
SITE058,2021,22.8,4.6,13.3,203.9,1508.0,1927,105,3,58.0,2.5,6.7,-52,0.49
SITE058,2022,22.9,4.7,13.5,269.6,1507.0,1939,104,3,58.0,2.5,6.7,-37,0.61
SITE058,2023,22.8,4.6,13.4,596.0,1470.0,1932,105,3,61.0,2.3,6.2,40,0.54
SITE058,2024,22.9,4.7,13.4,376.7,1493.0,1933,104,3,59.0,2.8,6.3,-11,0.56
SITE059,1991,20.0,1.8,10.5,475.8,1341.0,1547,135,0,66.0,2.7,6.4,63,-0.62
SITE059,1992,20.0,1.8,10.5,306.1,1363.0,1544,135,0,65.0,2.7,6.2,5,-0.66
SITE059,1993,20.0,1.8,10.5,242.0,1373.0,1545,135,0,64.0,2.7,6.4,-17,-0.65
SITE059,1994,19.9,1.7,10.4,206.6,1374.0,1539,136,0,64.0,2.7,6.5,-29,-0.72
SITE059,1995,20.0,1.8,10.5,368.9,1355.0,1546,135,0,65.0,2.4,5.9,27,-0.63
SITE059,1996,20.0,1.8,10.5,402.9,1352.0,1548,135,0,66.0,2.4,6.4,38,-0.61
SITE059,1997,20.0,1.8,10.6,236.1,1376.0,1549,134,0,64.0,2.6,6.5,-19,-0.59
SITE059,1998,20.1,1.9,10.6,172.5,1388.0,1555,134,0,63.0,2.3,6.6,-41,-0.52
SITE059,1999,20.2,1.9,10.7,244.5,1381.0,1560,133,0,63.0,2.8,6.4,-16,-0.46
SITE059,2000,20.4,2.2,10.9,150.2,1406.0,1578,131,0,61.0,2.1,6.5,-48,-0.23
SITE059,2001,20.3,2.1,10.9,164.9,1401.0,1573,131,0,62.0,2.3,6.4,-43,-0.29
SITE059,2002,20.4,2.2,10.9,182.9,1401.0,1578,131,0,62.0,2.3,6.7,-37,-0.24
SITE059,2003,20.4,2.2,11.0,236.4,1396.0,1581,130,0,62.0,2.4,6.2,-19,-0.19
SITE059,2004,20.5,2.3,11.0,293.7,1389.0,1585,130,0,63.0,2.4,6.4,1,-0.15
SITE059,2005,20.6,2.4,11.1,418.9,1378.0,1595,129,0,63.0,2.8,6.0,44,-0.01
SITE059,2006,20.7,2.5,11.2,219.9,1409.0,1600,128,0,61.0,2.4,7.1,-24,0.05
SITE059,2007,20.6,2.4,11.1,214.8,1407.0,1595,129,0,61.0,2.3,6.4,-26,-0.02
SITE059,2008,20.5,2.3,11.1,303.4,1392.0,1591,129,0,62.0,2.8,6.2,4,-0.07
SITE059,2009,20.5,2.3,11.1,170.8,1410.0,1590,129,0,61.0,2.3,6.5,-41,-0.08
SITE059,2010,20.6,2.4,11.2,348.5,1390.0,1599,128,0,62.0,2.5,6.1,20,0.03
SITE059,2011,20.7,2.5,11.2,294.6,1400.0,1603,128,0,62.0,2.6,6.2,1,0.08
SITE059,2012,20.8,2.5,11.3,221.4,1414.0,1608,127,0,61.0,2.3,6.6,-24,0.14
SITE059,2013,20.8,2.6,11.4,314.4,1404.0,1614,126,0,61.0,2.3,6.2,8,0.21
SITE059,2014,20.9,2.7,11.5,276.8,1414.0,1622,125,0,61.0,2.5,6.6,-5,0.32
SITE059,2015,20.9,2.7,11.4,243.9,1415.0,1616,126,0,61.0,2.7,6.3,-16,0.24
SITE059,2016,21.0,2.8,11.5,267.4,1419.0,1627,124,0,60.0,2.6,6.2,-8,0.38
SITE059,2017,21.1,2.9,11.6,142.9,1440.0,1632,124,0,59.0,2.4,6.9,-51,0.45
SITE059,2018,21.1,2.9,11.7,264.2,1426.0,1638,123,0,60.0,2.6,6.3,-9,0.52
SITE059,2019,21.2,3.0,11.7,406.7,1406.0,1640,123,0,61.0,2.5,6.1,40,0.54
SITE059,2020,21.2,3.0,11.7,255.0,1431.0,1644,122,0,59.0,2.6,6.4,-12,0.59
SITE059,2021,21.3,3.1,11.9,93.4,1460.0,1653,121,0,57.0,2.3,6.8,-68,0.71
SITE059,2022,21.5,3.3,12.0,152.4,1459.0,1665,120,0,57.0,2.7,6.6,-48,0.86
SITE059,2023,21.5,3.3,12.0,403.0,1421.0,1664,120,0,60.0,2.4,6.0,38,0.85
SITE059,2024,21.4,3.2,12.0,293.1,1436.0,1662,120,0,59.0,2.7,6.5,1,0.82
SITE060,1991,21.7,3.5,12.3,385.8,1453.0,1842,117,3,62.0,2.2,6.5,-30,-0.21
SITE060,1992,21.7,3.5,12.2,1085.3,1397.0,1840,117,3,66.0,2.5,5.9,96,-0.24
SITE060,1993,21.8,3.5,12.3,401.7,1453.0,1845,117,3,62.0,2.0,6.4,-27,-0.18
SITE060,1994,21.9,3.7,12.4,441.3,1456.0,1857,116,3,62.0,2.4,6.5,-20,-0.06
SITE060,1995,22.0,3.8,12.5,570.5,1450.0,1865,115,4,62.0,2.6,6.4,3,0.03
SITE060,1996,22.0,3.8,12.5,321.6,1469.0,1864,115,4,61.0,2.5,6.5,-42,0.03
SITE060,1997,21.9,3.7,12.4,771.3,1429.0,1855,116,3,64.0,2.4,6.2,39,-0.08
SITE060,1998,21.9,3.7,12.5,371.4,1463.0,1861,115,4,61.0,2.6,6.8,-33,-0.01
SITE060,1999,21.9,3.7,12.4,480.6,1453.0,1856,116,3,62.0,2.7,6.5,-13,-0.06
SITE060,2000,21.9,3.7,12.4,360.9,1462.0,1856,116,3,61.0,2.7,6.6,-35,-0.06
SITE060,2001,21.9,3.7,12.5,341.3,1466.0,1861,115,4,61.0,2.4,6.5,-38,-0.01
SITE060,2002,21.9,3.7,12.4,738.5,1432.0,1856,116,3,63.0,2.6,6.1,34,-0.07
SITE060,2003,21.8,3.6,12.4,759.3,1429.0,1853,116,3,63.0,2.7,6.2,37,-0.1
SITE060,2004,21.9,3.7,12.5,591.3,1446.0,1861,115,4,62.0,2.4,6.2,7,-0.01
SITE060,2005,21.9,3.7,12.4,771.8,1430.0,1856,116,3,63.0,2.5,6.1,40,-0.06
SITE060,2006,21.9,3.7,12.4,470.5,1453.0,1856,116,3,62.0,2.3,6.4,-15,-0.07
SITE060,2007,21.9,3.7,12.4,375.9,1461.0,1857,116,3,61.0,2.5,6.5,-32,-0.06
SITE060,2008,21.9,3.7,12.5,461.9,1457.0,1861,115,4,62.0,2.4,6.6,-16,-0.01
SITE060,2009,21.9,3.7,12.4,530.6,1450.0,1859,115,3,62.0,2.7,6.3,-4,-0.03
SITE060,2010,21.9,3.7,12.4,984.3,1415.0,1859,115,4,64.0,2.4,6.0,78,-0.03
SITE060,2011,21.9,3.7,12.5,621.1,1445.0,1863,115,4,62.0,2.5,6.1,12,0.01
SITE060,2012,21.9,3.7,12.5,759.2,1434.0,1862,115,4,63.0,2.6,5.9,37,0.0
SITE060,2013,21.8,3.6,12.4,337.5,1462.0,1852,116,3,61.0,2.4,6.6,-39,-0.1
SITE060,2014,21.9,3.7,12.4,595.1,1443.0,1854,116,3,63.0,3.0,6.3,8,-0.08
SITE060,2015,21.9,3.7,12.4,342.5,1464.0,1858,115,3,61.0,2.5,6.6,-38,-0.04
SITE060,2016,21.9,3.7,12.4,557.1,1447.0,1857,116,3,62.0,2.3,6.1,1,-0.05
SITE060,2017,21.9,3.7,12.4,781.1,1431.0,1859,115,4,63.0,2.4,5.8,41,-0.03
SITE060,2018,22.0,3.8,12.6,394.6,1467.0,1871,114,4,61.0,2.6,6.6,-29,0.1
SITE060,2019,22.0,3.8,12.5,1341.4,1391.0,1869,114,4,66.0,2.5,5.3,143,0.07
SITE060,2020,22.1,3.9,12.6,579.6,1454.0,1874,114,4,62.0,2.3,6.3,5,0.13
SITE060,2021,22.2,4.0,12.7,263.5,1483.0,1882,113,4,60.0,2.4,6.7,-52,0.22
SITE060,2022,22.3,4.0,12.8,613.1,1460.0,1891,112,4,61.0,2.7,6.1,11,0.31
SITE060,2023,22.3,4.1,12.9,938.7,1438.0,1898,111,4,63.0,2.5,5.6,70,0.39
SITE060,2024,22.3,4.1,12.8,377.7,1480.0,1893,112,4,60.0,2.4,6.8,-32,0.33
SITE061,1991,17.2,-0.9,7.8,318.7,1194.0,1107,169,0,61.0,2.8,5.9,4,-0.75
SITE061,1992,17.2,-0.8,7.9,577.6,1168.0,1112,168,0,63.0,3.1,5.3,89,-0.66
SITE061,1993,17.4,-0.7,8.0,189.7,1220.0,1120,166,0,59.0,3.0,5.9,-38,-0.51
SITE061,1994,17.4,-0.7,8.0,370.0,1198.0,1119,167,0,61.0,3.0,5.8,21,-0.54
SITE061,1995,17.3,-0.7,8.0,238.5,1212.0,1117,167,0,60.0,3.0,5.7,-22,-0.57
SITE061,1996,17.5,-0.6,8.1,340.2,1206.0,1124,166,0,60.0,2.6,5.9,12,-0.44
SITE061,1997,17.3,-0.8,7.9,358.7,1196.0,1115,168,0,61.0,2.9,5.8,18,-0.61
SITE061,1998,17.3,-0.8,7.9,180.3,1216.0,1113,168,0,59.0,2.9,6.2,-41,-0.64
SITE061,1999,17.3,-0.7,7.9,463.7,1184.0,1115,168,0,62.0,2.5,5.6,52,-0.6
SITE061,2000,17.3,-0.8,7.9,137.5,1220.0,1113,168,0,59.0,2.8,6.2,-55,-0.64
SITE061,2001,17.3,-0.8,7.9,132.2,1222.0,1114,168,0,59.0,2.7,6.1,-57,-0.63
SITE061,2002,17.4,-0.6,8.1,274.5,1213.0,1123,166,0,60.0,2.5,6.0,-10,-0.46
SITE061,2003,17.6,-0.5,8.2,409.9,1202.0,1130,164,0,60.0,2.6,5.6,34,-0.34
SITE061,2004,17.8,-0.3,8.4,263.5,1229.0,1141,162,0,58.0,2.5,6.0,-14,-0.15
SITE061,2005,17.9,-0.2,8.5,264.6,1234.0,1148,160,0,58.0,2.7,5.8,-13,-0.03
SITE061,2006,18.0,-0.1,8.6,409.2,1220.0,1153,159,0,59.0,2.6,5.7,34,0.05
SITE061,2007,18.0,-0.0,8.6,352.3,1230.0,1156,159,0,58.0,2.4,5.9,15,0.1
SITE061,2008,18.0,-0.1,8.6,249.9,1242.0,1155,159,0,57.0,2.9,6.1,-18,0.1
SITE061,2009,18.1,0.0,8.7,234.7,1247.0,1159,158,0,57.0,3.1,6.1,-23,0.16
SITE061,2010,18.1,-0.0,8.7,320.1,1236.0,1158,158,0,58.0,2.6,5.7,5,0.14
SITE061,2011,18.2,0.1,8.8,262.4,1248.0,1164,157,0,57.0,2.9,6.0,-14,0.26
SITE061,2012,18.2,0.2,8.8,219.9,1256.0,1168,156,0,56.0,3.1,6.0,-28,0.31
SITE061,2013,18.3,0.2,8.9,182.9,1262.0,1170,155,0,55.0,2.9,6.0,-40,0.35
SITE061,2014,18.3,0.2,8.9,174.2,1264.0,1171,155,0,55.0,2.8,6.2,-43,0.38
SITE061,2015,18.3,0.3,9.0,207.3,1263.0,1175,154,0,55.0,2.8,6.5,-32,0.43
SITE061,2016,18.4,0.3,9.0,231.7,1260.0,1175,154,0,56.0,2.7,6.2,-24,0.44
SITE061,2017,18.3,0.3,8.9,191.0,1264.0,1173,155,0,55.0,3.0,6.1,-37,0.41
SITE061,2018,18.4,0.3,9.0,242.1,1259.0,1175,154,0,56.0,2.9,6.0,-21,0.44
SITE061,2019,18.5,0.4,9.1,407.6,1244.0,1182,153,0,57.0,2.8,5.5,34,0.55
SITE061,2020,18.5,0.5,9.1,233.9,1268.0,1185,152,0,55.0,2.9,6.1,-23,0.62
SITE061,2021,18.5,0.5,9.1,167.1,1276.0,1184,152,0,54.0,2.6,6.1,-45,0.6
SITE061,2022,18.6,0.6,9.2,301.5,1264.0,1190,151,0,55.0,3.0,5.9,-1,0.7
SITE061,2023,18.7,0.6,9.3,187.2,1281.0,1194,150,0,54.0,2.6,6.1,-39,0.77
SITE061,2024,18.7,0.6,9.3,292.6,1267.0,1193,150,0,55.0,2.8,5.8,-4,0.75
SITE062,1991,16.6,-1.5,7.2,282.6,1168.0,1051,174,0,60.0,2.8,5.8,21,-0.41
SITE062,1992,16.6,-1.5,7.2,233.9,1175.0,1051,174,0,60.0,2.8,5.9,0,-0.4
SITE062,1993,16.7,-1.4,7.3,186.9,1187.0,1057,172,0,59.0,2.8,5.8,-20,-0.3
SITE062,1994,16.8,-1.2,7.4,331.7,1171.0,1063,171,0,60.0,3.0,5.4,42,-0.17
SITE062,1995,16.7,-1.3,7.4,279.4,1176.0,1060,172,0,60.0,2.7,5.8,19,-0.24
SITE062,1996,16.8,-1.3,7.4,323.6,1171.0,1061,171,0,60.0,2.9,5.6,38,-0.21
SITE062,1997,16.7,-1.4,7.3,297.9,1171.0,1057,172,0,60.0,2.6,5.7,27,-0.29
SITE062,1998,16.7,-1.4,7.3,320.0,1166.0,1055,173,0,60.0,3.4,5.5,37,-0.32
SITE062,1999,16.7,-1.4,7.3,128.3,1195.0,1056,173,0,58.0,2.9,6.2,-45,-0.31
SITE062,2000,16.8,-1.3,7.4,308.0,1172.0,1060,171,0,60.0,2.9,5.6,32,-0.23
SITE062,2001,16.7,-1.3,7.4,275.5,1176.0,1060,172,0,59.0,2.5,5.7,18,-0.24
SITE062,2002,16.7,-1.4,7.3,260.4,1176.0,1056,172,0,60.0,2.5,5.9,11,-0.3
SITE062,2003,16.6,-1.4,7.2,277.3,1170.0,1052,173,0,60.0,2.8,5.7,19,-0.38
SITE062,2004,16.6,-1.5,7.2,202.3,1179.0,1050,174,0,59.0,2.6,6.0,-14,-0.42
SITE062,2005,16.5,-1.5,7.2,202.1,1178.0,1049,174,0,59.0,2.5,6.0,-14,-0.44
SITE062,2006,16.7,-1.3,7.3,238.1,1181.0,1058,172,0,59.0,3.2,5.8,2,-0.27
SITE062,2007,16.7,-1.4,7.3,229.2,1181.0,1056,172,0,59.0,3.0,5.8,-2,-0.3
SITE062,2008,16.8,-1.3,7.4,130.8,1199.0,1060,171,0,58.0,2.6,6.2,-44,-0.23
SITE062,2009,16.8,-1.3,7.4,392.6,1160.0,1061,171,0,61.0,2.7,5.3,68,-0.21
SITE062,2010,16.8,-1.2,7.4,296.0,1177.0,1064,171,0,59.0,2.9,5.9,27,-0.16
SITE062,2011,16.9,-1.1,7.5,198.4,1196.0,1069,169,0,58.0,2.8,6.0,-15,-0.07
SITE062,2012,17.0,-1.0,7.7,287.9,1189.0,1076,168,0,58.0,2.5,5.8,23,0.06
SITE062,2013,17.2,-0.9,7.8,94.3,1224.0,1083,166,0,55.0,2.5,5.9,-60,0.19
SITE062,2014,17.2,-0.8,7.8,298.4,1196.0,1086,165,0,58.0,3.1,5.7,28,0.25
SITE062,2015,17.3,-0.8,7.9,139.4,1222.0,1088,164,0,56.0,2.2,6.1,-40,0.29
SITE062,2016,17.4,-0.7,8.0,292.5,1204.0,1094,163,0,57.0,2.7,5.9,25,0.41
SITE062,2017,17.5,-0.6,8.1,122.0,1234.0,1098,162,0,55.0,2.4,6.0,-48,0.48
SITE062,2018,17.5,-0.5,8.1,190.9,1227.0,1102,161,0,55.0,2.8,5.9,-18,0.55
SITE062,2019,17.6,-0.5,8.2,446.8,1188.0,1104,161,0,58.0,2.6,5.5,91,0.58
SITE062,2020,17.5,-0.6,8.1,388.5,1194.0,1101,161,0,58.0,2.9,5.2,66,0.52
SITE062,2021,17.6,-0.4,8.2,137.1,1239.0,1107,160,0,54.0,3.1,6.5,-41,0.64
SITE062,2022,17.7,-0.4,8.3,183.2,1235.0,1110,159,0,55.0,2.3,6.2,-22,0.7
SITE062,2023,17.6,-0.4,8.2,123.6,1241.0,1106,160,0,54.0,2.7,6.0,-47,0.63
SITE062,2024,17.6,-0.5,8.2,200.6,1228.0,1106,160,0,55.0,2.5,5.9,-14,0.62
SITE063,1991,16.4,-1.7,7.0,200.0,1182.0,1020,175,0,58.0,2.5,6.1,-50,-0.35
SITE063,1992,16.4,-1.6,7.0,566.9,1153.0,1023,175,0,60.0,2.6,5.8,41,-0.29
SITE063,1993,16.4,-1.7,7.0,485.4,1158.0,1021,175,0,60.0,2.5,5.9,20,-0.32
SITE063,1994,16.4,-1.6,7.0,135.6,1189.0,1021,175,0,57.0,2.7,6.2,-66,-0.32
SITE063,1995,16.3,-1.7,6.9,220.5,1177.0,1016,176,0,58.0,2.9,6.1,-45,-0.42
SITE063,1996,16.4,-1.7,7.0,547.6,1150.0,1018,176,0,61.0,2.6,5.7,36,-0.38
SITE063,1997,16.3,-1.8,6.9,919.8,1115.0,1015,177,0,64.0,2.7,5.0,128,-0.45
SITE063,1998,16.3,-1.8,6.9,435.7,1157.0,1015,177,0,60.0,2.7,5.8,8,-0.43
SITE063,1999,16.2,-1.8,6.8,254.5,1169.0,1011,178,0,59.0,2.4,6.0,-37,-0.52
SITE063,2000,16.3,-1.8,6.9,255.7,1173.0,1015,177,0,59.0,2.7,5.9,-37,-0.44
SITE063,2001,16.3,-1.7,6.9,467.3,1155.0,1016,176,0,60.0,2.8,5.6,16,-0.42
SITE063,2002,16.2,-1.8,6.9,641.2,1137.0,1013,177,0,62.0,2.3,5.4,59,-0.49
SITE063,2003,16.3,-1.8,6.9,156.1,1180.0,1014,177,0,58.0,2.7,6.3,-61,-0.47
SITE063,2004,16.3,-1.8,6.9,633.2,1139.0,1014,177,0,62.0,2.5,5.6,57,-0.45
SITE063,2005,16.5,-1.6,7.1,428.2,1167.0,1025,174,0,59.0,2.5,5.7,6,-0.24
SITE063,2006,16.5,-1.6,7.1,299.1,1179.0,1026,174,0,58.0,2.8,5.9,-26,-0.23
SITE063,2007,16.6,-1.5,7.2,537.8,1161.0,1029,173,0,60.0,3.0,5.8,33,-0.16
SITE063,2008,16.7,-1.4,7.3,398.4,1179.0,1036,171,0,58.0,2.8,5.8,-1,-0.04
SITE063,2009,16.8,-1.3,7.4,383.0,1185.0,1041,170,0,58.0,2.8,5.6,-5,0.07
SITE063,2010,16.7,-1.3,7.4,273.5,1193.0,1038,171,0,57.0,2.9,5.8,-32,0.01
SITE063,2011,16.8,-1.2,7.4,455.4,1180.0,1042,170,0,58.0,2.6,6.0,13,0.08
SITE063,2012,16.8,-1.3,7.4,273.3,1194.0,1040,170,0,57.0,2.9,6.0,-32,0.05
SITE063,2013,16.8,-1.3,7.4,407.3,1184.0,1042,170,0,58.0,2.4,5.8,1,0.08
SITE063,2014,16.9,-1.1,7.5,272.5,1201.0,1047,168,0,56.0,2.9,6.1,-32,0.18
SITE063,2015,17.0,-1.1,7.6,382.1,1193.0,1050,168,0,57.0,2.5,6.1,-5,0.22
SITE063,2016,17.1,-0.9,7.7,401.4,1199.0,1058,165,0,56.0,2.0,6.0,0,0.38
SITE063,2017,17.2,-0.9,7.8,184.7,1222.0,1062,164,0,55.0,2.3,6.0,-54,0.46
SITE063,2018,17.3,-0.8,7.9,226.6,1222.0,1066,163,0,54.0,3.1,6.0,-44,0.55
SITE063,2019,17.3,-0.8,7.9,523.5,1194.0,1065,163,0,57.0,2.6,5.8,30,0.53
SITE063,2020,17.3,-0.7,7.9,576.4,1193.0,1069,163,0,57.0,2.9,5.7,43,0.6
SITE063,2021,17.4,-0.6,8.0,130.4,1238.0,1074,161,0,53.0,3.2,6.2,-68,0.7
SITE063,2022,17.5,-0.6,8.1,413.0,1215.0,1076,161,0,55.0,2.2,6.0,2,0.74
SITE063,2023,17.6,-0.5,8.2,344.7,1226.0,1082,159,0,54.0,3.0,6.1,-14,0.86
SITE063,2024,17.6,-0.4,8.2,301.3,1233.0,1085,158,0,54.0,2.4,5.9,-25,0.91
SITE064,1991,25.8,8.4,16.8,264.3,1638.0,2769,19,29,63.0,2.9,6.7,-47,-0.59
SITE064,1992,25.8,8.4,16.7,545.4,1609.0,2763,19,29,65.0,2.6,6.5,10,-0.62
SITE064,1993,25.8,8.4,16.8,431.8,1622.0,2771,19,29,64.0,2.5,6.3,-13,-0.57
SITE064,1994,25.9,8.5,16.8,314.8,1635.0,2776,19,29,63.0,2.1,6.3,-36,-0.54
SITE064,1995,26.0,8.6,16.9,426.6,1629.0,2791,19,30,63.0,2.4,6.4,-14,-0.43
SITE064,1996,26.0,8.5,16.9,326.4,1637.0,2786,19,29,63.0,2.6,6.9,-34,-0.47
SITE064,1997,26.0,8.6,17.0,316.2,1642.0,2796,18,30,63.0,2.4,6.7,-36,-0.4
SITE064,1998,26.2,8.7,17.1,338.7,1646.0,2816,18,30,62.0,2.7,6.7,-31,-0.26
SITE064,1999,26.2,8.7,17.1,173.1,1662.0,2815,18,30,61.0,2.5,6.8,-65,-0.27
SITE064,2000,26.1,8.6,17.0,220.3,1653.0,2802,18,30,62.0,2.4,6.8,-55,-0.35
SITE064,2001,26.1,8.7,17.1,350.4,1644.0,2813,18,30,62.0,2.3,6.4,-29,-0.28
SITE064,2002,26.1,8.7,17.1,397.2,1640.0,2814,18,30,63.0,2.5,6.6,-20,-0.27
SITE064,2003,26.2,8.8,17.2,629.0,1620.0,2825,18,30,64.0,2.2,6.1,27,-0.19
SITE064,2004,26.3,8.8,17.2,436.7,1641.0,2829,18,30,62.0,2.3,6.6,-12,-0.17
SITE064,2005,26.3,8.9,17.3,475.0,1641.0,2840,18,31,62.0,2.7,6.2,-4,-0.09
SITE064,2006,26.3,8.9,17.3,567.6,1632.0,2841,18,31,63.0,2.7,6.3,15,-0.08
SITE064,2007,26.4,9.0,17.4,553.6,1637.0,2852,18,31,62.0,2.6,6.2,12,-0.0
SITE064,2008,26.4,9.0,17.3,268.1,1664.0,2848,18,31,61.0,2.4,6.8,-46,-0.03
SITE064,2009,26.5,9.1,17.4,404.3,1655.0,2863,18,31,61.0,3.1,6.7,-18,0.08
SITE064,2010,26.4,9.0,17.4,596.3,1633.0,2855,18,31,63.0,2.6,6.2,21,0.02
SITE064,2011,26.5,9.1,17.4,377.9,1659.0,2866,18,31,61.0,2.7,6.5,-23,0.09
SITE064,2012,26.6,9.2,17.6,437.0,1658.0,2883,18,31,61.0,2.4,6.3,-12,0.21
SITE064,2013,26.6,9.2,17.5,539.7,1646.0,2876,18,31,62.0,2.8,6.2,9,0.17
SITE064,2014,26.7,9.3,17.6,481.1,1657.0,2893,17,32,61.0,2.2,6.3,-3,0.28
SITE064,2015,26.8,9.4,17.7,372.3,1673.0,2907,17,32,60.0,2.2,6.6,-25,0.38
SITE064,2016,26.8,9.4,17.8,257.9,1686.0,2912,17,32,59.0,2.7,6.8,-48,0.41
SITE064,2017,26.8,9.4,17.7,249.0,1686.0,2908,17,32,59.0,2.6,6.3,-50,0.39
SITE064,2018,26.8,9.4,17.8,303.0,1681.0,2911,17,32,59.0,2.6,6.4,-39,0.41
SITE064,2019,27.0,9.6,17.9,515.8,1668.0,2937,17,33,60.0,2.3,6.2,4,0.59
SITE064,2020,26.9,9.5,17.9,337.0,1682.0,2925,17,32,59.0,2.5,6.6,-32,0.51
SITE064,2021,26.9,9.5,17.8,313.6,1683.0,2921,17,32,59.0,2.6,6.9,-37,0.48
SITE064,2022,27.0,9.6,18.0,316.0,1689.0,2939,17,33,59.0,2.2,6.7,-36,0.6
SITE064,2023,26.9,9.5,17.9,267.0,1689.0,2924,17,32,59.0,2.9,6.6,-46,0.5
SITE064,2024,26.9,9.5,17.8,342.0,1681.0,2921,17,32,59.0,2.4,6.7,-31,0.48
SITE065,1991,24.4,6.3,15.0,314.5,1568.0,2406,53,22,66.0,2.3,6.3,-7,-1.04
SITE065,1992,24.4,6.4,15.0,231.9,1581.0,2413,53,22,65.0,2.2,6.6,-32,-0.99
SITE065,1993,24.5,6.5,15.1,408.2,1562.0,2425,52,22,66.0,3.1,6.3,20,-0.89
SITE065,1994,24.6,6.5,15.2,391.9,1567.0,2433,52,22,66.0,2.4,6.2,16,-0.84
SITE065,1995,24.8,6.7,15.4,328.9,1585.0,2457,51,23,64.0,2.6,6.3,-3,-0.64
SITE065,1996,24.8,6.8,15.4,568.6,1554.0,2464,51,23,66.0,2.4,5.8,68,-0.59
SITE065,1997,24.9,6.9,15.5,696.6,1540.0,2476,51,23,67.0,2.7,6.1,105,-0.5
SITE065,1998,24.9,6.9,15.5,327.9,1593.0,2478,51,23,64.0,2.4,6.5,-3,-0.48
SITE065,1999,24.9,6.9,15.6,124.4,1622.0,2480,50,23,62.0,2.2,6.8,-63,-0.46
SITE065,2000,25.1,7.0,15.7,205.7,1617.0,2496,50,23,62.0,2.5,6.6,-39,-0.34
SITE065,2001,25.1,7.1,15.7,235.7,1614.0,2500,50,23,62.0,2.5,6.6,-30,-0.31
SITE065,2002,25.2,7.1,15.8,409.0,1593.0,2508,50,24,64.0,2.4,5.9,21,-0.24
SITE065,2003,25.1,7.1,15.7,521.1,1574.0,2502,50,23,65.0,2.3,6.1,54,-0.29
SITE065,2004,25.3,7.2,15.9,393.4,1600.0,2523,49,24,63.0,2.4,6.1,16,-0.12
SITE065,2005,25.3,7.3,15.9,354.7,1607.0,2527,49,24,63.0,2.3,6.3,5,-0.09
SITE065,2006,25.5,7.4,16.1,274.0,1627.0,2548,48,24,61.0,2.4,6.8,-19,0.08
SITE065,2007,25.4,7.4,16.1,204.8,1636.0,2545,48,24,61.0,2.7,6.6,-40,0.05
SITE065,2008,25.5,7.5,16.1,203.0,1638.0,2550,48,24,60.0,2.4,6.6,-40,0.09
SITE065,2009,25.6,7.5,16.2,348.2,1621.0,2562,48,25,61.0,2.7,6.2,3,0.18
SITE065,2010,25.5,7.5,16.2,446.1,1606.0,2558,48,24,62.0,2.6,6.2,32,0.15
SITE065,2011,25.6,7.6,16.2,241.9,1639.0,2567,48,25,60.0,2.4,6.3,-29,0.22
SITE065,2012,25.8,7.8,16.4,424.2,1620.0,2589,47,25,61.0,2.4,6.1,25,0.39
SITE065,2013,25.8,7.8,16.4,465.1,1614.0,2589,47,25,62.0,2.1,6.3,37,0.39
SITE065,2014,25.8,7.8,16.5,371.0,1631.0,2596,47,25,60.0,3.0,6.6,9,0.45
SITE065,2015,25.9,7.8,16.5,189.6,1657.0,2597,47,25,59.0,2.5,6.7,-44,0.46
SITE065,2016,25.9,7.8,16.5,331.3,1638.0,2600,47,25,60.0,2.5,6.3,-2,0.48
SITE065,2017,25.9,7.9,16.5,271.5,1647.0,2601,47,25,59.0,2.4,6.6,-20,0.49
SITE065,2018,25.8,7.8,16.4,202.6,1653.0,2590,47,25,59.0,2.3,6.6,-40,0.41
SITE065,2019,25.9,7.9,16.5,455.3,1621.0,2602,47,25,61.0,2.8,5.9,34,0.49
SITE065,2020,25.9,7.9,16.5,369.7,1635.0,2605,47,25,60.0,2.2,6.3,9,0.52
SITE065,2021,26.0,8.0,16.6,243.7,1658.0,2618,46,26,59.0,2.5,6.4,-28,0.63
SITE065,2022,26.1,8.1,16.7,194.0,1668.0,2627,46,26,58.0,2.6,6.6,-43,0.69
SITE065,2023,26.2,8.2,16.8,324.8,1655.0,2643,45,26,59.0,2.3,6.3,-4,0.82
SITE065,2024,26.2,8.2,16.8,166.5,1679.0,2644,45,26,57.0,2.7,6.8,-51,0.83
SITE066,1991,25.6,7.7,16.3,811.2,1610.0,2715,34,30,66.0,2.7,6.4,23,-0.76
SITE066,1992,25.8,7.9,16.5,734.1,1622.0,2736,34,31,65.0,2.3,6.2,11,-0.61
SITE066,1993,25.7,7.8,16.4,659.7,1626.0,2729,34,31,65.0,2.8,6.3,0,-0.66
SITE066,1994,25.8,7.9,16.5,444.8,1644.0,2737,34,31,63.0,2.7,6.8,-33,-0.6
SITE066,1995,25.9,8.0,16.6,770.9,1627.0,2757,33,31,64.0,2.9,6.3,17,-0.46
SITE066,1996,26.0,8.1,16.7,331.6,1662.0,2765,33,32,62.0,2.7,6.6,-50,-0.41
SITE066,1997,26.0,8.1,16.7,777.2,1628.0,2762,33,32,64.0,2.6,6.2,18,-0.43
SITE066,1998,26.1,8.1,16.7,889.0,1623.0,2772,33,32,64.0,2.2,6.0,35,-0.35
SITE066,1999,26.1,8.1,16.8,433.5,1658.0,2776,33,32,62.0,2.4,6.5,-34,-0.33
SITE066,2000,26.1,8.2,16.8,874.9,1626.0,2780,33,32,64.0,2.4,6.1,33,-0.3
SITE066,2001,26.1,8.1,16.7,699.6,1637.0,2773,33,32,64.0,2.4,6.2,6,-0.35
SITE066,2002,26.3,8.4,17.0,1019.1,1624.0,2804,32,33,64.0,2.8,5.9,55,-0.13
SITE066,2003,26.3,8.4,17.0,972.2,1630.0,2813,32,33,64.0,2.4,6.0,48,-0.06
SITE066,2004,26.3,8.4,17.0,460.3,1668.0,2812,32,33,61.0,2.5,6.8,-30,-0.07
SITE066,2005,26.4,8.5,17.1,559.5,1665.0,2823,32,33,62.0,2.2,6.5,-15,0.01
SITE066,2006,26.4,8.5,17.1,772.7,1648.0,2822,32,33,63.0,2.5,6.1,17,-0.0
SITE066,2007,26.4,8.5,17.1,702.9,1655.0,2825,32,33,62.0,2.6,6.4,7,0.02
SITE066,2008,26.5,8.6,17.2,748.2,1654.0,2834,32,33,62.0,2.2,6.3,14,0.09
SITE066,2009,26.5,8.6,17.2,390.6,1683.0,2840,32,33,60.0,2.6,6.6,-41,0.13
SITE066,2010,26.6,8.6,17.2,498.7,1677.0,2845,32,33,61.0,2.5,6.4,-24,0.16
SITE066,2011,26.6,8.6,17.2,634.6,1666.0,2844,32,33,61.0,2.2,6.4,-4,0.15
SITE066,2012,26.6,8.7,17.3,450.4,1683.0,2854,31,34,60.0,2.7,6.6,-32,0.22
SITE066,2013,26.6,8.7,17.3,654.0,1667.0,2850,32,34,61.0,2.5,6.4,-1,0.2
SITE066,2014,26.5,8.6,17.2,516.1,1672.0,2836,32,33,61.0,2.4,6.7,-22,0.09
SITE066,2015,26.6,8.7,17.3,513.4,1678.0,2851,32,34,61.0,2.6,6.4,-22,0.2
SITE066,2016,26.7,8.8,17.4,897.4,1654.0,2866,31,34,62.0,2.4,6.0,36,0.31
SITE066,2017,26.8,8.9,17.5,297.8,1703.0,2878,31,34,59.0,2.5,6.6,-55,0.4
SITE066,2018,26.8,8.9,17.5,271.1,1704.0,2875,31,34,59.0,2.5,6.6,-59,0.38
SITE066,2019,26.9,9.0,17.6,1022.8,1654.0,2897,31,35,62.0,2.7,5.8,55,0.53
SITE066,2020,26.9,9.0,17.6,706.2,1679.0,2898,31,35,60.0,2.5,6.2,7,0.53
SITE066,2021,26.9,9.0,17.6,374.5,1704.0,2898,31,35,59.0,2.7,6.6,-43,0.53
SITE066,2022,26.9,9.0,17.6,340.5,1705.0,2893,31,35,59.0,2.5,6.7,-48,0.5
SITE066,2023,26.9,9.0,17.6,754.2,1675.0,2898,31,35,60.0,2.5,6.4,14,0.54
SITE066,2024,26.9,9.0,17.6,801.4,1671.0,2896,31,35,61.0,2.4,6.1,22,0.53
SITE067,1991,14.6,-3.5,5.2,415.3,1088.0,733,195,0,62.0,2.9,5.5,40,-0.79
SITE067,1992,14.6,-3.4,5.2,576.6,1073.0,735,194,0,64.0,2.8,5.4,94,-0.73
SITE067,1993,14.7,-3.4,5.3,199.7,1116.0,737,193,0,60.0,2.6,6.1,-33,-0.7
SITE067,1994,14.8,-3.3,5.4,234.1,1118.0,741,192,0,60.0,2.6,5.9,-21,-0.59
SITE067,1995,14.8,-3.2,5.4,163.3,1129.0,743,191,0,59.0,2.7,5.8,-45,-0.53
SITE067,1996,14.8,-3.2,5.4,234.4,1120.0,742,191,0,60.0,2.9,6.1,-21,-0.55
SITE067,1997,15.0,-3.1,5.6,608.9,1085.0,748,189,0,63.0,2.6,5.3,105,-0.4
SITE067,1998,15.0,-3.1,5.6,251.6,1126.0,749,189,0,59.0,3.0,5.9,-15,-0.37
SITE067,1999,15.1,-2.9,5.7,179.4,1141.0,754,187,0,58.0,2.7,6.1,-40,-0.24
SITE067,2000,15.2,-2.9,5.8,137.2,1148.0,756,186,0,57.0,2.5,6.2,-54,-0.19
SITE067,2001,15.2,-2.9,5.8,188.8,1143.0,757,186,0,58.0,2.8,5.9,-36,-0.17
SITE067,2002,15.2,-2.9,5.8,268.7,1134.0,757,186,0,58.0,2.7,5.9,-10,-0.17
SITE067,2003,15.2,-2.9,5.8,473.3,1110.0,756,186,0,61.0,2.8,5.5,59,-0.19
SITE067,2004,15.2,-2.8,5.8,488.3,1111.0,758,185,0,60.0,2.9,5.6,64,-0.13
SITE067,2005,15.3,-2.7,5.9,537.8,1109.0,762,184,0,61.0,2.7,5.7,81,-0.04
SITE067,2006,15.3,-2.7,5.9,501.2,1114.0,762,184,0,60.0,3.1,5.3,69,-0.03
SITE067,2007,15.4,-2.7,6.0,297.4,1140.0,764,183,0,58.0,2.8,6.1,0,0.03
SITE067,2008,15.4,-2.7,6.0,256.0,1146.0,765,183,0,57.0,2.5,5.7,-14,0.04
SITE067,2009,15.4,-2.6,6.0,346.7,1137.0,766,182,0,58.0,2.6,5.8,17,0.07
SITE067,2010,15.5,-2.5,6.1,338.6,1142.0,769,181,0,58.0,2.8,5.6,14,0.15
SITE067,2011,15.5,-2.5,6.1,190.9,1159.0,769,181,0,56.0,2.8,6.0,-36,0.15
SITE067,2012,15.5,-2.6,6.1,235.2,1153.0,769,181,0,57.0,2.8,6.3,-21,0.15
SITE067,2013,15.5,-2.5,6.2,218.7,1157.0,770,180,0,56.0,2.7,6.0,-26,0.19
SITE067,2014,15.6,-2.5,6.2,337.1,1145.0,772,180,0,57.0,2.6,5.7,14,0.23
SITE067,2015,15.7,-2.4,6.3,165.3,1171.0,776,178,0,55.0,2.5,6.0,-44,0.34
SITE067,2016,15.7,-2.3,6.3,370.3,1149.0,778,178,0,57.0,2.6,5.8,25,0.38
SITE067,2017,15.8,-2.3,6.4,271.6,1163.0,780,177,0,56.0,2.7,6.1,-9,0.43
SITE067,2018,15.8,-2.3,6.4,152.8,1176.0,779,177,0,55.0,2.7,5.8,-49,0.42
SITE067,2019,15.8,-2.3,6.4,270.1,1164.0,780,177,0,56.0,2.9,5.9,-9,0.45
SITE067,2020,15.8,-2.2,6.4,413.1,1148.0,781,176,0,57.0,2.8,5.6,39,0.47
SITE067,2021,15.8,-2.2,6.4,96.8,1184.0,781,177,0,54.0,2.7,6.6,-67,0.46
SITE067,2022,15.9,-2.2,6.5,325.3,1162.0,784,175,0,56.0,2.8,5.7,10,0.54
SITE067,2023,16.0,-2.0,6.6,248.3,1177.0,789,173,0,55.0,3.0,5.7,-16,0.68
SITE067,2024,16.0,-2.1,6.6,425.5,1154.0,787,174,0,57.0,2.6,5.6,43,0.62
SITE068,1991,13.0,-5.1,3.6,217.6,1034.0,550,201,0,60.0,3.0,5.7,2,-0.57
SITE068,1992,13.0,-5.0,3.6,204.0,1038.0,551,201,0,60.0,2.8,6.0,-5,-0.53
SITE068,1993,13.1,-5.0,3.7,168.1,1046.0,553,200,0,59.0,2.8,5.8,-21,-0.48
SITE068,1994,13.1,-4.9,3.7,78.0,1061.0,554,199,0,58.0,3.0,6.3,-64,-0.45
SITE068,1995,13.1,-5.0,3.7,299.4,1028.0,553,200,0,61.0,2.8,5.8,40,-0.46
SITE068,1996,13.1,-4.9,3.7,146.6,1051.0,554,199,0,59.0,2.6,5.9,-31,-0.44
SITE068,1997,13.1,-5.0,3.7,337.9,1022.0,553,200,0,62.0,2.5,5.4,58,-0.46
SITE068,1998,13.2,-4.9,3.8,160.7,1051.0,555,199,0,59.0,2.9,5.9,-25,-0.4
SITE068,1999,13.1,-5.0,3.7,127.1,1051.0,552,200,0,59.0,2.9,5.9,-41,-0.51
SITE068,2000,13.2,-4.8,3.8,98.1,1062.0,556,198,0,58.0,2.7,6.3,-54,-0.36
SITE068,2001,13.2,-4.8,3.8,183.2,1051.0,557,198,0,59.0,2.8,5.8,-14,-0.33
SITE068,2002,13.3,-4.8,3.9,131.4,1062.0,559,197,0,58.0,2.3,6.0,-39,-0.27
SITE068,2003,13.2,-4.9,3.8,181.0,1048.0,555,198,0,59.0,2.9,6.0,-15,-0.39
SITE068,2004,13.1,-4.9,3.7,153.0,1049.0,554,199,0,59.0,2.7,6.1,-29,-0.46
SITE068,2005,13.3,-4.8,3.9,246.3,1043.0,558,197,0,60.0,2.9,5.7,15,-0.31
SITE068,2006,13.3,-4.7,4.0,336.2,1034.0,560,196,0,61.0,2.7,5.5,57,-0.22
SITE068,2007,13.4,-4.6,4.0,226.2,1053.0,562,195,0,59.0,2.5,5.8,6,-0.15
SITE068,2008,13.4,-4.6,4.1,89.7,1075.0,563,194,0,57.0,2.8,6.2,-58,-0.12
SITE068,2009,13.5,-4.5,4.2,117.8,1076.0,566,193,0,57.0,2.8,6.0,-45,-0.02
SITE068,2010,13.6,-4.4,4.3,198.6,1069.0,569,191,0,57.0,2.9,5.9,-7,0.08
SITE068,2011,13.7,-4.4,4.3,154.3,1076.0,569,191,0,57.0,2.8,6.2,-28,0.09
SITE068,2012,13.8,-4.2,4.4,103.2,1091.0,574,189,0,55.0,2.6,6.1,-52,0.25
SITE068,2013,13.8,-4.3,4.4,210.3,1074.0,573,189,0,57.0,2.9,5.9,-2,0.22
SITE068,2014,13.8,-4.2,4.4,190.1,1078.0,573,189,0,57.0,2.7,6.1,-11,0.25
SITE068,2015,14.0,-4.1,4.6,98.4,1099.0,578,186,0,55.0,3.0,6.3,-54,0.39
SITE068,2016,14.0,-4.1,4.6,122.3,1097.0,579,186,0,55.0,3.1,6.4,-43,0.43
SITE068,2017,14.0,-4.1,4.6,163.1,1091.0,579,186,0,56.0,2.4,6.0,-24,0.43
SITE068,2018,14.0,-4.0,4.6,122.3,1098.0,579,186,0,55.0,3.1,5.9,-43,0.45
SITE068,2019,14.1,-4.0,4.7,590.3,1030.0,581,185,0,61.0,2.8,4.9,176,0.51
SITE068,2020,14.2,-3.9,4.8,303.1,1078.0,583,183,0,57.0,2.8,5.6,42,0.59
SITE068,2021,14.2,-3.8,4.9,73.2,1117.0,586,182,0,53.0,2.4,6.2,-66,0.68
SITE068,2022,14.3,-3.7,4.9,163.6,1107.0,588,181,0,54.0,3.0,6.2,-24,0.75
SITE068,2023,14.5,-3.6,5.1,165.3,1114.0,592,178,0,54.0,2.7,5.8,-23,0.92
SITE068,2024,14.5,-3.6,5.1,148.5,1117.0,592,178,0,53.0,2.5,6.1,-31,0.92
SITE069,1991,14.5,-3.6,5.1,488.7,1093.0,746,195,0,61.0,2.4,5.6,22,-0.53
SITE069,1992,14.5,-3.6,5.1,549.6,1088.0,746,194,0,61.0,2.6,5.5,37,-0.53
SITE069,1993,14.4,-3.6,5.1,624.0,1081.0,746,195,0,62.0,2.4,5.5,56,-0.54
SITE069,1994,14.4,-3.6,5.0,351.8,1103.0,745,195,0,60.0,2.5,5.9,-12,-0.55
SITE069,1995,14.4,-3.6,5.1,214.9,1115.0,746,195,0,59.0,3.0,6.0,-46,-0.54
SITE069,1996,14.5,-3.6,5.1,352.2,1105.0,747,194,0,60.0,2.5,5.9,-12,-0.52
SITE069,1997,14.6,-3.4,5.2,282.5,1118.0,752,192,0,59.0,2.7,6.0,-29,-0.37
SITE069,1998,14.6,-3.4,5.2,345.4,1113.0,753,192,0,59.0,3.0,5.8,-14,-0.35
SITE069,1999,14.8,-3.3,5.4,227.3,1131.0,759,190,0,57.0,2.6,6.2,-43,-0.2
SITE069,2000,14.8,-3.3,5.4,128.2,1138.0,758,190,0,57.0,3.1,6.1,-68,-0.22
SITE069,2001,14.7,-3.4,5.3,365.8,1115.0,756,191,0,59.0,2.8,5.8,-9,-0.28
SITE069,2002,14.7,-3.3,5.3,383.7,1114.0,756,191,0,59.0,2.5,6.0,-4,-0.27
SITE069,2003,14.7,-3.3,5.3,330.1,1119.0,757,190,0,58.0,2.7,6.0,-17,-0.25
SITE069,2004,14.8,-3.3,5.4,259.4,1127.0,759,190,0,58.0,2.9,6.0,-35,-0.21
SITE069,2005,14.8,-3.3,5.4,395.2,1117.0,759,190,0,59.0,2.6,5.9,-1,-0.2
SITE069,2006,14.7,-3.3,5.4,430.0,1111.0,757,190,0,59.0,2.1,5.7,8,-0.24
SITE069,2007,14.7,-3.3,5.3,332.2,1119.0,757,190,0,58.0,3.2,6.2,-17,-0.25
SITE069,2008,14.9,-3.2,5.5,610.1,1102.0,762,189,0,60.0,2.5,5.4,53,-0.13
SITE069,2009,14.9,-3.1,5.5,455.2,1118.0,764,188,0,59.0,2.8,5.7,14,-0.07
SITE069,2010,14.9,-3.1,5.5,317.0,1130.0,764,188,0,58.0,2.7,6.1,-21,-0.06
SITE069,2011,15.0,-3.1,5.6,490.4,1117.0,766,187,0,59.0,2.8,6.2,23,-0.01
SITE069,2012,15.1,-2.9,5.7,345.0,1136.0,771,185,0,57.0,2.5,6.0,-14,0.12
SITE069,2013,15.0,-3.0,5.7,397.3,1129.0,769,186,0,58.0,2.5,5.6,-1,0.06
SITE069,2014,15.1,-3.0,5.7,470.2,1124.0,770,185,0,58.0,2.6,5.6,18,0.09
SITE069,2015,15.2,-2.9,5.8,209.3,1151.0,774,184,0,56.0,3.3,6.0,-48,0.19
SITE069,2016,15.4,-2.6,6.0,576.8,1132.0,784,180,0,58.0,2.5,5.7,44,0.45
SITE069,2017,15.4,-2.6,6.1,254.2,1160.0,784,180,0,55.0,2.8,5.7,-36,0.46
SITE069,2018,15.4,-2.6,6.0,256.8,1159.0,783,180,0,55.0,2.6,6.1,-36,0.44
SITE069,2019,15.6,-2.5,6.2,418.4,1153.0,790,178,0,56.0,3.0,6.1,5,0.61
SITE069,2020,15.6,-2.5,6.2,635.7,1134.0,790,178,0,57.0,3.0,5.4,59,0.6
SITE069,2021,15.7,-2.3,6.4,292.5,1171.0,796,175,0,54.0,2.9,6.0,-27,0.76
SITE069,2022,15.9,-2.2,6.5,169.4,1188.0,800,174,0,53.0,3.1,6.4,-58,0.87
SITE069,2023,15.9,-2.2,6.5,400.7,1168.0,800,174,0,55.0,2.7,5.8,0,0.87
SITE069,2024,15.8,-2.3,6.4,524.6,1154.0,798,175,0,56.0,2.4,5.5,31,0.81
SITE070,1991,27.1,8.5,17.4,174.2,1666.0,3057,42,49,41.0,3.2,8.6,37,-0.53
SITE070,1992,27.2,8.6,17.5,182.7,1668.0,3074,42,50,41.0,3.4,8.6,44,-0.42
SITE070,1993,27.3,8.6,17.6,139.4,1688.0,3082,41,50,40.0,3.4,8.5,10,-0.37
SITE070,1994,27.3,8.7,17.6,97.1,1705.0,3084,41,50,39.0,3.4,8.7,-24,-0.36
SITE070,1995,27.3,8.7,17.6,89.7,1709.0,3088,41,50,38.0,2.8,8.7,-29,-0.33
SITE070,1996,27.4,8.7,17.7,198.5,1669.0,3097,41,51,41.0,3.6,8.4,56,-0.27
SITE070,1997,27.4,8.8,17.7,237.7,1656.0,3106,41,51,41.0,3.0,7.9,87,-0.22
SITE070,1998,27.5,8.9,17.8,118.1,1708.0,3119,41,51,38.0,3.4,8.8,-7,-0.13
SITE070,1999,27.5,8.8,17.8,82.2,1719.0,3107,41,51,38.0,3.1,9.0,-35,-0.21
SITE070,2000,27.4,8.8,17.7,76.1,1720.0,3103,41,51,38.0,2.9,8.7,-40,-0.23
SITE070,2001,27.4,8.8,17.7,45.5,1730.0,3098,41,51,37.0,3.7,8.9,-64,-0.27
SITE070,2002,27.4,8.8,17.7,167.1,1682.0,3098,41,51,40.0,3.4,8.4,32,-0.27
SITE070,2003,27.4,8.8,17.7,49.5,1729.0,3099,41,51,37.0,3.0,9.3,-61,-0.26
SITE070,2004,27.4,8.8,17.7,145.0,1693.0,3105,41,51,39.0,3.3,8.4,14,-0.22
SITE070,2005,27.6,8.9,17.9,59.3,1734.0,3128,41,52,37.0,3.0,9.1,-53,-0.07
SITE070,2006,27.5,8.9,17.8,120.4,1707.0,3121,41,51,38.0,3.3,8.7,-5,-0.12
SITE070,2007,27.6,9.0,17.9,231.7,1666.0,3131,40,52,41.0,3.1,8.2,82,-0.06
SITE070,2008,27.6,9.0,17.9,89.3,1724.0,3133,40,52,37.0,3.4,8.9,-30,-0.05
SITE070,2009,27.6,9.0,17.9,84.1,1725.0,3130,40,52,37.0,2.9,8.7,-34,-0.06
SITE070,2010,27.7,9.1,18.0,98.8,1725.0,3150,40,52,37.0,3.2,8.8,-22,0.06
SITE070,2011,27.8,9.2,18.1,104.1,1728.0,3168,40,53,37.0,3.1,8.6,-18,0.18
SITE070,2012,27.9,9.3,18.2,148.6,1715.0,3184,39,54,37.0,3.2,8.4,17,0.28
SITE070,2013,27.9,9.3,18.2,151.1,1712.0,3178,40,53,38.0,3.2,8.5,19,0.24
SITE070,2014,27.9,9.3,18.2,105.8,1731.0,3180,39,53,36.0,3.5,8.7,-17,0.26
SITE070,2015,27.9,9.3,18.3,134.0,1721.0,3185,39,54,37.0,2.9,8.3,5,0.29
SITE070,2016,27.9,9.2,18.2,221.0,1682.0,3170,40,53,39.0,2.8,8.1,74,0.2
SITE070,2017,27.9,9.3,18.2,115.8,1728.0,3181,39,53,37.0,3.6,8.6,-9,0.26
SITE070,2018,27.9,9.3,18.2,117.9,1726.0,3178,40,53,37.0,3.5,8.4,-7,0.24
SITE070,2019,27.9,9.3,18.2,233.8,1680.0,3184,39,54,39.0,3.0,8.2,84,0.28
SITE070,2020,27.9,9.3,18.2,118.7,1727.0,3182,39,54,37.0,3.3,8.4,-7,0.27
SITE070,2021,28.0,9.4,18.3,82.4,1746.0,3198,39,54,35.0,3.5,8.7,-35,0.37
SITE070,2022,28.1,9.4,18.4,92.6,1745.0,3207,39,54,35.0,3.4,8.9,-27,0.43
SITE070,2023,28.2,9.5,18.5,138.4,1729.0,3217,39,55,36.0,3.7,8.4,9,0.5
SITE070,2024,28.2,9.6,18.5,120.8,1741.0,3231,38,55,36.0,3.1,8.4,-5,0.58
SITE071,1991,26.7,8.0,17.0,54.7,1694.0,2931,60,45,37.0,3.3,9.0,-39,-0.12
SITE071,1992,26.7,8.1,17.0,92.2,1676.0,2941,60,45,38.0,3.1,8.6,2,-0.05
SITE071,1993,26.7,8.0,17.0,83.8,1677.0,2930,60,45,38.0,3.0,8.7,-7,-0.12
SITE071,1994,26.7,8.0,17.0,50.9,1697.0,2935,60,45,37.0,2.9,9.0,-43,-0.09
SITE071,1995,26.7,8.1,17.0,59.4,1693.0,2937,60,45,37.0,2.7,8.7,-34,-0.08
SITE071,1996,26.6,8.0,16.9,170.1,1628.0,2926,60,45,41.0,3.3,8.0,89,-0.15
SITE071,1997,26.7,8.1,17.0,132.4,1654.0,2942,60,46,40.0,2.9,8.6,47,-0.04
SITE071,1998,26.8,8.2,17.1,42.3,1707.0,2950,59,46,36.0,3.3,8.7,-53,0.02
SITE071,1999,26.9,8.2,17.2,39.7,1712.0,2961,59,46,36.0,3.2,8.7,-56,0.09
SITE071,2000,26.8,8.2,17.1,48.1,1705.0,2955,59,46,36.0,3.4,8.8,-47,0.05
SITE071,2001,26.9,8.3,17.2,71.7,1695.0,2965,59,46,37.0,3.3,8.8,-20,0.11
SITE071,2002,26.9,8.3,17.2,111.4,1675.0,2970,59,46,38.0,2.9,8.3,24,0.15
SITE071,2003,26.9,8.2,17.2,68.5,1696.0,2962,59,46,37.0,3.3,8.8,-24,0.1
SITE071,2004,26.8,8.2,17.1,208.3,1616.0,2958,59,46,42.0,3.1,7.7,131,0.06
SITE071,2005,26.8,8.1,17.1,78.9,1685.0,2946,60,46,38.0,3.1,8.4,-12,-0.01
SITE071,2006,26.8,8.1,17.1,125.3,1660.0,2947,60,46,39.0,3.5,8.3,39,-0.0
SITE071,2007,26.8,8.1,17.1,85.8,1682.0,2947,60,46,38.0,3.3,8.6,-5,-0.0
SITE071,2008,26.7,8.1,17.0,91.1,1676.0,2938,60,45,38.0,3.3,8.5,1,-0.07
SITE071,2009,26.7,8.1,17.0,84.5,1681.0,2942,60,46,38.0,2.9,8.5,-6,-0.04
SITE071,2010,26.7,8.0,17.0,176.0,1626.0,2931,60,45,41.0,2.8,8.0,96,-0.12
SITE071,2011,26.7,8.1,17.0,77.5,1684.0,2940,60,45,38.0,3.5,8.6,-14,-0.06
SITE071,2012,26.6,8.0,16.9,48.4,1696.0,2928,60,45,37.0,3.3,8.8,-46,-0.14
SITE071,2013,26.6,7.9,16.9,133.5,1644.0,2914,61,45,40.0,3.0,8.4,48,-0.23
SITE071,2014,26.5,7.9,16.8,41.9,1695.0,2912,61,45,37.0,3.3,8.7,-53,-0.24
SITE071,2015,26.6,7.9,16.9,48.2,1692.0,2916,61,45,37.0,3.3,8.7,-46,-0.22
SITE071,2016,26.7,8.0,17.0,155.4,1639.0,2934,60,45,41.0,3.2,8.1,73,-0.09
SITE071,2017,26.8,8.1,17.1,72.5,1689.0,2946,60,46,37.0,3.2,8.8,-19,-0.02
SITE071,2018,26.8,8.2,17.1,19.8,1721.0,2955,59,46,35.0,3.3,8.9,-78,0.05
SITE071,2019,26.8,8.2,17.1,214.5,1611.0,2952,59,46,42.0,3.1,7.9,138,0.03
SITE071,2020,26.9,8.3,17.2,124.4,1667.0,2968,59,46,39.0,3.1,8.5,38,0.14
SITE071,2021,27.0,8.3,17.3,39.3,1717.0,2975,59,47,36.0,3.4,9.1,-56,0.18
SITE071,2022,27.1,8.4,17.4,69.5,1705.0,2989,58,47,36.0,3.3,8.7,-23,0.28
SITE071,2023,27.1,8.4,17.4,68.1,1706.0,2990,58,47,36.0,3.5,8.7,-24,0.28
SITE071,2024,27.1,8.5,17.4,93.4,1695.0,3000,58,47,37.0,3.5,8.6,4,0.35
SITE072,1991,25.6,6.9,15.9,144.6,1626.0,2705,71,38,40.0,3.4,8.7,-10,-0.59
SITE072,1992,25.7,7.1,16.0,227.7,1607.0,2723,71,39,41.0,3.3,8.3,42,-0.45
SITE072,1993,25.7,7.0,16.0,227.3,1605.0,2718,71,39,41.0,2.8,8.5,42,-0.49
SITE072,1994,25.7,7.0,16.0,73.4,1652.0,2717,71,39,38.0,3.3,8.8,-54,-0.5
SITE072,1995,25.7,7.0,16.0,181.4,1619.0,2717,71,39,40.0,2.8,8.4,13,-0.5
SITE072,1996,25.7,7.1,16.0,146.9,1631.0,2722,71,39,40.0,3.2,8.6,-8,-0.46
SITE072,1997,25.8,7.2,16.1,213.4,1616.0,2736,70,39,40.0,3.1,8.3,33,-0.36
SITE072,1998,25.9,7.2,16.2,138.4,1641.0,2744,70,39,39.0,3.3,8.8,-13,-0.31
SITE072,1999,26.0,7.3,16.3,117.4,1653.0,2758,69,40,38.0,3.5,8.8,-27,-0.2
SITE072,2000,26.0,7.3,16.3,74.6,1666.0,2759,69,40,37.0,3.2,8.7,-53,-0.2
SITE072,2001,25.9,7.2,16.2,59.5,1667.0,2747,70,39,37.0,3.8,8.8,-63,-0.29
SITE072,2002,25.9,7.2,16.2,72.1,1662.0,2744,70,39,38.0,3.6,8.9,-55,-0.31
SITE072,2003,25.8,7.2,16.1,171.7,1629.0,2739,70,39,40.0,4.3,8.6,7,-0.34
SITE072,2004,25.9,7.2,16.2,166.1,1632.0,2742,70,39,39.0,3.4,8.5,4,-0.32
SITE072,2005,26.0,7.3,16.3,84.2,1664.0,2762,69,40,37.0,3.1,8.8,-47,-0.18
SITE072,2006,26.1,7.4,16.4,130.5,1653.0,2770,69,40,38.0,3.3,8.5,-18,-0.12
SITE072,2007,26.1,7.5,16.4,213.6,1632.0,2783,68,40,39.0,3.6,8.5,34,-0.03
SITE072,2008,26.2,7.5,16.5,191.1,1639.0,2784,68,40,39.0,3.3,8.5,19,-0.02
SITE072,2009,26.2,7.5,16.5,67.9,1678.0,2788,68,41,36.0,3.3,8.6,-58,0.01
SITE072,2010,26.1,7.4,16.4,164.7,1644.0,2775,69,40,38.0,3.3,8.8,3,-0.08
SITE072,2011,26.1,7.4,16.4,160.9,1645.0,2775,69,40,38.0,3.0,8.6,1,-0.08
SITE072,2012,26.1,7.4,16.4,107.8,1661.0,2775,69,40,37.0,3.5,8.7,-33,-0.08
SITE072,2013,26.2,7.6,16.5,141.5,1658.0,2795,68,41,37.0,3.4,8.5,-12,0.06
SITE072,2014,26.4,7.8,16.7,149.1,1665.0,2823,67,42,37.0,3.6,8.7,-7,0.26
SITE072,2015,26.6,7.9,16.9,129.2,1679.0,2843,66,42,36.0,3.3,8.7,-19,0.4
SITE072,2016,26.6,7.9,16.9,157.5,1670.0,2843,66,42,36.0,3.8,8.5,-2,0.4
SITE072,2017,26.6,8.0,16.9,37.1,1711.0,2852,66,42,34.0,3.1,9.1,-77,0.47
SITE072,2018,26.7,8.0,17.0,227.4,1652.0,2856,66,43,37.0,3.2,8.2,42,0.5
SITE072,2019,26.7,8.1,17.1,293.8,1635.0,2867,65,43,38.0,3.1,8.0,84,0.58
SITE072,2020,26.7,8.1,17.0,106.8,1693.0,2863,65,43,35.0,3.0,8.6,-33,0.55
SITE072,2021,26.8,8.2,17.1,76.2,1707.0,2876,65,43,34.0,2.7,9.0,-52,0.64
SITE072,2022,26.8,8.2,17.1,97.5,1700.0,2875,65,43,34.0,3.6,8.9,-39,0.63
SITE072,2023,26.9,8.2,17.2,116.9,1697.0,2886,64,43,34.0,3.1,8.7,-27,0.71
SITE072,2024,26.9,8.2,17.2,68.3,1712.0,2883,65,43,34.0,3.4,8.9,-57,0.69
SITE073,1991,21.6,3.0,11.9,145.4,1460.0,1790,122,3,39.0,3.2,8.9,-39,-0.48
SITE073,1992,21.7,3.0,12.0,424.7,1413.0,1798,122,3,42.0,3.2,8.0,78,-0.39
SITE073,1993,21.7,3.1,12.0,175.5,1462.0,1804,121,3,39.0,3.3,8.6,-27,-0.33
SITE073,1994,21.7,3.0,12.0,139.0,1466.0,1799,121,3,38.0,3.3,8.8,-42,-0.38
SITE073,1995,21.7,3.1,12.1,143.7,1468.0,1804,121,3,38.0,3.1,8.8,-40,-0.33
SITE073,1996,21.7,3.1,12.0,223.4,1453.0,1803,121,3,39.0,2.5,8.8,-7,-0.34
SITE073,1997,21.6,3.0,11.9,355.7,1422.0,1790,122,3,41.0,3.2,8.3,49,-0.48
SITE073,1998,21.7,3.1,12.0,224.7,1451.0,1800,121,3,39.0,3.6,8.6,-6,-0.37
SITE073,1999,21.7,3.1,12.0,174.9,1462.0,1804,121,3,39.0,3.7,8.9,-27,-0.33
SITE073,2000,21.9,3.3,12.2,113.3,1481.0,1818,119,3,37.0,3.1,8.8,-53,-0.17
SITE073,2001,21.8,3.2,12.1,205.7,1461.0,1812,120,3,39.0,3.2,8.6,-14,-0.24
SITE073,2002,21.9,3.3,12.2,298.3,1449.0,1822,119,3,39.0,3.2,8.3,25,-0.13
SITE073,2003,21.9,3.3,12.2,219.6,1462.0,1820,119,3,38.0,2.9,8.6,-8,-0.16
SITE073,2004,21.8,3.2,12.1,176.0,1466.0,1811,120,3,38.0,2.8,8.9,-26,-0.25
SITE073,2005,21.8,3.2,12.1,157.1,1469.0,1811,120,3,38.0,3.2,8.6,-34,-0.26
SITE073,2006,21.9,3.3,12.2,281.9,1451.0,1820,119,3,39.0,3.1,8.5,18,-0.16
SITE073,2007,22.0,3.4,12.3,195.7,1470.0,1827,119,3,38.0,3.1,8.7,-18,-0.08
SITE073,2008,22.1,3.4,12.4,213.7,1472.0,1835,118,3,38.0,3.8,8.6,-11,0.01
SITE073,2009,22.1,3.5,12.4,477.7,1424.0,1837,118,3,41.0,3.7,7.8,100,0.03
SITE073,2010,22.0,3.4,12.3,168.0,1476.0,1827,119,3,37.0,3.2,8.7,-30,-0.08
SITE073,2011,22.1,3.4,12.4,167.7,1480.0,1835,118,3,37.0,3.2,8.7,-30,0.01
SITE073,2012,22.2,3.5,12.5,235.3,1472.0,1843,117,3,38.0,3.7,8.6,-2,0.1
SITE073,2013,22.2,3.5,12.5,254.6,1468.0,1842,117,3,38.0,3.3,8.5,7,0.09
SITE073,2014,22.3,3.6,12.6,185.8,1486.0,1852,116,3,37.0,3.5,8.4,-22,0.2
SITE073,2015,22.3,3.6,12.6,266.1,1470.0,1851,116,3,38.0,3.6,8.6,11,0.18
SITE073,2016,22.4,3.7,12.7,230.2,1482.0,1860,115,3,37.0,3.2,8.8,-4,0.29
SITE073,2017,22.4,3.8,12.7,199.4,1490.0,1865,115,3,36.0,3.3,8.4,-17,0.34
SITE073,2018,22.5,3.9,12.8,108.7,1512.0,1875,114,3,35.0,3.4,8.9,-55,0.45
SITE073,2019,22.6,3.9,12.9,406.7,1459.0,1879,113,3,38.0,3.0,8.2,70,0.49
SITE073,2020,22.5,3.8,12.8,337.8,1468.0,1872,114,3,38.0,2.9,8.5,41,0.41
SITE073,2021,22.5,3.9,12.8,206.9,1495.0,1877,113,3,36.0,2.9,8.8,-13,0.47
SITE073,2022,22.6,4.0,12.9,192.2,1502.0,1885,113,3,35.0,3.0,8.8,-20,0.56
SITE073,2023,22.7,4.1,13.0,225.0,1499.0,1892,112,3,35.0,3.2,8.7,-6,0.63
SITE073,2024,22.8,4.2,13.1,232.8,1503.0,1900,111,3,35.0,3.3,8.6,-3,0.72
SITE074,1991,20.6,1.9,10.9,130.8,1413.0,1659,138,2,40.0,3.3,9.0,-27,-0.64
SITE074,1992,20.5,1.9,10.9,270.7,1380.0,1659,138,2,42.0,3.1,8.2,51,-0.64
SITE074,1993,20.6,2.0,11.0,224.3,1396.0,1667,137,2,41.0,2.8,8.1,25,-0.55
SITE074,1994,20.7,2.1,11.0,86.9,1430.0,1672,136,2,38.0,2.6,9.0,-51,-0.5
SITE074,1995,20.6,1.9,10.9,207.1,1396.0,1661,138,2,41.0,3.4,8.5,16,-0.63
SITE074,1996,20.5,1.9,10.8,107.5,1418.0,1658,138,2,39.0,3.6,8.8,-40,-0.66
SITE074,1997,20.7,2.0,11.0,154.2,1413.0,1669,137,2,40.0,3.4,8.6,-14,-0.53
SITE074,1998,20.7,2.1,11.0,118.8,1425.0,1675,136,2,39.0,3.5,8.7,-34,-0.46
SITE074,1999,20.7,2.1,11.0,72.3,1435.0,1674,136,2,38.0,3.4,9.2,-60,-0.47
SITE074,2000,20.7,2.1,11.1,128.3,1423.0,1676,136,2,39.0,3.4,8.7,-28,-0.44
SITE074,2001,20.9,2.2,11.2,205.5,1410.0,1686,134,2,40.0,3.3,8.3,15,-0.33
SITE074,2002,21.0,2.3,11.3,248.3,1407.0,1697,133,2,40.0,3.4,8.3,39,-0.2
SITE074,2003,21.0,2.4,11.3,213.3,1417.0,1701,133,2,39.0,3.2,8.4,19,-0.15
SITE074,2004,20.9,2.3,11.2,280.3,1397.0,1693,134,2,41.0,3.5,8.1,57,-0.25
SITE074,2005,21.0,2.3,11.3,158.0,1427.0,1694,133,2,39.0,3.0,8.8,-12,-0.23
SITE074,2006,21.0,2.4,11.3,150.3,1431.0,1698,133,2,38.0,3.4,8.5,-16,-0.19
SITE074,2007,21.1,2.5,11.4,100.5,1447.0,1706,132,2,37.0,3.5,8.7,-44,-0.09
SITE074,2008,21.2,2.6,11.5,161.6,1438.0,1716,131,2,38.0,3.4,8.6,-10,0.02
SITE074,2009,21.2,2.6,11.5,217.1,1425.0,1717,131,2,39.0,3.3,8.4,21,0.03
SITE074,2010,21.4,2.7,11.7,253.4,1423.0,1729,129,2,39.0,3.6,8.3,42,0.17
SITE074,2011,21.4,2.7,11.7,212.5,1434.0,1731,129,2,38.0,3.3,8.4,19,0.19
SITE074,2012,21.5,2.8,11.8,224.4,1436.0,1739,128,2,38.0,3.2,8.7,25,0.29
SITE074,2013,21.5,2.9,11.8,193.3,1445.0,1741,128,2,37.0,2.6,8.7,8,0.31
SITE074,2014,21.6,3.0,11.9,229.7,1441.0,1749,127,2,37.0,3.2,8.3,28,0.41
SITE074,2015,21.7,3.1,12.0,161.4,1464.0,1760,125,2,36.0,2.9,8.5,-10,0.54
SITE074,2016,21.8,3.1,12.1,171.5,1464.0,1765,125,2,36.0,2.9,8.4,-4,0.59
SITE074,2017,21.8,3.2,12.1,189.4,1461.0,1767,124,2,36.0,3.1,8.4,6,0.62
SITE074,2018,21.7,3.1,12.0,158.0,1463.0,1759,126,2,36.0,3.6,8.5,-12,0.52
SITE074,2019,21.8,3.1,12.1,242.2,1445.0,1763,125,2,37.0,3.2,8.3,35,0.56
SITE074,2020,21.7,3.1,12.0,138.7,1468.0,1758,126,2,35.0,3.2,8.7,-22,0.51
SITE074,2021,21.7,3.0,12.0,76.3,1482.0,1757,126,2,34.0,3.0,8.7,-57,0.49
SITE074,2022,21.6,3.0,11.9,152.0,1461.0,1753,126,2,36.0,3.9,8.3,-15,0.45
SITE074,2023,21.8,3.1,12.1,125.6,1474.0,1764,125,2,35.0,3.7,8.7,-30,0.57
SITE074,2024,21.9,3.3,12.2,139.6,1478.0,1776,123,2,34.0,3.4,8.9,-22,0.72
SITE075,1991,20.8,2.2,11.1,578.6,1385.0,1693,135,2,42.0,3.3,8.1,71,-0.49
SITE075,1992,20.8,2.2,11.1,338.8,1416.0,1695,134,2,40.0,3.0,8.5,0,-0.46
SITE075,1993,20.9,2.2,11.2,394.2,1412.0,1701,134,2,40.0,3.4,8.6,16,-0.4
SITE075,1994,20.9,2.2,11.2,266.6,1427.0,1700,134,2,39.0,3.0,8.7,-21,-0.42
SITE075,1995,20.9,2.2,11.2,362.1,1414.0,1698,134,2,40.0,3.6,8.5,7,-0.44
SITE075,1996,20.9,2.2,11.2,414.7,1409.0,1700,134,2,40.0,3.1,8.4,22,-0.41
SITE075,1997,21.0,2.3,11.3,549.8,1397.0,1708,133,2,41.0,3.0,8.1,62,-0.32
SITE075,1998,20.9,2.3,11.2,402.6,1412.0,1702,134,2,40.0,3.5,8.4,19,-0.39
SITE075,1999,20.9,2.3,11.2,177.4,1441.0,1704,133,2,38.0,3.8,8.9,-48,-0.37
SITE075,2000,21.0,2.4,11.3,230.7,1440.0,1713,132,2,38.0,3.6,8.6,-32,-0.26
SITE075,2001,21.1,2.4,11.4,432.3,1416.0,1717,132,2,40.0,3.6,8.2,28,-0.21
SITE075,2002,21.1,2.5,11.4,303.7,1435.0,1722,131,2,38.0,3.6,8.8,-10,-0.16
SITE075,2003,21.0,2.3,11.3,341.1,1423.0,1709,133,2,39.0,2.8,8.3,1,-0.3
SITE075,2004,21.0,2.4,11.3,419.3,1414.0,1711,133,2,40.0,3.5,8.3,24,-0.29
SITE075,2005,21.1,2.5,11.4,289.6,1437.0,1722,131,2,38.0,3.0,8.7,-15,-0.16
SITE075,2006,21.2,2.6,11.6,593.9,1404.0,1732,130,2,40.0,3.4,8.4,75,-0.05
SITE075,2007,21.3,2.7,11.6,186.8,1458.0,1736,130,2,37.0,2.9,8.6,-45,0.01
SITE075,2008,21.3,2.6,11.6,194.7,1456.0,1735,130,2,37.0,3.4,8.7,-43,-0.01
SITE075,2009,21.4,2.7,11.7,301.7,1447.0,1743,129,2,37.0,3.2,8.5,-11,0.08
SITE075,2010,21.4,2.8,11.7,442.8,1430.0,1745,129,2,39.0,3.4,8.4,31,0.1
SITE075,2011,21.4,2.8,11.7,99.5,1474.0,1744,129,2,35.0,3.3,8.9,-71,0.1
SITE075,2012,21.4,2.8,11.7,431.6,1433.0,1748,128,2,38.0,3.0,8.3,27,0.14
SITE075,2013,21.5,2.9,11.8,317.0,1453.0,1757,127,3,37.0,3.3,8.7,-6,0.25
SITE075,2014,21.5,2.9,11.8,535.3,1424.0,1755,127,2,39.0,3.3,8.4,58,0.23
SITE075,2015,21.6,2.9,11.9,427.0,1442.0,1761,127,3,38.0,3.4,8.5,26,0.3
SITE075,2016,21.6,2.9,11.9,437.1,1440.0,1761,127,3,38.0,3.6,8.4,29,0.29
SITE075,2017,21.6,2.9,11.9,237.1,1465.0,1759,127,3,36.0,3.1,8.7,-30,0.26
SITE075,2018,21.6,3.0,11.9,187.8,1473.0,1762,126,3,35.0,3.4,8.7,-45,0.3
SITE075,2019,21.7,3.0,12.0,544.2,1430.0,1768,126,3,38.0,3.6,8.1,61,0.38
SITE075,2020,21.7,3.1,12.1,262.4,1471.0,1775,125,3,36.0,2.8,8.7,-23,0.45
SITE075,2021,21.8,3.2,12.1,214.6,1480.0,1780,124,3,35.0,3.0,8.9,-37,0.51
SITE075,2022,21.9,3.2,12.2,145.8,1491.0,1784,124,3,34.0,3.5,9.0,-57,0.56
SITE075,2023,21.8,3.2,12.2,350.4,1464.0,1784,124,3,36.0,3.0,8.6,3,0.56
SITE075,2024,21.9,3.3,12.2,227.1,1484.0,1790,123,3,35.0,3.8,8.7,-33,0.62
SITE076,1991,23.4,4.8,13.7,276.7,1504.0,2128,99,12,40.0,3.3,8.7,-19,-0.55
SITE076,1992,23.4,4.8,13.7,310.0,1499.0,2127,99,12,40.0,3.1,8.3,-9,-0.56
SITE076,1993,23.4,4.8,13.7,489.8,1475.0,2125,99,12,42.0,3.1,8.4,43,-0.57
SITE076,1994,23.6,5.0,13.9,219.6,1519.0,2146,98,12,38.0,3.1,8.5,-36,-0.39
SITE076,1995,23.7,5.0,14.0,366.9,1503.0,2153,97,13,40.0,3.0,8.7,7,-0.32
SITE076,1996,23.7,5.0,14.0,274.0,1515.0,2151,97,13,39.0,3.2,8.6,-20,-0.34
SITE076,1997,23.6,5.0,13.9,640.2,1465.0,2149,98,12,42.0,3.4,8.0,87,-0.36
SITE076,1998,23.7,5.1,14.0,359.7,1507.0,2159,97,13,39.0,2.9,8.6,5,-0.26
SITE076,1999,23.8,5.1,14.1,235.5,1526.0,2166,96,13,38.0,3.0,8.8,-31,-0.2
SITE076,2000,23.8,5.2,14.1,139.2,1541.0,2171,96,13,37.0,3.2,9.1,-59,-0.15
SITE076,2001,23.8,5.2,14.1,253.3,1526.0,2170,96,13,38.0,3.9,8.8,-26,-0.17
SITE076,2002,23.8,5.1,14.1,271.2,1520.0,2162,97,13,38.0,3.5,8.9,-21,-0.24
SITE076,2003,23.8,5.1,14.1,250.9,1524.0,2166,97,13,38.0,3.1,8.7,-27,-0.21
SITE076,2004,23.8,5.1,14.1,315.0,1515.0,2165,97,13,39.0,3.3,8.5,-8,-0.21
SITE076,2005,23.8,5.2,14.1,429.7,1502.0,2169,96,13,39.0,3.5,8.2,26,-0.17
SITE076,2006,24.0,5.3,14.3,321.8,1524.0,2188,95,13,38.0,3.4,8.5,-6,-0.0
SITE076,2007,24.1,5.5,14.4,385.8,1523.0,2204,94,13,38.0,3.2,8.2,13,0.14
SITE076,2008,24.2,5.5,14.5,192.3,1551.0,2210,93,13,36.0,2.9,8.8,-44,0.2
SITE076,2009,24.2,5.5,14.5,351.2,1528.0,2206,94,13,37.0,3.0,8.4,3,0.17
SITE076,2010,24.1,5.5,14.4,412.0,1519.0,2204,94,13,38.0,3.1,8.4,20,0.14
SITE076,2011,24.1,5.5,14.4,272.1,1537.0,2202,94,13,37.0,3.3,8.6,-20,0.12
SITE076,2012,24.0,5.4,14.3,314.2,1526.0,2190,95,13,38.0,3.4,8.7,-8,0.01
SITE076,2013,24.1,5.5,14.4,255.2,1539.0,2202,94,13,37.0,2.8,8.7,-25,0.13
SITE076,2014,24.2,5.6,14.5,223.4,1548.0,2211,93,13,36.0,2.8,8.7,-35,0.21
SITE076,2015,24.1,5.5,14.5,155.5,1554.0,2205,94,13,36.0,3.3,8.7,-55,0.16
SITE076,2016,24.2,5.6,14.5,289.0,1541.0,2216,93,13,37.0,3.2,8.6,-16,0.25
SITE076,2017,24.2,5.6,14.6,299.0,1540.0,2216,93,13,37.0,2.9,8.7,-13,0.26
SITE076,2018,24.3,5.7,14.6,391.7,1531.0,2225,92,13,37.0,3.2,8.3,15,0.34
SITE076,2019,24.4,5.7,14.7,300.9,1546.0,2231,92,13,36.0,3.3,8.6,-12,0.39
SITE076,2020,24.4,5.8,14.7,275.4,1550.0,2234,92,14,36.0,3.0,8.8,-19,0.42
SITE076,2021,24.4,5.7,14.7,211.9,1557.0,2228,92,13,35.0,3.3,8.8,-38,0.36
SITE076,2022,24.5,5.8,14.8,360.8,1541.0,2239,91,14,36.0,3.2,8.4,6,0.47
SITE076,2023,24.5,5.8,14.8,390.9,1539.0,2243,91,14,36.0,3.6,8.7,14,0.5
SITE076,2024,24.4,5.8,14.7,406.1,1534.0,2237,92,14,37.0,2.7,8.2,19,0.45
SITE077,1991,22.6,4.0,12.9,197.1,1467.0,2041,112,11,41.0,2.8,8.7,-9,-0.8
SITE077,1992,22.8,4.2,13.1,289.2,1457.0,2061,111,11,41.0,3.0,8.3,34,-0.61
SITE077,1993,22.8,4.2,13.1,158.5,1485.0,2063,111,11,40.0,3.3,8.9,-27,-0.6
SITE077,1994,22.9,4.2,13.2,197.6,1479.0,2069,110,11,40.0,3.1,8.7,-9,-0.54
SITE077,1995,22.8,4.2,13.1,313.4,1453.0,2064,111,11,42.0,3.0,8.2,45,-0.59
SITE077,1996,22.9,4.2,13.2,244.6,1470.0,2069,110,11,41.0,3.2,8.5,13,-0.53
SITE077,1997,22.8,4.2,13.1,227.2,1471.0,2064,111,11,40.0,3.3,8.7,5,-0.58
SITE077,1998,22.8,4.2,13.1,262.4,1464.0,2065,111,11,41.0,3.5,8.3,21,-0.58
SITE077,1999,23.0,4.4,13.3,126.1,1500.0,2081,109,12,38.0,3.5,8.8,-42,-0.42
SITE077,2000,23.0,4.4,13.3,122.1,1502.0,2085,109,12,38.0,3.3,8.8,-43,-0.39
SITE077,2001,23.0,4.4,13.3,106.4,1506.0,2085,109,12,38.0,2.9,8.8,-51,-0.39
SITE077,2002,23.0,4.4,13.3,176.8,1491.0,2085,109,12,39.0,3.1,8.6,-18,-0.39
SITE077,2003,23.1,4.5,13.4,193.0,1492.0,2096,108,12,39.0,2.8,8.6,-11,-0.29
SITE077,2004,23.1,4.5,13.4,115.1,1509.0,2096,108,12,38.0,3.1,8.6,-47,-0.28
SITE077,2005,23.2,4.6,13.5,231.6,1488.0,2104,107,12,39.0,3.1,8.6,7,-0.21
SITE077,2006,23.4,4.7,13.7,169.2,1510.0,2123,106,12,37.0,3.4,8.5,-22,-0.03
SITE077,2007,23.3,4.7,13.6,141.4,1513.0,2116,106,12,37.0,3.1,8.7,-35,-0.09
SITE077,2008,23.4,4.7,13.7,310.3,1480.0,2122,106,12,39.0,3.7,8.4,44,-0.04
SITE077,2009,23.4,4.7,13.7,151.2,1513.0,2121,106,12,37.0,3.2,8.6,-30,-0.05
SITE077,2010,23.4,4.8,13.7,103.5,1524.0,2124,106,12,37.0,3.3,8.8,-52,-0.02
SITE077,2011,23.7,5.0,14.0,124.4,1533.0,2153,104,12,36.0,3.3,8.9,-42,0.25
SITE077,2012,23.8,5.2,14.1,156.3,1532.0,2167,102,13,36.0,3.2,8.9,-28,0.38
SITE077,2013,23.8,5.1,14.1,245.5,1511.0,2162,103,13,37.0,3.0,8.6,14,0.34
SITE077,2014,23.8,5.2,14.1,307.7,1502.0,2171,102,13,38.0,3.1,8.1,42,0.42
SITE077,2015,23.9,5.3,14.2,113.6,1546.0,2176,102,13,35.0,3.2,8.8,-47,0.47
SITE077,2016,23.8,5.2,14.1,147.9,1535.0,2170,102,13,35.0,3.2,8.6,-32,0.41
SITE077,2017,23.9,5.2,14.2,84.4,1551.0,2174,102,13,34.0,3.4,8.8,-61,0.45
SITE077,2018,23.8,5.2,14.1,210.5,1522.0,2170,102,13,36.0,3.1,8.5,-3,0.41
SITE077,2019,23.9,5.3,14.2,373.1,1492.0,2179,102,13,38.0,3.3,8.2,73,0.5
SITE077,2020,24.0,5.4,14.3,245.2,1523.0,2188,101,13,36.0,3.1,8.4,13,0.58
SITE077,2021,24.0,5.3,14.3,139.3,1545.0,2187,101,13,35.0,3.4,8.8,-36,0.57
SITE077,2022,24.1,5.4,14.4,251.4,1525.0,2197,100,13,36.0,3.0,8.3,16,0.66
SITE077,2023,24.3,5.7,14.7,160.1,1558.0,2225,98,13,34.0,3.3,8.6,-26,0.93
SITE077,2024,24.5,5.8,14.8,286.4,1537.0,2238,97,13,35.0,3.2,8.3,33,1.06
SITE078,1991,22.9,4.2,13.2,571.7,1460.0,2090,110,13,42.0,3.2,8.0,33,-0.73
SITE078,1992,23.1,4.4,13.4,692.8,1455.0,2109,109,13,42.0,3.4,8.0,61,-0.56
SITE078,1993,23.1,4.4,13.4,631.3,1462.0,2108,109,13,42.0,3.2,8.3,46,-0.56
SITE078,1994,23.1,4.4,13.4,156.2,1511.0,2111,108,13,38.0,3.5,9.0,-64,-0.54
SITE078,1995,23.1,4.4,13.4,361.2,1490.0,2110,108,13,40.0,3.4,8.7,-16,-0.55
SITE078,1996,23.2,4.6,13.5,395.8,1493.0,2125,107,13,39.0,3.4,8.5,-8,-0.41
SITE078,1997,23.3,4.6,13.6,701.7,1464.0,2132,107,13,41.0,3.3,8.3,63,-0.35
SITE078,1998,23.2,4.6,13.5,398.8,1493.0,2126,107,13,39.0,3.0,8.5,-7,-0.4
SITE078,1999,23.2,4.6,13.5,334.8,1500.0,2126,107,13,39.0,2.7,8.5,-22,-0.39
SITE078,2000,23.2,4.6,13.5,230.8,1510.0,2125,107,13,38.0,3.1,8.9,-46,-0.41
SITE078,2001,23.3,4.6,13.6,272.5,1508.0,2130,107,13,38.0,3.0,8.8,-37,-0.36
SITE078,2002,23.3,4.7,13.6,312.7,1508.0,2139,106,14,38.0,3.5,8.5,-27,-0.28
SITE078,2003,23.4,4.8,13.7,378.3,1505.0,2148,105,14,38.0,2.8,8.7,-12,-0.19
SITE078,2004,23.5,4.9,13.8,458.2,1500.0,2156,105,14,39.0,3.4,8.6,6,-0.12
SITE078,2005,23.6,4.9,13.9,408.1,1509.0,2163,104,14,38.0,2.9,8.7,-5,-0.05
SITE078,2006,23.6,5.0,13.9,245.8,1529.0,2170,104,14,37.0,3.2,8.9,-43,0.01
SITE078,2007,23.7,5.1,14.0,516.2,1504.0,2178,103,14,38.0,3.2,8.2,20,0.08
SITE078,2008,23.7,5.0,14.0,451.5,1509.0,2174,104,14,38.0,3.5,8.6,5,0.05
SITE078,2009,23.7,5.0,14.0,364.3,1518.0,2173,104,14,37.0,3.6,8.5,-15,0.04
SITE078,2010,23.8,5.2,14.1,568.7,1502.0,2188,102,14,38.0,3.6,8.2,32,0.17
SITE078,2011,23.8,5.2,14.1,612.5,1498.0,2189,102,14,39.0,3.5,8.3,42,0.18
SITE078,2012,23.7,5.0,14.0,227.5,1533.0,2175,103,14,36.0,3.1,8.8,-47,0.06
SITE078,2013,23.7,5.1,14.0,352.5,1521.0,2177,103,14,37.0,2.9,8.9,-18,0.08
SITE078,2014,23.8,5.2,14.1,287.0,1533.0,2190,102,14,36.0,3.2,8.8,-33,0.2
SITE078,2015,23.8,5.2,14.2,318.0,1532.0,2194,102,14,36.0,3.2,8.8,-26,0.23
SITE078,2016,23.9,5.3,14.2,433.3,1523.0,2201,101,14,37.0,3.1,8.7,1,0.3
SITE078,2017,24.0,5.3,14.3,269.3,1542.0,2206,101,14,35.0,2.7,8.6,-38,0.35
SITE078,2018,24.1,5.5,14.4,295.8,1546.0,2221,100,15,35.0,3.4,8.8,-31,0.48
SITE078,2019,24.2,5.5,14.5,557.6,1522.0,2230,99,15,37.0,3.4,8.5,29,0.56
SITE078,2020,24.2,5.5,14.5,456.3,1533.0,2231,99,15,36.0,2.8,8.5,6,0.57
SITE078,2021,24.2,5.6,14.5,304.8,1551.0,2235,99,15,35.0,3.5,8.7,-29,0.61
SITE078,2022,24.3,5.6,14.6,561.3,1525.0,2239,99,15,36.0,2.9,8.4,30,0.64
SITE078,2023,24.2,5.6,14.5,580.1,1521.0,2233,99,15,37.0,3.1,8.5,35,0.59
SITE078,2024,24.3,5.7,14.6,365.8,1549.0,2244,98,15,35.0,3.1,8.7,-15,0.69
SITE079,1991,18.8,0.8,9.5,388.2,1237.0,1348,153,0,61.0,2.6,5.7,25,-0.68
SITE079,1992,18.8,0.7,9.4,298.9,1245.0,1345,154,0,61.0,3.0,5.9,-4,-0.73
SITE079,1993,18.9,0.9,9.5,371.4,1242.0,1353,152,0,61.0,2.4,5.9,20,-0.61
SITE079,1994,18.9,0.8,9.5,414.6,1236.0,1352,152,0,62.0,2.1,5.8,34,-0.62
SITE079,1995,18.9,0.8,9.5,189.6,1263.0,1353,152,0,59.0,2.5,6.2,-39,-0.61
SITE079,1996,19.0,1.0,9.6,493.2,1232.0,1360,151,0,62.0,2.3,5.2,59,-0.51
SITE079,1997,19.0,0.9,9.6,274.2,1256.0,1357,151,0,60.0,2.6,6.0,-12,-0.55
SITE079,1998,19.1,1.1,9.7,210.4,1271.0,1368,150,0,59.0,2.8,5.9,-32,-0.39
SITE079,1999,19.2,1.1,9.8,172.2,1279.0,1372,149,0,58.0,2.7,5.8,-44,-0.34
SITE079,2000,19.2,1.1,9.8,230.7,1272.0,1373,149,0,59.0,2.6,5.9,-26,-0.32
SITE079,2001,19.2,1.1,9.8,124.8,1284.0,1372,149,0,58.0,2.5,6.0,-60,-0.33
SITE079,2002,19.1,1.1,9.7,305.8,1260.0,1369,150,0,59.0,2.6,5.8,-1,-0.38
SITE079,2003,19.2,1.1,9.8,441.3,1245.0,1370,149,0,61.0,2.9,5.8,42,-0.36
SITE079,2004,19.3,1.2,9.9,286.7,1268.0,1377,148,0,59.0,2.8,5.8,-8,-0.26
SITE079,2005,19.4,1.3,10.0,226.2,1281.0,1385,147,0,58.0,2.5,6.0,-27,-0.15
SITE079,2006,19.3,1.3,10.0,352.8,1264.0,1383,147,0,59.0,2.5,5.8,14,-0.17
SITE079,2007,19.3,1.3,10.0,264.1,1275.0,1383,147,0,58.0,2.7,5.8,-15,-0.18
SITE079,2008,19.3,1.3,9.9,208.8,1281.0,1382,147,0,58.0,3.2,6.2,-33,-0.19
SITE079,2009,19.3,1.3,10.0,300.6,1270.0,1383,147,0,59.0,2.5,5.7,-3,-0.18
SITE079,2010,19.5,1.4,10.1,549.5,1246.0,1394,145,0,60.0,2.8,5.4,77,-0.03
SITE079,2011,19.5,1.5,10.1,292.0,1279.0,1396,145,0,58.0,2.8,5.8,-6,0.0
SITE079,2012,19.6,1.5,10.2,263.5,1286.0,1400,144,0,57.0,2.9,5.7,-15,0.07
SITE079,2013,19.7,1.6,10.3,249.4,1293.0,1409,143,0,57.0,2.8,5.8,-20,0.19
SITE079,2014,19.8,1.7,10.4,369.9,1280.0,1412,142,0,58.0,2.4,5.4,19,0.23
SITE079,2015,19.9,1.9,10.5,314.8,1295.0,1424,140,0,56.0,2.5,5.8,2,0.41
SITE079,2016,20.0,2.0,10.6,299.5,1302.0,1431,139,0,56.0,3.1,5.7,-3,0.51
SITE079,2017,20.2,2.1,10.8,303.1,1308.0,1441,138,0,55.0,2.8,5.9,-2,0.65
SITE079,2018,20.2,2.1,10.8,196.3,1323.0,1443,137,0,54.0,2.7,6.0,-37,0.69
SITE079,2019,20.2,2.2,10.9,203.4,1324.0,1446,137,0,54.0,2.5,6.2,-34,0.72
SITE079,2020,20.3,2.2,10.9,163.3,1330.0,1448,136,0,54.0,2.4,6.3,-47,0.75
SITE079,2021,20.2,2.2,10.8,177.7,1326.0,1444,137,0,54.0,2.8,6.2,-43,0.69
SITE079,2022,20.4,2.3,11.0,261.5,1324.0,1457,135,0,54.0,2.8,6.0,-16,0.88
SITE079,2023,20.3,2.3,10.9,300.2,1316.0,1452,136,0,55.0,2.5,5.8,-3,0.82
SITE079,2024,20.5,2.4,11.1,257.8,1328.0,1463,134,0,54.0,2.3,6.0,-17,0.97
SITE080,1991,18.2,0.1,8.8,276.9,1206.0,1283,159,0,61.0,2.4,5.7,40,-0.42
SITE080,1992,18.1,0.1,8.7,225.2,1213.0,1280,159,0,60.0,2.8,5.9,14,-0.47
SITE080,1993,18.1,0.1,8.7,261.6,1207.0,1280,159,0,61.0,3.1,5.6,32,-0.46
SITE080,1994,18.3,0.2,8.9,219.8,1220.0,1289,158,0,60.0,2.6,5.9,11,-0.33
SITE080,1995,18.3,0.3,8.9,130.4,1240.0,1294,157,0,58.0,2.8,5.8,-34,-0.26
SITE080,1996,18.3,0.3,8.9,318.9,1204.0,1292,157,0,61.0,2.3,5.4,61,-0.29
SITE080,1997,18.4,0.4,9.1,264.5,1220.0,1300,155,0,60.0,2.4,5.7,34,-0.15
SITE080,1998,18.4,0.4,9.0,207.9,1230.0,1300,156,0,59.0,2.5,5.8,5,-0.16
SITE080,1999,18.5,0.4,9.1,123.0,1249.0,1304,155,0,57.0,2.7,5.9,-38,-0.1
SITE080,2000,18.4,0.4,9.1,109.3,1249.0,1301,155,0,57.0,2.8,6.4,-45,-0.15
SITE080,2001,18.4,0.3,9.0,154.3,1237.0,1295,157,0,58.0,2.9,6.1,-22,-0.24
SITE080,2002,18.4,0.3,9.0,184.9,1231.0,1295,157,0,59.0,2.6,6.0,-7,-0.24
SITE080,2003,18.4,0.4,9.0,185.0,1234.0,1299,156,0,58.0,3.3,5.9,-7,-0.17
SITE080,2004,18.6,0.5,9.2,107.0,1255.0,1308,154,0,57.0,2.9,6.0,-46,-0.04
SITE080,2005,18.7,0.6,9.3,150.7,1252.0,1315,153,0,57.0,2.8,6.0,-24,0.07
SITE080,2006,18.7,0.6,9.3,267.6,1231.0,1317,152,0,59.0,2.6,5.6,35,0.1
SITE080,2007,18.7,0.7,9.4,138.2,1258.0,1320,152,0,56.0,2.6,6.0,-30,0.15
SITE080,2008,18.8,0.7,9.4,133.9,1260.0,1322,151,0,56.0,2.9,6.0,-32,0.18
SITE080,2009,18.6,0.6,9.3,139.0,1253.0,1314,153,0,57.0,2.6,6.2,-30,0.05
SITE080,2010,18.6,0.5,9.2,282.0,1224.0,1311,154,0,59.0,2.9,5.9,42,0.0
SITE080,2011,18.6,0.5,9.2,99.3,1258.0,1310,154,0,57.0,2.9,6.2,-50,-0.0
SITE080,2012,18.5,0.5,9.2,120.6,1252.0,1307,154,0,57.0,3.1,6.0,-39,-0.05
SITE080,2013,18.6,0.5,9.2,147.4,1249.0,1310,154,0,57.0,2.5,6.1,-26,-0.0
SITE080,2014,18.7,0.6,9.3,220.4,1240.0,1317,152,0,58.0,2.8,5.6,11,0.1
SITE080,2015,18.7,0.7,9.4,183.5,1249.0,1320,152,0,57.0,3.0,5.8,-7,0.15
SITE080,2016,18.9,0.8,9.5,177.2,1258.0,1331,150,0,56.0,2.4,5.6,-11,0.31
SITE080,2017,18.9,0.9,9.5,165.8,1260.0,1331,150,0,56.0,2.6,5.8,-16,0.32
SITE080,2018,18.9,0.8,9.5,238.5,1245.0,1330,150,0,57.0,2.4,5.9,20,0.29
SITE080,2019,18.9,0.8,9.5,225.7,1248.0,1330,150,0,57.0,2.5,5.6,14,0.29
SITE080,2020,18.9,0.9,9.5,248.0,1245.0,1331,150,0,57.0,2.7,5.7,25,0.31
SITE080,2021,18.9,0.8,9.5,148.6,1263.0,1330,150,0,56.0,2.4,6.2,-25,0.3
SITE080,2022,18.9,0.9,9.5,227.6,1250.0,1333,149,0,57.0,2.5,5.9,15,0.34
SITE080,2023,18.9,0.9,9.5,145.7,1265.0,1332,150,0,56.0,2.9,5.9,-26,0.33
SITE080,2024,18.8,0.8,9.4,219.8,1246.0,1325,151,0,57.0,3.1,5.7,11,0.22
SITE081,1991,18.2,0.1,8.8,195.7,1240.0,1283,159,0,58.0,2.8,6.2,-48,-0.47
SITE081,1992,18.2,0.2,8.8,526.0,1209.0,1286,158,0,61.0,2.4,5.8,40,-0.43
SITE081,1993,18.2,0.2,8.8,273.4,1234.0,1286,158,0,59.0,2.9,5.8,-27,-0.43
SITE081,1994,18.2,0.1,8.8,309.2,1229.0,1283,159,0,59.0,3.2,6.2,-18,-0.47
SITE081,1995,18.2,0.1,8.8,354.1,1225.0,1285,159,0,60.0,2.4,5.8,-6,-0.45
SITE081,1996,18.1,0.1,8.8,421.1,1216.0,1281,159,0,60.0,2.5,5.8,12,-0.51
SITE081,1997,18.1,0.1,8.7,385.8,1218.0,1279,160,0,60.0,2.9,5.8,2,-0.54
SITE081,1998,18.1,0.0,8.7,359.2,1218.0,1276,160,0,60.0,2.6,5.9,-5,-0.59
SITE081,1999,18.2,0.1,8.8,306.1,1228.0,1283,159,0,59.0,2.6,5.8,-19,-0.48
SITE081,2000,18.2,0.2,8.9,206.7,1242.0,1288,158,0,58.0,2.8,6.3,-45,-0.41
SITE081,2001,18.3,0.2,8.9,294.7,1234.0,1289,158,0,59.0,2.9,5.8,-22,-0.39
SITE081,2002,18.3,0.2,8.9,560.9,1210.0,1291,157,0,61.0,2.6,5.8,49,-0.35
SITE081,2003,18.4,0.4,9.0,350.7,1236.0,1300,156,0,59.0,2.5,5.9,-7,-0.22
SITE081,2004,18.5,0.4,9.1,562.5,1218.0,1303,155,0,60.0,2.6,5.6,49,-0.17
SITE081,2005,18.5,0.4,9.1,262.2,1247.0,1303,155,0,58.0,2.8,6.3,-30,-0.18
SITE081,2006,18.5,0.5,9.2,145.3,1262.0,1308,154,0,57.0,3.1,6.1,-61,-0.1
SITE081,2007,18.7,0.6,9.3,518.8,1231.0,1316,153,0,59.0,2.9,5.9,38,0.03
SITE081,2008,18.8,0.7,9.4,339.0,1254.0,1323,151,0,57.0,3.1,6.0,-10,0.14
SITE081,2009,18.8,0.7,9.4,437.2,1245.0,1324,151,0,58.0,2.5,5.8,16,0.15
SITE081,2010,18.8,0.8,9.4,310.4,1258.0,1325,151,0,57.0,2.7,6.0,-18,0.17
SITE081,2011,18.8,0.7,9.4,223.6,1265.0,1322,152,0,56.0,2.9,6.4,-41,0.12
SITE081,2012,18.9,0.8,9.5,712.0,1220.0,1329,150,0,60.0,2.8,5.4,89,0.22
SITE081,2013,18.9,0.8,9.5,336.1,1257.0,1328,151,0,57.0,2.5,6.0,-11,0.21
SITE081,2014,18.9,0.9,9.6,231.7,1272.0,1334,150,0,56.0,2.8,6.0,-39,0.29
SITE081,2015,19.1,1.0,9.7,213.4,1281.0,1344,148,0,55.0,2.8,6.3,-43,0.45
SITE081,2016,19.1,1.1,9.7,477.6,1256.0,1346,147,0,57.0,2.3,5.8,27,0.48
SITE081,2017,19.0,1.0,9.7,176.9,1282.0,1341,148,0,55.0,2.8,6.1,-53,0.4
SITE081,2018,19.1,1.1,9.7,243.9,1279.0,1346,147,0,55.0,2.6,5.9,-35,0.47
SITE081,2019,19.0,1.0,9.7,361.7,1263.0,1340,148,0,56.0,2.6,5.7,-4,0.39
SITE081,2020,19.1,1.0,9.7,250.1,1277.0,1344,148,0,55.0,2.5,6.1,-34,0.45
SITE081,2021,19.2,1.1,9.8,243.6,1281.0,1348,147,0,55.0,2.6,6.0,-35,0.52
SITE081,2022,19.2,1.1,9.8,418.0,1263.0,1348,147,0,56.0,2.9,5.8,11,0.51
SITE081,2023,19.2,1.2,9.8,252.1,1283.0,1352,146,0,55.0,2.6,6.2,-33,0.57
SITE081,2024,19.3,1.2,9.9,493.3,1261.0,1356,145,0,56.0,3.0,5.7,31,0.63
SITE082,1991,23.2,4.5,13.5,454.8,1466.0,2010,101,5,41.0,3.4,8.1,40,-0.38
SITE082,1992,23.3,4.6,13.6,275.9,1496.0,2021,100,6,39.0,3.5,8.8,-15,-0.27
SITE082,1993,23.2,4.6,13.5,397.5,1478.0,2018,100,6,40.0,3.1,8.4,22,-0.3
SITE082,1994,23.2,4.6,13.5,213.2,1502.0,2017,100,5,38.0,3.1,8.7,-34,-0.32
SITE082,1995,23.3,4.6,13.6,215.9,1504.0,2021,100,6,38.0,3.2,8.4,-34,-0.27
SITE082,1996,23.3,4.6,13.6,159.4,1511.0,2020,100,6,38.0,3.0,8.8,-51,-0.29
SITE082,1997,23.4,4.7,13.7,466.7,1474.0,2032,99,6,40.0,3.1,8.3,44,-0.17
SITE082,1998,23.4,4.8,13.7,191.8,1514.0,2035,99,6,37.0,3.3,8.6,-41,-0.14
SITE082,1999,23.3,4.7,13.6,150.3,1516.0,2027,100,6,37.0,3.1,8.8,-54,-0.21
SITE082,2000,23.4,4.7,13.7,287.1,1499.0,2032,99,6,38.0,2.9,8.9,-12,-0.16
SITE082,2001,23.3,4.7,13.6,89.6,1523.0,2024,100,6,37.0,3.2,9.0,-72,-0.24
SITE082,2002,23.4,4.8,13.7,300.6,1498.0,2034,99,6,38.0,3.4,8.6,-7,-0.14
SITE082,2003,23.4,4.7,13.7,297.1,1497.0,2031,99,6,38.0,3.2,8.7,-9,-0.18
SITE082,2004,23.4,4.7,13.7,414.2,1482.0,2034,99,6,39.0,3.5,8.5,27,-0.15
SITE082,2005,23.3,4.7,13.6,334.0,1491.0,2027,100,6,39.0,3.1,8.7,3,-0.21
SITE082,2006,23.4,4.8,13.7,315.6,1498.0,2038,99,6,38.0,2.7,8.6,-3,-0.1
SITE082,2007,23.4,4.7,13.7,367.2,1487.0,2030,99,6,39.0,3.0,8.4,13,-0.19
SITE082,2008,23.3,4.7,13.6,129.0,1519.0,2027,100,6,37.0,3.2,9.2,-60,-0.21
SITE082,2009,23.4,4.8,13.7,211.6,1511.0,2035,99,6,37.0,2.9,8.9,-35,-0.13
SITE082,2010,23.4,4.8,13.7,350.9,1492.0,2035,99,6,39.0,3.1,8.6,8,-0.13
SITE082,2011,23.5,4.9,13.8,228.4,1513.0,2045,98,6,37.0,3.2,9.1,-30,-0.04
SITE082,2012,23.5,4.9,13.9,343.7,1500.0,2050,98,6,38.0,3.1,8.4,6,0.01
SITE082,2013,23.6,4.9,13.9,434.1,1488.0,2052,98,6,39.0,3.4,8.4,34,0.03
SITE082,2014,23.7,5.0,14.0,262.6,1516.0,2061,97,6,37.0,2.7,8.5,-19,0.11
SITE082,2015,23.9,5.2,14.2,214.4,1533.0,2083,95,6,36.0,3.5,8.6,-34,0.33
SITE082,2016,23.9,5.2,14.2,227.0,1531.0,2082,95,6,36.0,3.3,8.4,-30,0.33
SITE082,2017,23.8,5.1,14.1,208.5,1530.0,2074,96,6,36.0,2.9,8.7,-36,0.25
SITE082,2018,23.8,5.2,14.1,211.2,1532.0,2079,96,6,36.0,2.8,8.7,-35,0.29
SITE082,2019,23.9,5.2,14.2,293.1,1521.0,2081,95,6,36.0,3.4,8.4,-10,0.31
SITE082,2020,23.9,5.3,14.2,238.9,1532.0,2088,95,6,36.0,3.0,8.9,-26,0.38
SITE082,2021,24.0,5.3,14.3,199.0,1540.0,2092,95,6,35.0,3.1,8.8,-39,0.42
SITE082,2022,24.1,5.4,14.4,148.8,1553.0,2105,94,6,34.0,3.5,9.0,-54,0.55
SITE082,2023,24.2,5.5,14.5,369.3,1525.0,2112,93,6,36.0,3.1,8.3,14,0.61
SITE082,2024,24.2,5.5,14.5,286.2,1537.0,2113,93,6,35.0,3.3,8.5,-12,0.62
SITE083,1991,21.8,3.2,12.1,137.1,1447.0,1791,119,2,38.0,3.1,9.1,-38,-0.34
SITE083,1992,21.7,3.1,12.0,181.7,1434.0,1783,120,2,39.0,3.0,8.7,-18,-0.43
SITE083,1993,21.8,3.1,12.1,233.3,1425.0,1786,120,2,40.0,3.1,8.4,5,-0.4
SITE083,1994,21.8,3.1,12.1,197.3,1433.0,1787,119,2,39.0,3.1,8.6,-11,-0.38
SITE083,1995,21.9,3.2,12.2,203.0,1436.0,1796,119,2,39.0,2.7,8.5,-9,-0.29
SITE083,1996,21.8,3.2,12.1,268.4,1421.0,1790,119,2,40.0,2.9,8.3,21,-0.36
SITE083,1997,21.9,3.2,12.2,304.5,1416.0,1795,119,2,40.0,3.2,8.0,37,-0.3
SITE083,1998,21.9,3.3,12.2,316.3,1416.0,1799,118,2,40.0,3.4,8.3,42,-0.25
SITE083,1999,21.8,3.2,12.1,227.8,1428.0,1789,119,2,40.0,3.1,8.4,3,-0.37
SITE083,2000,21.8,3.1,12.1,82.2,1456.0,1788,119,2,38.0,2.8,8.8,-63,-0.37
SITE083,2001,21.8,3.2,12.1,165.1,1441.0,1791,119,2,39.0,3.4,8.6,-26,-0.34
SITE083,2002,21.7,3.1,12.0,321.8,1406.0,1782,120,2,41.0,3.9,8.3,45,-0.44
SITE083,2003,21.8,3.2,12.2,208.8,1434.0,1794,119,2,39.0,3.0,8.5,-6,-0.31
SITE083,2004,21.9,3.2,12.2,416.2,1395.0,1795,119,2,42.0,3.0,8.1,87,-0.3
SITE083,2005,21.9,3.3,12.3,134.8,1453.0,1803,118,2,38.0,3.4,8.8,-39,-0.21
SITE083,2006,22.0,3.3,12.3,250.7,1432.0,1805,118,2,39.0,3.0,8.5,13,-0.19
SITE083,2007,22.1,3.4,12.4,93.6,1468.0,1815,117,2,37.0,3.5,9.0,-58,-0.08
SITE083,2008,22.1,3.5,12.4,118.1,1465.0,1819,116,2,37.0,3.4,8.9,-47,-0.04
SITE083,2009,22.1,3.4,12.4,164.4,1453.0,1814,117,2,38.0,3.3,8.5,-26,-0.09
SITE083,2010,22.0,3.4,12.3,196.2,1445.0,1810,117,2,38.0,3.0,8.8,-12,-0.13
SITE083,2011,22.1,3.4,12.4,139.5,1458.0,1813,117,2,37.0,3.4,8.7,-37,-0.1
SITE083,2012,22.2,3.6,12.5,206.6,1452.0,1826,116,2,38.0,3.5,8.5,-7,0.04
SITE083,2013,22.1,3.5,12.4,136.8,1462.0,1820,116,2,37.0,3.3,9.1,-38,-0.03
SITE083,2014,22.2,3.6,12.5,227.8,1448.0,1827,115,2,38.0,3.5,8.4,3,0.05
SITE083,2015,22.3,3.7,12.6,165.4,1465.0,1836,115,2,37.0,3.3,8.8,-25,0.15
SITE083,2016,22.4,3.8,12.7,203.3,1462.0,1845,114,3,37.0,3.6,8.3,-8,0.25
SITE083,2017,22.5,3.8,12.8,121.2,1482.0,1851,113,3,35.0,2.7,8.9,-45,0.32
SITE083,2018,22.7,4.1,13.0,187.6,1481.0,1875,111,3,35.0,2.9,8.6,-16,0.57
SITE083,2019,22.8,4.2,13.1,419.7,1439.0,1884,110,3,38.0,4.1,8.2,89,0.67
SITE083,2020,22.8,4.2,13.1,137.5,1495.0,1883,110,3,34.0,3.6,8.8,-38,0.66
SITE083,2021,22.8,4.2,13.2,183.4,1487.0,1885,109,3,35.0,3.3,8.4,-17,0.69
SITE083,2022,22.9,4.2,13.2,194.0,1485.0,1885,109,3,35.0,3.5,8.7,-13,0.69
SITE083,2023,22.9,4.3,13.3,188.0,1491.0,1894,109,3,34.0,3.0,8.7,-15,0.79
SITE083,2024,23.0,4.4,13.4,108.7,1512.0,1903,108,3,33.0,2.9,8.8,-51,0.89
SITE084,1991,21.2,2.5,11.5,331.9,1415.0,1694,125,1,40.0,3.1,8.9,-22,-0.57
SITE084,1992,21.2,2.6,11.6,779.1,1374.0,1699,125,1,43.0,3.3,7.8,83,-0.5
SITE084,1993,21.3,2.7,11.6,531.9,1403.0,1707,124,1,40.0,3.2,8.5,25,-0.41
SITE084,1994,21.4,2.8,11.7,327.1,1426.0,1713,123,1,39.0,3.2,8.9,-23,-0.35
SITE084,1995,21.5,2.9,11.8,245.9,1439.0,1721,122,1,38.0,3.0,9.0,-42,-0.26
SITE084,1996,21.4,2.8,11.7,451.5,1414.0,1714,123,1,40.0,3.3,8.6,6,-0.34
SITE084,1997,21.5,2.9,11.8,606.3,1403.0,1722,122,1,40.0,3.1,8.1,43,-0.24
SITE084,1998,21.5,2.8,11.8,281.0,1434.0,1718,123,1,38.0,3.5,8.5,-34,-0.29
SITE084,1999,21.5,2.9,11.8,211.9,1445.0,1725,122,1,37.0,3.3,8.9,-50,-0.21
SITE084,2000,21.4,2.8,11.7,260.1,1433.0,1713,123,1,38.0,3.0,8.8,-39,-0.35
SITE084,2001,21.5,2.9,11.8,308.7,1433.0,1722,122,1,38.0,2.7,8.7,-27,-0.24
SITE084,2002,21.5,2.9,11.8,520.5,1412.0,1722,122,1,40.0,2.9,8.3,22,-0.24
SITE084,2003,21.5,2.8,11.8,266.2,1436.0,1719,123,1,38.0,3.7,8.8,-37,-0.28
SITE084,2004,21.5,2.9,11.8,438.4,1421.0,1723,122,1,39.0,3.3,8.5,3,-0.23
SITE084,2005,21.5,2.8,11.8,468.3,1416.0,1721,122,1,39.0,3.3,8.5,10,-0.26
SITE084,2006,21.5,2.9,11.8,328.9,1432.0,1724,122,1,38.0,2.8,8.9,-23,-0.21
SITE084,2007,21.6,3.0,11.9,291.1,1439.0,1730,121,1,38.0,3.4,8.8,-32,-0.15
SITE084,2008,21.6,3.0,11.9,248.6,1444.0,1731,121,1,37.0,3.5,8.8,-41,-0.14
SITE084,2009,21.7,3.1,12.0,318.8,1442.0,1740,120,1,37.0,3.2,8.6,-25,-0.04
SITE084,2010,21.7,3.0,12.0,379.0,1435.0,1738,121,1,38.0,3.3,8.4,-11,-0.06
SITE084,2011,21.9,3.2,12.2,449.1,1436.0,1753,119,1,38.0,3.1,8.4,6,0.11
SITE084,2012,22.0,3.3,12.3,165.2,1471.0,1764,118,1,35.0,3.5,8.5,-61,0.24
SITE084,2013,22.1,3.4,12.4,341.3,1456.0,1770,117,1,36.0,3.2,8.8,-20,0.3
SITE084,2014,22.0,3.4,12.3,301.4,1457.0,1765,118,1,36.0,3.1,8.7,-29,0.25
SITE084,2015,22.0,3.4,12.3,210.3,1468.0,1767,117,1,35.0,3.1,8.9,-51,0.28
SITE084,2016,22.1,3.4,12.4,501.4,1440.0,1771,117,1,37.0,3.0,8.4,18,0.32
SITE084,2017,22.1,3.4,12.4,324.6,1459.0,1772,117,1,36.0,2.8,8.8,-24,0.33
SITE084,2018,22.1,3.5,12.4,279.9,1466.0,1777,116,1,35.0,3.2,9.0,-34,0.39
SITE084,2019,22.1,3.4,12.4,560.5,1435.0,1771,117,1,38.0,3.3,8.3,32,0.32
SITE084,2020,22.2,3.6,12.5,567.4,1440.0,1783,116,1,37.0,3.6,8.3,34,0.46
SITE084,2021,22.3,3.6,12.6,147.7,1487.0,1789,115,1,34.0,3.1,9.0,-65,0.52
SITE084,2022,22.4,3.7,12.7,427.3,1463.0,1798,114,2,35.0,3.7,8.9,1,0.64
SITE084,2023,22.3,3.6,12.6,320.7,1469.0,1789,115,1,35.0,3.4,8.8,-25,0.52
SITE084,2024,22.4,3.8,12.7,539.0,1453.0,1802,114,2,36.0,3.0,8.6,27,0.67
SITE085,1991,25.3,6.7,15.7,366.8,1557.0,2517,60,25,42.0,2.8,8.3,59,-0.44
SITE085,1992,25.4,6.8,15.7,226.6,1590.0,2528,59,25,39.0,3.2,8.8,-1,-0.35
SITE085,1993,25.5,6.9,15.8,276.6,1582.0,2533,59,25,40.0,3.2,8.5,20,-0.31
SITE085,1994,25.4,6.8,15.7,268.6,1580.0,2523,59,25,40.0,3.1,8.5,17,-0.39
SITE085,1995,25.5,6.9,15.8,163.9,1605.0,2535,59,25,38.0,3.1,8.7,-29,-0.3
SITE085,1996,25.4,6.8,15.8,161.8,1604.0,2530,59,25,38.0,3.8,8.8,-30,-0.34
SITE085,1997,25.4,6.8,15.7,338.0,1566.0,2527,59,25,41.0,2.9,8.5,47,-0.36
SITE085,1998,25.4,6.8,15.7,258.5,1582.0,2525,59,25,40.0,3.6,8.4,12,-0.38
SITE085,1999,25.5,6.9,15.8,122.5,1614.0,2534,59,25,38.0,2.8,9.0,-47,-0.31
SITE085,2000,25.5,6.9,15.8,73.7,1626.0,2539,59,25,37.0,3.3,8.9,-68,-0.27
SITE085,2001,25.5,6.9,15.9,140.9,1613.0,2542,59,25,38.0,3.0,8.5,-39,-0.24
SITE085,2002,25.7,7.1,16.0,155.2,1618.0,2563,58,26,37.0,3.3,8.7,-33,-0.08
SITE085,2003,25.6,7.0,15.9,220.0,1601.0,2554,58,26,38.0,3.7,8.7,-4,-0.15
SITE085,2004,25.6,7.0,15.9,225.7,1600.0,2554,58,26,39.0,3.5,8.4,-2,-0.15
SITE085,2005,25.6,7.0,15.9,131.7,1618.0,2550,58,26,37.0,2.8,8.7,-43,-0.18
SITE085,2006,25.5,6.9,15.9,182.5,1605.0,2543,59,25,38.0,3.4,8.8,-21,-0.24
SITE085,2007,25.5,6.9,15.9,179.3,1605.0,2542,59,25,38.0,3.1,8.6,-22,-0.24
SITE085,2008,25.6,7.0,15.9,165.9,1609.0,2546,58,26,38.0,3.2,8.8,-28,-0.21
SITE085,2009,25.7,7.1,16.0,199.1,1609.0,2563,58,26,38.0,3.3,8.8,-13,-0.08
SITE085,2010,25.8,7.2,16.1,233.2,1607.0,2578,57,26,38.0,3.5,8.5,1,0.03
SITE085,2011,26.0,7.4,16.3,142.5,1634.0,2598,57,27,36.0,3.4,8.7,-38,0.19
SITE085,2012,25.9,7.3,16.3,116.7,1638.0,2595,57,27,36.0,3.1,8.9,-49,0.17
SITE085,2013,26.0,7.4,16.3,373.6,1586.0,2600,57,27,39.0,3.3,8.0,62,0.21
SITE085,2014,26.0,7.4,16.4,208.3,1623.0,2607,56,27,37.0,3.1,8.5,-9,0.26
SITE085,2015,26.0,7.4,16.3,143.7,1636.0,2604,56,27,36.0,3.5,8.6,-38,0.24
SITE085,2016,26.1,7.5,16.4,196.4,1627.0,2612,56,27,36.0,3.2,8.7,-15,0.3
SITE085,2017,26.1,7.5,16.4,153.8,1639.0,2618,56,27,36.0,3.7,8.5,-33,0.35
SITE085,2018,26.1,7.5,16.4,107.1,1647.0,2613,56,27,35.0,3.1,9.0,-53,0.31
SITE085,2019,26.1,7.5,16.5,254.5,1618.0,2619,56,27,37.0,2.7,8.4,11,0.35
SITE085,2020,26.2,7.6,16.6,225.7,1628.0,2631,55,27,36.0,3.2,8.6,-2,0.45
SITE085,2021,26.3,7.6,16.6,152.0,1645.0,2634,55,27,35.0,3.6,8.7,-34,0.47
SITE085,2022,26.2,7.6,16.5,118.8,1650.0,2630,56,27,35.0,3.6,8.9,-48,0.44
SITE085,2023,26.4,7.7,16.7,199.1,1640.0,2647,55,28,35.0,2.7,8.6,-13,0.57
SITE085,2024,26.4,7.8,16.8,193.4,1646.0,2660,54,28,35.0,2.9,8.5,-16,0.67
SITE086,1991,24.4,5.7,14.7,199.3,1537.0,2341,83,22,41.0,3.1,8.4,10,-0.67
SITE086,1992,24.5,5.8,14.8,183.8,1546.0,2354,83,22,40.0,3.6,8.3,2,-0.56
SITE086,1993,24.4,5.8,14.7,204.9,1539.0,2350,83,22,41.0,3.2,8.2,13,-0.6
SITE086,1994,24.5,5.9,14.8,110.6,1568.0,2363,82,22,39.0,2.9,8.8,-39,-0.49
SITE086,1995,24.6,6.0,14.9,95.6,1575.0,2370,82,22,38.0,2.9,8.7,-47,-0.43
SITE086,1996,24.6,6.0,14.9,138.3,1565.0,2372,82,22,39.0,3.3,8.6,-24,-0.42
SITE086,1997,24.6,5.9,14.9,340.7,1510.0,2365,82,22,43.0,3.5,8.1,88,-0.47
SITE086,1998,24.6,6.0,14.9,236.2,1541.0,2376,81,23,40.0,3.7,8.6,30,-0.39
SITE086,1999,24.7,6.0,15.0,96.6,1578.0,2379,81,23,38.0,3.8,8.8,-47,-0.36
SITE086,2000,24.7,6.1,15.0,70.2,1588.0,2385,81,23,37.0,3.4,9.0,-61,-0.31
SITE086,2001,24.6,6.0,14.9,95.5,1576.0,2373,82,22,38.0,3.0,8.8,-47,-0.41
SITE086,2002,24.8,6.1,15.1,163.9,1566.0,2390,81,23,39.0,3.6,8.5,-9,-0.27
SITE086,2003,24.8,6.2,15.1,171.5,1566.0,2397,80,23,39.0,3.7,8.4,-5,-0.21
SITE086,2004,24.8,6.2,15.1,207.7,1557.0,2396,80,23,39.0,3.2,8.6,15,-0.22
SITE086,2005,24.8,6.1,15.1,121.2,1577.0,2391,81,23,38.0,3.0,9.1,-33,-0.26
SITE086,2006,24.9,6.3,15.2,176.5,1569.0,2407,80,23,38.0,3.4,8.2,-2,-0.13
SITE086,2007,25.0,6.4,15.3,162.2,1579.0,2422,79,23,38.0,3.0,8.6,-10,-0.0
SITE086,2008,25.0,6.4,15.3,163.7,1579.0,2423,79,23,38.0,3.0,8.6,-10,0.01
SITE086,2009,25.1,6.5,15.4,230.6,1566.0,2435,78,24,38.0,2.7,8.2,27,0.1
SITE086,2010,25.2,6.5,15.5,260.0,1561.0,2442,78,24,39.0,3.5,8.1,44,0.16
SITE086,2011,25.2,6.5,15.5,96.0,1602.0,2438,78,24,36.0,3.2,8.7,-47,0.13
SITE086,2012,25.2,6.5,15.5,126.1,1596.0,2442,78,24,36.0,3.0,8.8,-30,0.16
SITE086,2013,25.2,6.6,15.6,141.1,1595.0,2449,78,24,36.0,3.2,8.6,-22,0.22
SITE086,2014,25.2,6.6,15.5,75.4,1611.0,2448,78,24,35.0,3.3,8.9,-58,0.21
SITE086,2015,25.3,6.7,15.6,103.0,1609.0,2461,77,24,35.0,3.0,8.7,-43,0.32
SITE086,2016,25.4,6.8,15.7,256.1,1573.0,2470,76,24,38.0,3.6,8.3,42,0.39
SITE086,2017,25.5,6.8,15.8,89.0,1619.0,2475,76,24,35.0,3.1,9.0,-51,0.44
SITE086,2018,25.6,6.9,15.9,99.1,1622.0,2490,75,25,34.0,3.1,8.8,-45,0.56
SITE086,2019,25.6,6.9,15.9,212.1,1592.0,2490,75,25,36.0,3.1,8.5,17,0.56
SITE086,2020,25.6,7.0,15.9,196.0,1598.0,2493,75,25,36.0,3.1,8.6,8,0.58
SITE086,2021,25.6,7.0,15.9,92.2,1626.0,2495,75,25,34.0,3.3,8.7,-49,0.6
SITE086,2022,25.6,6.9,15.9,117.6,1617.0,2490,75,25,35.0,3.6,8.7,-35,0.55
SITE086,2023,25.6,7.0,15.9,127.2,1616.0,2494,75,25,35.0,3.1,8.7,-30,0.59
SITE086,2024,25.7,7.0,16.0,275.4,1579.0,2498,75,25,37.0,2.8,8.2,52,0.63
SITE087,1991,24.0,5.4,14.3,490.1,1499.0,2271,92,19,42.0,2.6,8.3,65,-0.62
SITE087,1992,23.8,5.2,14.1,620.9,1472.0,2253,93,19,44.0,3.3,7.8,109,-0.77
SITE087,1993,23.9,5.2,14.2,243.0,1531.0,2255,93,19,40.0,3.3,8.5,-18,-0.75
SITE087,1994,23.9,5.3,14.2,176.1,1543.0,2259,92,19,40.0,3.5,9.2,-41,-0.72
SITE087,1995,23.9,5.3,14.2,208.6,1540.0,2264,92,19,40.0,3.6,8.6,-30,-0.67
SITE087,1996,24.0,5.4,14.3,164.1,1551.0,2273,91,19,39.0,2.7,8.8,-45,-0.6
SITE087,1997,24.1,5.5,14.4,552.5,1496.0,2286,91,19,43.0,3.2,7.9,86,-0.49
SITE087,1998,24.1,5.4,14.4,151.5,1556.0,2281,91,19,39.0,3.6,8.9,-49,-0.53
SITE087,1999,24.1,5.5,14.4,221.7,1546.0,2282,91,19,39.0,3.4,8.7,-25,-0.52
SITE087,2000,24.1,5.5,14.4,191.7,1552.0,2287,91,19,39.0,3.2,8.9,-35,-0.48
SITE087,2001,24.3,5.7,14.6,203.2,1558.0,2306,89,20,38.0,3.4,8.7,-32,-0.32
SITE087,2002,24.4,5.7,14.7,229.5,1558.0,2314,89,20,38.0,2.8,8.5,-23,-0.25
SITE087,2003,24.4,5.7,14.7,305.7,1547.0,2317,89,20,39.0,3.5,8.4,3,-0.22
SITE087,2004,24.4,5.8,14.7,535.7,1513.0,2321,89,20,41.0,3.1,8.1,80,-0.19
SITE087,2005,24.5,5.9,14.8,329.5,1550.0,2334,88,20,39.0,3.3,8.3,11,-0.08
SITE087,2006,24.6,5.9,14.9,284.0,1559.0,2339,88,20,38.0,3.2,8.4,-4,-0.04
SITE087,2007,24.7,6.1,15.0,220.7,1577.0,2358,86,21,37.0,3.4,8.7,-26,0.13
SITE087,2008,24.8,6.2,15.1,136.9,1595.0,2370,86,21,35.0,3.1,9.1,-54,0.23
SITE087,2009,24.9,6.3,15.2,229.0,1583.0,2377,85,21,36.0,3.2,8.7,-23,0.29
SITE087,2010,25.0,6.3,15.3,308.6,1574.0,2385,85,21,37.0,3.4,8.4,4,0.35
SITE087,2011,25.0,6.3,15.3,363.3,1566.0,2386,85,21,37.0,3.0,8.6,22,0.36
SITE087,2012,25.0,6.3,15.3,305.3,1574.0,2384,85,21,37.0,3.2,8.5,3,0.34
SITE087,2013,25.0,6.4,15.3,211.5,1592.0,2392,84,21,35.0,3.4,8.6,-29,0.41
SITE087,2014,25.1,6.4,15.4,160.4,1603.0,2398,84,21,35.0,2.9,8.7,-46,0.47
SITE087,2015,25.1,6.5,15.4,271.1,1587.0,2402,84,21,36.0,2.8,8.4,-9,0.5
SITE087,2016,25.0,6.4,15.3,295.5,1579.0,2392,84,21,36.0,3.3,8.4,0,0.41
SITE087,2017,25.1,6.5,15.4,290.9,1583.0,2400,84,21,36.0,3.5,8.6,-2,0.48
SITE087,2018,25.1,6.4,15.4,198.5,1597.0,2399,84,21,35.0,3.6,8.8,-33,0.48
SITE087,2019,25.1,6.4,15.4,562.2,1539.0,2398,84,21,39.0,2.8,8.0,89,0.47
SITE087,2020,25.1,6.5,15.4,161.1,1604.0,2402,84,21,35.0,3.5,8.7,-46,0.5
SITE087,2021,25.1,6.5,15.4,222.9,1595.0,2404,84,21,35.0,3.0,8.7,-25,0.52
SITE087,2022,25.0,6.4,15.4,254.2,1586.0,2394,84,21,36.0,3.2,8.8,-14,0.43
SITE087,2023,25.0,6.4,15.3,276.9,1582.0,2391,84,21,36.0,3.6,8.5,-7,0.41
SITE087,2024,25.1,6.5,15.4,336.4,1576.0,2400,84,21,36.0,3.3,8.4,13,0.48
SITE088,1991,23.0,4.3,13.3,148.4,1481.0,2130,110,15,41.0,3.2,8.5,-6,-0.73
SITE088,1992,23.0,4.3,13.3,108.4,1494.0,2133,110,15,40.0,3.6,8.9,-31,-0.7
SITE088,1993,23.0,4.4,13.3,263.9,1451.0,2134,110,15,43.0,2.9,8.0,67,-0.69
SITE088,1994,23.1,4.4,13.4,177.3,1477.0,2139,110,15,41.0,2.8,8.4,12,-0.64
SITE088,1995,23.1,4.4,13.4,171.3,1480.0,2142,109,15,41.0,3.3,8.2,8,-0.61
SITE088,1996,23.1,4.5,13.4,118.8,1497.0,2146,109,16,40.0,3.6,8.7,-25,-0.58
SITE088,1997,23.2,4.5,13.5,257.7,1461.0,2153,109,16,42.0,3.4,7.9,63,-0.51
SITE088,1998,23.2,4.5,13.5,122.9,1499.0,2154,108,16,39.0,3.4,8.5,-22,-0.5
SITE088,1999,23.3,4.7,13.7,135.1,1503.0,2172,107,16,39.0,3.4,8.6,-14,-0.34
SITE088,2000,23.5,4.8,13.8,105.6,1519.0,2187,106,16,38.0,3.1,8.8,-33,-0.2
SITE088,2001,23.5,4.8,13.8,85.0,1524.0,2187,106,16,37.0,3.2,8.9,-46,-0.21
SITE088,2002,23.5,4.8,13.8,156.6,1503.0,2185,106,16,39.0,3.2,8.5,-1,-0.22
SITE088,2003,23.5,4.9,13.8,223.3,1486.0,2191,106,16,40.0,2.9,8.2,41,-0.17
SITE088,2004,23.5,4.9,13.8,164.6,1504.0,2192,106,16,39.0,3.2,8.6,4,-0.16
SITE088,2005,23.7,5.0,14.0,117.9,1523.0,2206,105,16,37.0,3.2,8.8,-25,-0.04
SITE088,2006,23.7,5.0,14.0,191.5,1502.0,2206,105,16,39.0,3.2,8.5,21,-0.03
SITE088,2007,23.8,5.1,14.1,167.8,1514.0,2218,104,17,38.0,2.9,8.4,6,0.08
SITE088,2008,23.8,5.1,14.1,53.4,1548.0,2220,103,17,36.0,3.4,8.8,-66,0.09
SITE088,2009,23.8,5.2,14.1,151.7,1520.0,2222,103,17,37.0,3.0,8.5,-4,0.11
SITE088,2010,23.8,5.2,14.1,152.3,1522.0,2226,103,17,37.0,3.2,8.5,-4,0.15
SITE088,2011,23.9,5.3,14.2,73.1,1549.0,2236,102,17,35.0,3.3,8.9,-54,0.24
SITE088,2012,24.0,5.4,14.3,145.8,1531.0,2244,102,17,37.0,3.0,8.4,-8,0.31
SITE088,2013,24.0,5.3,14.3,121.6,1538.0,2242,102,17,36.0,3.1,8.5,-23,0.29
SITE088,2014,24.0,5.3,14.3,149.1,1529.0,2239,102,17,37.0,3.2,8.7,-6,0.27
SITE088,2015,24.0,5.3,14.3,104.2,1542.0,2239,102,17,36.0,3.3,8.7,-34,0.27
SITE088,2016,24.0,5.4,14.3,205.6,1515.0,2246,102,17,38.0,3.3,8.3,30,0.33
SITE088,2017,24.1,5.4,14.4,151.6,1533.0,2252,101,17,36.0,3.1,8.5,-4,0.38
SITE088,2018,24.2,5.5,14.5,130.5,1545.0,2265,100,17,35.0,3.6,9.0,-17,0.5
SITE088,2019,24.1,5.5,14.4,166.4,1532.0,2259,101,17,36.0,2.9,8.7,5,0.44
SITE088,2020,24.1,5.5,14.5,151.7,1537.0,2260,100,17,36.0,3.0,8.5,-4,0.46
SITE088,2021,24.2,5.6,14.5,145.7,1543.0,2270,100,17,36.0,3.3,8.8,-8,0.55
SITE088,2022,24.3,5.6,14.6,89.9,1561.0,2275,99,17,34.0,3.5,8.5,-43,0.59
SITE088,2023,24.3,5.6,14.6,125.8,1551.0,2274,99,17,35.0,3.4,8.7,-20,0.59
SITE088,2024,24.4,5.7,14.7,174.8,1541.0,2286,99,18,36.0,3.5,8.3,11,0.69
SITE089,1991,21.6,2.9,11.9,87.1,1429.0,1909,127,8,40.0,3.2,8.5,-11,-0.67
SITE089,1992,21.5,2.9,11.8,115.2,1415.0,1905,127,8,41.0,3.6,8.3,18,-0.71
SITE089,1993,21.6,2.9,11.9,111.6,1418.0,1908,127,8,41.0,3.0,8.6,14,-0.68
SITE089,1994,21.7,3.0,12.0,46.4,1451.0,1918,126,8,39.0,3.0,9.1,-53,-0.59
SITE089,1995,21.7,3.0,12.0,76.1,1438.0,1918,126,8,40.0,3.3,8.6,-22,-0.58
SITE089,1996,21.6,3.0,11.9,61.6,1442.0,1913,126,8,39.0,2.9,8.7,-37,-0.63
SITE089,1997,21.6,3.0,11.9,95.1,1428.0,1914,126,8,40.0,3.4,8.5,-3,-0.63
SITE089,1998,21.7,3.0,12.0,82.8,1436.0,1919,126,8,40.0,3.3,8.7,-16,-0.57
SITE089,1999,21.8,3.1,12.1,39.8,1459.0,1928,125,8,38.0,3.6,8.9,-59,-0.49
SITE089,2000,21.9,3.3,12.2,64.8,1454.0,1941,124,8,38.0,3.3,8.6,-34,-0.35
SITE089,2001,21.9,3.2,12.2,45.1,1462.0,1940,124,8,38.0,3.3,8.9,-54,-0.36
SITE089,2002,21.9,3.3,12.2,106.6,1436.0,1941,124,8,40.0,3.5,8.3,9,-0.35
SITE089,2003,22.0,3.3,12.3,83.9,1449.0,1948,123,8,39.0,3.1,8.5,-14,-0.28
SITE089,2004,22.0,3.3,12.3,60.7,1459.0,1947,123,8,38.0,3.3,8.6,-38,-0.29
SITE089,2005,22.0,3.3,12.3,88.2,1446.0,1946,123,8,39.0,3.0,8.5,-10,-0.3
SITE089,2006,22.0,3.4,12.3,104.8,1441.0,1951,123,8,39.0,3.3,8.2,7,-0.25
SITE089,2007,22.0,3.4,12.3,28.5,1475.0,1951,123,8,37.0,3.3,9.0,-71,-0.25
SITE089,2008,22.1,3.5,12.4,46.8,1472.0,1960,122,8,37.0,3.1,8.9,-52,-0.15
SITE089,2009,22.3,3.6,12.6,60.8,1474.0,1978,120,9,37.0,3.2,9.0,-38,0.03
SITE089,2010,22.4,3.7,12.7,68.7,1474.0,1986,119,9,37.0,3.6,8.8,-30,0.1
SITE089,2011,22.4,3.8,12.7,36.8,1493.0,1994,119,9,35.0,3.3,8.8,-62,0.19
SITE089,2012,22.5,3.8,12.8,79.7,1475.0,1997,118,9,37.0,3.0,8.8,-19,0.22
SITE089,2013,22.5,3.9,12.8,90.4,1473.0,2003,118,9,37.0,3.2,8.5,-8,0.28
SITE089,2014,22.7,4.1,13.1,95.3,1481.0,2024,116,9,36.0,3.0,8.4,-3,0.49
SITE089,2015,22.8,4.2,13.1,68.3,1496.0,2029,115,9,35.0,3.2,8.8,-30,0.54
SITE089,2016,22.8,4.2,13.1,102.8,1481.0,2032,115,9,36.0,3.1,8.5,5,0.57
SITE089,2017,22.9,4.2,13.2,45.8,1510.0,2037,114,9,34.0,3.3,8.7,-53,0.62
SITE089,2018,22.8,4.2,13.1,72.7,1495.0,2031,115,9,35.0,3.1,8.7,-26,0.56
SITE089,2019,22.9,4.2,13.2,138.0,1468.0,2036,114,9,37.0,3.5,8.2,41,0.62
SITE089,2020,22.9,4.3,13.2,83.4,1494.0,2039,114,9,35.0,3.4,8.4,-15,0.64
SITE089,2021,23.0,4.4,13.3,72.2,1505.0,2052,113,9,34.0,3.1,8.6,-26,0.77
SITE089,2022,23.0,4.4,13.3,84.4,1499.0,2051,113,9,35.0,3.3,8.8,-14,0.77
SITE089,2023,23.1,4.5,13.4,79.9,1506.0,2060,112,9,34.0,3.1,8.4,-18,0.85
SITE089,2024,23.1,4.5,13.4,59.4,1516.0,2063,112,9,33.0,3.5,8.9,-39,0.88
SITE090,1991,21.5,2.9,11.8,239.8,1419.0,1870,127,5,40.0,3.2,8.5,12,-0.36
SITE090,1992,21.7,3.0,12.0,390.0,1394.0,1881,126,6,41.0,3.5,7.7,82,-0.24
SITE090,1993,21.6,3.0,11.9,186.6,1432.0,1876,127,6,39.0,3.3,8.5,-13,-0.29
SITE090,1994,21.7,3.0,12.0,149.4,1443.0,1882,126,6,38.0,3.4,8.6,-30,-0.23
SITE090,1995,21.7,3.1,12.0,121.0,1451.0,1887,125,6,37.0,3.1,8.7,-43,-0.17
SITE090,1996,21.7,3.1,12.0,229.5,1429.0,1887,125,6,39.0,3.2,8.5,7,-0.17
SITE090,1997,21.8,3.2,12.1,539.2,1371.0,1895,125,6,43.0,3.5,7.6,152,-0.09
SITE090,1998,21.8,3.2,12.1,297.5,1419.0,1894,125,6,40.0,3.0,8.3,39,-0.11
SITE090,1999,21.7,3.1,12.1,98.0,1457.0,1889,125,6,37.0,3.1,8.7,-54,-0.15
SITE090,2000,21.7,3.0,12.0,114.0,1450.0,1882,126,6,38.0,2.9,8.9,-47,-0.23
SITE090,2001,21.6,3.0,12.0,181.3,1435.0,1880,126,6,39.0,3.2,8.7,-15,-0.25
SITE090,2002,21.7,3.1,12.0,222.5,1430.0,1885,126,6,39.0,2.9,8.4,4,-0.2
SITE090,2003,21.7,3.1,12.0,140.2,1447.0,1887,126,6,38.0,3.8,8.9,-34,-0.18
SITE090,2004,21.7,3.1,12.1,198.1,1437.0,1889,125,6,38.0,3.5,8.7,-7,-0.15
SITE090,2005,21.6,3.0,11.9,202.7,1429.0,1875,127,6,39.0,3.5,8.9,-5,-0.3
SITE090,2006,21.7,3.0,12.0,236.9,1425.0,1881,126,6,39.0,3.2,8.3,11,-0.24
SITE090,2007,21.8,3.1,12.1,256.1,1426.0,1890,125,6,39.0,3.3,8.4,20,-0.14
SITE090,2008,21.7,3.1,12.0,166.7,1442.0,1888,125,6,38.0,3.5,8.8,-22,-0.17
SITE090,2009,21.7,3.1,12.0,225.5,1431.0,1888,125,6,39.0,3.4,8.7,5,-0.17
SITE090,2010,21.8,3.2,12.1,329.1,1414.0,1897,124,6,40.0,3.4,8.1,54,-0.07
SITE090,2011,21.9,3.2,12.2,252.5,1432.0,1902,124,6,39.0,3.5,8.2,18,-0.02
SITE090,2012,22.0,3.3,12.3,220.4,1443.0,1910,123,6,38.0,3.6,8.6,3,0.07
SITE090,2013,22.1,3.5,12.4,344.0,1424.0,1923,122,6,39.0,3.1,7.9,61,0.21
SITE090,2014,22.2,3.5,12.5,216.2,1454.0,1931,121,6,37.0,2.9,8.5,1,0.28
SITE090,2015,22.2,3.6,12.5,196.7,1460.0,1934,121,6,36.0,3.0,8.8,-8,0.32
SITE090,2016,22.2,3.6,12.5,246.0,1450.0,1934,121,6,37.0,3.3,8.3,15,0.32
SITE090,2017,22.3,3.6,12.6,131.3,1476.0,1940,120,6,35.0,3.3,8.8,-39,0.38
SITE090,2018,22.3,3.6,12.6,125.1,1478.0,1941,120,6,35.0,3.6,8.7,-42,0.39
SITE090,2019,22.4,3.7,12.7,290.5,1449.0,1950,119,6,37.0,3.1,8.2,36,0.49
SITE090,2020,22.3,3.6,12.6,173.0,1467.0,1938,120,6,36.0,3.4,8.7,-19,0.36
SITE090,2021,22.2,3.6,12.5,76.1,1483.0,1932,121,6,35.0,2.9,8.9,-64,0.3
SITE090,2022,22.1,3.5,12.4,123.8,1471.0,1927,121,6,36.0,3.2,9.0,-42,0.24
SITE090,2023,22.2,3.6,12.5,171.1,1465.0,1935,121,6,36.0,3.2,8.5,-20,0.32
SITE090,2024,22.2,3.5,12.5,270.4,1443.0,1930,121,6,38.0,3.1,8.6,26,0.27
SITE091,1991,24.4,5.8,14.7,152.0,1592.0,2445,89,29,41.0,3.0,8.4,-10,-0.88
SITE091,1992,24.5,5.8,14.8,155.0,1594.0,2453,89,29,41.0,3.0,8.7,-8,-0.82
SITE091,1993,24.4,5.8,14.7,227.5,1573.0,2451,89,29,42.0,3.4,8.4,35,-0.84
SITE091,1994,24.5,5.9,14.8,205.6,1584.0,2463,88,29,42.0,3.8,8.3,22,-0.74
SITE091,1995,24.6,6.0,14.9,108.8,1614.0,2472,88,30,40.0,3.4,8.8,-35,-0.68
SITE091,1996,24.7,6.1,15.0,215.7,1588.0,2483,87,30,41.0,3.3,8.5,28,-0.59
SITE091,1997,24.8,6.1,15.1,349.7,1554.0,2494,86,30,43.0,3.2,7.9,108,-0.5
SITE091,1998,24.8,6.2,15.1,184.0,1605.0,2503,86,30,40.0,2.8,8.4,10,-0.44
SITE091,1999,24.9,6.3,15.2,91.0,1636.0,2514,85,31,38.0,3.0,8.8,-46,-0.35
SITE091,2000,25.0,6.3,15.3,97.5,1636.0,2520,85,31,38.0,3.0,9.0,-42,-0.3
SITE091,2001,25.0,6.3,15.3,88.2,1639.0,2519,85,31,38.0,3.4,8.7,-48,-0.31
SITE091,2002,24.8,6.2,15.2,250.7,1586.0,2503,86,30,41.0,3.2,8.4,49,-0.43
SITE091,2003,24.9,6.3,15.2,85.3,1636.0,2511,86,31,38.0,3.1,8.8,-49,-0.37
SITE091,2004,25.0,6.4,15.3,173.7,1617.0,2527,85,31,39.0,3.5,8.2,3,-0.25
SITE091,2005,25.1,6.5,15.4,168.0,1623.0,2538,84,31,39.0,3.4,8.5,0,-0.16
SITE091,2006,25.3,6.6,15.6,191.9,1623.0,2556,83,32,38.0,3.4,8.5,14,-0.02
SITE091,2007,25.3,6.7,15.6,184.2,1627.0,2560,83,32,38.0,3.5,8.4,10,0.01
SITE091,2008,25.4,6.8,15.7,134.4,1646.0,2573,82,32,37.0,3.1,8.9,-20,0.11
SITE091,2009,25.4,6.8,15.7,184.9,1631.0,2573,82,32,38.0,3.5,8.5,10,0.12
SITE091,2010,25.4,6.8,15.7,213.8,1625.0,2578,82,32,38.0,3.1,8.3,27,0.15
SITE091,2011,25.4,6.8,15.7,158.3,1641.0,2578,82,32,37.0,3.0,8.8,-6,0.15
SITE091,2012,25.5,6.8,15.8,102.6,1659.0,2584,82,32,36.0,3.3,9.0,-39,0.2
SITE091,2013,25.6,6.9,15.9,317.8,1600.0,2593,81,33,40.0,3.5,8.2,89,0.27
SITE091,2014,25.6,7.0,16.0,111.6,1665.0,2606,81,33,36.0,2.7,8.7,-34,0.37
SITE091,2015,25.6,7.0,15.9,146.8,1655.0,2605,81,33,36.0,2.7,8.5,-13,0.36
SITE091,2016,25.8,7.1,16.1,195.7,1646.0,2620,80,33,37.0,3.7,8.3,16,0.48
SITE091,2017,25.8,7.2,16.1,131.0,1668.0,2626,80,33,35.0,3.4,8.9,-22,0.53
SITE091,2018,25.9,7.3,16.2,128.2,1675.0,2644,79,34,35.0,3.0,8.6,-24,0.66
SITE091,2019,25.9,7.2,16.2,238.0,1639.0,2636,79,34,37.0,3.0,8.4,42,0.6
SITE091,2020,26.0,7.3,16.3,145.5,1671.0,2646,79,34,35.0,3.3,8.6,-13,0.68
SITE091,2021,26.0,7.3,16.3,85.0,1689.0,2648,78,34,34.0,3.2,9.2,-49,0.7
SITE091,2022,26.0,7.4,16.3,97.9,1689.0,2656,78,34,34.0,3.1,8.8,-42,0.76
SITE091,2023,26.0,7.4,16.4,142.6,1676.0,2657,78,34,34.0,3.2,8.5,-15,0.77
SITE091,2024,26.0,7.4,16.3,127.6,1680.0,2655,78,34,34.0,3.3,8.5,-24,0.76
SITE092,1991,23.1,4.5,13.5,100.7,1543.0,2235,112,22,40.0,3.1,8.7,-11,-0.65
SITE092,1992,23.2,4.5,13.5,115.1,1539.0,2239,112,22,41.0,3.0,8.5,2,-0.61
SITE092,1993,23.3,4.6,13.6,97.3,1551.0,2250,111,22,40.0,3.1,8.9,-14,-0.53
SITE092,1994,23.3,4.6,13.6,41.3,1574.0,2250,111,22,38.0,3.2,8.7,-63,-0.52
SITE092,1995,23.3,4.7,13.6,62.2,1567.0,2255,110,22,39.0,3.3,9.1,-45,-0.48
SITE092,1996,23.3,4.7,13.6,138.0,1536.0,2255,110,22,41.0,3.1,8.1,22,-0.48
SITE092,1997,23.4,4.8,13.7,140.2,1539.0,2264,110,22,40.0,3.7,8.5,24,-0.4
SITE092,1998,23.4,4.8,13.8,148.1,1539.0,2270,109,22,40.0,3.6,8.4,31,-0.35
SITE092,1999,23.4,4.8,13.7,99.7,1557.0,2267,110,22,39.0,3.0,8.8,-12,-0.38
SITE092,2000,23.4,4.8,13.7,60.7,1574.0,2269,109,22,38.0,3.3,9.0,-46,-0.36
SITE092,2001,23.6,4.9,13.9,98.8,1566.0,2286,108,23,38.0,3.1,8.6,-13,-0.21
SITE092,2002,23.5,4.9,13.8,156.4,1539.0,2279,109,23,40.0,3.2,8.4,38,-0.27
SITE092,2003,23.5,4.8,13.8,95.2,1562.0,2273,109,22,39.0,3.2,8.5,-16,-0.32
SITE092,2004,23.5,4.8,13.8,232.5,1505.0,2273,109,22,42.0,3.2,7.9,106,-0.33
SITE092,2005,23.6,5.0,13.9,104.8,1564.0,2289,108,23,39.0,3.3,8.9,-7,-0.19
SITE092,2006,23.6,5.0,13.9,126.1,1555.0,2288,108,23,39.0,3.1,8.5,12,-0.19
SITE092,2007,23.7,5.1,14.0,66.5,1585.0,2300,107,23,37.0,3.7,8.7,-41,-0.09
SITE092,2008,23.7,5.1,14.0,103.8,1570.0,2301,107,23,38.0,3.3,8.5,-8,-0.08
SITE092,2009,23.8,5.2,14.1,94.0,1580.0,2315,106,23,37.0,2.9,8.7,-17,0.04
SITE092,2010,24.0,5.3,14.3,85.1,1590.0,2328,105,24,37.0,3.4,8.8,-25,0.15
SITE092,2011,24.0,5.3,14.3,105.3,1581.0,2329,105,24,37.0,2.8,8.8,-7,0.16
SITE092,2012,24.0,5.4,14.3,135.2,1573.0,2338,104,24,38.0,3.1,8.4,20,0.24
SITE092,2013,24.1,5.4,14.4,92.8,1592.0,2341,104,24,36.0,3.5,8.5,-18,0.26
SITE092,2014,24.1,5.4,14.4,45.6,1613.0,2344,104,24,35.0,3.0,8.9,-60,0.29
SITE092,2015,24.0,5.4,14.3,105.4,1585.0,2337,104,24,37.0,3.0,8.7,-7,0.23
SITE092,2016,24.2,5.6,14.5,98.9,1596.0,2357,103,24,36.0,3.0,8.5,-12,0.4
SITE092,2017,24.3,5.6,14.6,67.8,1613.0,2366,102,24,35.0,3.0,8.6,-40,0.48
SITE092,2018,24.3,5.7,14.6,63.4,1617.0,2370,102,24,35.0,3.0,9.0,-44,0.52
SITE092,2019,24.3,5.7,14.6,125.0,1590.0,2370,102,24,36.0,3.1,8.6,11,0.51
SITE092,2020,24.4,5.7,14.7,97.0,1604.0,2375,102,24,35.0,2.8,8.6,-14,0.56
SITE092,2021,24.4,5.7,14.7,80.1,1613.0,2378,101,25,35.0,3.0,8.9,-29,0.58
SITE092,2022,24.4,5.8,14.7,78.6,1616.0,2384,101,25,35.0,3.1,8.6,-30,0.64
SITE092,2023,24.5,5.8,14.8,53.7,1628.0,2386,101,25,34.0,3.9,8.8,-52,0.66
SITE092,2024,24.5,5.9,14.8,108.4,1608.0,2394,100,25,35.0,3.2,8.8,-4,0.72
SITE093,1991,24.4,5.7,14.7,248.4,1584.0,2472,98,31,41.0,3.8,8.5,21,-0.53
SITE093,1992,24.3,5.7,14.6,447.8,1534.0,2464,98,31,44.0,3.3,7.8,117,-0.59
SITE093,1993,24.3,5.7,14.6,224.2,1587.0,2467,98,31,41.0,2.9,8.4,9,-0.57
SITE093,1994,24.4,5.8,14.7,93.5,1621.0,2477,98,31,38.0,3.5,8.9,-55,-0.49
SITE093,1995,24.4,5.8,14.7,108.5,1618.0,2478,98,31,39.0,2.9,9.0,-47,-0.49
SITE093,1996,24.4,5.7,14.7,244.0,1585.0,2472,98,31,41.0,3.2,8.4,18,-0.53
SITE093,1997,24.3,5.7,14.6,270.5,1576.0,2465,98,31,41.0,3.0,8.1,31,-0.58
SITE093,1998,24.5,5.8,14.8,138.3,1613.0,2482,97,31,39.0,3.3,8.8,-33,-0.45
SITE093,1999,24.5,5.9,14.8,169.4,1609.0,2489,97,31,39.0,3.3,8.4,-18,-0.4
SITE093,2000,24.5,5.9,14.8,198.9,1601.0,2487,97,31,40.0,3.3,8.7,-3,-0.42
SITE093,2001,24.6,5.9,14.9,115.6,1624.0,2496,96,32,38.0,3.8,8.9,-44,-0.34
SITE093,2002,24.6,6.0,14.9,185.1,1611.0,2505,96,32,39.0,3.4,8.6,-10,-0.27
SITE093,2003,24.6,6.0,14.9,170.5,1614.0,2504,96,32,39.0,3.4,8.8,-17,-0.28
SITE093,2004,24.7,6.0,15.0,127.0,1626.0,2508,96,32,38.0,2.9,8.9,-38,-0.25
SITE093,2005,24.7,6.1,15.0,272.4,1594.0,2513,95,32,40.0,3.0,8.4,32,-0.21
SITE093,2006,24.8,6.1,15.1,231.2,1607.0,2522,95,32,39.0,2.7,8.4,12,-0.14
SITE093,2007,24.8,6.1,15.1,240.7,1605.0,2524,95,32,39.0,2.8,8.4,17,-0.12
SITE093,2008,24.8,6.2,15.1,145.0,1630.0,2530,94,33,37.0,3.1,8.9,-30,-0.07
SITE093,2009,24.9,6.2,15.2,196.1,1621.0,2536,94,33,38.0,2.8,8.5,-5,-0.03
SITE093,2010,25.0,6.3,15.3,200.2,1624.0,2547,93,33,38.0,3.0,8.4,-3,0.06
SITE093,2011,25.1,6.4,15.4,185.6,1633.0,2562,92,33,37.0,3.4,8.8,-10,0.18
SITE093,2012,25.1,6.4,15.4,210.1,1627.0,2562,93,33,37.0,3.5,8.5,2,0.18
SITE093,2013,25.1,6.4,15.4,194.2,1631.0,2561,93,33,37.0,3.4,8.5,-6,0.17
SITE093,2014,25.1,6.5,15.4,156.4,1641.0,2564,92,33,37.0,3.2,8.6,-24,0.19
SITE093,2015,25.2,6.6,15.5,252.0,1623.0,2577,92,34,37.0,3.4,8.6,22,0.3
SITE093,2016,25.1,6.5,15.4,389.9,1587.0,2569,92,34,40.0,3.0,7.9,89,0.23
SITE093,2017,25.2,6.6,15.5,138.8,1650.0,2577,92,34,36.0,3.1,8.5,-33,0.3
SITE093,2018,25.2,6.6,15.6,130.9,1654.0,2582,91,34,36.0,3.0,8.9,-36,0.34
SITE093,2019,25.3,6.7,15.7,328.3,1612.0,2595,91,34,38.0,3.0,8.1,59,0.44
SITE093,2020,25.5,6.8,15.8,217.3,1645.0,2611,90,35,36.0,3.1,8.7,6,0.57
SITE093,2021,25.6,7.0,15.9,80.1,1685.0,2632,88,35,33.0,3.3,9.1,-61,0.73
SITE093,2022,25.8,7.2,16.1,112.3,1686.0,2654,87,36,33.0,3.1,8.7,-46,0.9
SITE093,2023,25.9,7.3,16.2,190.1,1674.0,2669,86,36,34.0,3.0,8.5,-8,1.02
SITE093,2024,26.1,7.4,16.4,302.5,1653.0,2687,85,37,35.0,3.4,8.4,47,1.16
SITE094,1991,23.1,4.4,13.4,386.2,1450.0,2023,108,7,39.0,3.3,8.4,41,0.01
SITE094,1992,23.0,4.4,13.3,373.1,1451.0,2019,108,7,39.0,2.8,8.4,36,-0.03
SITE094,1993,23.0,4.3,13.3,203.2,1475.0,2012,109,7,38.0,3.2,8.8,-26,-0.09
SITE094,1994,22.9,4.2,13.2,158.2,1478.0,2004,110,7,37.0,2.8,8.8,-42,-0.18
SITE094,1995,22.8,4.1,13.1,230.3,1463.0,1995,110,7,39.0,3.8,8.5,-16,-0.26
SITE094,1996,22.7,4.1,13.0,191.2,1466.0,1988,111,7,38.0,3.0,8.8,-30,-0.33
SITE094,1997,22.6,4.0,12.9,247.4,1451.0,1977,112,7,39.0,2.8,8.4,-10,-0.44
SITE094,1998,22.7,4.1,13.0,348.8,1441.0,1989,111,7,40.0,2.9,8.4,27,-0.32
SITE094,1999,22.7,4.0,13.0,176.3,1465.0,1982,111,7,38.0,3.8,8.8,-36,-0.39
SITE094,2000,22.8,4.1,13.1,145.5,1476.0,1994,110,7,38.0,2.9,9.1,-47,-0.27
SITE094,2001,22.8,4.2,13.1,284.3,1456.0,1999,110,7,39.0,2.9,8.7,4,-0.22
SITE094,2002,22.8,4.2,13.1,167.8,1475.0,2000,110,7,38.0,3.4,8.7,-39,-0.21
SITE094,2003,22.8,4.2,13.1,269.2,1457.0,1997,110,7,39.0,3.5,8.8,-2,-0.24
SITE094,2004,22.8,4.2,13.2,216.0,1468.0,2001,110,7,38.0,3.0,8.8,-21,-0.2
SITE094,2005,22.9,4.3,13.2,244.6,1467.0,2009,109,7,38.0,3.6,8.7,-11,-0.12
SITE094,2006,23.0,4.3,13.3,231.3,1471.0,2013,109,7,38.0,3.1,8.6,-16,-0.08
SITE094,2007,22.9,4.3,13.2,258.7,1463.0,2007,109,7,38.0,3.3,8.5,-6,-0.14
SITE094,2008,23.0,4.4,13.3,197.9,1479.0,2019,108,7,37.0,3.6,8.6,-28,-0.03
SITE094,2009,23.0,4.3,13.3,238.5,1470.0,2014,109,7,38.0,3.9,8.5,-13,-0.07
SITE094,2010,23.1,4.4,13.4,129.3,1492.0,2024,108,7,36.0,3.0,8.6,-53,0.03
SITE094,2011,23.1,4.4,13.4,158.9,1488.0,2024,108,7,37.0,3.6,9.0,-42,0.03
SITE094,2012,23.2,4.5,13.5,248.1,1477.0,2032,107,7,37.0,3.6,8.8,-9,0.1
SITE094,2013,23.2,4.5,13.5,228.3,1481.0,2033,107,7,37.0,3.1,8.7,-17,0.12
SITE094,2014,23.2,4.6,13.5,258.4,1479.0,2039,107,7,37.0,3.3,8.7,-6,0.18
SITE094,2015,23.1,4.5,13.4,136.5,1494.0,2030,107,7,36.0,3.0,8.7,-50,0.08
SITE094,2016,23.2,4.5,13.5,306.3,1468.0,2033,107,7,38.0,3.4,8.3,12,0.11
SITE094,2017,23.2,4.5,13.5,134.9,1496.0,2034,107,7,36.0,3.3,8.6,-51,0.12
SITE094,2018,23.3,4.6,13.6,183.0,1493.0,2044,106,7,36.0,3.5,8.7,-33,0.22
SITE094,2019,23.3,4.7,13.6,381.4,1464.0,2051,106,7,38.0,2.9,8.2,39,0.29
SITE094,2020,23.5,4.8,13.8,295.1,1483.0,2062,105,7,37.0,3.1,8.6,8,0.4
SITE094,2021,23.4,4.8,13.7,211.8,1496.0,2061,105,7,36.0,3.4,8.7,-23,0.39
SITE094,2022,23.5,4.9,13.8,158.8,1509.0,2070,104,7,35.0,3.0,8.7,-42,0.48
SITE094,2023,23.6,4.9,13.9,218.9,1502.0,2076,103,7,35.0,3.5,8.5,-20,0.54
SITE094,2024,23.5,4.9,13.9,401.5,1470.0,2071,104,7,37.0,3.6,8.3,47,0.5
SITE095,1991,20.8,2.2,11.1,279.8,1359.0,1727,132,3,43.0,3.5,8.3,43,-0.9
SITE095,1992,20.8,2.2,11.2,438.4,1327.0,1730,132,3,45.0,3.0,7.5,124,-0.86
SITE095,1993,20.9,2.3,11.2,257.9,1369.0,1738,131,3,42.0,3.5,8.3,32,-0.78
SITE095,1994,21.1,2.4,11.4,109.7,1408.0,1752,129,3,39.0,3.5,8.7,-44,-0.62
SITE095,1995,21.2,2.5,11.5,178.3,1397.0,1759,129,3,40.0,3.3,8.8,-9,-0.55
SITE095,1996,21.2,2.6,11.5,226.2,1388.0,1762,128,3,41.0,3.1,8.3,15,-0.51
SITE095,1997,21.2,2.5,11.5,239.3,1384.0,1760,129,3,41.0,3.3,8.5,22,-0.54
SITE095,1998,21.2,2.6,11.5,164.9,1403.0,1765,128,3,39.0,3.0,8.6,-16,-0.48
SITE095,1999,21.2,2.6,11.5,146.9,1407.0,1766,128,3,39.0,2.9,8.5,-25,-0.47
SITE095,2000,21.3,2.6,11.6,138.9,1411.0,1769,127,3,39.0,3.2,8.5,-29,-0.44
SITE095,2001,21.4,2.7,11.7,179.7,1405.0,1776,127,3,39.0,3.2,8.8,-8,-0.36
SITE095,2002,21.5,2.9,11.8,281.3,1392.0,1792,125,3,40.0,3.4,8.4,44,-0.18
SITE095,2003,21.6,2.9,11.9,176.6,1417.0,1797,124,3,38.0,3.0,8.6,-10,-0.12
SITE095,2004,21.6,3.0,11.9,248.2,1403.0,1799,124,3,39.0,3.2,8.4,27,-0.11
SITE095,2005,21.7,3.0,12.0,140.3,1429.0,1805,124,3,37.0,3.3,9.0,-28,-0.04
SITE095,2006,21.7,3.1,12.1,220.1,1416.0,1812,123,3,38.0,2.5,8.6,12,0.03
SITE095,2007,21.7,3.1,12.0,181.6,1422.0,1809,123,3,38.0,3.3,8.6,-7,0.0
SITE095,2008,21.7,3.1,12.0,46.6,1451.0,1807,123,3,36.0,3.2,9.0,-76,-0.02
SITE095,2009,21.7,3.0,12.0,269.5,1401.0,1804,124,3,39.0,3.4,8.5,38,-0.05
SITE095,2010,21.7,3.0,12.0,296.4,1395.0,1803,124,3,40.0,3.3,8.0,51,-0.06
SITE095,2011,21.8,3.2,12.1,144.1,1435.0,1818,122,3,37.0,3.3,8.7,-26,0.1
SITE095,2012,21.9,3.2,12.2,174.0,1431.0,1822,122,3,37.0,2.9,8.6,-11,0.15
SITE095,2013,21.9,3.3,12.2,171.3,1435.0,1828,121,3,37.0,3.1,8.7,-13,0.22
SITE095,2014,22.0,3.3,12.3,199.0,1430.0,1831,121,3,37.0,3.1,8.4,2,0.25
SITE095,2015,22.0,3.4,12.3,191.9,1435.0,1837,120,3,37.0,3.5,8.6,-2,0.31
SITE095,2016,22.1,3.5,12.4,266.0,1423.0,1845,119,3,37.0,3.8,8.4,36,0.4
SITE095,2017,22.2,3.5,12.5,132.8,1456.0,1851,119,3,35.0,3.5,8.8,-32,0.47
SITE095,2018,22.3,3.6,12.6,173.4,1450.0,1858,118,3,35.0,3.4,8.7,-12,0.55
SITE095,2019,22.3,3.6,12.6,236.5,1438.0,1861,118,3,36.0,3.1,8.5,21,0.58
SITE095,2020,22.4,3.7,12.7,405.9,1405.0,1870,117,4,39.0,3.3,7.8,107,0.68
SITE095,2021,22.4,3.7,12.7,138.9,1464.0,1869,117,3,34.0,3.2,8.7,-29,0.67
SITE095,2022,22.5,3.8,12.8,151.0,1465.0,1877,116,4,34.0,3.2,8.4,-23,0.75
SITE095,2023,22.7,4.0,13.0,137.6,1479.0,1897,114,4,33.0,2.8,8.6,-30,0.97
SITE095,2024,22.7,4.0,13.0,202.8,1464.0,1896,114,4,34.0,3.5,8.7,3,0.97
SITE096,1991,21.6,3.0,11.9,492.4,1390.0,1853,124,4,42.0,3.4,8.4,39,-0.59
SITE096,1992,21.7,3.1,12.0,341.0,1413.0,1862,123,4,40.0,3.1,8.6,-3,-0.49
SITE096,1993,21.7,3.1,12.0,159.3,1435.0,1863,123,4,38.0,3.5,9.0,-55,-0.48
SITE096,1994,21.8,3.1,12.1,165.0,1436.0,1867,122,4,38.0,3.5,8.9,-53,-0.45
SITE096,1995,21.7,3.0,12.0,293.4,1416.0,1857,123,4,40.0,3.4,8.7,-17,-0.54
SITE096,1996,21.7,3.0,12.0,312.3,1414.0,1856,123,4,40.0,3.2,8.5,-12,-0.55
SITE096,1997,21.7,3.1,12.0,276.5,1421.0,1862,123,4,39.0,2.8,8.7,-22,-0.49
SITE096,1998,21.8,3.2,12.1,290.9,1424.0,1871,122,4,39.0,2.9,8.5,-18,-0.4
SITE096,1999,21.9,3.2,12.2,482.5,1403.0,1876,121,4,40.0,3.3,8.3,37,-0.34
SITE096,2000,21.9,3.2,12.2,175.9,1439.0,1875,122,4,38.0,2.9,8.9,-50,-0.36
SITE096,2001,21.9,3.2,12.2,357.7,1418.0,1876,122,4,39.0,2.9,8.4,1,-0.35
SITE096,2002,22.0,3.3,12.3,433.4,1413.0,1884,121,5,40.0,3.4,8.3,23,-0.26
SITE096,2003,21.9,3.3,12.2,429.4,1411.0,1880,121,4,40.0,2.9,8.2,22,-0.3
SITE096,2004,21.9,3.2,12.2,347.0,1419.0,1876,121,4,39.0,3.1,8.7,-2,-0.35
SITE096,2005,22.0,3.3,12.3,590.8,1394.0,1886,121,5,41.0,3.1,8.2,67,-0.25
SITE096,2006,22.1,3.5,12.4,416.3,1422.0,1900,119,5,39.0,3.1,8.3,18,-0.1
SITE096,2007,22.3,3.6,12.6,256.1,1448.0,1913,118,5,37.0,3.1,8.7,-27,0.04
SITE096,2008,22.3,3.6,12.6,148.0,1463.0,1915,118,5,36.0,3.3,8.8,-58,0.06
SITE096,2009,22.3,3.7,12.6,253.4,1451.0,1918,117,5,37.0,3.4,8.5,-28,0.09
SITE096,2010,22.4,3.8,12.7,309.5,1449.0,1927,116,5,37.0,3.5,8.7,-12,0.19
SITE096,2011,22.5,3.8,12.8,326.3,1449.0,1931,116,5,37.0,3.7,8.7,-8,0.23
SITE096,2012,22.5,3.8,12.8,141.8,1473.0,1934,116,5,35.0,3.1,8.9,-60,0.26
SITE096,2013,22.5,3.9,12.8,339.8,1450.0,1936,116,5,37.0,3.0,8.6,-4,0.28
SITE096,2014,22.5,3.9,12.8,737.6,1402.0,1938,115,5,40.0,3.6,7.9,109,0.3
SITE096,2015,22.5,3.9,12.8,426.5,1439.0,1935,116,5,38.0,3.1,8.3,21,0.27
SITE096,2016,22.6,4.0,12.9,214.8,1469.0,1944,115,5,35.0,3.3,8.4,-39,0.37
SITE096,2017,22.6,4.0,12.9,463.9,1441.0,1949,114,5,37.0,3.2,8.4,31,0.41
SITE096,2018,22.7,4.0,13.0,97.9,1487.0,1951,114,5,34.0,3.4,9.0,-72,0.44
SITE096,2019,22.7,4.1,13.0,383.3,1455.0,1957,113,5,36.0,3.7,8.7,9,0.5
SITE096,2020,22.7,4.1,13.0,459.1,1445.0,1956,114,5,37.0,3.3,8.5,30,0.49
SITE096,2021,22.7,4.1,13.0,356.8,1457.0,1956,114,5,36.0,2.9,8.4,1,0.49
SITE096,2022,22.8,4.2,13.1,238.6,1477.0,1965,113,5,35.0,3.1,8.5,-32,0.58
SITE096,2023,22.9,4.3,13.2,326.3,1470.0,1974,112,5,35.0,3.3,8.7,-8,0.68
SITE096,2024,22.8,4.2,13.2,297.8,1471.0,1968,112,5,35.0,3.2,8.5,-16,0.62
SITE097,1991,21.7,4.1,12.5,884.9,1459.0,1784,98,1,66.0,2.7,6.2,28,-0.69
SITE097,1992,21.8,4.1,12.6,931.5,1460.0,1791,97,1,66.0,2.3,6.2,35,-0.61
SITE097,1993,21.9,4.2,12.7,664.4,1481.0,1799,96,1,64.0,2.1,6.5,-4,-0.53
SITE097,1994,21.9,4.3,12.8,600.8,1488.0,1804,96,1,63.0,2.5,6.2,-13,-0.47
SITE097,1995,21.9,4.2,12.7,583.5,1485.0,1797,97,1,64.0,2.5,6.6,-16,-0.55
SITE097,1996,21.9,4.3,12.7,722.0,1479.0,1802,96,1,64.0,2.4,6.3,4,-0.5
SITE097,1997,21.9,4.3,12.7,909.1,1468.0,1803,96,1,65.0,2.5,6.1,32,-0.49
SITE097,1998,22.0,4.4,12.8,472.6,1500.0,1812,95,1,63.0,2.5,6.6,-32,-0.39
SITE097,1999,22.0,4.4,12.8,540.9,1496.0,1812,95,1,63.0,2.3,6.5,-22,-0.39
SITE097,2000,22.1,4.4,12.9,340.0,1513.0,1819,95,1,62.0,2.6,6.9,-51,-0.31
SITE097,2001,22.1,4.4,12.9,301.1,1515.0,1819,95,1,62.0,2.6,6.8,-56,-0.31
SITE097,2002,22.2,4.5,13.0,714.7,1492.0,1825,94,1,63.0,2.5,6.2,3,-0.24
SITE097,2003,22.3,4.7,13.1,685.9,1501.0,1840,93,1,62.0,2.6,6.3,-1,-0.08
SITE097,2004,22.2,4.6,13.1,1542.3,1442.0,1833,94,1,66.0,2.7,5.8,123,-0.16
SITE097,2005,22.2,4.6,13.0,970.5,1478.0,1831,94,1,64.0,2.5,6.2,40,-0.18
SITE097,2006,22.3,4.7,13.2,476.9,1516.0,1842,93,1,61.0,2.4,6.4,-31,-0.06
SITE097,2007,22.4,4.7,13.2,652.4,1506.0,1844,93,1,62.0,2.6,6.2,-6,-0.03
SITE097,2008,22.4,4.7,13.2,440.5,1519.0,1844,93,1,61.0,2.6,6.5,-36,-0.04
SITE097,2009,22.4,4.8,13.3,760.7,1502.0,1850,92,1,62.0,2.6,6.2,10,0.03
SITE097,2010,22.4,4.8,13.2,727.4,1504.0,1849,92,1,62.0,2.0,6.3,5,0.02
SITE097,2011,22.4,4.8,13.3,507.4,1519.0,1851,92,1,61.0,2.5,6.4,-27,0.03
SITE097,2012,22.4,4.8,13.3,1058.3,1482.0,1850,92,1,63.0,2.6,6.2,53,0.03
SITE097,2013,22.6,5.0,13.4,485.0,1528.0,1866,91,1,60.0,2.6,6.5,-30,0.2
SITE097,2014,22.7,5.1,13.6,481.4,1536.0,1879,90,1,60.0,2.4,6.5,-30,0.34
SITE097,2015,22.7,5.1,13.6,455.4,1537.0,1880,90,1,60.0,2.9,6.6,-34,0.35
SITE097,2016,22.8,5.2,13.6,737.4,1523.0,1887,89,1,61.0,2.5,6.3,7,0.42
SITE097,2017,22.8,5.2,13.7,451.1,1542.0,1888,89,1,59.0,2.6,6.3,-35,0.43
SITE097,2018,23.0,5.3,13.8,703.2,1532.0,1901,88,1,60.0,2.4,6.4,2,0.58
SITE097,2019,23.0,5.3,13.8,1468.1,1482.0,1902,88,1,63.0,2.6,5.7,112,0.58
SITE097,2020,23.0,5.4,13.8,680.0,1536.0,1905,88,1,59.0,2.2,6.4,-2,0.61
SITE097,2021,23.0,5.4,13.8,524.7,1546.0,1905,88,1,59.0,2.6,6.3,-24,0.62
SITE097,2022,23.0,5.3,13.8,689.0,1533.0,1901,88,1,60.0,2.3,6.2,0,0.58
SITE097,2023,23.0,5.3,13.8,639.5,1536.0,1900,88,1,59.0,2.8,6.4,-7,0.57
SITE097,2024,23.0,5.4,13.9,853.3,1525.0,1907,88,1,60.0,2.8,6.1,23,0.64
SITE098,1991,20.8,2.6,11.3,285.3,1456.0,1559,122,0,62.0,2.4,6.7,-41,-0.32
SITE098,1992,20.8,2.6,11.4,368.3,1452.0,1564,121,0,62.0,2.3,6.3,-24,-0.26
SITE098,1993,20.9,2.7,11.4,446.5,1448.0,1569,121,0,63.0,2.4,6.1,-8,-0.19
SITE098,1994,21.0,2.8,11.5,403.3,1457.0,1578,120,0,62.0,2.7,6.1,-17,-0.09
SITE098,1995,21.0,2.8,11.6,215.8,1475.0,1578,120,0,61.0,2.4,6.7,-55,-0.08
SITE098,1996,21.0,2.8,11.6,589.9,1441.0,1579,119,0,63.0,2.3,6.3,22,-0.07
SITE098,1997,21.0,2.8,11.5,305.9,1465.0,1576,120,0,61.0,2.8,6.8,-37,-0.11
SITE098,1998,20.9,2.7,11.5,573.7,1439.0,1572,120,0,63.0,2.6,6.1,19,-0.16
SITE098,1999,21.0,2.8,11.5,229.7,1471.0,1575,120,0,61.0,2.4,6.5,-52,-0.13
SITE098,2000,21.0,2.8,11.5,516.8,1447.0,1577,120,0,63.0,2.4,6.1,7,-0.1
SITE098,2001,20.9,2.7,11.5,340.4,1459.0,1572,120,0,62.0,2.6,6.4,-30,-0.16
SITE098,2002,21.1,2.9,11.6,715.2,1432.0,1582,119,0,64.0,2.8,6.0,48,-0.03
SITE098,2003,21.0,2.8,11.6,670.1,1435.0,1579,119,0,63.0,2.3,6.1,39,-0.07
SITE098,2004,21.0,2.8,11.5,806.1,1421.0,1577,120,0,64.0,2.4,5.8,67,-0.1
SITE098,2005,20.9,2.7,11.4,460.8,1447.0,1570,121,0,63.0,2.4,6.5,-5,-0.19
SITE098,2006,20.9,2.7,11.5,546.7,1440.0,1570,121,0,63.0,2.7,5.9,13,-0.18
SITE098,2007,21.0,2.8,11.6,313.6,1467.0,1580,119,0,61.0,2.4,6.3,-35,-0.06
SITE098,2008,21.1,2.9,11.6,419.1,1458.0,1581,119,0,62.0,2.5,6.2,-13,-0.04
SITE098,2009,21.1,2.9,11.7,256.3,1476.0,1586,119,0,61.0,2.5,6.8,-47,0.02
SITE098,2010,21.1,2.9,11.6,587.3,1445.0,1584,119,0,63.0,2.4,6.2,22,-0.01
SITE098,2011,21.1,2.9,11.7,411.1,1462.0,1586,119,0,61.0,2.6,6.1,-15,0.02
SITE098,2012,21.2,3.0,11.7,391.9,1466.0,1589,118,0,61.0,2.8,6.5,-19,0.05
SITE098,2013,21.2,3.0,11.7,418.9,1465.0,1592,118,0,61.0,2.5,6.5,-13,0.09
SITE098,2014,21.2,3.0,11.8,538.5,1456.0,1595,118,0,62.0,2.7,6.5,11,0.13
SITE098,2015,21.3,3.1,11.8,305.2,1481.0,1601,117,0,60.0,2.1,6.5,-37,0.2
SITE098,2016,21.3,3.1,11.8,421.5,1470.0,1601,117,0,61.0,2.4,6.5,-13,0.2
SITE098,2017,21.3,3.1,11.9,412.9,1472.0,1602,117,0,61.0,2.4,6.2,-15,0.22
SITE098,2018,21.4,3.2,11.9,185.5,1495.0,1606,116,0,59.0,2.6,6.7,-62,0.27
SITE098,2019,21.4,3.2,11.9,619.3,1455.0,1606,116,0,62.0,2.4,6.1,28,0.27
SITE098,2020,21.3,3.1,11.8,545.6,1459.0,1601,117,0,62.0,2.9,6.5,13,0.21
SITE098,2021,21.3,3.1,11.8,364.3,1474.0,1599,117,0,61.0,2.6,6.4,-25,0.18
SITE098,2022,21.2,3.0,11.7,362.2,1471.0,1594,118,0,61.0,2.3,6.7,-25,0.11
SITE098,2023,21.2,3.0,11.7,585.4,1451.0,1594,118,0,62.0,2.3,6.4,21,0.11
SITE098,2024,21.3,3.1,11.9,397.0,1475.0,1604,116,0,60.0,2.3,6.7,-18,0.24
SITE099,1991,21.3,3.2,11.9,486.9,1481.0,1702,116,1,63.0,2.6,6.7,-46,-0.62
SITE099,1992,21.4,3.2,11.9,1951.2,1414.0,1708,115,1,68.0,2.4,5.6,115,-0.56
SITE099,1993,21.4,3.2,12.0,1062.1,1458.0,1710,115,1,65.0,2.9,6.3,17,-0.53
SITE099,1994,21.5,3.4,12.1,805.6,1477.0,1722,114,1,63.0,2.4,6.6,-11,-0.4
SITE099,1995,21.4,3.3,12.0,627.2,1481.0,1713,115,1,63.0,2.4,6.6,-31,-0.5
SITE099,1996,21.5,3.4,12.1,1347.3,1451.0,1722,114,1,65.0,2.6,5.7,48,-0.4
SITE099,1997,21.7,3.5,12.2,1233.2,1462.0,1732,113,1,64.0,2.5,6.1,36,-0.28
SITE099,1998,21.7,3.5,12.3,686.3,1490.0,1735,112,1,62.0,2.7,6.4,-24,-0.25
SITE099,1999,21.6,3.4,12.2,727.1,1484.0,1728,113,1,63.0,2.5,6.6,-20,-0.33
SITE099,2000,21.7,3.5,12.2,513.2,1497.0,1733,113,1,62.0,2.6,6.5,-44,-0.27
SITE099,2001,21.7,3.5,12.3,536.5,1498.0,1737,112,1,62.0,2.6,6.4,-41,-0.23
SITE099,2002,21.8,3.6,12.3,861.6,1486.0,1743,112,1,62.0,2.3,6.4,-5,-0.16
SITE099,2003,21.8,3.6,12.3,808.7,1488.0,1741,112,1,62.0,2.7,6.2,-11,-0.18
SITE099,2004,21.7,3.6,12.3,1037.7,1475.0,1738,112,1,63.0,2.2,6.3,14,-0.22
SITE099,2005,21.7,3.5,12.3,848.5,1482.0,1735,112,1,63.0,2.5,6.4,-7,-0.24
SITE099,2006,21.7,3.5,12.2,979.5,1474.0,1732,113,1,63.0,2.6,6.2,8,-0.28
SITE099,2007,21.7,3.5,12.2,1338.5,1458.0,1734,112,1,64.0,2.7,6.2,47,-0.26
SITE099,2008,21.8,3.7,12.4,869.6,1488.0,1747,111,1,62.0,2.5,6.3,-4,-0.11
SITE099,2009,22.0,3.8,12.5,750.3,1501.0,1760,110,1,61.0,2.4,6.6,-17,0.04
SITE099,2010,22.0,3.8,12.6,2009.7,1440.0,1762,110,1,65.0,2.3,5.5,121,0.06
SITE099,2011,22.0,3.8,12.5,325.9,1521.0,1758,110,1,60.0,2.6,6.8,-64,0.01
SITE099,2012,22.0,3.8,12.5,1299.5,1474.0,1760,110,1,63.0,2.3,6.0,43,0.03
SITE099,2013,22.0,3.8,12.5,564.6,1510.0,1760,110,1,61.0,3.0,6.4,-38,0.04
SITE099,2014,22.1,3.9,12.6,1120.5,1487.0,1767,109,1,62.0,2.2,6.3,23,0.11
SITE099,2015,22.1,3.9,12.7,405.9,1524.0,1771,109,1,60.0,2.7,6.7,-55,0.16
SITE099,2016,22.3,4.1,12.9,852.5,1512.0,1788,107,1,60.0,2.6,6.3,-6,0.35
SITE099,2017,22.3,4.1,12.9,640.2,1522.0,1788,107,1,60.0,2.5,6.5,-30,0.35
SITE099,2018,22.4,4.2,12.9,891.1,1513.0,1794,106,1,60.0,2.3,6.5,-2,0.42
SITE099,2019,22.5,4.3,13.0,1164.5,1505.0,1803,106,1,61.0,2.5,6.3,28,0.53
SITE099,2020,22.5,4.4,13.1,1383.8,1496.0,1807,105,1,61.0,2.4,6.3,52,0.58
SITE099,2021,22.5,4.4,13.1,808.4,1526.0,1809,105,1,59.0,3.0,6.3,-11,0.6
SITE099,2022,22.7,4.5,13.2,720.6,1537.0,1821,104,1,58.0,2.6,6.5,-21,0.73
SITE099,2023,22.8,4.7,13.4,917.7,1535.0,1836,102,1,58.0,2.3,6.1,1,0.9
SITE099,2024,22.9,4.7,13.4,904.7,1536.0,1837,102,1,58.0,2.5,6.1,0,0.91
SITE100,1991,25.4,8.4,16.5,705.5,1563.0,2706,13,24,67.0,2.9,6.1,52,-0.75
SITE100,1992,25.5,8.4,16.6,551.5,1581.0,2713,13,24,65.0,2.2,6.4,19,-0.7
SITE100,1993,25.5,8.4,16.6,418.7,1595.0,2715,13,24,64.0,2.4,6.5,-10,-0.69
SITE100,1994,25.7,8.6,16.8,449.8,1600.0,2739,13,25,64.0,2.6,6.5,-3,-0.51
SITE100,1995,25.8,8.7,16.9,324.1,1618.0,2754,13,25,63.0,2.9,6.6,-30,-0.4
SITE100,1996,25.8,8.8,17.0,701.0,1583.0,2766,13,25,65.0,2.3,6.0,51,-0.32
SITE100,1997,25.8,8.7,16.9,452.2,1606.0,2757,13,25,63.0,2.7,6.2,-2,-0.39
SITE100,1998,25.9,8.8,17.0,418.8,1614.0,2770,13,25,63.0,2.6,6.4,-10,-0.29
SITE100,1999,25.9,8.9,17.0,322.0,1626.0,2776,13,25,62.0,2.7,6.7,-30,-0.25
SITE100,2000,26.0,8.9,17.1,319.5,1629.0,2785,13,26,62.0,2.6,6.5,-31,-0.18
SITE100,2001,26.0,8.9,17.1,524.8,1608.0,2786,13,26,63.0,2.8,6.2,13,-0.18
SITE100,2002,26.0,8.9,17.1,340.4,1626.0,2783,13,25,62.0,3.1,6.1,-26,-0.2
SITE100,2003,25.9,8.8,17.0,583.5,1597.0,2772,13,25,64.0,2.6,6.2,26,-0.28
SITE100,2004,25.9,8.8,17.0,757.9,1579.0,2774,13,25,65.0,2.4,5.8,64,-0.26
SITE100,2005,26.0,8.9,17.1,332.7,1627.0,2785,13,26,62.0,2.5,6.7,-28,-0.19
SITE100,2006,26.0,9.0,17.2,510.2,1611.0,2792,13,26,63.0,2.5,6.5,10,-0.14
SITE100,2007,26.2,9.1,17.3,395.2,1630.0,2812,13,26,62.0,2.8,6.4,-15,0.01
SITE100,2008,26.3,9.2,17.4,263.1,1647.0,2823,13,26,60.0,2.2,6.7,-43,0.08
SITE100,2009,26.2,9.1,17.3,379.5,1633.0,2816,13,26,61.0,2.1,6.5,-18,0.04
SITE100,2010,26.2,9.1,17.3,570.4,1611.0,2810,13,26,63.0,2.8,6.0,23,-0.0
SITE100,2011,26.2,9.2,17.4,322.0,1641.0,2822,13,26,61.0,2.5,6.5,-30,0.08
SITE100,2012,26.3,9.3,17.5,335.4,1644.0,2835,13,26,60.0,2.6,6.6,-28,0.17
SITE100,2013,26.3,9.3,17.5,295.5,1648.0,2836,13,26,60.0,2.5,6.4,-36,0.18
SITE100,2014,26.3,9.3,17.5,373.3,1640.0,2837,13,26,61.0,2.4,6.3,-19,0.18
SITE100,2015,26.4,9.3,17.5,404.3,1639.0,2843,12,27,61.0,2.4,6.3,-13,0.23
SITE100,2016,26.3,9.3,17.5,552.5,1621.0,2836,13,26,62.0,2.1,6.2,19,0.18
SITE100,2017,26.4,9.3,17.5,161.7,1663.0,2839,13,27,59.0,2.5,6.9,-65,0.2
SITE100,2018,26.6,9.5,17.7,277.0,1660.0,2865,12,27,59.0,2.5,6.7,-40,0.39
SITE100,2019,26.6,9.6,17.7,790.6,1608.0,2874,12,27,62.0,2.4,5.9,71,0.45
SITE100,2020,26.7,9.7,17.8,364.6,1658.0,2887,12,27,59.0,2.7,6.6,-21,0.54
SITE100,2021,26.8,9.7,17.9,222.7,1677.0,2900,12,28,58.0,2.0,6.4,-52,0.63
SITE100,2022,26.9,9.8,18.0,388.4,1663.0,2911,12,28,59.0,2.6,6.3,-16,0.72
SITE100,2023,27.0,9.9,18.1,574.8,1648.0,2926,12,28,59.0,2.5,6.2,24,0.82
SITE100,2024,27.0,9.9,18.1,518.9,1654.0,2925,12,28,59.0,2.9,6.7,12,0.81
SITE101,1991,24.6,6.8,15.4,215.5,1590.0,2388,49,18,62.0,2.4,6.4,-36,-0.35
SITE101,1992,24.5,6.7,15.2,416.9,1556.0,2373,49,18,65.0,2.7,6.3,24,-0.47
SITE101,1993,24.5,6.7,15.3,296.6,1574.0,2376,49,18,63.0,2.8,6.5,-11,-0.44
SITE101,1994,24.5,6.7,15.2,185.6,1588.0,2373,49,18,63.0,2.6,6.5,-45,-0.47
SITE101,1995,24.6,6.8,15.3,185.6,1591.0,2381,49,18,62.0,2.4,6.6,-45,-0.4
SITE101,1996,24.7,6.9,15.4,428.8,1563.0,2396,49,18,64.0,2.5,6.2,28,-0.28
SITE101,1997,24.6,6.8,15.4,473.0,1554.0,2389,49,18,65.0,2.3,6.0,41,-0.34
SITE101,1998,24.6,6.8,15.3,300.3,1577.0,2387,49,18,63.0,2.6,6.4,-10,-0.36
SITE101,1999,24.6,6.8,15.3,361.9,1568.0,2385,49,18,64.0,2.3,6.2,8,-0.37
SITE101,2000,24.6,6.8,15.3,196.7,1592.0,2386,49,18,62.0,2.3,6.5,-41,-0.36
SITE101,2001,24.6,6.8,15.3,238.0,1584.0,2382,49,18,63.0,2.6,6.4,-29,-0.4
SITE101,2002,24.6,6.9,15.4,252.7,1586.0,2392,49,18,63.0,2.5,6.4,-25,-0.32
SITE101,2003,24.8,7.0,15.5,434.1,1566.0,2406,48,19,64.0,2.3,6.2,30,-0.2
SITE101,2004,24.8,7.0,15.5,511.3,1557.0,2410,48,19,64.0,2.5,6.1,53,-0.16
SITE101,2005,24.8,7.0,15.5,490.9,1559.0,2408,48,19,64.0,2.3,6.2,47,-0.18
SITE101,2006,24.8,7.0,15.6,268.8,1592.0,2412,48,19,62.0,2.2,6.6,-20,-0.15
SITE101,2007,24.8,7.0,15.6,344.9,1581.0,2413,48,19,63.0,2.3,6.4,3,-0.14
SITE101,2008,24.9,7.1,15.7,334.0,1587.0,2424,48,19,62.0,2.6,6.6,0,-0.05
SITE101,2009,24.9,7.2,15.7,373.1,1584.0,2429,48,19,62.0,2.7,6.3,11,-0.01
SITE101,2010,24.9,7.2,15.7,350.6,1587.0,2429,48,19,62.0,2.6,6.4,5,-0.01
SITE101,2011,25.1,7.3,15.8,244.6,1608.0,2444,47,19,61.0,2.5,6.6,-27,0.12
SITE101,2012,25.2,7.4,15.9,263.2,1610.0,2456,47,19,61.0,2.7,6.7,-21,0.21
SITE101,2013,25.2,7.4,16.0,212.8,1619.0,2461,47,19,60.0,2.5,6.9,-36,0.25
SITE101,2014,25.2,7.4,15.9,213.6,1618.0,2459,47,19,60.0,2.4,6.7,-36,0.24
SITE101,2015,25.1,7.3,15.9,262.9,1608.0,2452,47,19,61.0,2.7,6.4,-22,0.18
SITE101,2016,25.2,7.4,15.9,210.7,1617.0,2456,47,19,60.0,2.4,6.6,-37,0.21
SITE101,2017,25.3,7.5,16.0,223.8,1621.0,2469,46,20,60.0,2.4,6.5,-33,0.32
SITE101,2018,25.3,7.5,16.1,154.1,1632.0,2473,46,20,59.0,2.9,6.8,-54,0.36
SITE101,2019,25.5,7.7,16.2,678.4,1564.0,2491,46,20,63.0,2.4,5.8,102,0.5
SITE101,2020,25.6,7.9,16.4,317.7,1624.0,2513,45,20,59.0,2.4,6.4,-5,0.68
SITE101,2021,25.6,7.8,16.3,250.6,1631.0,2504,45,20,59.0,2.3,6.5,-25,0.61
SITE101,2022,25.6,7.8,16.3,254.1,1631.0,2507,45,20,59.0,2.5,6.5,-24,0.63
SITE101,2023,25.5,7.7,16.3,299.7,1622.0,2500,45,20,59.0,2.4,6.4,-11,0.57
SITE101,2024,25.5,7.8,16.3,517.0,1591.0,2502,45,20,61.0,2.6,6.0,54,0.59
SITE102,1991,25.1,7.4,15.9,586.1,1590.0,2541,38,23,64.0,2.7,6.3,-3,-0.48
SITE102,1992,25.1,7.4,15.9,612.4,1590.0,2547,38,23,64.0,2.6,6.7,1,-0.43
SITE102,1993,25.1,7.5,15.9,773.2,1578.0,2548,38,23,65.0,2.4,6.1,27,-0.43
SITE102,1994,25.2,7.5,16.0,309.1,1616.0,2553,38,23,62.0,2.3,6.8,-49,-0.39
SITE102,1995,25.1,7.4,15.9,392.7,1607.0,2547,38,23,63.0,2.4,6.8,-35,-0.43
SITE102,1996,25.2,7.5,16.0,604.4,1593.0,2555,38,23,63.0,2.5,6.7,0,-0.38
SITE102,1997,25.3,7.6,16.1,690.4,1590.0,2565,37,23,64.0,2.5,6.3,14,-0.3
SITE102,1998,25.2,7.5,16.0,505.2,1601.0,2555,38,23,63.0,2.5,6.5,-17,-0.38
SITE102,1999,25.2,7.5,16.0,475.1,1604.0,2555,38,23,63.0,2.5,6.5,-22,-0.38
SITE102,2000,25.2,7.5,16.0,403.7,1608.0,2551,38,23,63.0,2.7,6.7,-33,-0.4
SITE102,2001,25.2,7.5,16.0,225.4,1622.0,2550,38,23,62.0,2.7,6.9,-63,-0.41
SITE102,2002,25.2,7.5,16.0,914.9,1570.0,2558,37,23,65.0,2.3,6.0,51,-0.35
SITE102,2003,25.2,7.5,16.0,689.4,1588.0,2558,37,23,64.0,2.8,6.5,14,-0.35
SITE102,2004,25.2,7.5,16.0,626.2,1592.0,2557,37,23,64.0,2.5,6.3,3,-0.36
SITE102,2005,25.3,7.6,16.1,330.3,1620.0,2568,37,24,62.0,2.3,6.8,-46,-0.28
SITE102,2006,25.3,7.6,16.1,647.7,1597.0,2573,37,24,63.0,2.4,6.3,7,-0.23
SITE102,2007,25.5,7.8,16.3,578.8,1609.0,2591,37,24,62.0,2.3,6.2,-5,-0.1
SITE102,2008,25.5,7.8,16.3,386.8,1626.0,2598,37,24,61.0,2.6,6.6,-36,-0.04
SITE102,2009,25.6,7.9,16.4,597.3,1615.0,2612,36,24,62.0,2.3,6.4,-2,0.07
SITE102,2010,25.6,7.9,16.4,405.4,1629.0,2608,36,24,61.0,2.7,6.5,-33,0.03
SITE102,2011,25.5,7.8,16.3,645.9,1606.0,2599,37,24,62.0,2.4,6.2,6,-0.03
SITE102,2012,25.7,8.0,16.5,781.5,1603.0,2620,36,24,62.0,2.4,6.1,29,0.12
SITE102,2013,25.7,8.0,16.5,453.6,1629.0,2621,36,25,61.0,2.5,6.4,-25,0.13
SITE102,2014,25.8,8.1,16.6,605.0,1621.0,2630,36,25,61.0,2.5,6.3,0,0.21
SITE102,2015,26.0,8.3,16.8,244.1,1658.0,2654,35,25,59.0,2.3,6.7,-60,0.39
SITE102,2016,25.9,8.2,16.7,710.2,1618.0,2646,35,25,61.0,2.7,6.3,17,0.33
SITE102,2017,25.9,8.3,16.7,560.3,1632.0,2652,35,25,60.0,2.8,6.4,-8,0.37
SITE102,2018,26.0,8.4,16.8,491.0,1643.0,2666,35,25,60.0,2.2,6.6,-19,0.48
SITE102,2019,26.0,8.3,16.8,999.4,1601.0,2663,35,25,62.0,2.4,6.1,65,0.46
SITE102,2020,26.1,8.4,16.9,339.3,1657.0,2672,35,25,59.0,1.9,6.5,-44,0.53
SITE102,2021,26.2,8.5,17.0,632.9,1638.0,2685,35,26,60.0,2.4,6.2,4,0.62
SITE102,2022,26.2,8.6,17.0,491.8,1652.0,2692,34,26,59.0,2.6,6.6,-19,0.68
SITE102,2023,26.4,8.7,17.2,551.2,1655.0,2711,34,26,58.0,2.8,6.5,-9,0.83
SITE102,2024,26.5,8.8,17.3,842.2,1635.0,2723,34,26,59.0,2.6,6.1,39,0.92
SITE103,1991,25.5,14.9,20.0,1344.0,1251.0,3723,0,0,64.0,2.7,6.3,13,-0.33
SITE103,1992,25.5,14.9,20.0,1170.2,1257.0,3722,0,0,63.0,2.6,6.3,-1,-0.34
SITE103,1993,25.6,14.9,20.0,1156.9,1258.0,3726,0,0,63.0,2.4,6.2,-2,-0.32
SITE103,1994,25.6,14.9,20.0,1285.7,1254.0,3727,0,0,64.0,2.5,6.2,8,-0.31
SITE103,1995,25.5,14.9,20.0,892.1,1265.0,3721,0,0,63.0,2.8,6.6,-25,-0.35
SITE103,1996,25.6,15.0,20.1,1388.7,1252.0,3733,0,0,64.0,2.5,6.2,17,-0.28
SITE103,1997,25.5,14.9,20.0,1761.4,1238.0,3723,0,0,65.0,2.3,6.1,49,-0.33
SITE103,1998,25.6,14.9,20.0,1160.0,1258.0,3726,0,0,63.0,2.3,6.5,-2,-0.32
SITE103,1999,25.5,14.9,20.0,519.5,1277.0,3720,0,0,62.0,2.5,6.4,-56,-0.35
SITE103,2000,25.5,14.9,20.0,591.8,1274.0,3717,0,0,62.0,2.2,6.4,-50,-0.37
SITE103,2001,25.6,14.9,20.0,932.8,1265.0,3729,0,0,63.0,2.6,6.7,-21,-0.3
SITE103,2002,25.6,15.0,20.1,1721.3,1241.0,3732,0,0,65.0,2.4,6.3,45,-0.29
SITE103,2003,25.7,15.0,20.1,1358.6,1255.0,3748,0,0,63.0,2.3,6.4,15,-0.2
SITE103,2004,25.6,15.0,20.1,1227.7,1257.0,3735,0,0,63.0,2.3,6.4,4,-0.27
SITE103,2005,25.7,15.0,20.1,844.1,1271.0,3747,0,0,62.0,2.8,6.4,-29,-0.21
SITE103,2006,25.8,15.2,20.3,1388.7,1258.0,3769,0,0,63.0,2.5,6.1,17,-0.09
SITE103,2007,25.7,15.1,20.2,1086.0,1266.0,3762,0,0,62.0,2.5,6.5,-8,-0.13
SITE103,2008,25.8,15.2,20.3,696.7,1281.0,3777,0,0,61.0,2.3,6.6,-41,-0.05
SITE103,2009,25.9,15.2,20.3,855.5,1278.0,3784,0,0,61.0,2.2,6.3,-28,-0.01
SITE103,2010,25.8,15.2,20.3,1633.2,1250.0,3769,0,0,63.0,2.4,6.2,38,-0.09
SITE103,2011,25.8,15.1,20.2,1052.9,1268.0,3766,0,0,62.0,2.8,6.0,-11,-0.11
SITE103,2012,25.8,15.2,20.3,1375.8,1259.0,3772,0,0,63.0,2.3,6.5,16,-0.08
SITE103,2013,25.9,15.3,20.4,1366.2,1263.0,3794,0,0,62.0,2.8,6.2,15,0.04
SITE103,2014,25.9,15.3,20.4,770.5,1283.0,3800,0,0,61.0,2.6,6.6,-35,0.07
SITE103,2015,26.1,15.5,20.6,624.4,1293.0,3829,0,0,60.0,2.1,6.7,-47,0.23
SITE103,2016,26.3,15.6,20.7,1493.1,1270.0,3858,0,0,61.0,2.4,5.9,26,0.38
SITE103,2017,26.2,15.6,20.7,926.9,1287.0,3851,0,0,60.0,2.8,6.1,-22,0.34
SITE103,2018,26.4,15.8,20.9,710.2,1300.0,3883,0,0,59.0,2.4,6.8,-40,0.51
SITE103,2019,26.3,15.7,20.8,1666.6,1266.0,3869,0,0,61.0,2.4,6.3,41,0.43
SITE103,2020,26.3,15.7,20.8,1380.7,1277.0,3875,0,0,61.0,2.8,6.3,17,0.47
SITE103,2021,26.4,15.8,20.9,721.8,1300.0,3888,0,0,59.0,2.4,6.5,-39,0.54
SITE103,2022,26.5,15.9,21.0,981.9,1295.0,3905,0,0,59.0,2.7,6.2,-17,0.62
SITE103,2023,26.6,16.0,21.1,927.1,1300.0,3923,0,0,58.0,2.7,6.8,-22,0.72
SITE103,2024,26.7,16.1,21.2,1138.0,1296.0,3939,0,0,59.0,2.3,6.6,-4,0.8
SITE104,1991,25.2,13.8,19.3,873.6,1279.0,3444,0,0,63.0,2.6,6.4,3,-0.24
SITE104,1992,25.1,13.7,19.2,800.5,1279.0,3423,0,0,63.0,2.5,6.5,-5,-0.36
SITE104,1993,25.2,13.9,19.3,975.2,1275.0,3445,0,0,63.0,2.8,6.2,15,-0.24
SITE104,1994,25.2,13.9,19.3,821.6,1282.0,3445,0,0,63.0,2.8,6.4,-3,-0.24
SITE104,1995,25.1,13.8,19.2,516.4,1294.0,3438,0,0,62.0,2.3,6.6,-39,-0.28
SITE104,1996,25.2,13.9,19.3,672.0,1289.0,3447,0,0,62.0,2.9,6.4,-21,-0.23
SITE104,1997,25.3,14.0,19.4,1667.9,1247.0,3464,0,0,65.0,2.4,5.8,97,-0.13
SITE104,1998,25.4,14.0,19.5,1009.4,1280.0,3477,0,0,63.0,2.6,6.1,19,-0.05
SITE104,1999,25.4,14.1,19.5,705.9,1296.0,3490,0,0,61.0,2.6,6.4,-17,0.02
SITE104,2000,25.5,14.2,19.6,614.2,1303.0,3506,0,0,61.0,2.5,6.8,-27,0.11
SITE104,2001,25.5,14.1,19.6,800.8,1292.0,3493,0,0,62.0,2.5,6.4,-5,0.04
SITE104,2002,25.4,14.1,19.5,771.1,1291.0,3479,0,0,62.0,2.8,6.5,-9,-0.04
SITE104,2003,25.4,14.1,19.5,927.7,1285.0,3485,0,0,62.0,2.8,6.1,10,-0.01
SITE104,2004,25.4,14.0,19.5,1081.1,1276.0,3477,0,0,63.0,1.8,6.3,28,-0.06
SITE104,2005,25.2,13.9,19.3,1069.2,1272.0,3451,0,0,64.0,2.5,6.1,26,-0.2
SITE104,2006,25.3,14.0,19.4,907.9,1281.0,3462,0,0,63.0,2.8,6.4,7,-0.14
SITE104,2007,25.3,14.0,19.5,930.6,1283.0,3475,0,0,63.0,2.4,6.3,10,-0.06
SITE104,2008,25.4,14.1,19.5,838.3,1288.0,3479,0,0,62.0,2.4,6.6,-1,-0.04
SITE104,2009,25.4,14.0,19.5,1064.6,1277.0,3477,0,0,63.0,2.5,6.4,26,-0.05
SITE104,2010,25.4,14.0,19.5,911.8,1284.0,3478,0,0,62.0,2.7,6.2,8,-0.05
SITE104,2011,25.4,14.1,19.5,758.2,1292.0,3480,0,0,62.0,2.6,6.4,-10,-0.04
SITE104,2012,25.4,14.1,19.5,530.5,1303.0,3487,0,0,61.0,2.6,6.5,-37,0.0
SITE104,2013,25.4,14.1,19.5,988.7,1282.0,3485,0,0,63.0,2.1,6.7,17,-0.01
SITE104,2014,25.5,14.1,19.6,704.2,1297.0,3495,0,0,61.0,2.7,6.5,-17,0.05
SITE104,2015,25.5,14.2,19.6,501.3,1309.0,3506,0,0,60.0,2.2,6.9,-41,0.11
SITE104,2016,25.5,14.2,19.7,806.3,1295.0,3509,0,0,61.0,2.4,6.3,-5,0.13
SITE104,2017,25.6,14.3,19.7,705.7,1303.0,3525,0,0,61.0,2.4,6.4,-17,0.22
SITE104,2018,25.6,14.3,19.7,397.7,1317.0,3524,0,0,60.0,2.5,6.6,-53,0.22
SITE104,2019,25.6,14.3,19.7,1230.5,1278.0,3518,0,0,63.0,2.3,6.0,45,0.18
SITE104,2020,25.6,14.3,19.7,606.7,1307.0,3523,0,0,60.0,2.9,6.1,-28,0.21
SITE104,2021,25.5,14.2,19.7,371.1,1315.0,3509,0,0,60.0,2.5,6.6,-56,0.13
SITE104,2022,25.7,14.4,19.9,637.6,1310.0,3543,0,0,60.0,2.3,6.8,-25,0.33
SITE104,2023,25.7,14.4,19.8,579.9,1312.0,3541,0,0,60.0,2.9,6.5,-32,0.32
SITE104,2024,25.8,14.5,19.9,775.4,1306.0,3554,0,0,60.0,2.3,6.5,-8,0.39
SITE105,1991,24.0,12.6,18.1,1348.5,1245.0,3107,0,0,65.0,2.4,6.5,-14,-0.74
SITE105,1992,24.1,12.6,18.1,1507.4,1243.0,3115,0,0,65.0,2.5,6.4,-4,-0.69
SITE105,1993,24.0,12.6,18.1,1329.7,1247.0,3114,0,0,64.0,2.5,6.6,-15,-0.7
SITE105,1994,24.1,12.7,18.1,757.9,1261.0,3117,0,0,63.0,2.5,6.8,-52,-0.69
SITE105,1995,24.1,12.7,18.1,1493.0,1244.0,3117,0,0,65.0,2.5,6.4,-4,-0.69
SITE105,1996,24.2,12.8,18.2,1473.4,1248.0,3136,0,0,64.0,2.6,6.6,-6,-0.57
SITE105,1997,24.2,12.8,18.3,1372.9,1253.0,3145,0,0,64.0,2.8,6.4,-12,-0.51
SITE105,1998,24.2,12.8,18.3,1164.8,1257.0,3144,0,0,63.0,2.5,6.5,-25,-0.52
SITE105,1999,24.2,12.8,18.3,698.0,1269.0,3145,0,0,62.0,2.7,6.7,-55,-0.51
SITE105,2000,24.3,12.9,18.4,1172.0,1261.0,3161,0,0,63.0,2.2,6.8,-25,-0.41
SITE105,2001,24.3,12.9,18.3,1014.4,1263.0,3152,0,0,63.0,2.2,6.5,-35,-0.47
SITE105,2002,24.4,13.0,18.5,1399.3,1257.0,3170,0,0,63.0,2.6,6.3,-10,-0.36
SITE105,2003,24.4,13.0,18.5,1321.2,1260.0,3176,0,0,63.0,2.7,6.5,-15,-0.32
SITE105,2004,24.5,13.1,18.6,1868.9,1249.0,3186,0,0,64.0,2.5,6.3,20,-0.26
SITE105,2005,24.4,13.0,18.5,1307.1,1261.0,3179,0,0,63.0,2.3,6.4,-16,-0.3
SITE105,2006,24.5,13.1,18.5,2018.5,1245.0,3182,0,0,64.0,2.6,6.2,29,-0.28
SITE105,2007,24.4,13.0,18.5,1441.7,1258.0,3179,0,0,63.0,2.2,6.2,-8,-0.3
SITE105,2008,24.6,13.2,18.7,1148.3,1272.0,3209,0,0,62.0,2.7,6.6,-27,-0.11
SITE105,2009,24.7,13.3,18.8,1335.4,1271.0,3226,0,0,62.0,2.5,6.5,-15,-0.01
SITE105,2010,24.8,13.4,18.9,2152.6,1254.0,3242,0,0,63.0,3.1,6.0,38,0.09
SITE105,2011,24.8,13.4,18.8,1211.0,1275.0,3232,0,0,61.0,2.3,6.4,-23,0.03
SITE105,2012,24.9,13.5,18.9,1405.8,1274.0,3247,0,0,61.0,2.8,6.3,-10,0.12
SITE105,2013,25.1,13.7,19.2,1552.3,1278.0,3285,0,0,61.0,2.5,6.5,-1,0.36
SITE105,2014,25.1,13.7,19.2,1318.8,1284.0,3287,0,0,60.0,2.7,6.5,-16,0.37
SITE105,2015,25.2,13.8,19.3,1341.8,1288.0,3305,0,0,60.0,2.7,6.4,-14,0.48
SITE105,2016,25.3,13.9,19.4,1470.7,1288.0,3321,0,0,60.0,2.2,6.3,-6,0.58
SITE105,2017,25.2,13.8,19.3,1404.6,1286.0,3305,0,0,60.0,2.2,6.1,-10,0.48
SITE105,2018,25.4,13.9,19.4,1412.7,1290.0,3326,0,0,59.0,2.7,6.4,-10,0.61
SITE105,2019,25.4,14.0,19.5,2073.3,1277.0,3338,0,0,60.0,2.5,5.8,33,0.69
SITE105,2020,25.5,14.1,19.6,2104.1,1278.0,3347,0,0,60.0,2.2,6.4,35,0.74
SITE105,2021,25.6,14.2,19.7,825.6,1313.0,3365,0,0,57.0,2.7,6.7,-47,0.85
SITE105,2022,25.7,14.3,19.8,1028.1,1312.0,3383,0,0,57.0,2.3,6.6,-34,0.97
SITE105,2023,25.7,14.3,19.8,1184.5,1310.0,3389,0,0,57.0,2.6,6.4,-24,1.0
SITE105,2024,25.8,14.4,19.9,1182.2,1312.0,3398,0,0,57.0,3.2,6.3,-24,1.06
SITE106,1991,34.2,18.5,26.0,758.6,1911.0,5876,0,125,40.0,2.7,8.2,23,-0.34
SITE106,1992,34.1,18.4,25.9,270.1,1954.0,5857,0,124,38.0,2.9,8.8,-56,-0.4
SITE106,1993,34.1,18.5,26.0,422.0,1942.0,5874,0,125,38.0,2.8,8.8,-32,-0.35
SITE106,1994,34.1,18.4,25.9,504.4,1930.0,5846,0,124,39.0,3.1,8.5,-18,-0.44
SITE106,1995,34.0,18.3,25.8,833.2,1897.0,5831,0,123,41.0,2.6,8.3,35,-0.49
SITE106,1996,33.9,18.2,25.8,954.1,1882.0,5804,0,122,42.0,3.1,8.1,55,-0.58
SITE106,1997,34.0,18.3,25.8,782.4,1902.0,5827,0,123,41.0,3.0,8.5,27,-0.51
SITE106,1998,34.0,18.3,25.8,537.2,1924.0,5824,0,123,40.0,3.3,8.6,-13,-0.52
SITE106,1999,34.0,18.3,25.9,463.6,1933.0,5836,0,123,39.0,3.3,8.5,-25,-0.48
SITE106,2000,34.1,18.4,25.9,453.1,1937.0,5856,0,124,39.0,3.2,9.0,-26,-0.41
SITE106,2001,34.1,18.4,25.9,404.1,1940.0,5851,0,124,39.0,3.1,8.6,-34,-0.43
SITE106,2002,34.1,18.4,25.9,400.8,1941.0,5853,0,124,39.0,3.0,8.7,-35,-0.42
SITE106,2003,34.1,18.4,25.9,503.6,1932.0,5857,0,124,39.0,3.2,8.8,-18,-0.41
SITE106,2004,34.1,18.4,26.0,786.9,1906.0,5863,0,124,40.0,3.2,8.3,28,-0.39
SITE106,2005,34.2,18.5,26.0,435.8,1943.0,5885,0,125,38.0,3.4,8.7,-29,-0.31
SITE106,2006,34.3,18.6,26.1,530.7,1938.0,5917,0,127,38.0,3.2,8.7,-14,-0.21
SITE106,2007,34.3,18.6,26.1,400.2,1949.0,5906,0,126,38.0,3.6,8.9,-35,-0.24
SITE106,2008,34.4,18.8,26.3,367.0,1960.0,5962,0,129,37.0,3.0,8.9,-40,-0.05
SITE106,2009,34.5,18.8,26.3,475.1,1951.0,5970,0,129,37.0,3.3,8.6,-23,-0.03
SITE106,2010,34.4,18.7,26.3,585.0,1939.0,5959,0,129,38.0,3.1,8.6,-5,-0.06
SITE106,2011,34.6,18.9,26.5,580.0,1948.0,6015,0,131,37.0,3.2,8.5,-6,0.12
SITE106,2012,34.7,19.1,26.6,408.6,1970.0,6050,0,132,36.0,3.4,8.7,-34,0.24
SITE106,2013,34.8,19.2,26.7,687.3,1948.0,6083,0,134,37.0,2.9,8.6,12,0.35
SITE106,2014,34.8,19.1,26.7,698.3,1946.0,6077,0,134,37.0,3.4,8.7,13,0.33
SITE106,2015,34.9,19.3,26.8,621.5,1958.0,6110,0,135,36.0,3.3,8.5,1,0.44
SITE106,2016,34.9,19.2,26.7,593.7,1959.0,6098,0,135,36.0,3.6,8.9,-4,0.4
SITE106,2017,35.0,19.3,26.9,945.1,1930.0,6131,0,136,38.0,3.7,8.3,53,0.51
SITE106,2018,35.0,19.3,26.8,763.0,1946.0,6119,0,135,37.0,3.3,8.2,24,0.47
SITE106,2019,35.0,19.3,26.9,431.8,1980.0,6136,0,136,35.0,3.3,9.1,-30,0.53
SITE106,2020,35.2,19.5,27.0,248.0,2005.0,6183,0,138,33.0,3.1,8.7,-60,0.69
SITE106,2021,35.2,19.5,27.0,715.8,1960.0,6181,0,138,36.0,3.4,8.2,16,0.68
SITE106,2022,35.2,19.5,27.1,494.6,1982.0,6190,0,139,35.0,3.1,8.7,-20,0.71
SITE106,2023,35.3,19.6,27.1,869.4,1949.0,6212,0,139,36.0,3.0,8.4,41,0.78
SITE106,2024,35.3,19.6,27.1,270.9,2008.0,6218,0,140,33.0,3.0,8.9,-56,0.8
SITE107,1991,32.9,16.4,24.3,679.8,1876.0,5281,0,110,42.0,3.2,8.0,50,-0.58
SITE107,1992,32.8,16.3,24.3,424.7,1907.0,5275,0,109,40.0,3.3,8.4,-6,-0.6
SITE107,1993,32.8,16.3,24.2,409.1,1908.0,5264,0,109,40.0,3.6,8.7,-9,-0.64
SITE107,1994,32.8,16.4,24.3,417.0,1909.0,5278,0,109,40.0,2.9,8.7,-8,-0.59
SITE107,1995,32.9,16.5,24.4,218.6,1939.0,5307,0,111,38.0,3.1,8.8,-52,-0.49
SITE107,1996,33.1,16.6,24.5,313.6,1932.0,5339,0,112,39.0,3.1,8.6,-31,-0.37
SITE107,1997,33.1,16.6,24.5,358.7,1926.0,5337,0,112,39.0,3.2,8.7,-21,-0.38
SITE107,1998,33.2,16.7,24.6,467.4,1917.0,5364,0,113,39.0,3.3,8.6,3,-0.28
SITE107,1999,33.1,16.7,24.6,385.1,1927.0,5361,0,113,39.0,3.3,8.5,-15,-0.29
SITE107,2000,33.2,16.7,24.6,467.9,1917.0,5363,0,113,39.0,3.2,8.6,4,-0.28
SITE107,2001,33.2,16.7,24.6,389.7,1927.0,5365,0,113,39.0,3.4,8.5,-14,-0.27
SITE107,2002,33.2,16.7,24.6,587.7,1904.0,5378,0,114,40.0,3.1,8.4,30,-0.23
SITE107,2003,33.3,16.8,24.7,371.8,1935.0,5401,0,115,38.0,2.8,8.3,-18,-0.14
SITE107,2004,33.4,16.9,24.8,416.5,1934.0,5430,0,116,38.0,3.0,8.6,-8,-0.03
SITE107,2005,33.4,16.9,24.8,448.1,1930.0,5428,0,116,38.0,3.2,8.7,-1,-0.04
SITE107,2006,33.4,16.9,24.8,445.9,1931.0,5436,0,116,38.0,3.2,8.4,-1,-0.01
SITE107,2007,33.4,16.9,24.8,406.9,1934.0,5421,0,116,38.0,3.3,8.6,-10,-0.07
SITE107,2008,33.4,16.9,24.9,330.7,1947.0,5439,0,116,37.0,3.2,8.6,-27,0.0
SITE107,2009,33.4,16.9,24.8,417.5,1933.0,5425,0,116,38.0,3.2,8.7,-8,-0.05
SITE107,2010,33.5,17.0,25.0,335.9,1950.0,5465,0,117,37.0,3.1,9.0,-26,0.09
SITE107,2011,33.6,17.1,25.0,739.2,1901.0,5479,0,118,39.0,3.5,8.3,64,0.15
SITE107,2012,33.6,17.1,25.0,437.1,1941.0,5489,0,118,37.0,3.1,8.6,-3,0.18
SITE107,2013,33.6,17.2,25.1,889.7,1884.0,5496,0,119,40.0,3.3,8.1,97,0.21
SITE107,2014,33.6,17.1,25.0,668.1,1912.0,5489,0,118,39.0,2.8,8.3,48,0.18
SITE107,2015,33.6,17.2,25.1,423.9,1944.0,5496,0,119,37.0,3.1,8.7,-6,0.21
SITE107,2016,33.7,17.2,25.1,230.2,1973.0,5517,0,120,35.0,3.7,9.1,-49,0.29
SITE107,2017,33.7,17.2,25.1,306.2,1963.0,5515,0,120,36.0,3.1,8.6,-32,0.28
SITE107,2018,33.8,17.3,25.3,503.8,1942.0,5547,0,121,37.0,3.3,8.5,11,0.4
SITE107,2019,33.8,17.3,25.2,228.5,1978.0,5545,0,121,35.0,3.2,8.9,-49,0.39
SITE107,2020,33.9,17.4,25.4,397.0,1961.0,5576,0,122,36.0,3.6,8.7,-12,0.5
SITE107,2021,33.9,17.4,25.4,400.1,1960.0,5574,0,122,36.0,3.4,8.7,-11,0.5
SITE107,2022,34.0,17.5,25.4,527.9,1946.0,5588,0,123,36.0,3.7,8.6,17,0.55
SITE107,2023,34.1,17.6,25.5,375.6,1971.0,5619,0,124,35.0,4.0,8.8,-17,0.66
SITE107,2024,34.2,17.7,25.6,627.0,1942.0,5643,0,125,36.0,2.9,8.4,39,0.75
SITE108,1991,33.9,17.6,25.4,1379.6,1909.0,5681,0,126,42.0,2.9,8.3,68,-0.5
SITE108,1992,33.9,17.6,25.4,804.6,1950.0,5674,0,125,40.0,3.2,8.4,-2,-0.53
SITE108,1993,34.0,17.6,25.5,982.4,1940.0,5697,0,126,40.0,3.1,8.5,20,-0.45
SITE108,1994,34.1,17.7,25.6,1254.7,1925.0,5727,0,128,41.0,3.5,8.1,53,-0.35
SITE108,1995,34.1,17.8,25.6,874.6,1955.0,5740,0,128,39.0,2.8,8.9,7,-0.3
SITE108,1996,34.2,17.9,25.7,1049.2,1947.0,5772,0,130,40.0,3.1,8.6,28,-0.19
SITE108,1997,34.2,17.9,25.7,1235.5,1933.0,5769,0,130,40.0,3.6,8.2,51,-0.2
SITE108,1998,34.3,17.9,25.8,1065.8,1947.0,5781,0,130,40.0,3.4,8.2,30,-0.16
SITE108,1999,34.2,17.9,25.7,736.8,1970.0,5774,0,130,38.0,3.3,8.7,-10,-0.18
SITE108,2000,34.3,17.9,25.8,958.5,1955.0,5784,0,130,39.0,3.4,8.7,17,-0.15
SITE108,2001,34.2,17.9,25.7,778.8,1967.0,5774,0,130,39.0,2.8,8.5,-5,-0.18
SITE108,2002,34.2,17.9,25.7,641.3,1977.0,5776,0,130,38.0,3.2,8.5,-22,-0.18
SITE108,2003,34.4,18.0,25.9,907.8,1963.0,5807,0,131,39.0,3.5,8.5,11,-0.07
SITE108,2004,34.3,17.9,25.8,972.5,1955.0,5788,0,130,39.0,3.3,8.5,19,-0.14
SITE108,2005,34.3,18.0,25.8,492.2,1992.0,5802,0,131,37.0,3.1,8.8,-40,-0.09
SITE108,2006,34.4,18.1,25.9,1078.4,1952.0,5819,0,132,39.0,3.1,8.3,32,-0.03
SITE108,2007,34.4,18.1,25.9,1318.1,1936.0,5827,0,132,40.0,3.2,8.3,61,-0.0
SITE108,2008,34.4,18.1,25.9,650.3,1984.0,5826,0,132,37.0,3.0,8.9,-21,-0.0
SITE108,2009,34.4,18.1,25.9,974.7,1961.0,5831,0,132,39.0,3.5,8.4,19,0.01
SITE108,2010,34.4,18.1,25.9,575.6,1990.0,5829,0,132,37.0,3.1,8.7,-30,0.01
SITE108,2011,34.5,18.2,26.0,383.1,2009.0,5861,0,134,36.0,4.0,8.9,-53,0.11
SITE108,2012,34.7,18.3,26.2,970.6,1973.0,5905,0,136,37.0,3.5,8.3,19,0.26
SITE108,2013,34.6,18.3,26.1,876.9,1977.0,5885,0,135,37.0,2.9,8.5,7,0.2
SITE108,2014,34.6,18.3,26.1,855.4,1977.0,5877,0,134,37.0,3.3,8.8,4,0.17
SITE108,2015,34.6,18.2,26.1,409.4,2009.0,5872,0,134,36.0,3.4,8.9,-50,0.15
SITE108,2016,34.6,18.2,26.1,729.2,1986.0,5876,0,134,37.0,3.5,8.5,-11,0.16
SITE108,2017,34.7,18.3,26.2,683.1,1994.0,5903,0,136,36.0,3.4,8.6,-17,0.26
SITE108,2018,34.6,18.2,26.1,648.2,1992.0,5873,0,134,37.0,3.1,8.6,-21,0.15
SITE108,2019,34.7,18.4,26.2,622.3,2000.0,5915,0,136,36.0,3.4,8.6,-24,0.3
SITE108,2020,34.7,18.3,26.2,706.8,1992.0,5903,0,136,37.0,3.2,8.8,-14,0.26
SITE108,2021,34.7,18.4,26.2,817.9,1986.0,5913,0,136,37.0,3.2,8.7,0,0.29
SITE108,2022,34.8,18.4,26.3,655.9,2000.0,5930,0,137,36.0,3.3,8.7,-20,0.35
SITE108,2023,34.9,18.6,26.4,988.0,1983.0,5978,0,139,37.0,3.3,8.4,21,0.52
SITE108,2024,34.9,18.6,26.4,665.5,2005.0,5969,0,139,35.0,3.0,8.5,-19,0.49
SITE109,1991,36.6,23.0,29.5,247.9,1990.0,7133,0,153,41.0,3.2,8.3,30,-0.63
SITE109,1992,36.6,23.1,29.6,173.8,2017.0,7160,0,154,40.0,3.0,8.7,-9,-0.56
SITE109,1993,36.7,23.1,29.7,457.3,1929.0,7183,0,155,44.0,2.9,7.8,141,-0.5
SITE109,1994,36.8,23.2,29.7,285.9,1987.0,7213,0,156,41.0,3.5,8.5,50,-0.42
SITE109,1995,36.8,23.3,29.8,297.4,1986.0,7234,0,157,41.0,2.8,8.2,57,-0.36
SITE109,1996,36.9,23.4,29.9,164.1,2032.0,7262,0,159,39.0,3.2,8.5,-14,-0.28
SITE109,1997,37.0,23.4,29.9,179.1,2029.0,7280,0,159,39.0,3.8,8.7,-6,-0.23
SITE109,1998,36.9,23.4,29.9,192.3,2023.0,7263,0,159,39.0,3.0,8.5,1,-0.28
SITE109,1999,36.8,23.3,29.8,158.2,2029.0,7225,0,157,39.0,2.8,8.7,-17,-0.38
SITE109,2000,36.9,23.4,29.9,275.9,1996.0,7261,0,159,40.0,3.1,8.1,45,-0.28
SITE109,2001,37.0,23.4,29.9,216.1,2016.0,7271,0,159,39.0,3.0,8.3,14,-0.26
SITE109,2002,37.0,23.5,30.0,232.5,2014.0,7301,0,160,39.0,3.4,8.5,22,-0.18
SITE109,2003,37.0,23.5,30.0,205.2,2024.0,7304,0,161,39.0,3.2,8.7,8,-0.17
SITE109,2004,37.2,23.6,30.1,278.9,2005.0,7349,0,163,40.0,2.9,8.3,47,-0.05
SITE109,2005,37.3,23.7,30.2,401.2,1970.0,7391,0,164,41.0,3.3,8.0,111,0.07
SITE109,2006,37.2,23.6,30.1,138.4,2050.0,7350,0,163,37.0,3.1,8.8,-27,-0.04
SITE109,2007,37.1,23.5,30.0,346.8,1980.0,7316,0,161,41.0,2.8,8.0,83,-0.14
SITE109,2008,37.1,23.6,30.1,208.8,2026.0,7337,0,162,39.0,3.0,8.8,10,-0.08
SITE109,2009,37.2,23.6,30.1,204.2,2031.0,7366,0,163,38.0,2.9,8.7,7,-0.0
SITE109,2010,37.3,23.7,30.2,270.9,2012.0,7391,0,164,39.0,3.0,8.3,43,0.07
SITE109,2011,37.3,23.8,30.3,228.8,2029.0,7417,0,166,38.0,3.0,8.3,20,0.14
SITE109,2012,37.4,23.8,30.3,251.0,2023.0,7426,0,166,38.0,3.2,8.5,32,0.16
SITE109,2013,37.3,23.7,30.2,102.9,2067.0,7393,0,164,36.0,3.1,8.7,-46,0.07
SITE109,2014,37.4,23.8,30.3,126.5,2062.0,7422,0,166,36.0,3.0,9.0,-33,0.15
SITE109,2015,37.4,23.8,30.3,278.2,2014.0,7424,0,166,39.0,3.2,8.1,46,0.16
SITE109,2016,37.5,23.9,30.4,68.5,2087.0,7468,0,168,35.0,3.2,8.8,-64,0.28
SITE109,2017,37.6,24.0,30.5,177.5,2055.0,7500,0,169,36.0,3.2,8.3,-7,0.36
SITE109,2018,37.6,24.0,30.5,292.7,2017.0,7493,0,169,38.0,3.3,8.2,54,0.35
SITE109,2019,37.6,24.0,30.5,107.5,2077.0,7496,0,169,35.0,2.5,8.7,-43,0.35
SITE109,2020,37.7,24.1,30.6,169.3,2063.0,7548,0,171,36.0,3.8,8.8,-11,0.49
SITE109,2021,37.7,24.1,30.7,222.0,2047.0,7555,0,172,36.0,3.2,8.6,17,0.51
SITE109,2022,37.8,24.2,30.7,136.5,2077.0,7572,0,172,35.0,3.4,8.7,-28,0.56
SITE109,2023,37.8,24.2,30.7,108.4,2086.0,7575,0,173,34.0,3.1,9.0,-43,0.57
SITE109,2024,37.8,24.2,30.7,181.3,2062.0,7569,0,172,36.0,2.8,8.7,-5,0.55
SITE110,1991,36.1,21.7,28.6,95.3,2046.0,6813,0,147,41.0,2.9,8.7,-24,-0.81
SITE110,1992,36.1,21.7,28.6,107.0,2041.0,6817,0,148,41.0,3.4,8.8,-15,-0.8
SITE110,1993,36.2,21.9,28.7,168.1,2016.0,6856,0,149,42.0,3.3,8.4,33,-0.69
SITE110,1994,36.2,21.9,28.8,38.3,2082.0,6877,0,150,38.0,3.2,8.9,-70,-0.63
SITE110,1995,36.3,22.0,28.9,52.8,2079.0,6914,0,152,38.0,3.4,8.8,-58,-0.53
SITE110,1996,36.4,22.1,29.0,216.4,2003.0,6942,0,153,42.0,2.7,8.2,72,-0.45
SITE110,1997,36.5,22.2,29.0,185.0,2021.0,6961,0,154,41.0,3.1,8.5,47,-0.4
SITE110,1998,36.5,22.2,29.0,138.9,2044.0,6968,0,154,40.0,3.2,8.3,10,-0.38
SITE110,1999,36.4,22.1,29.0,105.7,2058.0,6948,0,154,39.0,3.0,8.8,-16,-0.44
SITE110,2000,36.6,22.3,29.1,82.3,2075.0,6998,0,156,38.0,3.3,8.9,-35,-0.29
SITE110,2001,36.6,22.2,29.1,144.4,2044.0,6991,0,155,40.0,3.4,8.7,15,-0.32
SITE110,2002,36.6,22.3,29.2,168.7,2034.0,7006,0,156,40.0,3.2,8.3,34,-0.27
SITE110,2003,36.7,22.4,29.3,144.1,2051.0,7043,0,158,39.0,3.2,8.1,14,-0.17
SITE110,2004,36.7,22.4,29.2,107.9,2068.0,7038,0,158,38.0,3.1,8.7,-14,-0.18
SITE110,2005,36.7,22.4,29.3,45.1,2099.0,7040,0,158,37.0,3.2,8.8,-64,-0.17
SITE110,2006,36.6,22.3,29.2,101.3,2069.0,7022,0,157,38.0,2.9,8.8,-20,-0.23
SITE110,2007,36.8,22.5,29.4,97.5,2078.0,7083,0,160,38.0,3.3,8.9,-23,-0.05
SITE110,2008,36.9,22.6,29.5,131.3,2066.0,7117,0,161,38.0,3.0,8.6,4,0.04
SITE110,2009,37.0,22.6,29.5,125.3,2071.0,7137,0,162,38.0,3.4,8.5,-1,0.1
SITE110,2010,37.0,22.7,29.6,141.7,2066.0,7161,0,163,38.0,3.4,8.5,12,0.17
SITE110,2011,37.0,22.7,29.6,46.8,2112.0,7155,0,163,36.0,2.9,8.9,-63,0.15
SITE110,2012,37.1,22.8,29.7,87.0,2097.0,7193,0,165,36.0,3.9,8.7,-31,0.26
SITE110,2013,37.2,22.9,29.7,114.6,2086.0,7212,0,166,36.0,3.7,8.5,-9,0.31
SITE110,2014,37.2,22.9,29.8,89.3,2101.0,7236,0,167,36.0,3.3,8.7,-29,0.37
SITE110,2015,37.2,22.9,29.8,227.4,2032.0,7228,0,166,39.0,3.3,8.0,80,0.35
SITE110,2016,37.3,22.9,29.8,179.2,2058.0,7242,0,167,38.0,2.8,8.4,42,0.39
SITE110,2017,37.3,23.0,29.9,60.8,2120.0,7271,0,168,35.0,3.4,8.7,-52,0.48
SITE110,2018,37.4,23.0,29.9,96.0,2103.0,7275,0,168,35.0,3.3,8.5,-24,0.49
SITE110,2019,37.4,23.1,30.0,88.3,2110.0,7299,0,169,35.0,2.8,8.6,-30,0.55
SITE110,2020,37.4,23.1,30.0,67.8,2120.0,7301,0,170,34.0,3.8,8.9,-46,0.56
SITE110,2021,37.5,23.1,30.0,86.9,2112.0,7312,0,170,35.0,3.3,8.7,-31,0.59
SITE110,2022,37.5,23.2,30.0,125.4,2094.0,7323,0,170,36.0,3.3,8.5,-1,0.62
SITE110,2023,37.6,23.2,30.1,97.8,2111.0,7351,0,172,35.0,2.8,8.5,-22,0.7
SITE110,2024,37.6,23.3,30.1,173.9,2074.0,7352,0,172,36.0,2.8,8.6,38,0.7
SITE111,1991,35.6,21.3,28.2,134.2,2040.0,6656,0,144,39.0,3.3,8.6,-45,-0.6
SITE111,1992,35.7,21.3,28.2,191.0,2028.0,6672,0,144,40.0,4.0,8.5,-22,-0.56
SITE111,1993,35.8,21.4,28.3,140.7,2046.0,6711,0,146,39.0,3.1,9.0,-42,-0.44
SITE111,1994,35.9,21.5,28.4,257.6,2020.0,6737,0,147,40.0,2.7,8.6,6,-0.37
SITE111,1995,35.9,21.6,28.5,354.2,1998.0,6756,0,148,41.0,3.2,8.2,45,-0.31
SITE111,1996,36.1,21.7,28.6,179.8,2049.0,6811,0,151,38.0,2.7,8.8,-26,-0.15
SITE111,1997,36.1,21.7,28.6,355.6,2005.0,6816,0,151,40.0,3.3,8.2,46,-0.14
SITE111,1998,36.1,21.7,28.6,99.5,2068.0,6803,0,150,37.0,3.3,8.8,-59,-0.18
SITE111,1999,36.1,21.8,28.7,258.6,2031.0,6830,0,151,39.0,2.9,8.2,6,-0.1
SITE111,2000,36.1,21.7,28.6,251.2,2031.0,6816,0,151,39.0,3.1,8.8,3,-0.14
SITE111,2001,36.3,21.9,28.8,204.8,2051.0,6875,0,153,37.0,2.9,8.7,-16,0.03
SITE111,2002,36.3,21.9,28.8,57.1,2090.0,6890,0,154,35.0,2.8,9.2,-77,0.08
SITE111,2003,36.3,22.0,28.9,316.0,2026.0,6897,0,154,38.0,3.1,8.5,29,0.1
SITE111,2004,36.3,21.9,28.8,239.2,2043.0,6883,0,154,38.0,3.0,8.5,-2,0.06
SITE111,2005,36.3,21.9,28.8,313.2,2024.0,6881,0,154,39.0,3.2,8.4,28,0.05
SITE111,2006,36.2,21.8,28.7,369.3,2005.0,6840,0,152,40.0,3.5,8.3,51,-0.07
SITE111,2007,36.1,21.8,28.7,424.8,1989.0,6827,0,151,41.0,3.2,8.0,74,-0.11
SITE111,2008,36.3,21.9,28.8,191.0,2054.0,6873,0,153,37.0,2.8,8.8,-22,0.03
SITE111,2009,36.2,21.8,28.7,365.6,2007.0,6847,0,152,40.0,3.3,8.3,50,-0.05
SITE111,2010,36.3,21.9,28.8,293.1,2028.0,6874,0,153,38.0,3.2,8.4,20,0.03
SITE111,2011,36.2,21.9,28.8,123.5,2069.0,6859,0,153,37.0,3.7,8.9,-49,-0.01
SITE111,2012,36.2,21.8,28.7,183.7,2053.0,6850,0,152,37.0,3.0,8.8,-25,-0.04
SITE111,2013,36.2,21.8,28.7,332.9,2013.0,6834,0,152,39.0,3.0,8.2,36,-0.08
SITE111,2014,36.3,22.0,28.9,195.8,2056.0,6899,0,154,37.0,3.1,8.7,-20,0.1
SITE111,2015,36.4,22.0,28.9,183.1,2062.0,6922,0,155,37.0,3.0,8.7,-25,0.17
SITE111,2016,36.4,22.0,28.9,354.2,2019.0,6919,0,155,39.0,2.9,8.3,45,0.16
SITE111,2017,36.5,22.1,29.0,231.5,2052.0,6939,0,156,37.0,2.9,8.5,-5,0.22
SITE111,2018,36.5,22.2,29.1,250.9,2051.0,6965,0,157,37.0,3.0,8.7,3,0.3
SITE111,2019,36.5,22.2,29.1,441.0,2002.0,6961,0,157,39.0,3.1,7.8,81,0.28
SITE111,2020,36.6,22.2,29.1,85.6,2093.0,6973,0,158,35.0,2.8,8.9,-65,0.32
SITE111,2021,36.5,22.1,29.0,292.7,2036.0,6936,0,156,38.0,3.5,8.4,20,0.21
SITE111,2022,36.6,22.2,29.1,334.7,2030.0,6974,0,158,38.0,3.5,8.1,37,0.32
SITE111,2023,36.6,22.3,29.2,428.7,2010.0,6998,0,159,39.0,3.3,7.9,76,0.39
SITE111,2024,36.7,22.4,29.3,224.6,2066.0,7030,0,160,36.0,2.9,8.5,-8,0.49
SITE112,1991,33.2,16.2,24.4,475.1,1911.0,5325,0,96,64.0,2.1,6.6,-35,-0.78
SITE112,1992,33.3,16.3,24.4,821.1,1887.0,5342,0,97,65.0,2.6,6.0,13,-0.72
SITE112,1993,33.2,16.2,24.4,832.2,1885.0,5335,0,96,65.0,2.4,6.2,15,-0.75
SITE112,1994,33.3,16.3,24.4,610.6,1905.0,5350,0,97,64.0,2.8,6.4,-16,-0.69
SITE112,1995,33.3,16.3,24.5,688.2,1900.0,5360,0,97,64.0,2.4,6.2,-5,-0.66
SITE112,1996,33.4,16.3,24.5,682.4,1902.0,5367,0,97,64.0,2.4,6.5,-6,-0.63
SITE112,1997,33.4,16.4,24.6,970.9,1882.0,5385,0,98,65.0,2.4,6.1,34,-0.56
SITE112,1998,33.6,16.6,24.7,829.8,1900.0,5426,0,100,64.0,2.2,6.3,14,-0.42
SITE112,1999,33.6,16.5,24.7,834.4,1899.0,5421,0,100,64.0,2.5,6.3,15,-0.43
SITE112,2000,33.6,16.6,24.8,625.2,1918.0,5440,0,100,63.0,2.7,6.7,-14,-0.37
SITE112,2001,33.7,16.7,24.8,611.4,1922.0,5455,0,101,63.0,2.5,6.7,-16,-0.31
SITE112,2002,33.7,16.7,24.9,636.2,1922.0,5467,0,101,63.0,2.5,6.5,-12,-0.27
SITE112,2003,33.8,16.7,24.9,454.2,1938.0,5477,0,102,62.0,2.4,6.7,-37,-0.23
SITE112,2004,33.8,16.8,25.0,649.3,1926.0,5501,0,103,62.0,2.8,6.7,-11,-0.15
SITE112,2005,34.0,16.9,25.1,752.5,1923.0,5533,0,104,62.0,2.2,6.3,4,-0.03
SITE112,2006,34.0,16.9,25.1,936.4,1909.0,5533,0,104,63.0,2.5,6.4,29,-0.03
SITE112,2007,33.9,16.9,25.1,527.4,1940.0,5524,0,103,61.0,2.4,6.6,-27,-0.06
SITE112,2008,34.0,17.0,25.2,709.5,1930.0,5552,0,104,62.0,2.6,6.2,-2,0.04
SITE112,2009,34.1,17.1,25.3,568.8,1945.0,5577,0,105,61.0,2.2,6.5,-22,0.13
SITE112,2010,34.3,17.3,25.5,439.9,1964.0,5629,0,107,60.0,2.5,6.6,-39,0.32
SITE112,2011,34.3,17.3,25.5,679.6,1947.0,5640,0,108,60.0,2.6,6.5,-6,0.36
SITE112,2012,34.3,17.3,25.5,416.0,1968.0,5639,0,108,59.0,2.5,6.8,-43,0.35
SITE112,2013,34.4,17.3,25.5,1006.2,1921.0,5643,0,108,62.0,2.4,6.2,39,0.37
SITE112,2014,34.3,17.3,25.5,366.9,1970.0,5630,0,107,59.0,2.7,6.8,-49,0.32
SITE112,2015,34.4,17.3,25.5,735.0,1943.0,5644,0,108,61.0,2.8,6.4,1,0.37
SITE112,2016,34.3,17.3,25.4,828.0,1932.0,5622,0,107,61.0,2.3,6.3,14,0.29
SITE112,2017,34.3,17.3,25.5,529.9,1957.0,5634,0,108,60.0,2.8,6.6,-27,0.33
SITE112,2018,34.4,17.4,25.5,803.3,1939.0,5652,0,108,61.0,2.4,6.4,11,0.4
SITE112,2019,34.4,17.4,25.6,466.6,1966.0,5658,0,108,59.0,2.3,6.7,-36,0.42
SITE112,2020,34.5,17.5,25.7,858.9,1940.0,5688,0,110,60.0,2.6,6.3,18,0.53
SITE112,2021,34.5,17.5,25.7,848.1,1942.0,5694,0,110,60.0,2.7,6.1,17,0.55
SITE112,2022,34.7,17.7,25.8,1206.6,1920.0,5738,0,111,61.0,2.7,6.0,66,0.71
SITE112,2023,34.8,17.8,26.0,1310.5,1916.0,5766,0,112,61.0,2.3,6.0,81,0.81
SITE112,2024,34.8,17.8,25.9,346.7,1994.0,5765,0,112,57.0,2.0,6.6,-52,0.81
SITE113,1991,33.7,15.9,24.5,525.8,1937.0,5332,0,107,64.0,2.5,6.4,3,-0.41
SITE113,1992,33.6,15.9,24.4,356.2,1954.0,5315,0,106,63.0,2.4,6.5,-30,-0.47
SITE113,1993,33.7,16.0,24.5,544.9,1937.0,5347,0,107,64.0,2.1,6.4,7,-0.36
SITE113,1994,33.7,16.0,24.5,557.4,1935.0,5339,0,107,64.0,2.7,6.3,9,-0.39
SITE113,1995,33.8,16.0,24.6,394.4,1956.0,5358,0,108,63.0,2.8,6.1,-23,-0.32
SITE113,1996,33.8,16.1,24.6,464.1,1951.0,5371,0,108,63.0,2.6,6.5,-9,-0.27
SITE113,1997,33.9,16.1,24.7,236.3,1979.0,5386,0,109,61.0,2.8,6.6,-54,-0.21
SITE113,1998,33.9,16.2,24.7,374.0,1965.0,5396,0,109,62.0,2.7,6.5,-27,-0.18
SITE113,1999,33.8,16.1,24.6,477.3,1950.0,5375,0,109,63.0,2.5,6.4,-6,-0.25
SITE113,2000,33.9,16.2,24.7,517.5,1947.0,5388,0,109,63.0,2.8,6.2,1,-0.21
SITE113,2001,33.8,16.1,24.6,745.6,1918.0,5365,0,108,65.0,2.4,6.2,46,-0.29
SITE113,2002,33.8,16.1,24.6,213.2,1981.0,5377,0,109,61.0,2.6,6.6,-58,-0.24
SITE113,2003,33.9,16.2,24.7,349.5,1968.0,5398,0,110,62.0,2.8,6.6,-31,-0.17
SITE113,2004,34.0,16.3,24.8,420.1,1965.0,5424,0,111,62.0,2.5,6.5,-18,-0.07
SITE113,2005,34.1,16.3,24.9,527.1,1955.0,5439,0,111,62.0,2.6,6.6,3,-0.02
SITE113,2006,34.0,16.3,24.8,452.5,1962.0,5427,0,111,62.0,2.8,6.3,-11,-0.06
SITE113,2007,34.1,16.4,24.9,487.7,1962.0,5455,0,112,62.0,2.4,6.3,-4,0.04
SITE113,2008,34.1,16.4,24.9,730.7,1933.0,5449,0,112,63.0,2.6,6.2,43,0.02
SITE113,2009,34.1,16.3,24.9,367.6,1974.0,5441,0,111,61.0,2.6,6.5,-28,-0.01
SITE113,2010,34.0,16.2,24.7,864.6,1911.0,5408,0,110,65.0,2.4,6.1,70,-0.13
SITE113,2011,34.1,16.3,24.8,748.5,1929.0,5434,0,111,64.0,2.4,6.2,47,-0.04
SITE113,2012,34.1,16.4,24.9,257.5,1988.0,5452,0,112,60.0,2.8,6.6,-50,0.03
SITE113,2013,34.2,16.5,25.0,434.6,1971.0,5471,0,113,61.0,2.8,6.3,-15,0.1
SITE113,2014,34.3,16.5,25.0,622.3,1952.0,5489,0,113,62.0,2.5,6.1,22,0.17
SITE113,2015,34.3,16.5,25.1,550.6,1961.0,5493,0,113,62.0,2.8,6.4,8,0.18
SITE113,2016,34.3,16.6,25.1,371.9,1985.0,5509,0,114,60.0,2.5,6.6,-27,0.24
SITE113,2017,34.3,16.6,25.1,446.2,1976.0,5510,0,114,61.0,3.1,6.6,-13,0.24
SITE113,2018,34.4,16.6,25.1,303.8,1994.0,5516,0,114,60.0,2.7,6.6,-40,0.26
SITE113,2019,34.3,16.6,25.1,332.2,1990.0,5513,0,114,60.0,2.5,6.9,-35,0.25
SITE113,2020,34.5,16.8,25.3,517.0,1975.0,5551,0,116,60.0,2.3,6.5,1,0.39
SITE113,2021,34.5,16.7,25.3,660.5,1958.0,5548,0,116,61.0,2.4,6.1,30,0.38
SITE113,2022,34.7,16.9,25.4,559.3,1978.0,5599,0,118,60.0,2.9,6.3,10,0.57
SITE113,2023,34.7,17.0,25.5,786.0,1954.0,5614,0,118,61.0,2.8,5.9,54,0.63
SITE113,2024,34.7,16.9,25.5,486.8,1987.0,5602,0,118,60.0,2.6,6.4,-5,0.58
SITE114,1991,33.2,15.4,23.9,814.3,1922.0,5163,0,99,64.0,2.3,6.4,-13,-0.7
SITE114,1992,33.2,15.4,23.9,662.2,1931.0,5163,0,99,64.0,2.2,6.3,-29,-0.7
SITE114,1993,33.3,15.5,24.0,890.8,1923.0,5194,0,101,64.0,2.4,6.2,-5,-0.58
SITE114,1994,33.3,15.5,24.1,961.7,1920.0,5204,0,101,64.0,2.3,6.4,3,-0.55
SITE114,1995,33.4,15.6,24.1,1238.8,1906.0,5225,0,102,65.0,2.7,6.3,32,-0.47
SITE114,1996,33.4,15.7,24.2,1203.2,1911.0,5239,0,102,65.0,2.5,6.1,28,-0.42
SITE114,1997,33.5,15.7,24.3,1240.8,1912.0,5258,0,103,64.0,2.2,6.2,32,-0.35
SITE114,1998,33.5,15.7,24.3,787.3,1940.0,5260,0,103,63.0,2.6,6.3,-16,-0.34
SITE114,1999,33.6,15.8,24.3,886.4,1936.0,5273,0,104,63.0,2.3,6.6,-5,-0.29
SITE114,2000,33.6,15.8,24.4,1056.8,1928.0,5286,0,104,63.0,2.8,6.2,13,-0.24
SITE114,2001,33.8,16.0,24.5,888.5,1945.0,5326,0,106,62.0,2.7,6.3,-5,-0.09
SITE114,2002,33.7,16.0,24.5,857.3,1946.0,5318,0,106,62.0,2.4,6.5,-9,-0.12
SITE114,2003,33.7,15.9,24.5,990.9,1937.0,5313,0,105,63.0,2.4,6.4,6,-0.14
SITE114,2004,33.7,16.0,24.5,961.4,1939.0,5318,0,106,63.0,2.4,6.3,3,-0.12
SITE114,2005,33.7,15.9,24.5,1022.0,1934.0,5307,0,105,63.0,2.6,6.4,9,-0.16
SITE114,2006,33.7,15.9,24.5,482.8,1968.0,5312,0,105,61.0,2.3,6.7,-48,-0.14
SITE114,2007,33.8,16.0,24.6,767.0,1955.0,5338,0,106,62.0,2.5,6.5,-18,-0.05
SITE114,2008,33.7,16.0,24.5,916.2,1943.0,5320,0,106,62.0,3.0,6.3,-2,-0.12
SITE114,2009,33.8,16.0,24.5,1126.4,1931.0,5329,0,106,63.0,2.3,6.3,20,-0.08
SITE114,2010,33.8,16.1,24.6,582.5,1968.0,5345,0,107,61.0,2.3,6.6,-38,-0.02
SITE114,2011,33.8,16.1,24.6,1155.2,1932.0,5346,0,107,63.0,2.3,6.4,23,-0.02
SITE114,2012,33.9,16.1,24.6,1277.4,1926.0,5352,0,107,63.0,2.3,6.0,36,0.0
SITE114,2013,33.9,16.1,24.7,1043.2,1942.0,5363,0,107,62.0,2.5,6.0,11,0.04
SITE114,2014,34.0,16.2,24.8,644.6,1972.0,5393,0,109,60.0,2.8,6.5,-31,0.16
SITE114,2015,34.1,16.3,24.9,1284.2,1936.0,5419,0,110,62.0,2.8,6.1,37,0.25
SITE114,2016,34.2,16.4,24.9,966.4,1958.0,5430,0,110,61.0,2.7,6.4,3,0.3
SITE114,2017,34.1,16.4,24.9,755.8,1971.0,5425,0,110,60.0,2.5,6.3,-19,0.28
SITE114,2018,34.3,16.5,25.0,1208.9,1948.0,5460,0,111,61.0,2.6,6.1,29,0.41
SITE114,2019,34.4,16.6,25.1,1018.7,1965.0,5489,0,112,60.0,2.3,6.3,9,0.52
SITE114,2020,34.4,16.6,25.2,609.2,1993.0,5499,0,113,59.0,2.6,6.5,-35,0.55
SITE114,2021,34.5,16.7,25.3,1119.7,1965.0,5526,0,114,60.0,2.5,6.1,19,0.66
SITE114,2022,34.6,16.8,25.3,355.1,2016.0,5542,0,115,57.0,2.5,6.8,-62,0.72
SITE114,2023,34.7,16.9,25.5,1270.2,1965.0,5582,0,116,60.0,2.3,6.1,36,0.86
SITE114,2024,34.8,17.0,25.6,1417.4,1960.0,5608,0,117,60.0,2.6,6.1,51,0.96
SITE115,1991,34.1,19.7,26.6,1222.3,1873.0,6110,0,95,65.0,2.8,6.2,19,-0.62
SITE115,1992,34.2,19.8,26.7,1286.5,1873.0,6143,0,96,65.0,2.5,6.2,26,-0.52
SITE115,1993,34.3,19.9,26.8,774.3,1905.0,6168,0,97,63.0,2.5,6.4,-24,-0.44
SITE115,1994,34.3,19.9,26.8,969.9,1894.0,6165,0,96,64.0,2.5,6.6,-5,-0.45
SITE115,1995,34.3,19.9,26.8,801.1,1903.0,6161,0,96,63.0,2.6,6.6,-22,-0.46
SITE115,1996,34.2,19.8,26.7,843.6,1899.0,6150,0,96,63.0,2.0,6.3,-18,-0.5
SITE115,1997,34.3,19.9,26.8,636.2,1912.0,6161,0,96,63.0,3.1,6.4,-38,-0.46
SITE115,1998,34.3,19.9,26.8,803.8,1904.0,6169,0,97,63.0,2.7,6.5,-21,-0.44
SITE115,1999,34.3,19.9,26.8,987.2,1894.0,6171,0,97,64.0,2.6,6.4,-3,-0.43
SITE115,2000,34.2,19.8,26.8,786.2,1902.0,6153,0,96,63.0,2.4,6.3,-23,-0.49
SITE115,2001,34.1,19.7,26.6,847.1,1893.0,6112,0,95,64.0,2.8,6.3,-17,-0.62
SITE115,2002,34.1,19.7,26.7,947.8,1889.0,6122,0,95,64.0,2.3,6.4,-7,-0.58
SITE115,2003,34.2,19.8,26.7,1036.1,1886.0,6136,0,96,64.0,2.9,6.3,1,-0.54
SITE115,2004,34.2,19.8,26.7,1118.4,1883.0,6149,0,96,64.0,2.5,6.4,9,-0.5
SITE115,2005,34.3,19.9,26.8,664.8,1912.0,6176,0,97,63.0,2.8,6.4,-35,-0.41
SITE115,2006,34.5,20.1,27.0,1515.8,1871.0,6223,0,98,65.0,2.5,6.3,48,-0.27
SITE115,2007,34.4,20.0,27.0,1433.1,1875.0,6215,0,98,64.0,2.6,6.1,40,-0.29
SITE115,2008,34.6,20.2,27.1,780.7,1919.0,6276,0,100,62.0,2.6,6.4,-24,-0.1
SITE115,2009,34.8,20.4,27.3,1482.6,1885.0,6313,0,101,63.0,2.8,6.0,45,0.02
SITE115,2010,34.8,20.4,27.3,894.1,1921.0,6332,0,102,61.0,2.7,6.5,-13,0.08
SITE115,2011,34.8,20.4,27.3,664.0,1934.0,6334,0,102,61.0,2.3,6.6,-35,0.09
SITE115,2012,34.9,20.5,27.4,1321.4,1901.0,6367,0,103,62.0,2.2,6.1,29,0.19
SITE115,2013,35.0,20.6,27.5,959.7,1926.0,6400,0,104,61.0,2.2,6.8,-6,0.3
SITE115,2014,35.0,20.6,27.5,1327.4,1905.0,6397,0,104,62.0,2.2,6.1,30,0.29
SITE115,2015,35.1,20.7,27.6,1324.0,1909.0,6426,0,105,61.0,2.5,5.9,29,0.38
SITE115,2016,35.3,20.9,27.8,910.8,1939.0,6474,0,106,60.0,2.2,6.6,-11,0.53
SITE115,2017,35.2,20.8,27.8,904.3,1938.0,6467,0,106,60.0,2.6,6.2,-12,0.51
SITE115,2018,35.2,20.8,27.7,652.9,1951.0,6456,0,106,59.0,2.7,6.7,-36,0.47
SITE115,2019,35.4,21.0,27.9,738.3,1954.0,6516,0,108,59.0,2.4,6.4,-28,0.66
SITE115,2020,35.4,21.0,27.9,1394.7,1917.0,6520,0,108,60.0,2.4,6.1,36,0.68
SITE115,2021,35.5,21.1,28.0,1224.4,1933.0,6560,0,109,59.0,2.6,6.2,20,0.8
SITE115,2022,35.7,21.3,28.2,1074.2,1946.0,6600,0,110,58.0,2.7,6.2,5,0.93
SITE115,2023,35.8,21.4,28.3,1546.2,1925.0,6645,0,112,59.0,2.4,5.9,51,1.07
SITE115,2024,35.8,21.4,28.3,933.3,1962.0,6654,0,112,57.0,2.3,6.5,-9,1.1
SITE116,1991,33.0,17.7,25.1,668.8,1874.0,5556,0,78,64.0,2.4,6.4,-8,-0.54
SITE116,1992,33.1,17.8,25.2,469.2,1894.0,5585,0,78,63.0,2.6,6.6,-35,-0.44
SITE116,1993,33.1,17.9,25.2,886.3,1863.0,5592,0,79,64.0,2.6,5.7,22,-0.42
SITE116,1994,33.1,17.8,25.1,935.1,1857.0,5575,0,78,65.0,2.6,6.0,29,-0.48
SITE116,1995,33.0,17.8,25.1,860.8,1861.0,5564,0,78,65.0,2.4,6.3,18,-0.51
SITE116,1996,33.1,17.8,25.2,1041.3,1850.0,5583,0,78,65.0,2.7,6.1,43,-0.45
SITE116,1997,33.2,17.9,25.2,1000.5,1856.0,5602,0,79,65.0,2.3,5.7,38,-0.38
SITE116,1998,33.2,17.9,25.3,727.1,1878.0,5612,0,79,63.0,2.5,6.6,0,-0.35
SITE116,1999,33.2,17.9,25.3,598.4,1888.0,5611,0,79,63.0,2.5,6.5,-18,-0.35
SITE116,2000,33.3,18.0,25.3,736.8,1880.0,5628,0,80,63.0,2.5,6.2,1,-0.29
SITE116,2001,33.2,18.0,25.3,1157.8,1846.0,5617,0,79,65.0,2.2,6.2,59,-0.33
SITE116,2002,33.3,18.0,25.3,711.9,1883.0,5634,0,80,63.0,3.0,6.4,-2,-0.27
SITE116,2003,33.4,18.1,25.5,1104.6,1858.0,5673,0,81,64.0,2.5,5.9,52,-0.13
SITE116,2004,33.4,18.2,25.5,972.0,1870.0,5681,0,81,63.0,2.6,6.0,34,-0.1
SITE116,2005,33.5,18.2,25.6,615.7,1900.0,5699,0,82,62.0,2.7,6.6,-15,-0.04
SITE116,2006,33.5,18.2,25.6,806.1,1885.0,5696,0,82,63.0,2.3,6.4,11,-0.05
SITE116,2007,33.7,18.4,25.8,484.9,1919.0,5754,0,83,60.0,2.6,6.7,-33,0.15
SITE116,2008,33.7,18.4,25.8,938.2,1884.0,5754,0,83,62.0,2.4,6.0,29,0.15
SITE116,2009,33.7,18.4,25.8,642.7,1907.0,5757,0,83,61.0,2.6,6.4,-12,0.16
SITE116,2010,33.8,18.5,25.8,692.1,1905.0,5769,0,84,61.0,2.7,6.4,-5,0.2
SITE116,2011,33.7,18.4,25.8,582.6,1912.0,5757,0,83,61.0,2.6,6.7,-20,0.16
SITE116,2012,33.8,18.5,25.8,747.3,1901.0,5768,0,84,61.0,2.6,6.7,3,0.2
SITE116,2013,33.7,18.4,25.8,311.0,1932.0,5752,0,83,60.0,2.5,6.6,-57,0.14
SITE116,2014,33.8,18.5,25.8,1128.4,1872.0,5779,0,84,63.0,2.1,5.8,55,0.24
SITE116,2015,33.8,18.6,25.9,513.1,1923.0,5794,0,84,60.0,2.5,6.6,-29,0.29
SITE116,2016,33.8,18.6,25.9,487.4,1925.0,5792,0,84,60.0,2.3,6.4,-33,0.29
SITE116,2017,33.9,18.6,25.9,770.1,1904.0,5799,0,85,61.0,2.3,6.3,6,0.31
SITE116,2018,33.9,18.6,26.0,814.5,1903.0,5816,0,85,61.0,2.3,6.7,12,0.37
SITE116,2019,34.0,18.7,26.0,565.5,1924.0,5830,0,85,60.0,2.8,6.6,-22,0.42
SITE116,2020,33.9,18.6,26.0,770.8,1905.0,5811,0,85,61.0,2.6,6.1,6,0.35
SITE116,2021,33.9,18.6,26.0,529.8,1925.0,5813,0,85,60.0,2.6,6.4,-27,0.36
SITE116,2022,34.0,18.7,26.0,1174.8,1876.0,5828,0,85,62.0,2.4,6.2,62,0.41
SITE116,2023,34.0,18.7,26.0,993.5,1890.0,5825,0,85,61.0,2.8,6.2,37,0.4
SITE116,2024,34.1,18.8,26.1,790.0,1912.0,5863,0,86,60.0,2.2,6.2,9,0.53
SITE117,1991,33.5,18.3,25.6,1323.0,1888.0,5762,0,90,65.0,2.3,6.5,-1,-0.81
SITE117,1992,33.5,18.4,25.6,929.2,1906.0,5769,0,90,64.0,2.2,6.6,-31,-0.79
SITE117,1993,33.5,18.4,25.6,1426.4,1885.0,5774,0,90,65.0,2.7,6.2,6,-0.77
SITE117,1994,33.7,18.5,25.8,1168.4,1903.0,5816,0,91,64.0,2.8,6.3,-13,-0.63
SITE117,1995,33.8,18.6,25.9,2058.7,1869.0,5843,0,92,66.0,2.7,5.9,54,-0.55
SITE117,1996,33.9,18.7,26.0,2272.7,1864.0,5878,0,93,66.0,2.6,5.9,70,-0.43
SITE117,1997,33.8,18.7,25.9,1280.1,1904.0,5862,0,93,64.0,2.2,6.2,-4,-0.48
SITE117,1998,33.8,18.7,25.9,917.2,1920.0,5861,0,93,63.0,2.9,6.6,-32,-0.49
SITE117,1999,33.8,18.7,25.9,1134.1,1910.0,5860,0,93,63.0,2.4,6.4,-15,-0.49
SITE117,2000,33.9,18.7,26.0,1076.9,1915.0,5877,0,93,63.0,3.0,6.8,-20,-0.43
SITE117,2001,33.9,18.8,26.0,694.3,1934.0,5890,0,94,62.0,2.4,6.7,-48,-0.39
SITE117,2002,34.1,18.9,26.2,1105.5,1923.0,5940,0,95,62.0,2.7,6.2,-18,-0.22
SITE117,2003,34.2,19.0,26.3,996.3,1933.0,5975,0,96,62.0,2.6,6.6,-26,-0.11
SITE117,2004,34.2,19.0,26.3,1657.4,1904.0,5970,0,96,63.0,2.0,6.1,24,-0.12
SITE117,2005,34.1,19.0,26.3,1300.3,1918.0,5959,0,96,63.0,2.5,6.3,-3,-0.16
SITE117,2006,34.3,19.2,26.4,801.7,1947.0,6015,0,98,61.0,2.3,6.6,-40,0.03
SITE117,2007,34.5,19.3,26.6,1428.4,1928.0,6067,0,99,61.0,2.5,6.4,7,0.2
SITE117,2008,34.4,19.3,26.6,1034.1,1942.0,6046,0,99,61.0,2.4,6.6,-23,0.13
SITE117,2009,34.5,19.4,26.7,1409.1,1930.0,6079,0,100,61.0,2.5,6.1,5,0.24
SITE117,2010,34.5,19.3,26.6,2491.3,1882.0,6068,0,100,64.0,2.6,5.8,86,0.21
SITE117,2011,34.6,19.4,26.7,1466.1,1930.0,6095,0,100,61.0,2.5,6.3,9,0.29
SITE117,2012,34.6,19.4,26.7,1601.1,1924.0,6095,0,100,61.0,2.7,6.2,19,0.3
SITE117,2013,34.6,19.4,26.7,1822.0,1915.0,6099,0,100,62.0,2.7,6.1,36,0.31
SITE117,2014,34.6,19.4,26.7,1650.8,1922.0,6091,0,100,62.0,2.5,6.4,23,0.28
SITE117,2015,34.7,19.5,26.8,901.8,1957.0,6112,0,101,60.0,2.4,6.6,-33,0.35
SITE117,2016,34.6,19.5,26.7,1432.8,1932.0,6101,0,101,61.0,2.3,6.2,7,0.32
SITE117,2017,34.7,19.6,26.8,1113.1,1951.0,6134,0,102,60.0,2.4,6.5,-17,0.43
SITE117,2018,34.7,19.5,26.8,1045.3,1951.0,6115,0,101,60.0,2.5,6.4,-22,0.36
SITE117,2019,34.7,19.5,26.8,572.4,1974.0,6129,0,101,59.0,2.4,6.7,-57,0.41
SITE117,2020,34.8,19.7,27.0,1257.8,1950.0,6169,0,103,60.0,2.9,6.6,-6,0.54
SITE117,2021,34.9,19.8,27.0,1217.3,1955.0,6194,0,104,59.0,2.4,6.3,-9,0.62
SITE117,2022,34.9,19.8,27.0,858.6,1971.0,6193,0,104,58.0,2.7,6.6,-36,0.62
SITE117,2023,34.9,19.7,27.0,1682.5,1933.0,6181,0,103,60.0,2.4,6.3,26,0.58
SITE117,2024,34.9,19.8,27.1,1144.7,1959.0,6197,0,104,59.0,2.4,6.3,-15,0.63
SITE118,1991,27.1,9.0,17.7,643.3,1631.0,2993,17,37,39.0,3.4,8.6,-3,-0.36
SITE118,1992,27.1,9.0,17.7,622.3,1633.0,2995,17,37,39.0,2.9,8.7,-6,-0.35
SITE118,1993,27.2,9.1,17.8,534.2,1643.0,3007,17,37,39.0,3.2,8.8,-19,-0.27
SITE118,1994,27.2,9.2,17.8,1360.9,1585.0,3016,17,37,42.0,3.5,7.9,106,-0.21
SITE118,1995,27.1,9.1,17.7,749.5,1626.0,3001,17,37,40.0,3.1,8.6,13,-0.31
SITE118,1996,27.1,9.1,17.7,506.0,1643.0,3000,17,37,39.0,3.4,8.8,-24,-0.32
SITE118,1997,27.3,9.2,17.9,383.0,1660.0,3025,17,38,37.0,3.6,8.4,-42,-0.16
SITE118,1998,27.3,9.2,17.9,712.2,1635.0,3022,17,37,39.0,3.3,8.4,8,-0.18
SITE118,1999,27.2,9.2,17.9,578.6,1644.0,3020,17,37,38.0,3.6,8.5,-13,-0.19
SITE118,2000,27.2,9.2,17.8,666.7,1636.0,3014,17,37,39.0,3.1,8.5,1,-0.23
SITE118,2001,27.2,9.1,17.8,606.2,1639.0,3010,17,37,39.0,2.8,8.5,-8,-0.26
SITE118,2002,27.2,9.2,17.8,471.6,1650.0,3014,17,37,38.0,3.1,8.8,-29,-0.23
SITE118,2003,27.3,9.2,17.9,864.3,1624.0,3024,17,38,40.0,3.1,8.4,31,-0.16
SITE118,2004,27.4,9.3,18.0,398.9,1664.0,3041,17,38,37.0,3.7,8.8,-40,-0.05
SITE118,2005,27.4,9.3,18.0,518.2,1654.0,3037,17,38,38.0,3.2,8.9,-22,-0.08
SITE118,2006,27.3,9.2,17.9,480.5,1653.0,3027,17,38,38.0,3.1,9.0,-27,-0.14
SITE118,2007,27.4,9.3,18.0,890.6,1627.0,3041,17,38,39.0,3.2,8.2,35,-0.05
SITE118,2008,27.5,9.4,18.1,707.2,1644.0,3053,16,38,38.0,3.0,8.5,7,0.03
SITE118,2009,27.5,9.4,18.1,814.4,1637.0,3056,16,38,38.0,3.2,8.2,23,0.05
SITE118,2010,27.5,9.4,18.1,655.8,1649.0,3057,16,38,38.0,3.4,8.7,-1,0.05
SITE118,2011,27.6,9.5,18.2,1033.9,1625.0,3069,16,39,39.0,3.2,8.1,56,0.13
SITE118,2012,27.6,9.5,18.2,489.1,1666.0,3071,16,39,37.0,3.0,9.0,-26,0.15
SITE118,2013,27.6,9.5,18.2,499.8,1666.0,3073,16,39,37.0,3.7,8.6,-24,0.16
SITE118,2014,27.6,9.5,18.2,883.2,1636.0,3069,16,39,38.0,3.2,8.4,33,0.13
SITE118,2015,27.6,9.5,18.2,535.1,1664.0,3074,16,39,37.0,3.4,8.6,-19,0.17
SITE118,2016,27.6,9.5,18.2,654.7,1653.0,3070,16,39,37.0,3.0,9.0,-1,0.14
SITE118,2017,27.6,9.6,18.2,633.4,1657.0,3077,16,39,37.0,3.6,8.5,-4,0.19
SITE118,2018,27.7,9.6,18.3,806.7,1646.0,3083,16,39,38.0,3.8,8.7,22,0.23
SITE118,2019,27.6,9.6,18.2,548.5,1664.0,3080,16,39,37.0,3.3,8.7,-17,0.2
SITE118,2020,27.6,9.6,18.2,771.7,1647.0,3076,16,39,38.0,2.9,8.1,17,0.18
SITE118,2021,27.7,9.7,18.3,395.6,1680.0,3094,16,39,36.0,3.1,8.7,-40,0.3
SITE118,2022,27.8,9.8,18.5,857.9,1651.0,3112,16,40,37.0,3.2,8.2,30,0.42
SITE118,2023,27.9,9.9,18.6,686.9,1668.0,3127,16,40,36.0,3.1,8.6,4,0.51
SITE118,2024,27.9,9.9,18.5,395.8,1690.0,3125,16,40,35.0,2.9,8.8,-40,0.5
SITE119,1991,25.9,7.3,16.2,613.8,1573.0,2673,48,30,41.0,2.9,8.4,30,-0.54
SITE119,1992,25.9,7.3,16.2,378.6,1597.0,2674,48,30,40.0,3.2,8.6,-20,-0.53
SITE119,1993,26.0,7.5,16.4,370.9,1605.0,2693,47,30,39.0,3.5,8.6,-21,-0.39
SITE119,1994,26.1,7.6,16.5,357.7,1611.0,2707,47,30,38.0,3.6,8.6,-24,-0.29
SITE119,1995,26.0,7.5,16.4,606.0,1582.0,2697,47,30,40.0,3.6,8.2,28,-0.36
SITE119,1996,26.1,7.5,16.4,344.0,1610.0,2700,47,30,39.0,2.9,8.5,-27,-0.34
SITE119,1997,26.0,7.5,16.4,635.6,1577.0,2691,48,30,41.0,4.0,8.4,35,-0.4
SITE119,1998,26.0,7.5,16.4,895.0,1552.0,2695,47,30,42.0,2.9,7.9,90,-0.38
SITE119,1999,26.1,7.5,16.4,666.9,1578.0,2703,47,30,41.0,3.3,8.5,41,-0.32
SITE119,2000,26.1,7.5,16.4,529.4,1592.0,2703,47,30,40.0,3.2,8.4,12,-0.32
SITE119,2001,26.0,7.4,16.3,300.5,1610.0,2688,48,30,39.0,3.4,8.8,-36,-0.43
SITE119,2002,26.1,7.5,16.4,324.7,1612.0,2702,47,30,38.0,3.3,8.7,-31,-0.33
SITE119,2003,26.1,7.6,16.5,437.8,1603.0,2708,47,30,39.0,3.4,8.7,-7,-0.28
SITE119,2004,26.1,7.6,16.5,399.2,1607.0,2709,47,30,39.0,3.0,8.4,-15,-0.28
SITE119,2005,26.1,7.6,16.5,336.2,1614.0,2710,47,30,38.0,3.4,8.6,-29,-0.27
SITE119,2006,26.1,7.6,16.5,511.5,1595.0,2707,47,30,39.0,3.4,8.0,8,-0.29
SITE119,2007,26.2,7.6,16.5,387.7,1611.0,2716,47,31,38.0,3.2,8.6,-18,-0.23
SITE119,2008,26.3,7.7,16.6,695.3,1583.0,2727,47,31,40.0,2.8,8.3,47,-0.15
SITE119,2009,26.3,7.7,16.6,744.1,1579.0,2730,47,31,40.0,2.8,8.3,58,-0.12
SITE119,2010,26.3,7.8,16.7,665.8,1588.0,2732,46,31,40.0,3.4,8.3,41,-0.11
SITE119,2011,26.4,7.9,16.8,546.2,1607.0,2751,46,31,38.0,3.4,8.6,16,0.03
SITE119,2012,26.6,8.0,16.9,304.3,1637.0,2768,45,32,36.0,3.1,9.0,-36,0.16
SITE119,2013,26.5,8.0,16.9,723.9,1591.0,2759,46,32,39.0,3.0,8.3,53,0.09
SITE119,2014,26.6,8.1,17.0,471.8,1622.0,2776,45,32,37.0,3.4,8.4,0,0.21
SITE119,2015,26.7,8.2,17.1,378.1,1637.0,2789,45,32,36.0,2.8,8.6,-20,0.31
SITE119,2016,26.8,8.3,17.2,366.1,1642.0,2801,45,33,36.0,3.8,8.6,-22,0.39
SITE119,2017,26.9,8.4,17.3,540.6,1629.0,2817,44,33,36.0,3.1,8.5,15,0.51
SITE119,2018,27.0,8.5,17.4,724.0,1614.0,2828,44,33,37.0,3.0,8.3,53,0.59
SITE119,2019,27.0,8.5,17.4,358.2,1655.0,2836,44,33,35.0,2.9,8.7,-24,0.65
SITE119,2020,27.0,8.5,17.4,340.7,1655.0,2831,44,33,35.0,2.8,8.5,-28,0.61
SITE119,2021,27.1,8.5,17.4,400.0,1651.0,2839,44,33,35.0,3.6,8.8,-15,0.67
SITE119,2022,27.1,8.5,17.4,237.6,1668.0,2837,44,33,34.0,3.1,9.0,-50,0.65
SITE119,2023,27.1,8.6,17.5,410.3,1652.0,2843,43,33,35.0,3.3,8.5,-13,0.7
SITE119,2024,27.2,8.7,17.5,686.6,1627.0,2854,43,34,36.0,3.1,8.4,45,0.78
SITE120,1991,26.8,8.4,17.2,1015.7,1619.0,2936,31,38,41.0,3.0,8.4,18,-0.62
SITE120,1992,26.9,8.5,17.3,990.3,1625.0,2952,31,38,41.0,3.1,8.1,15,-0.52
SITE120,1993,26.8,8.3,17.2,1028.8,1618.0,2936,31,38,41.0,3.5,8.4,19,-0.62
SITE120,1994,26.8,8.4,17.2,913.7,1626.0,2940,31,38,41.0,4.0,8.6,6,-0.6
SITE120,1995,26.8,8.4,17.2,1393.7,1598.0,2939,31,38,42.0,3.3,8.4,61,-0.6
SITE120,1996,26.8,8.4,17.3,869.9,1629.0,2943,31,38,40.0,3.4,8.6,1,-0.58
SITE120,1997,26.8,8.3,17.2,761.6,1631.0,2930,31,38,40.0,3.2,8.7,-12,-0.66
SITE120,1998,26.8,8.4,17.2,1496.9,1593.0,2939,31,38,43.0,3.3,8.1,73,-0.6
SITE120,1999,26.8,8.4,17.2,821.2,1630.0,2936,31,38,40.0,3.6,8.6,-5,-0.62
SITE120,2000,26.9,8.4,17.3,1187.2,1613.0,2949,31,38,41.0,3.1,8.6,37,-0.53
SITE120,2001,27.0,8.6,17.4,1205.3,1618.0,2968,30,39,41.0,3.4,8.0,40,-0.41
SITE120,2002,27.1,8.7,17.5,1105.2,1628.0,2982,30,39,40.0,3.3,8.5,28,-0.32
SITE120,2003,27.2,8.7,17.6,853.4,1645.0,2990,30,39,39.0,3.2,8.6,-1,-0.27
SITE120,2004,27.2,8.7,17.6,768.8,1651.0,2996,30,39,39.0,3.2,8.8,-11,-0.23
SITE120,2005,27.3,8.8,17.7,1108.1,1635.0,3006,30,40,39.0,3.4,8.5,28,-0.16
SITE120,2006,27.4,8.9,17.8,1089.8,1641.0,3021,30,40,39.0,2.9,8.5,26,-0.06
SITE120,2007,27.4,9.0,17.9,948.8,1652.0,3034,29,40,38.0,3.0,8.4,10,0.02
SITE120,2008,27.5,9.0,17.9,1661.5,1612.0,3034,29,40,41.0,2.9,8.1,92,0.03
SITE120,2009,27.5,9.0,17.9,395.8,1687.0,3041,29,41,36.0,3.3,9.0,-54,0.07
SITE120,2010,27.6,9.1,18.0,1148.7,1647.0,3053,29,41,38.0,3.1,8.6,33,0.15
SITE120,2011,27.5,9.1,17.9,810.1,1665.0,3048,29,41,37.0,3.3,8.6,-6,0.12
SITE120,2012,27.6,9.1,18.0,1139.3,1648.0,3054,29,41,38.0,3.5,8.5,32,0.16
SITE120,2013,27.7,9.2,18.1,714.5,1678.0,3072,29,41,36.0,3.0,8.4,-17,0.28
SITE120,2014,27.8,9.3,18.2,878.2,1671.0,3081,29,42,37.0,3.4,8.5,2,0.34
SITE120,2015,27.9,9.4,18.3,1582.3,1636.0,3102,28,42,39.0,3.3,7.8,83,0.47
SITE120,2016,27.9,9.5,18.3,619.6,1694.0,3107,28,42,35.0,3.6,8.7,-28,0.5
SITE120,2017,27.9,9.5,18.3,969.0,1674.0,3108,28,42,36.0,3.0,8.5,12,0.51
SITE120,2018,28.0,9.5,18.4,1228.6,1660.0,3112,28,43,37.0,3.1,8.4,42,0.54
SITE120,2019,27.8,9.4,18.3,706.6,1685.0,3095,28,42,36.0,3.7,8.8,-18,0.42
SITE120,2020,28.0,9.5,18.4,502.9,1704.0,3117,28,43,34.0,3.0,8.4,-42,0.57
SITE120,2021,28.1,9.7,18.5,749.8,1695.0,3134,28,43,35.0,2.9,8.4,-13,0.68
SITE120,2022,28.2,9.8,18.6,862.5,1693.0,3150,28,44,35.0,3.1,8.6,0,0.79
SITE120,2023,28.3,9.8,18.7,827.4,1698.0,3159,27,44,34.0,3.1,8.7,-4,0.85
SITE120,2024,28.3,9.9,18.7,553.6,1716.0,3165,27,44,33.0,3.3,9.0,-36,0.89
SITE121,1991,25.5,7.1,15.9,677.0,1538.0,2564,48,25,41.0,2.9,8.4,31,-0.48
SITE121,1992,25.5,7.1,15.9,897.4,1517.0,2562,48,25,42.0,3.1,8.1,74,-0.49
SITE121,1993,25.4,7.1,15.9,360.6,1565.0,2560,48,25,39.0,3.3,8.7,-30,-0.5
SITE121,1994,25.4,7.0,15.9,715.2,1531.0,2556,48,25,41.0,3.2,8.1,39,-0.54
SITE121,1995,25.5,7.1,16.0,662.0,1541.0,2570,48,25,41.0,2.8,8.4,28,-0.43
SITE121,1996,25.6,7.2,16.0,603.2,1549.0,2577,48,25,40.0,3.5,8.4,17,-0.37
SITE121,1997,25.6,7.2,16.0,565.4,1554.0,2580,48,25,40.0,3.2,8.6,10,-0.35
SITE121,1998,25.6,7.2,16.1,376.3,1571.0,2581,48,25,39.0,3.0,8.8,-27,-0.34
SITE121,1999,25.6,7.2,16.0,360.3,1571.0,2576,48,25,39.0,3.6,8.6,-30,-0.38
SITE121,2000,25.5,7.2,16.0,514.4,1555.0,2571,48,25,40.0,3.3,8.6,0,-0.42
SITE121,2001,25.7,7.3,16.1,520.6,1561.0,2591,47,25,39.0,2.8,8.7,1,-0.27
SITE121,2002,25.7,7.3,16.1,738.6,1542.0,2593,47,25,40.0,3.2,8.3,43,-0.25
SITE121,2003,25.7,7.3,16.1,868.5,1529.0,2588,48,25,41.0,3.3,8.4,68,-0.29
SITE121,2004,25.6,7.2,16.0,250.0,1582.0,2579,48,25,38.0,3.0,8.9,-52,-0.36
SITE121,2005,25.6,7.2,16.0,423.3,1566.0,2578,48,25,39.0,3.0,8.6,-18,-0.37
SITE121,2006,25.6,7.3,16.1,281.3,1582.0,2587,48,25,38.0,2.8,8.7,-45,-0.3
SITE121,2007,25.7,7.3,16.1,614.2,1553.0,2590,47,25,40.0,3.4,8.4,19,-0.28
SITE121,2008,25.8,7.4,16.2,785.4,1542.0,2606,47,26,40.0,3.9,8.1,52,-0.16
SITE121,2009,25.9,7.5,16.3,507.9,1572.0,2618,47,26,38.0,2.8,8.6,-2,-0.06
SITE121,2010,26.1,7.7,16.5,370.0,1593.0,2641,46,26,37.0,3.2,8.9,-28,0.11
SITE121,2011,26.1,7.7,16.5,558.8,1576.0,2643,46,26,38.0,3.4,8.5,8,0.13
SITE121,2012,26.1,7.7,16.5,761.9,1557.0,2641,46,26,39.0,3.4,8.3,48,0.11
SITE121,2013,26.1,7.7,16.6,384.5,1594.0,2647,46,26,37.0,3.0,8.8,-25,0.16
SITE121,2014,26.2,7.8,16.6,371.4,1599.0,2658,46,27,36.0,2.8,8.8,-28,0.24
SITE121,2015,26.4,8.0,16.8,292.8,1615.0,2684,45,27,35.0,3.6,9.0,-43,0.44
SITE121,2016,26.5,8.1,17.0,485.1,1603.0,2701,44,27,36.0,3.2,8.9,-6,0.57
SITE121,2017,26.5,8.2,17.0,434.0,1609.0,2705,44,28,35.0,2.7,8.7,-16,0.6
SITE121,2018,26.6,8.2,17.0,304.5,1623.0,2708,44,28,34.0,3.2,8.8,-41,0.62
SITE121,2019,26.6,8.2,17.0,151.5,1638.0,2710,44,28,33.0,3.8,8.7,-71,0.64
SITE121,2020,26.5,8.2,17.0,485.3,1603.0,2701,44,27,36.0,3.2,8.4,-6,0.57
SITE121,2021,26.5,8.2,17.0,676.9,1586.0,2703,44,28,37.0,3.1,8.4,31,0.59
SITE121,2022,26.5,8.2,17.0,510.0,1603.0,2706,44,28,36.0,3.2,8.6,-1,0.61
SITE121,2023,26.5,8.1,17.0,568.3,1595.0,2700,44,27,36.0,3.0,8.6,10,0.56
SITE121,2024,26.6,8.3,17.1,366.9,1620.0,2718,44,28,34.0,3.1,8.8,-29,0.7
SITE122,1991,23.7,5.1,14.0,468.4,1477.0,2172,94,14,41.0,3.4,8.6,22,-0.54
SITE122,1992,23.8,5.1,14.1,436.6,1482.0,2177,94,14,40.0,3.3,8.6,13,-0.5
SITE122,1993,23.8,5.1,14.1,315.2,1497.0,2177,94,14,39.0,3.0,8.6,-18,-0.49
SITE122,1994,23.8,5.1,14.1,419.4,1485.0,2179,94,14,40.0,3.8,8.4,9,-0.48
SITE122,1995,23.8,5.1,14.1,590.6,1465.0,2178,94,14,42.0,2.9,8.3,53,-0.49
SITE122,1996,23.8,5.1,14.1,219.8,1509.0,2180,93,14,39.0,3.2,9.0,-43,-0.46
SITE122,1997,23.8,5.2,14.1,448.8,1484.0,2185,93,14,40.0,3.8,8.6,17,-0.42
SITE122,1998,23.8,5.2,14.1,292.3,1502.0,2183,93,14,39.0,3.3,8.6,-24,-0.44
SITE122,1999,23.9,5.2,14.2,342.8,1499.0,2190,93,14,39.0,3.4,8.9,-11,-0.38
SITE122,2000,23.8,5.2,14.1,353.9,1495.0,2184,93,14,39.0,2.9,8.5,-8,-0.43
SITE122,2001,24.0,5.3,14.3,346.5,1502.0,2199,92,14,39.0,3.0,8.6,-10,-0.3
SITE122,2002,24.0,5.4,14.3,456.4,1491.0,2204,92,14,40.0,3.1,8.5,19,-0.25
SITE122,2003,24.1,5.4,14.4,372.7,1504.0,2211,91,14,39.0,3.7,8.6,-3,-0.18
SITE122,2004,24.1,5.5,14.4,611.7,1480.0,2219,91,14,40.0,3.2,8.0,59,-0.11
SITE122,2005,24.2,5.6,14.5,352.9,1514.0,2230,90,14,38.0,3.3,8.7,-8,-0.02
SITE122,2006,24.4,5.7,14.7,487.3,1504.0,2243,89,15,38.0,3.2,8.5,27,0.1
SITE122,2007,24.4,5.8,14.7,522.1,1502.0,2248,89,15,39.0,3.2,8.6,36,0.14
SITE122,2008,24.4,5.8,14.7,368.6,1520.0,2248,89,15,37.0,3.0,8.5,-4,0.14
SITE122,2009,24.4,5.7,14.7,354.7,1521.0,2247,89,15,37.0,3.2,8.5,-8,0.13
SITE122,2010,24.5,5.9,14.8,642.6,1492.0,2259,88,15,39.0,3.4,7.9,67,0.24
SITE122,2011,24.4,5.8,14.7,463.1,1509.0,2248,89,15,38.0,2.9,8.4,20,0.15
SITE122,2012,24.4,5.8,14.7,519.1,1503.0,2250,89,15,38.0,3.0,8.6,35,0.16
SITE122,2013,24.4,5.8,14.7,224.1,1539.0,2253,89,15,36.0,3.5,9.0,-42,0.18
SITE122,2014,24.4,5.8,14.7,229.3,1538.0,2251,89,15,36.0,3.2,8.6,-40,0.17
SITE122,2015,24.4,5.8,14.8,426.0,1516.0,2254,89,15,38.0,3.4,8.3,11,0.19
SITE122,2016,24.6,5.9,14.9,437.2,1521.0,2269,88,15,37.0,3.6,8.9,14,0.33
SITE122,2017,24.5,5.9,14.8,281.4,1537.0,2263,88,15,36.0,3.2,8.6,-27,0.28
SITE122,2018,24.5,5.9,14.8,432.4,1519.0,2263,88,15,37.0,3.3,8.7,12,0.28
SITE122,2019,24.5,5.9,14.8,481.1,1513.0,2264,88,15,38.0,2.7,8.2,25,0.28
SITE122,2020,24.6,5.9,14.9,430.6,1521.0,2267,88,15,37.0,3.4,8.6,12,0.31
SITE122,2021,24.8,6.1,15.1,477.9,1525.0,2290,86,15,37.0,3.4,8.5,24,0.52
SITE122,2022,24.8,6.2,15.1,374.6,1538.0,2292,86,15,36.0,3.0,8.8,-3,0.54
SITE122,2023,24.9,6.2,15.2,402.1,1538.0,2300,86,15,36.0,3.2,8.7,4,0.61
SITE122,2024,25.0,6.3,15.3,677.3,1510.0,2313,85,16,37.0,3.1,8.0,76,0.73
SITE123,1991,25.0,6.3,15.3,296.3,1566.0,2459,67,24,39.0,3.3,8.8,-56,-0.64
SITE123,1992,24.9,6.3,15.2,703.2,1535.0,2449,67,24,41.0,3.3,8.8,3,-0.72
SITE123,1993,25.0,6.3,15.3,702.4,1539.0,2460,67,24,41.0,2.9,8.6,3,-0.64
SITE123,1994,25.0,6.3,15.3,876.9,1526.0,2457,67,24,41.0,3.0,8.4,29,-0.66
SITE123,1995,25.1,6.4,15.4,607.0,1550.0,2471,67,25,40.0,3.0,8.4,-11,-0.55
SITE123,1996,25.1,6.4,15.4,987.2,1525.0,2473,67,25,41.0,3.2,8.4,45,-0.53
SITE123,1997,25.2,6.6,15.5,363.4,1574.0,2491,66,25,38.0,2.9,8.5,-47,-0.39
SITE123,1998,25.3,6.7,15.6,585.2,1562.0,2500,65,25,39.0,3.2,8.7,-14,-0.33
SITE123,1999,25.4,6.7,15.7,354.7,1582.0,2511,65,25,38.0,3.1,8.8,-48,-0.24
SITE123,2000,25.4,6.7,15.7,569.8,1567.0,2510,65,25,38.0,3.3,8.7,-16,-0.25
SITE123,2001,25.4,6.8,15.7,955.9,1542.0,2515,65,26,40.0,2.9,8.4,40,-0.21
SITE123,2002,25.4,6.7,15.7,703.6,1558.0,2511,65,25,39.0,3.0,8.6,3,-0.24
SITE123,2003,25.4,6.7,15.7,252.3,1588.0,2508,65,25,37.0,3.2,9.0,-63,-0.26
SITE123,2004,25.3,6.7,15.6,463.7,1572.0,2504,65,25,38.0,3.2,8.2,-32,-0.29
SITE123,2005,25.3,6.7,15.7,390.0,1578.0,2506,65,25,38.0,3.2,8.9,-43,-0.27
SITE123,2006,25.4,6.7,15.7,426.4,1576.0,2509,65,25,38.0,3.2,8.9,-37,-0.25
SITE123,2007,25.5,6.8,15.8,579.9,1571.0,2523,65,26,38.0,3.2,8.7,-15,-0.14
SITE123,2008,25.7,7.0,16.0,455.1,1588.0,2547,64,26,37.0,2.8,8.7,-33,0.04
SITE123,2009,25.8,7.1,16.1,596.2,1584.0,2562,63,27,37.0,3.4,8.5,-12,0.17
SITE123,2010,25.9,7.3,16.2,356.0,1607.0,2579,62,27,35.0,3.0,8.7,-48,0.3
SITE123,2011,25.9,7.3,16.2,554.9,1592.0,2576,62,27,36.0,3.0,8.6,-19,0.28
SITE123,2012,26.0,7.4,16.3,689.4,1587.0,2589,62,27,37.0,3.2,8.7,1,0.38
SITE123,2013,26.0,7.3,16.3,935.9,1569.0,2585,62,27,38.0,3.3,8.4,37,0.34
SITE123,2014,25.9,7.3,16.2,1016.2,1561.0,2580,62,27,38.0,3.2,8.4,49,0.31
SITE123,2015,25.9,7.3,16.2,620.5,1589.0,2581,62,27,36.0,3.4,8.2,-9,0.31
SITE123,2016,26.0,7.4,16.3,475.1,1603.0,2592,62,27,35.0,3.6,8.7,-30,0.4
SITE123,2017,26.1,7.5,16.5,1070.9,1567.0,2608,61,27,38.0,3.1,8.2,57,0.53
SITE123,2018,26.2,7.5,16.5,578.1,1603.0,2610,61,27,35.0,3.4,8.8,-15,0.54
SITE123,2019,26.2,7.5,16.5,723.2,1593.0,2612,61,28,36.0,2.9,8.5,6,0.56
SITE123,2020,26.1,7.5,16.4,340.5,1617.0,2602,61,27,35.0,3.1,9.0,-50,0.48
SITE123,2021,26.1,7.4,16.4,463.3,1607.0,2599,61,27,35.0,2.7,8.8,-32,0.46
SITE123,2022,26.0,7.4,16.3,419.1,1608.0,2594,62,27,35.0,3.2,8.7,-38,0.42
SITE123,2023,26.1,7.5,16.5,1061.5,1568.0,2608,61,27,38.0,3.0,8.3,56,0.53
SITE123,2024,26.2,7.5,16.5,384.8,1618.0,2613,61,28,34.0,3.2,8.9,-43,0.57
SITE124,1991,16.0,6.0,10.8,828.7,1034.0,799,2,0,64.0,2.9,6.3,-17,-0.58
SITE124,1992,16.0,6.0,10.8,1134.3,1022.0,796,2,0,65.0,2.6,6.4,13,-0.65
SITE124,1993,16.0,6.0,10.8,1017.5,1027.0,798,2,0,64.0,2.5,6.4,1,-0.61
SITE124,1994,16.1,6.1,10.9,1403.5,1020.0,803,2,0,65.0,2.2,5.9,40,-0.49
SITE124,1995,16.1,6.1,10.9,1172.7,1027.0,803,2,0,64.0,2.5,6.3,17,-0.49
SITE124,1996,16.1,6.2,11.0,1224.4,1026.0,804,2,0,65.0,2.5,6.2,22,-0.46
SITE124,1997,16.2,6.3,11.1,870.3,1041.0,808,2,0,63.0,2.3,6.2,-13,-0.36
SITE124,1998,16.2,6.2,11.0,902.0,1039.0,807,2,0,63.0,2.6,6.5,-10,-0.38
SITE124,1999,16.2,6.2,11.0,1315.2,1025.0,806,2,0,65.0,2.5,6.2,31,-0.41
SITE124,2000,16.2,6.3,11.0,1031.2,1035.0,807,2,0,64.0,2.8,6.2,3,-0.38
SITE124,2001,16.3,6.4,11.1,1059.6,1038.0,811,2,0,63.0,2.3,6.5,6,-0.28
SITE124,2002,16.4,6.4,11.2,1207.7,1034.0,812,2,0,64.0,2.7,6.4,20,-0.25
SITE124,2003,16.4,6.4,11.2,1005.8,1041.0,813,2,0,63.0,2.4,6.6,0,-0.23
SITE124,2004,16.4,6.4,11.2,977.1,1043.0,815,2,0,63.0,2.8,6.7,-3,-0.19
SITE124,2005,16.4,6.4,11.2,1209.4,1036.0,815,2,0,63.0,2.7,6.2,21,-0.19
SITE124,2006,16.4,6.5,11.3,1629.1,1024.0,816,2,0,65.0,2.4,6.0,62,-0.17
SITE124,2007,16.5,6.5,11.3,928.5,1049.0,819,2,0,62.0,2.5,6.4,-7,-0.08
SITE124,2008,16.6,6.6,11.4,1455.6,1035.0,822,2,0,63.0,2.6,6.1,45,-0.02
SITE124,2009,16.6,6.6,11.4,945.4,1049.0,821,2,0,62.0,2.7,6.5,-6,-0.05
SITE124,2010,16.7,6.8,11.6,980.2,1055.0,828,2,0,61.0,2.8,6.5,-2,0.13
SITE124,2011,16.7,6.8,11.6,971.4,1055.0,828,2,0,61.0,2.1,6.3,-3,0.14
SITE124,2012,16.8,6.8,11.6,1021.2,1055.0,830,2,0,61.0,2.4,6.2,2,0.18
SITE124,2013,16.8,6.8,11.6,1100.1,1052.0,829,2,0,62.0,2.7,6.5,10,0.14
SITE124,2014,16.8,6.9,11.6,1125.1,1054.0,832,2,0,61.0,2.6,6.4,12,0.22
SITE124,2015,16.9,6.9,11.7,1043.6,1058.0,834,2,0,61.0,2.5,6.2,4,0.28
SITE124,2016,16.9,6.9,11.7,1192.5,1054.0,835,2,0,61.0,2.9,6.3,19,0.3
SITE124,2017,17.0,7.0,11.8,788.1,1071.0,839,2,0,60.0,2.2,6.5,-21,0.4
SITE124,2018,17.1,7.1,11.9,965.3,1068.0,843,2,0,60.0,2.9,6.4,-4,0.49
SITE124,2019,17.2,7.2,12.0,1015.5,1070.0,847,2,0,60.0,2.4,6.2,1,0.59
SITE124,2020,17.2,7.2,12.0,1335.6,1059.0,846,2,0,61.0,2.3,5.9,33,0.56
SITE124,2021,17.3,7.3,12.1,1258.9,1066.0,851,2,0,60.0,2.4,6.1,26,0.7
SITE124,2022,17.3,7.3,12.1,843.5,1079.0,850,2,0,59.0,2.5,6.3,-16,0.67
SITE124,2023,17.3,7.3,12.1,642.4,1086.0,852,2,0,58.0,2.1,6.5,-36,0.7
SITE124,2024,17.4,7.4,12.2,745.5,1085.0,853,2,0,58.0,2.5,6.6,-26,0.75
SITE125,1991,16.4,5.8,10.8,528.6,1068.0,801,15,0,62.0,2.4,6.6,-23,-0.26
SITE125,1992,16.3,5.7,10.8,710.6,1057.0,797,15,0,63.0,2.7,6.2,4,-0.34
SITE125,1993,16.4,5.8,10.9,863.2,1053.0,801,15,0,64.0,2.5,6.2,26,-0.24
SITE125,1994,16.4,5.8,10.9,980.6,1050.0,804,15,0,64.0,2.8,6.0,43,-0.18
SITE125,1995,16.4,5.9,10.9,938.6,1053.0,805,15,0,64.0,2.6,6.2,37,-0.16
SITE125,1996,16.4,5.8,10.9,841.4,1054.0,801,15,0,64.0,2.5,6.3,23,-0.25
SITE125,1997,16.3,5.7,10.8,898.6,1050.0,800,15,0,64.0,2.6,6.1,31,-0.28
SITE125,1998,16.4,5.8,10.9,717.7,1060.0,801,15,0,63.0,2.5,6.2,5,-0.25
SITE125,1999,16.3,5.8,10.8,699.5,1060.0,800,15,0,63.0,2.4,6.3,2,-0.27
SITE125,2000,16.4,5.8,10.9,1258.0,1037.0,803,15,0,65.0,2.6,5.9,84,-0.19
SITE125,2001,16.3,5.7,10.8,537.4,1067.0,799,15,0,62.0,2.7,6.4,-22,-0.29
SITE125,2002,16.3,5.7,10.8,580.1,1064.0,798,15,0,63.0,2.4,6.4,-15,-0.31
SITE125,2003,16.3,5.7,10.8,664.3,1061.0,799,15,0,63.0,2.7,6.1,-3,-0.28
SITE125,2004,16.4,5.8,10.9,1008.9,1049.0,804,15,0,64.0,2.5,6.1,47,-0.18
SITE125,2005,16.4,5.8,10.9,815.0,1058.0,804,15,0,63.0,2.7,6.2,19,-0.18
SITE125,2006,16.5,5.9,11.0,478.9,1076.0,807,15,0,62.0,2.4,6.5,-30,-0.11
SITE125,2007,16.5,5.9,11.0,492.9,1076.0,807,15,0,62.0,2.6,6.6,-28,-0.1
SITE125,2008,16.6,6.0,11.1,869.5,1060.0,809,15,0,63.0,2.7,6.3,27,-0.05
SITE125,2009,16.6,6.0,11.1,286.9,1090.0,811,15,0,60.0,2.0,6.8,-58,0.01
SITE125,2010,16.7,6.1,11.2,724.6,1073.0,816,15,0,62.0,2.5,6.2,6,0.12
SITE125,2011,16.7,6.1,11.2,655.6,1075.0,814,15,0,62.0,2.4,6.4,-4,0.07
SITE125,2012,16.7,6.2,11.2,663.5,1077.0,816,15,0,61.0,2.7,6.4,-3,0.13
SITE125,2013,16.7,6.1,11.2,1220.9,1048.0,814,15,0,64.0,3.0,5.9,78,0.07
SITE125,2014,16.7,6.2,11.2,574.6,1080.0,816,15,0,61.0,2.3,6.3,-16,0.13
SITE125,2015,16.8,6.3,11.3,1012.2,1064.0,821,14,0,62.0,2.5,6.3,48,0.24
SITE125,2016,16.9,6.3,11.4,655.9,1082.0,822,14,0,61.0,2.1,6.4,-4,0.28
SITE125,2017,16.9,6.3,11.4,868.5,1072.0,823,14,0,62.0,2.2,6.3,27,0.28
SITE125,2018,16.9,6.4,11.4,464.6,1094.0,825,14,0,60.0,2.7,6.5,-32,0.34
SITE125,2019,16.9,6.3,11.4,558.1,1086.0,822,14,0,60.0,2.5,6.5,-19,0.26
SITE125,2020,16.9,6.3,11.4,575.4,1086.0,822,14,0,60.0,2.5,6.1,-16,0.28
SITE125,2021,16.9,6.3,11.4,789.3,1076.0,822,14,0,61.0,2.5,6.3,15,0.27
SITE125,2022,17.0,6.5,11.5,651.6,1088.0,828,14,0,60.0,2.6,6.5,-5,0.43
SITE125,2023,17.1,6.5,11.6,650.8,1091.0,831,14,0,60.0,2.6,6.7,-5,0.5
SITE125,2024,17.1,6.5,11.6,725.6,1086.0,830,14,0,60.0,2.5,6.4,6,0.48
SITE126,1991,15.8,5.2,10.3,1639.7,1034.0,722,21,0,65.0,2.6,6.3,28,-0.47
SITE126,1992,15.9,5.3,10.4,1439.6,1044.0,726,21,0,64.0,3.2,6.3,12,-0.35
SITE126,1993,16.0,5.4,10.5,1406.4,1048.0,730,21,0,63.0,2.5,6.3,9,-0.25
SITE126,1994,16.0,5.4,10.5,1252.4,1052.0,730,21,0,63.0,2.5,6.2,-3,-0.25
SITE126,1995,16.0,5.4,10.5,1510.6,1046.0,731,21,0,63.0,2.5,6.1,18,-0.23
SITE126,1996,16.2,5.5,10.6,638.2,1072.0,735,20,0,61.0,2.4,6.7,-50,-0.11
SITE126,1997,16.1,5.5,10.6,1139.2,1058.0,733,21,0,62.0,2.6,6.3,-11,-0.17
SITE126,1998,16.2,5.6,10.7,1322.4,1058.0,738,20,0,62.0,2.5,6.3,3,-0.03
SITE126,1999,16.2,5.6,10.7,1489.9,1054.0,738,20,0,63.0,2.4,6.1,16,-0.05
SITE126,2000,16.3,5.6,10.7,1057.9,1065.0,739,20,0,62.0,2.4,6.6,-18,-0.02
SITE126,2001,16.1,5.5,10.6,1291.8,1054.0,733,21,0,63.0,2.2,6.1,1,-0.16
SITE126,2002,16.2,5.6,10.7,1547.1,1052.0,737,20,0,63.0,2.5,6.1,20,-0.06
SITE126,2003,16.2,5.5,10.6,1587.8,1049.0,735,20,0,63.0,2.9,6.2,24,-0.12
SITE126,2004,16.2,5.6,10.7,1721.2,1048.0,738,20,0,63.0,2.2,6.0,34,-0.04
SITE126,2005,16.2,5.6,10.7,1739.2,1047.0,737,20,0,63.0,2.4,6.4,35,-0.06
SITE126,2006,16.1,5.5,10.6,920.0,1064.0,734,21,0,62.0,2.4,6.2,-28,-0.15
SITE126,2007,16.1,5.5,10.6,714.1,1068.0,733,21,0,61.0,2.7,6.7,-44,-0.17
SITE126,2008,16.2,5.5,10.6,918.2,1065.0,735,20,0,62.0,2.5,6.7,-29,-0.11
SITE126,2009,16.2,5.5,10.6,1346.6,1055.0,735,20,0,63.0,2.6,6.3,5,-0.11
SITE126,2010,16.2,5.6,10.7,1138.4,1063.0,738,20,0,62.0,2.2,6.6,-11,-0.04
SITE126,2011,16.2,5.6,10.7,996.1,1064.0,736,20,0,62.0,2.6,6.4,-22,-0.08
SITE126,2012,16.2,5.6,10.7,1243.0,1060.0,737,20,0,62.0,2.6,6.2,-3,-0.05
SITE126,2013,16.4,5.7,10.8,873.1,1074.0,743,20,0,61.0,1.9,6.7,-32,0.09
SITE126,2014,16.4,5.8,10.9,1126.6,1070.0,745,20,0,61.0,2.5,6.5,-12,0.15
SITE126,2015,16.4,5.8,10.9,1398.0,1062.0,744,20,0,62.0,2.6,6.2,9,0.12
SITE126,2016,16.4,5.8,10.9,1404.1,1061.0,743,20,0,62.0,2.7,6.1,9,0.1
SITE126,2017,16.4,5.8,10.9,1389.5,1062.0,743,20,0,62.0,2.5,6.4,8,0.11
SITE126,2018,16.4,5.8,10.9,1527.8,1059.0,744,20,0,62.0,2.6,6.3,19,0.14
SITE126,2019,16.4,5.8,10.9,1135.5,1070.0,745,20,0,61.0,2.6,6.3,-12,0.17
SITE126,2020,16.5,5.9,11.0,2370.1,1042.0,748,20,0,64.0,2.4,5.7,84,0.25
SITE126,2021,16.7,6.1,11.2,901.9,1086.0,755,20,0,59.0,2.5,6.7,-30,0.43
SITE126,2022,16.7,6.1,11.2,1000.8,1083.0,755,20,0,60.0,2.6,6.5,-22,0.41
SITE126,2023,16.8,6.2,11.3,960.1,1088.0,758,19,0,59.0,2.6,6.7,-25,0.52
SITE126,2024,16.8,6.2,11.3,1888.5,1066.0,760,19,0,61.0,2.4,6.1,47,0.57
SITE127,1991,19.0,4.3,11.3,1300.3,1082.0,1284,94,0,60.0,2.7,5.9,15,-0.51
SITE127,1992,19.0,4.3,11.4,1170.1,1087.0,1286,93,0,60.0,2.7,6.0,4,-0.48
SITE127,1993,19.1,4.4,11.5,1085.6,1093.0,1292,93,0,59.0,2.5,6.0,-4,-0.39
SITE127,1994,19.2,4.5,11.5,1095.7,1095.0,1296,92,0,59.0,2.6,5.9,-3,-0.33
SITE127,1995,19.2,4.5,11.5,1507.2,1084.0,1298,92,0,60.0,2.8,5.8,34,-0.3
SITE127,1996,19.1,4.4,11.5,1009.1,1097.0,1295,92,0,59.0,2.4,6.1,-11,-0.35
SITE127,1997,19.2,4.5,11.5,807.4,1103.0,1296,92,0,58.0,2.6,6.2,-28,-0.33
SITE127,1998,19.2,4.5,11.5,1122.0,1095.0,1298,92,0,59.0,2.5,5.9,-1,-0.3
SITE127,1999,19.2,4.5,11.5,1282.1,1089.0,1295,92,0,60.0,2.6,5.9,14,-0.34
SITE127,2000,19.2,4.5,11.5,1391.7,1086.0,1296,92,0,60.0,2.4,5.6,23,-0.33
SITE127,2001,19.0,4.3,11.4,864.1,1096.0,1286,93,0,59.0,2.9,6.1,-23,-0.48
SITE127,2002,19.1,4.4,11.4,1281.1,1086.0,1290,93,0,60.0,3.1,6.0,14,-0.42
SITE127,2003,19.2,4.5,11.5,929.4,1100.0,1297,92,0,59.0,3.0,6.0,-18,-0.31
SITE127,2004,19.2,4.5,11.6,1583.2,1083.0,1300,92,0,60.0,2.9,5.6,40,-0.26
SITE127,2005,19.2,4.5,11.6,894.9,1104.0,1301,92,0,58.0,2.6,5.8,-21,-0.25
SITE127,2006,19.4,4.7,11.8,1429.0,1095.0,1313,90,0,59.0,2.8,5.5,27,-0.07
SITE127,2007,19.5,4.8,11.9,1194.4,1106.0,1321,90,0,58.0,2.6,5.9,6,0.05
SITE127,2008,19.5,4.8,11.9,846.4,1116.0,1321,90,0,57.0,2.4,5.9,-25,0.05
SITE127,2009,19.6,4.9,12.0,1082.2,1112.0,1326,89,0,57.0,2.5,5.7,-4,0.13
SITE127,2010,19.6,5.0,12.0,1332.7,1106.0,1328,89,0,58.0,2.3,5.7,18,0.16
SITE127,2011,19.8,5.1,12.1,1214.2,1113.0,1335,88,0,57.0,3.1,5.7,8,0.26
SITE127,2012,19.8,5.1,12.1,798.6,1127.0,1336,88,0,56.0,2.4,6.0,-29,0.28
SITE127,2013,19.8,5.1,12.2,924.0,1125.0,1340,88,0,56.0,2.4,5.9,-18,0.34
SITE127,2014,19.8,5.1,12.2,1152.6,1118.0,1339,88,0,57.0,2.8,5.8,2,0.33
SITE127,2015,19.8,5.1,12.2,1266.3,1114.0,1339,88,0,57.0,2.8,5.9,12,0.32
SITE127,2016,19.7,5.0,12.1,1200.4,1113.0,1333,88,0,57.0,2.9,5.7,6,0.23
SITE127,2017,19.7,5.0,12.0,1189.1,1111.0,1329,89,0,57.0,2.5,5.9,5,0.18
SITE127,2018,19.6,4.9,12.0,1008.9,1115.0,1327,89,0,57.0,2.7,6.0,-11,0.15
SITE127,2019,19.7,5.0,12.1,1164.6,1113.0,1332,88,0,57.0,2.5,5.7,3,0.22
SITE127,2020,19.9,5.2,12.2,1076.2,1122.0,1343,87,0,56.0,2.9,5.6,-5,0.39
SITE127,2021,20.0,5.3,12.3,995.8,1128.0,1349,87,0,56.0,2.9,5.7,-12,0.48
SITE127,2022,20.1,5.4,12.4,678.0,1141.0,1355,86,0,55.0,2.9,5.9,-40,0.56
SITE127,2023,20.1,5.4,12.5,1037.1,1132.0,1359,85,0,55.0,2.5,5.7,-8,0.63
SITE127,2024,20.2,5.5,12.6,1511.1,1121.0,1364,85,0,56.0,3.1,5.6,34,0.71
SITE128,1991,19.0,3.7,11.0,685.9,1109.0,1300,110,0,60.0,2.8,5.8,-14,-0.72
SITE128,1992,18.9,3.6,10.9,672.7,1105.0,1292,111,0,61.0,2.5,6.0,-16,-0.84
SITE128,1993,18.8,3.5,10.9,702.3,1102.0,1290,111,0,61.0,2.5,6.2,-12,-0.87
SITE128,1994,18.8,3.5,10.9,707.6,1102.0,1290,111,0,61.0,2.9,6.0,-11,-0.87
SITE128,1995,18.9,3.6,10.9,528.1,1111.0,1293,111,0,60.0,2.7,6.2,-34,-0.83
SITE128,1996,18.9,3.6,11.0,642.7,1109.0,1298,110,0,60.0,2.8,5.9,-20,-0.76
SITE128,1997,19.1,3.8,11.2,1002.5,1101.0,1310,109,0,61.0,2.8,5.6,25,-0.58
SITE128,1998,19.2,3.9,11.3,1041.4,1103.0,1316,108,0,61.0,2.3,5.4,30,-0.48
SITE128,1999,19.3,4.0,11.3,751.3,1118.0,1321,107,0,59.0,2.7,5.9,-6,-0.41
SITE128,2000,19.4,4.1,11.4,753.2,1121.0,1327,107,0,59.0,2.7,5.7,-6,-0.32
SITE128,2001,19.4,4.1,11.4,771.6,1121.0,1327,107,0,59.0,2.8,6.0,-3,-0.32
SITE128,2002,19.4,4.1,11.5,577.9,1131.0,1332,106,0,58.0,2.5,6.1,-28,-0.25
SITE128,2003,19.6,4.3,11.6,790.6,1127.0,1340,105,0,58.0,2.8,5.9,-1,-0.13
SITE128,2004,19.6,4.3,11.6,838.5,1125.0,1340,105,0,59.0,3.0,5.7,5,-0.12
SITE128,2005,19.5,4.2,11.6,621.6,1133.0,1339,105,0,58.0,2.8,5.8,-22,-0.15
SITE128,2006,19.6,4.2,11.6,837.7,1124.0,1339,105,0,59.0,2.5,5.9,5,-0.14
SITE128,2007,19.6,4.3,11.6,755.1,1129.0,1342,105,0,58.0,2.8,6.0,-6,-0.1
SITE128,2008,19.7,4.4,11.7,834.4,1130.0,1348,104,0,58.0,2.7,5.9,4,-0.01
SITE128,2009,19.7,4.4,11.7,799.4,1132.0,1350,104,0,58.0,2.8,5.7,0,0.01
SITE128,2010,19.8,4.5,11.9,708.0,1141.0,1359,103,0,57.0,3.0,5.9,-11,0.15
SITE128,2011,19.9,4.6,11.9,642.0,1146.0,1363,102,0,57.0,2.5,5.9,-20,0.21
SITE128,2012,20.0,4.6,12.0,913.5,1137.0,1366,102,0,57.0,2.7,5.6,14,0.26
SITE128,2013,20.0,4.7,12.0,1067.0,1131.0,1368,102,0,58.0,2.9,5.7,34,0.29
SITE128,2014,20.1,4.8,12.2,848.4,1146.0,1378,100,0,56.0,2.6,5.9,6,0.43
SITE128,2015,20.2,4.9,12.3,613.1,1160.0,1385,99,0,55.0,2.3,6.0,-23,0.54
SITE128,2016,20.3,4.9,12.3,783.5,1154.0,1386,99,0,56.0,2.6,5.8,-2,0.56
SITE128,2017,20.3,5.0,12.3,708.0,1158.0,1388,99,0,55.0,2.5,6.1,-11,0.58
SITE128,2018,20.3,5.0,12.3,1044.1,1143.0,1388,99,0,57.0,2.5,5.5,31,0.58
SITE128,2019,20.4,5.1,12.4,575.2,1167.0,1395,98,0,54.0,3.0,5.9,-28,0.68
SITE128,2020,20.4,5.1,12.4,1016.7,1148.0,1394,98,0,56.0,2.3,5.6,27,0.68
SITE128,2021,20.3,5.0,12.4,610.3,1164.0,1392,99,0,55.0,2.7,5.9,-24,0.64
SITE128,2022,20.4,5.1,12.4,781.8,1158.0,1394,98,0,55.0,2.6,5.8,-2,0.68
SITE128,2023,20.4,5.1,12.5,690.4,1164.0,1398,98,0,55.0,3.1,6.1,-14,0.73
SITE128,2024,20.6,5.3,12.6,1005.5,1157.0,1409,97,0,55.0,2.3,5.9,26,0.89
SITE129,1991,18.2,2.7,10.2,1394.2,1083.0,1086,121,0,59.0,2.7,5.8,-5,-0.34
SITE129,1992,18.3,2.8,10.2,1172.4,1089.0,1088,120,0,59.0,3.0,6.1,-20,-0.3
SITE129,1993,18.2,2.7,10.2,1427.4,1082.0,1085,121,0,59.0,2.3,6.0,-3,-0.36
SITE129,1994,18.2,2.7,10.2,1303.7,1085.0,1086,121,0,59.0,3.2,6.1,-11,-0.34
SITE129,1995,18.4,2.9,10.4,1285.8,1093.0,1097,119,0,58.0,2.4,6.0,-13,-0.14
SITE129,1996,18.4,2.9,10.3,1722.4,1082.0,1095,119,0,59.0,2.7,5.7,17,-0.18
SITE129,1997,18.4,2.9,10.3,995.0,1098.0,1095,119,0,58.0,2.6,6.2,-32,-0.18
SITE129,1998,18.3,2.8,10.3,1992.4,1074.0,1092,120,0,60.0,2.8,5.7,36,-0.23
SITE129,1999,18.3,2.8,10.3,1885.2,1075.0,1090,120,0,60.0,2.7,5.7,28,-0.26
SITE129,2000,18.2,2.7,10.1,883.4,1093.0,1084,121,0,58.0,3.1,6.1,-40,-0.38
SITE129,2001,18.3,2.8,10.2,1223.7,1088.0,1088,120,0,59.0,2.4,5.9,-17,-0.31
SITE129,2002,18.4,2.9,10.3,1198.7,1093.0,1094,119,0,58.0,2.6,5.9,-18,-0.2
SITE129,2003,18.4,2.9,10.3,1745.7,1080.0,1094,119,0,59.0,2.3,5.6,19,-0.2
SITE129,2004,18.4,2.9,10.3,1861.3,1078.0,1093,119,0,60.0,2.8,5.6,27,-0.21
SITE129,2005,18.4,2.9,10.3,1089.4,1095.0,1094,119,0,58.0,3.0,6.1,-26,-0.2
SITE129,2006,18.4,2.9,10.4,1597.4,1086.0,1097,119,0,59.0,2.6,5.6,9,-0.15
SITE129,2007,18.5,3.0,10.4,1536.1,1089.0,1099,119,0,59.0,2.5,5.8,4,-0.11
SITE129,2008,18.5,3.0,10.4,1450.2,1092.0,1101,118,0,58.0,3.0,5.8,-1,-0.08
SITE129,2009,18.6,3.1,10.5,1416.6,1096.0,1105,118,0,58.0,2.7,5.6,-4,0.0
SITE129,2010,18.7,3.2,10.6,1063.0,1107.0,1110,117,0,57.0,2.7,6.0,-28,0.1
SITE129,2011,18.8,3.3,10.7,1671.7,1097.0,1115,116,0,58.0,2.5,5.8,14,0.18
SITE129,2012,18.8,3.3,10.7,1433.9,1102.0,1115,116,0,57.0,2.8,5.9,-2,0.18
SITE129,2013,18.8,3.3,10.7,1467.4,1103.0,1117,115,0,57.0,2.6,5.9,0,0.22
SITE129,2014,18.8,3.3,10.8,1425.3,1105.0,1118,115,0,57.0,2.5,5.9,-3,0.25
SITE129,2015,18.9,3.4,10.8,2107.9,1092.0,1121,115,0,58.0,3.1,5.6,43,0.3
SITE129,2016,18.8,3.3,10.7,1132.6,1109.0,1115,116,0,57.0,2.6,5.9,-23,0.18
SITE129,2017,18.8,3.3,10.7,1660.4,1099.0,1118,115,0,57.0,2.7,5.9,13,0.23
SITE129,2018,18.8,3.3,10.7,1569.6,1101.0,1117,115,0,57.0,2.4,5.7,7,0.22
SITE129,2019,18.8,3.3,10.8,1536.6,1103.0,1119,115,0,57.0,2.6,5.8,5,0.26
SITE129,2020,18.9,3.4,10.8,2079.3,1093.0,1123,114,0,58.0,2.7,5.5,41,0.33
SITE129,2021,18.9,3.4,10.8,2111.3,1092.0,1122,115,0,58.0,3.0,5.8,44,0.32
SITE129,2022,19.0,3.5,10.9,1317.6,1113.0,1127,114,0,56.0,2.6,5.7,-10,0.4
SITE129,2023,19.0,3.5,10.9,1187.7,1118.0,1129,113,0,56.0,3.0,5.9,-19,0.43
SITE129,2024,19.1,3.6,11.1,1152.3,1124.0,1136,112,0,55.0,2.7,5.8,-22,0.57
SITE130,1991,22.4,4.1,12.9,343.1,1416.0,1828,102,1,40.0,2.9,8.7,10,-0.35
SITE130,1992,22.4,4.1,12.9,216.4,1436.0,1833,102,1,38.0,3.4,8.9,-30,-0.29
SITE130,1993,22.5,4.2,13.0,345.9,1420.0,1837,101,1,39.0,2.9,8.5,11,-0.25
SITE130,1994,22.5,4.2,13.0,219.4,1440.0,1844,101,1,38.0,3.4,8.9,-29,-0.18
SITE130,1995,22.6,4.3,13.0,409.5,1415.0,1846,100,1,40.0,3.6,8.4,32,-0.16
SITE130,1996,22.6,4.3,13.1,410.7,1418.0,1852,100,1,39.0,3.3,8.5,32,-0.09
SITE130,1997,22.7,4.4,13.2,290.6,1437.0,1856,100,1,38.0,3.3,8.6,-7,-0.05
SITE130,1998,22.8,4.5,13.3,628.7,1395.0,1867,99,1,41.0,3.0,7.9,102,0.07
SITE130,1999,22.8,4.5,13.3,448.9,1419.0,1865,99,1,39.0,3.7,8.2,44,0.05
SITE130,2000,22.7,4.4,13.2,369.4,1426.0,1857,100,1,39.0,3.2,8.6,19,-0.04
SITE130,2001,22.6,4.3,13.1,260.9,1436.0,1847,100,1,38.0,3.1,8.8,-16,-0.14
SITE130,2002,22.6,4.3,13.1,231.8,1443.0,1853,100,1,38.0,3.4,8.4,-25,-0.08
SITE130,2003,22.6,4.3,13.1,369.3,1422.0,1848,100,1,39.0,3.2,8.3,19,-0.14
SITE130,2004,22.5,4.2,13.0,281.4,1432.0,1843,101,1,38.0,3.3,8.5,-10,-0.19
SITE130,2005,22.5,4.2,13.0,197.5,1441.0,1838,101,1,38.0,2.8,8.9,-37,-0.24
SITE130,2006,22.4,4.1,12.9,302.1,1424.0,1833,102,1,39.0,2.9,8.5,-3,-0.3
SITE130,2007,22.4,4.1,12.9,297.7,1424.0,1833,102,1,39.0,3.3,9.0,-4,-0.29
SITE130,2008,22.5,4.2,12.9,208.9,1438.0,1837,101,1,38.0,3.3,8.9,-33,-0.26
SITE130,2009,22.5,4.2,13.0,339.1,1422.0,1841,101,1,39.0,3.0,8.5,9,-0.21
SITE130,2010,22.6,4.3,13.1,354.0,1425.0,1851,100,1,39.0,3.1,8.4,14,-0.1
SITE130,2011,22.7,4.4,13.1,336.4,1430.0,1855,100,1,38.0,3.0,8.3,8,-0.06
SITE130,2012,22.7,4.4,13.2,453.9,1414.0,1855,100,1,40.0,3.3,8.2,46,-0.05
SITE130,2013,22.7,4.4,13.2,263.9,1443.0,1862,99,1,37.0,3.0,8.5,-15,0.01
SITE130,2014,22.7,4.4,13.1,262.0,1440.0,1855,100,1,38.0,3.4,8.5,-16,-0.06
SITE130,2015,22.8,4.5,13.2,471.5,1415.0,1863,99,1,39.0,3.0,8.2,52,0.03
SITE130,2016,22.8,4.5,13.3,334.7,1438.0,1871,98,2,38.0,3.3,8.6,8,0.11
SITE130,2017,22.9,4.6,13.4,565.9,1410.0,1879,98,2,40.0,3.5,7.9,82,0.2
SITE130,2018,22.9,4.6,13.4,415.2,1430.0,1877,98,2,38.0,3.0,8.4,34,0.18
SITE130,2019,23.0,4.7,13.5,260.7,1458.0,1890,97,2,36.0,2.9,8.3,-16,0.32
SITE130,2020,23.1,4.8,13.6,334.3,1450.0,1896,96,2,37.0,3.4,8.4,7,0.38
SITE130,2021,23.2,4.9,13.7,347.1,1456.0,1910,95,2,36.0,2.8,8.2,12,0.53
SITE130,2022,23.2,4.9,13.7,200.6,1474.0,1906,95,2,35.0,3.1,8.8,-35,0.49
SITE130,2023,23.2,4.9,13.7,271.0,1466.0,1910,95,2,36.0,3.1,8.6,-13,0.53
SITE130,2024,23.3,5.0,13.8,252.2,1473.0,1919,94,2,35.0,3.6,8.8,-19,0.62
SITE131,1991,21.5,2.9,11.8,85.3,1411.0,1689,119,0,38.0,3.3,9.0,-61,-0.52
SITE131,1992,21.5,2.9,11.8,299.6,1370.0,1689,119,0,41.0,2.8,8.5,37,-0.53
SITE131,1993,21.5,2.9,11.8,230.7,1383.0,1689,119,0,40.0,3.1,8.1,5,-0.52
SITE131,1994,21.5,2.9,11.8,230.6,1384.0,1691,119,0,40.0,3.1,8.6,5,-0.5
SITE131,1995,21.6,2.9,11.9,217.2,1389.0,1695,119,0,40.0,3.6,8.4,-1,-0.45
SITE131,1996,21.5,2.9,11.8,191.9,1392.0,1692,119,0,40.0,3.2,8.8,-12,-0.49
SITE131,1997,21.5,2.9,11.8,213.2,1388.0,1691,119,0,40.0,3.3,8.6,-3,-0.5
SITE131,1998,21.6,3.0,12.0,367.8,1364.0,1701,118,0,42.0,3.4,8.2,68,-0.38
SITE131,1999,21.5,2.9,11.8,213.6,1387.0,1691,119,0,40.0,3.2,8.5,-2,-0.51
SITE131,2000,21.6,3.0,11.9,158.6,1402.0,1698,118,0,39.0,2.6,8.6,-28,-0.42
SITE131,2001,21.7,3.0,12.0,210.5,1394.0,1702,118,0,39.0,3.0,8.5,-4,-0.37
SITE131,2002,21.6,3.0,11.9,165.6,1401.0,1698,118,0,39.0,3.1,8.8,-24,-0.42
SITE131,2003,21.8,3.1,12.1,203.1,1401.0,1711,117,0,39.0,3.7,8.6,-7,-0.26
SITE131,2004,21.8,3.1,12.1,214.8,1398.0,1711,117,0,39.0,2.8,8.3,-2,-0.27
SITE131,2005,21.9,3.3,12.2,242.9,1399.0,1723,116,0,39.0,3.1,8.4,11,-0.13
SITE131,2006,21.9,3.2,12.2,344.3,1379.0,1722,116,0,40.0,3.1,8.2,57,-0.15
SITE131,2007,22.0,3.4,12.3,200.2,1413.0,1734,115,0,38.0,3.2,8.7,-9,-0.0
SITE131,2008,22.1,3.5,12.4,264.2,1405.0,1741,114,0,38.0,2.9,8.1,21,0.08
SITE131,2009,22.2,3.5,12.5,178.2,1425.0,1748,113,0,37.0,3.3,8.6,-19,0.15
SITE131,2010,22.2,3.6,12.5,196.5,1422.0,1749,113,0,37.0,3.5,8.6,-10,0.17
SITE131,2011,22.4,3.7,12.7,295.2,1412.0,1765,111,0,38.0,2.8,8.5,35,0.35
SITE131,2012,22.4,3.7,12.7,298.9,1411.0,1764,111,0,38.0,3.4,8.2,36,0.35
SITE131,2013,22.4,3.8,12.7,154.0,1441.0,1768,111,0,36.0,3.0,8.7,-30,0.39
SITE131,2014,22.3,3.6,12.6,265.9,1413.0,1757,112,0,38.0,3.2,8.6,21,0.26
SITE131,2015,22.3,3.7,12.7,211.5,1426.0,1762,112,0,37.0,3.2,8.7,-3,0.32
SITE131,2016,22.4,3.7,12.7,412.7,1388.0,1763,112,0,39.0,3.1,8.2,88,0.33
SITE131,2017,22.4,3.7,12.7,218.3,1427.0,1765,111,0,37.0,3.6,8.7,0,0.35
SITE131,2018,22.4,3.7,12.7,110.5,1447.0,1764,112,0,35.0,3.2,8.7,-50,0.34
SITE131,2019,22.4,3.8,12.7,260.7,1419.0,1767,111,0,37.0,3.1,8.3,19,0.38
SITE131,2020,22.5,3.9,12.8,210.7,1434.0,1775,110,0,36.0,3.1,8.4,-4,0.47
SITE131,2021,22.6,3.9,12.9,231.3,1433.0,1781,110,0,36.0,3.5,8.3,6,0.53
SITE131,2022,22.6,4.0,12.9,208.1,1439.0,1785,109,0,36.0,3.3,8.4,-5,0.58
SITE131,2023,22.7,4.0,13.0,196.6,1445.0,1791,109,0,35.0,2.9,8.6,-10,0.65
SITE131,2024,22.8,4.1,13.1,265.9,1435.0,1797,108,0,36.0,3.6,8.4,21,0.72
SITE132,1991,22.0,3.3,12.3,208.2,1434.0,1731,115,0,37.0,3.4,8.9,-49,-0.04
SITE132,1992,22.0,3.4,12.3,327.4,1424.0,1735,115,0,37.0,3.5,8.4,-21,0.01
SITE132,1993,22.0,3.3,12.3,192.6,1435.0,1730,115,0,37.0,2.7,8.7,-53,-0.05
SITE132,1994,21.9,3.3,12.2,391.9,1413.0,1727,115,0,38.0,3.5,8.4,-5,-0.09
SITE132,1995,21.8,3.2,12.1,258.6,1422.0,1718,116,0,38.0,3.2,8.9,-37,-0.19
SITE132,1996,21.8,3.2,12.1,406.1,1406.0,1717,116,0,39.0,3.3,8.8,-1,-0.2
SITE132,1997,21.9,3.2,12.2,574.5,1391.0,1721,116,0,40.0,3.5,8.3,39,-0.15
SITE132,1998,21.8,3.2,12.2,663.0,1381.0,1719,116,0,41.0,3.2,8.2,61,-0.18
SITE132,1999,21.9,3.2,12.2,383.0,1410.0,1719,116,0,38.0,3.4,8.7,-7,-0.18
SITE132,2000,21.8,3.2,12.1,137.0,1432.0,1715,117,0,37.0,3.4,9.0,-67,-0.23
SITE132,2001,21.9,3.2,12.2,566.0,1392.0,1721,116,0,40.0,3.4,8.4,37,-0.16
SITE132,2002,21.8,3.2,12.1,415.0,1406.0,1718,116,0,39.0,3.1,8.6,1,-0.19
SITE132,2003,21.8,3.2,12.1,315.2,1415.0,1715,117,0,38.0,3.5,8.6,-23,-0.22
SITE132,2004,21.8,3.2,12.1,158.9,1431.0,1717,117,0,37.0,3.4,9.0,-61,-0.21
SITE132,2005,21.8,3.2,12.1,426.6,1403.0,1714,117,0,39.0,3.1,8.5,4,-0.23
SITE132,2006,21.9,3.2,12.2,307.7,1419.0,1722,116,0,38.0,3.2,8.7,-25,-0.14
SITE132,2007,22.1,3.4,12.4,613.7,1396.0,1738,114,0,39.0,3.2,8.3,49,0.04
SITE132,2008,22.1,3.4,12.4,356.5,1422.0,1737,114,0,37.0,3.2,8.7,-13,0.03
SITE132,2009,22.0,3.3,12.3,417.7,1411.0,1728,115,0,38.0,3.3,8.5,1,-0.08
SITE132,2010,22.0,3.3,12.3,244.8,1429.0,1729,115,0,37.0,3.3,9.1,-41,-0.07
SITE132,2011,22.0,3.4,12.3,208.3,1436.0,1734,115,0,37.0,2.9,8.6,-49,-0.01
SITE132,2012,22.0,3.4,12.4,250.3,1432.0,1736,115,0,37.0,3.3,8.7,-39,0.02
SITE132,2013,22.0,3.4,12.3,432.0,1413.0,1734,115,0,38.0,3.4,8.4,5,-0.0
SITE132,2014,22.0,3.4,12.3,383.8,1418.0,1735,115,0,38.0,2.9,8.7,-7,0.01
SITE132,2015,22.1,3.5,12.4,285.4,1432.0,1742,114,0,37.0,3.1,8.7,-31,0.08
SITE132,2016,22.2,3.5,12.5,348.3,1429.0,1748,113,0,37.0,3.2,8.7,-15,0.15
SITE132,2017,22.2,3.6,12.5,328.0,1433.0,1751,113,0,37.0,3.4,8.5,-20,0.19
SITE132,2018,22.2,3.5,12.5,511.9,1412.0,1748,113,0,38.0,2.9,8.5,24,0.16
SITE132,2019,22.3,3.6,12.6,424.5,1425.0,1755,112,0,37.0,3.3,8.4,3,0.24
SITE132,2020,22.2,3.5,12.5,407.6,1422.0,1747,113,0,37.0,3.1,8.6,-1,0.15
SITE132,2021,22.3,3.6,12.6,265.7,1441.0,1754,113,0,36.0,3.4,8.8,-36,0.22
SITE132,2022,22.4,3.7,12.7,513.5,1421.0,1764,111,0,37.0,3.4,8.5,25,0.35
SITE132,2023,22.5,3.8,12.8,641.4,1412.0,1773,111,0,38.0,2.9,8.2,56,0.45
SITE132,2024,22.5,3.9,12.8,404.9,1439.0,1778,110,0,36.0,3.1,8.5,-2,0.5
SITE133,1991,30.7,17.1,23.6,427.3,1634.0,5064,0,60,65.0,2.3,6.4,-35,-0.91
SITE133,1992,30.6,17.0,23.5,788.4,1605.0,5047,0,59,66.0,2.5,6.5,20,-0.97
SITE133,1993,30.8,17.2,23.7,453.1,1636.0,5089,0,60,64.0,3.0,6.6,-31,-0.81
SITE133,1994,30.8,17.2,23.8,587.1,1629.0,5108,0,61,65.0,2.5,6.7,-10,-0.74
SITE133,1995,30.8,17.2,23.7,430.2,1640.0,5105,0,61,64.0,2.6,6.7,-34,-0.75
SITE133,1996,30.8,17.2,23.8,608.7,1628.0,5111,0,61,65.0,2.5,6.6,-7,-0.73
SITE133,1997,31.0,17.3,23.9,656.0,1628.0,5139,0,62,65.0,2.2,6.2,0,-0.63
SITE133,1998,31.0,17.4,23.9,832.5,1617.0,5149,0,62,65.0,2.5,6.2,27,-0.59
SITE133,1999,31.0,17.4,24.0,897.3,1614.0,5162,0,62,65.0,2.6,6.2,37,-0.54
SITE133,2000,31.1,17.5,24.1,482.9,1649.0,5191,0,63,63.0,2.3,6.4,-26,-0.43
SITE133,2001,31.2,17.6,24.1,927.3,1618.0,5210,0,63,65.0,2.4,6.2,42,-0.36
SITE133,2002,31.4,17.7,24.3,699.6,1641.0,5246,0,64,63.0,2.6,6.1,7,-0.22
SITE133,2003,31.4,17.8,24.3,708.6,1641.0,5253,0,64,63.0,2.3,6.4,8,-0.19
SITE133,2004,31.4,17.8,24.3,593.1,1650.0,5253,0,64,62.0,2.3,6.3,-9,-0.19
SITE133,2005,31.5,17.9,24.4,582.9,1655.0,5286,0,65,62.0,2.2,6.6,-11,-0.07
SITE133,2006,31.6,17.9,24.5,740.3,1645.0,5299,0,66,62.0,2.2,6.3,13,-0.02
SITE133,2007,31.6,18.0,24.6,686.9,1652.0,5318,0,66,62.0,2.6,6.1,5,0.05
SITE133,2008,31.7,18.1,24.6,781.3,1649.0,5344,0,67,62.0,2.7,6.2,19,0.15
SITE133,2009,31.8,18.2,24.7,747.7,1653.0,5354,0,67,62.0,2.3,6.4,14,0.19
SITE133,2010,31.8,18.2,24.7,576.1,1667.0,5363,0,67,61.0,2.6,6.4,-12,0.22
SITE133,2011,31.8,18.2,24.8,351.7,1686.0,5375,0,67,60.0,2.5,6.7,-46,0.27
SITE133,2012,31.8,18.2,24.7,692.1,1659.0,5364,0,67,61.0,2.4,6.4,6,0.23
SITE133,2013,31.8,18.2,24.8,681.3,1661.0,5371,0,67,61.0,2.6,6.2,4,0.25
SITE133,2014,31.8,18.2,24.7,782.9,1651.0,5360,0,67,62.0,2.6,6.3,20,0.21
SITE133,2015,31.8,18.2,24.8,986.1,1637.0,5371,0,67,63.0,2.5,6.0,51,0.25
SITE133,2016,32.0,18.4,24.9,697.9,1665.0,5410,0,68,61.0,2.7,6.1,7,0.4
SITE133,2017,32.0,18.4,24.9,629.4,1672.0,5420,0,68,60.0,2.9,6.5,-4,0.43
SITE133,2018,32.1,18.5,25.1,491.5,1687.0,5451,0,69,59.0,2.4,6.6,-25,0.55
SITE133,2019,32.3,18.7,25.2,496.9,1693.0,5494,0,70,58.0,2.4,6.8,-24,0.71
SITE133,2020,32.4,18.8,25.3,480.3,1697.0,5512,0,71,58.0,2.9,6.6,-27,0.78
SITE133,2021,32.4,18.8,25.3,671.6,1682.0,5514,0,71,59.0,2.4,6.3,3,0.79
SITE133,2022,32.4,18.8,25.3,769.9,1675.0,5517,0,71,59.0,2.3,6.4,18,0.8
SITE133,2023,32.4,18.8,25.4,525.7,1696.0,5531,0,71,58.0,2.4,6.0,-20,0.86
SITE133,2024,32.6,19.0,25.5,840.7,1678.0,5573,0,72,59.0,2.6,6.2,28,1.01
SITE134,1991,29.9,15.4,22.4,366.8,1630.0,4611,0,54,64.0,2.8,6.4,-17,-0.71
SITE134,1992,29.8,15.4,22.3,321.1,1633.0,4596,0,54,64.0,2.3,6.4,-27,-0.78
SITE134,1993,29.9,15.5,22.4,567.6,1609.0,4619,0,54,66.0,2.6,6.1,29,-0.68
SITE134,1994,30.0,15.5,22.5,704.8,1597.0,4638,0,55,66.0,2.6,5.9,60,-0.6
SITE134,1995,30.0,15.5,22.4,385.7,1632.0,4634,0,54,64.0,2.6,6.5,-13,-0.62
SITE134,1996,29.9,15.5,22.4,377.9,1631.0,4624,0,54,64.0,2.6,6.6,-14,-0.66
SITE134,1997,30.0,15.5,22.4,500.4,1619.0,4635,0,54,65.0,2.5,6.1,13,-0.62
SITE134,1998,29.9,15.5,22.4,407.1,1629.0,4633,0,54,64.0,2.7,6.7,-8,-0.62
SITE134,1999,29.9,15.5,22.4,478.9,1621.0,4627,0,54,65.0,2.5,6.4,9,-0.65
SITE134,2000,29.8,15.4,22.3,378.7,1628.0,4604,0,54,65.0,2.5,6.8,-14,-0.74
SITE134,2001,30.0,15.6,22.5,748.9,1594.0,4647,0,55,66.0,2.5,5.5,70,-0.56
SITE134,2002,30.2,15.8,22.7,613.4,1616.0,4691,0,56,65.0,2.6,6.0,39,-0.38
SITE134,2003,30.3,15.9,22.8,488.1,1634.0,4713,0,56,63.0,2.2,6.5,11,-0.29
SITE134,2004,30.3,15.9,22.8,363.9,1649.0,4719,0,57,63.0,2.4,6.3,-17,-0.26
SITE134,2005,30.3,15.8,22.8,441.4,1639.0,4713,0,56,63.0,2.6,6.4,0,-0.29
SITE134,2006,30.4,16.0,22.9,391.3,1650.0,4745,0,57,62.0,2.5,6.6,-11,-0.16
SITE134,2007,30.5,16.1,23.0,568.8,1633.0,4764,0,58,63.0,2.4,5.8,29,-0.08
SITE134,2008,30.4,16.0,22.9,595.7,1629.0,4753,0,57,64.0,2.6,6.2,35,-0.12
SITE134,2009,30.6,16.1,23.0,315.8,1664.0,4777,0,58,61.0,2.7,6.5,-28,-0.02
SITE134,2010,30.6,16.2,23.1,295.4,1670.0,4798,0,58,61.0,2.4,6.4,-33,0.07
SITE134,2011,30.6,16.2,23.1,318.8,1667.0,4794,0,58,61.0,2.7,6.6,-28,0.05
SITE134,2012,30.7,16.3,23.2,415.8,1659.0,4812,0,59,61.0,2.3,6.1,-6,0.13
SITE134,2013,30.8,16.4,23.3,437.9,1662.0,4847,0,60,61.0,2.5,6.5,-1,0.27
SITE134,2014,31.0,16.6,23.5,370.1,1676.0,4886,0,61,60.0,2.4,6.3,-16,0.44
SITE134,2015,31.1,16.6,23.6,392.3,1676.0,4899,0,61,60.0,2.4,6.3,-11,0.49
SITE134,2016,31.2,16.8,23.7,449.0,1676.0,4934,0,62,60.0,2.6,6.4,2,0.63
SITE134,2017,31.2,16.8,23.7,342.0,1688.0,4938,0,62,59.0,2.7,6.2,-22,0.65
SITE134,2018,31.3,16.9,23.8,609.9,1660.0,4953,0,62,60.0,2.4,6.1,38,0.72
SITE134,2019,31.4,17.0,23.9,420.6,1687.0,4980,0,63,59.0,2.5,6.3,-5,0.83
SITE134,2020,31.4,17.0,23.9,356.2,1695.0,4985,0,63,58.0,2.5,6.4,-19,0.85
SITE134,2021,31.4,17.0,23.9,419.8,1687.0,4979,0,63,59.0,2.4,6.2,-5,0.82
SITE134,2022,31.4,17.0,23.9,272.7,1703.0,4977,0,63,58.0,2.9,6.7,-38,0.82
SITE134,2023,31.6,17.1,24.1,559.7,1678.0,5021,0,64,59.0,2.2,6.2,27,1.0
SITE134,2024,31.6,17.2,24.1,326.5,1707.0,5037,0,64,57.0,2.8,6.3,-26,1.07
SITE135,1991,30.5,16.2,23.0,693.2,1651.0,4895,0,65,66.0,2.2,6.6,-19,-1.2
SITE135,1992,30.6,16.3,23.1,1013.7,1637.0,4924,0,65,67.0,3.0,6.2,18,-1.09
SITE135,1993,30.7,16.4,23.2,1206.1,1629.0,4945,0,66,67.0,2.3,6.2,41,-1.0
SITE135,1994,30.8,16.5,23.3,586.3,1669.0,4974,0,67,65.0,2.4,6.6,-32,-0.89
SITE135,1995,30.8,16.5,23.4,555.1,1673.0,4986,0,67,64.0,2.9,6.6,-35,-0.85
SITE135,1996,30.9,16.6,23.4,1130.0,1641.0,4998,0,67,66.0,2.6,6.3,32,-0.8
SITE135,1997,30.9,16.6,23.5,1164.7,1641.0,5009,0,68,66.0,2.2,5.9,36,-0.76
SITE135,1998,30.9,16.6,23.5,657.8,1672.0,5017,0,68,64.0,2.6,6.6,-23,-0.73
SITE135,1999,31.0,16.7,23.6,851.2,1664.0,5036,0,69,65.0,2.4,6.3,-1,-0.65
SITE135,2000,31.0,16.7,23.6,899.4,1662.0,5043,0,69,65.0,2.8,6.3,5,-0.63
SITE135,2001,30.9,16.7,23.5,886.7,1659.0,5022,0,68,65.0,2.9,6.2,3,-0.71
SITE135,2002,31.2,16.9,23.8,1209.6,1652.0,5095,0,70,65.0,3.1,6.5,41,-0.43
SITE135,2003,31.2,16.9,23.8,1344.7,1643.0,5088,0,70,66.0,2.3,6.1,57,-0.46
SITE135,2004,31.3,17.0,23.9,834.0,1676.0,5113,0,71,63.0,2.5,6.3,-3,-0.36
SITE135,2005,31.4,17.1,24.0,1468.8,1644.0,5142,0,72,65.0,2.7,5.6,71,-0.25
SITE135,2006,31.6,17.3,24.1,867.6,1685.0,5184,0,73,62.0,2.4,6.1,1,-0.09
SITE135,2007,31.7,17.4,24.3,1533.6,1652.0,5225,0,74,64.0,2.3,5.8,79,0.07
SITE135,2008,31.9,17.6,24.5,1105.1,1684.0,5265,0,75,62.0,2.1,6.3,29,0.22
SITE135,2009,32.1,17.8,24.6,711.0,1715.0,5313,0,76,60.0,2.7,6.5,-17,0.41
SITE135,2010,32.1,17.8,24.7,1196.6,1687.0,5319,0,77,61.0,2.6,6.3,39,0.43
SITE135,2011,32.2,17.9,24.7,911.4,1706.0,5335,0,77,60.0,2.7,6.3,6,0.49
SITE135,2012,32.2,17.9,24.7,562.7,1727.0,5336,0,77,59.0,2.4,6.8,-34,0.49
SITE135,2013,32.2,17.9,24.8,650.7,1724.0,5349,0,77,59.0,2.2,6.4,-24,0.55
SITE135,2014,32.2,17.9,24.8,1337.5,1684.0,5357,0,78,61.0,2.5,6.0,56,0.58
SITE135,2015,32.3,18.0,24.9,419.4,1743.0,5382,0,78,58.0,2.6,6.4,-51,0.67
SITE135,2016,32.3,18.1,24.9,670.0,1728.0,5384,0,78,59.0,2.4,6.5,-22,0.68
SITE135,2017,32.3,18.1,24.9,527.6,1737.0,5384,0,78,58.0,2.7,6.8,-39,0.68
SITE135,2018,32.4,18.1,25.0,615.4,1734.0,5399,0,79,58.0,2.3,6.5,-28,0.74
SITE135,2019,32.3,18.1,24.9,399.6,1744.0,5384,0,78,58.0,2.4,6.7,-53,0.68
SITE135,2020,32.4,18.2,25.0,1104.4,1706.0,5411,0,79,60.0,2.2,6.4,29,0.78
SITE135,2021,32.5,18.2,25.0,927.2,1717.0,5414,0,79,59.0,2.7,6.4,8,0.8
SITE135,2022,32.4,18.1,25.0,677.4,1732.0,5409,0,79,58.0,3.1,6.4,-21,0.78
SITE135,2023,32.5,18.2,25.1,1242.6,1700.0,5426,0,80,60.0,2.6,6.0,45,0.84
SITE135,2024,32.7,18.4,25.2,974.9,1723.0,5470,0,81,58.0,2.5,6.1,14,1.01
SITE136,1991,25.6,7.0,16.0,90.3,1563.0,2650,69,34,38.0,3.4,9.0,-47,-0.27
SITE136,1992,25.7,7.0,16.0,207.9,1532.0,2652,69,34,40.0,3.0,8.7,22,-0.25
SITE136,1993,25.7,7.0,16.0,191.7,1537.0,2654,69,34,39.0,3.6,8.4,13,-0.24
SITE136,1994,25.7,7.1,16.0,229.3,1527.0,2656,69,34,40.0,3.3,8.5,35,-0.22
SITE136,1995,25.7,7.0,16.0,155.1,1546.0,2651,69,34,39.0,2.9,8.6,-9,-0.26
SITE136,1996,25.6,7.0,15.9,155.4,1544.0,2647,70,34,39.0,2.8,8.5,-9,-0.29
SITE136,1997,25.6,6.9,15.9,178.4,1536.0,2641,70,34,39.0,3.5,8.7,5,-0.34
SITE136,1998,25.6,7.0,15.9,226.9,1525.0,2648,69,34,40.0,3.4,8.4,33,-0.29
SITE136,1999,25.7,7.1,16.0,186.6,1539.0,2656,69,34,39.0,3.0,8.8,10,-0.23
SITE136,2000,25.8,7.1,16.1,267.7,1520.0,2665,69,35,40.0,3.0,8.2,57,-0.16
SITE136,2001,25.7,7.1,16.0,197.9,1535.0,2656,69,34,39.0,3.4,8.5,16,-0.23
SITE136,2002,25.6,7.0,16.0,149.9,1546.0,2650,69,34,39.0,3.1,8.8,-12,-0.27
SITE136,2003,25.6,7.0,15.9,89.9,1562.0,2649,69,34,38.0,3.6,8.7,-47,-0.28
SITE136,2004,25.6,6.9,15.9,279.4,1509.0,2642,70,34,41.0,3.0,8.1,64,-0.33
SITE136,2005,25.8,7.1,16.1,112.6,1563.0,2667,69,35,38.0,3.4,8.9,-34,-0.14
SITE136,2006,25.8,7.1,16.1,117.6,1560.0,2664,69,35,38.0,2.7,8.7,-31,-0.16
SITE136,2007,25.7,7.0,16.0,345.9,1495.0,2655,69,34,42.0,3.2,7.9,103,-0.23
SITE136,2008,25.8,7.2,16.1,187.2,1543.0,2670,69,35,39.0,3.2,8.4,10,-0.12
SITE136,2009,25.9,7.3,16.2,140.8,1560.0,2684,68,35,38.0,3.1,8.5,-17,-0.02
SITE136,2010,26.0,7.3,16.3,231.0,1538.0,2691,68,35,39.0,3.0,8.6,36,0.04
SITE136,2011,26.0,7.4,16.3,67.5,1586.0,2699,67,35,36.0,3.2,9.1,-60,0.09
SITE136,2012,26.1,7.4,16.4,157.4,1564.0,2706,67,36,37.0,3.2,8.6,-7,0.15
SITE136,2013,26.0,7.4,16.4,177.1,1557.0,2703,67,36,38.0,3.2,8.5,4,0.13
SITE136,2014,26.1,7.4,16.4,112.5,1577.0,2708,67,36,36.0,2.9,9.0,-34,0.16
SITE136,2015,26.1,7.4,16.4,153.2,1565.0,2708,67,36,37.0,2.9,8.6,-10,0.16
SITE136,2016,26.0,7.4,16.3,73.2,1585.0,2701,67,35,36.0,3.1,8.8,-57,0.11
SITE136,2017,26.1,7.4,16.4,189.5,1555.0,2708,67,36,38.0,2.7,8.6,11,0.16
SITE136,2018,26.2,7.5,16.5,106.3,1582.0,2720,67,36,36.0,3.3,8.6,-37,0.25
SITE136,2019,26.4,7.7,16.7,110.8,1590.0,2746,65,37,35.0,3.1,8.5,-35,0.44
SITE136,2020,26.5,7.9,16.8,199.3,1571.0,2764,65,37,36.0,3.6,8.3,17,0.57
SITE136,2021,26.4,7.8,16.7,182.6,1574.0,2757,65,37,36.0,2.8,8.2,7,0.52
SITE136,2022,26.4,7.8,16.7,263.0,1550.0,2752,65,37,38.0,3.7,8.1,55,0.49
SITE136,2023,26.4,7.8,16.7,59.5,1608.0,2757,65,37,34.0,3.1,8.8,-65,0.52
SITE136,2024,26.5,7.8,16.8,172.7,1577.0,2759,65,37,36.0,3.1,8.7,2,0.54
SITE137,1991,25.0,6.3,15.3,96.4,1521.0,2563,85,34,40.0,3.3,8.7,-18,-0.6
SITE137,1992,24.9,6.2,15.2,80.6,1524.0,2555,85,34,40.0,2.8,9.0,-32,-0.66
SITE137,1993,24.9,6.3,15.2,89.9,1521.0,2557,85,34,40.0,3.5,8.7,-24,-0.64
SITE137,1994,24.9,6.3,15.2,146.4,1500.0,2558,85,34,41.0,3.3,8.5,24,-0.64
SITE137,1995,25.0,6.4,15.3,146.3,1505.0,2573,84,34,41.0,2.7,8.3,24,-0.52
SITE137,1996,25.1,6.5,15.4,81.1,1534.0,2583,84,35,39.0,3.5,8.9,-31,-0.44
SITE137,1997,25.1,6.5,15.4,155.1,1505.0,2585,84,35,41.0,3.3,8.7,31,-0.43
SITE137,1998,25.2,6.5,15.5,117.5,1523.0,2594,83,35,39.0,3.4,8.8,0,-0.36
SITE137,1999,25.3,6.6,15.6,110.7,1530.0,2606,83,35,39.0,3.5,8.6,-6,-0.27
SITE137,2000,25.4,6.7,15.7,133.0,1526.0,2621,82,36,39.0,3.0,8.6,13,-0.16
SITE137,2001,25.3,6.7,15.6,84.4,1542.0,2611,82,35,38.0,3.0,8.6,-28,-0.23
SITE137,2002,25.3,6.7,15.6,186.8,1502.0,2612,82,35,41.0,3.8,8.2,58,-0.23
SITE137,2003,25.3,6.6,15.6,224.7,1485.0,2605,83,35,42.0,3.5,8.1,90,-0.28
SITE137,2004,25.4,6.7,15.7,119.7,1531.0,2620,82,36,39.0,3.3,8.3,1,-0.17
SITE137,2005,25.3,6.7,15.6,70.5,1549.0,2614,82,35,38.0,3.8,8.7,-40,-0.21
SITE137,2006,25.5,6.8,15.8,77.1,1553.0,2633,81,36,37.0,3.3,8.3,-35,-0.07
SITE137,2007,25.4,6.8,15.7,116.5,1533.0,2622,82,36,39.0,2.9,8.5,-1,-0.15
SITE137,2008,25.5,6.9,15.8,73.6,1555.0,2636,81,36,37.0,3.3,9.0,-38,-0.05
SITE137,2009,25.5,6.8,15.8,124.7,1534.0,2632,81,36,38.0,3.6,8.6,6,-0.08
SITE137,2010,25.5,6.8,15.8,122.5,1534.0,2631,82,36,38.0,3.2,8.5,4,-0.08
SITE137,2011,25.5,6.9,15.8,93.6,1548.0,2638,81,36,37.0,3.2,8.4,-21,-0.03
SITE137,2012,25.5,6.9,15.8,46.9,1566.0,2639,81,36,36.0,3.6,8.9,-60,-0.03
SITE137,2013,25.6,7.0,16.0,142.3,1535.0,2655,80,36,38.0,3.4,8.2,21,0.1
SITE137,2014,25.7,7.1,16.0,102.2,1552.0,2661,80,37,37.0,3.2,8.4,-13,0.14
SITE137,2015,25.8,7.2,16.1,84.4,1565.0,2676,79,37,36.0,3.2,8.8,-28,0.26
SITE137,2016,25.9,7.3,16.2,99.2,1564.0,2690,79,37,36.0,2.9,8.5,-16,0.36
SITE137,2017,25.9,7.3,16.3,109.6,1561.0,2694,78,38,36.0,3.2,8.7,-7,0.4
SITE137,2018,26.0,7.3,16.3,110.2,1563.0,2700,78,38,36.0,3.2,8.6,-7,0.44
SITE137,2019,26.0,7.4,16.3,103.2,1567.0,2706,78,38,36.0,2.8,8.7,-13,0.48
SITE137,2020,26.2,7.6,16.5,138.8,1561.0,2728,77,38,36.0,3.4,8.7,18,0.65
SITE137,2021,26.2,7.6,16.5,107.4,1575.0,2732,77,39,35.0,3.2,8.6,-9,0.68
SITE137,2022,26.3,7.7,16.6,102.5,1582.0,2746,76,39,34.0,3.0,9.0,-13,0.79
SITE137,2023,26.5,7.9,16.8,132.2,1579.0,2771,75,40,34.0,3.0,8.4,12,0.98
SITE137,2024,26.6,8.0,16.9,155.6,1573.0,2782,74,40,35.0,3.2,8.3,32,1.06
SITE138,1991,23.3,4.6,13.6,182.5,1453.0,2254,109,22,41.0,2.9,8.5,-22,-0.86
SITE138,1992,23.3,4.7,13.6,294.6,1434.0,2258,109,22,42.0,3.2,8.6,25,-0.83
SITE138,1993,23.3,4.7,13.6,256.8,1443.0,2262,109,22,41.0,3.3,8.4,9,-0.79
SITE138,1994,23.4,4.7,13.7,517.6,1396.0,2265,109,22,45.0,3.3,7.8,120,-0.77
SITE138,1995,23.5,4.8,13.8,202.7,1458.0,2276,108,23,40.0,3.3,8.5,-14,-0.68
SITE138,1996,23.5,4.8,13.8,222.8,1454.0,2276,108,23,41.0,3.0,8.7,-5,-0.67
SITE138,1997,23.6,5.0,13.9,194.0,1467.0,2294,107,23,40.0,3.0,8.6,-17,-0.52
SITE138,1998,23.7,5.0,14.0,196.1,1469.0,2300,106,23,39.0,3.2,8.8,-17,-0.47
SITE138,1999,23.7,5.1,14.0,372.0,1440.0,2310,105,23,41.0,3.3,8.3,58,-0.39
SITE138,2000,23.8,5.2,14.1,143.2,1486.0,2319,105,24,38.0,3.2,8.9,-39,-0.31
SITE138,2001,23.9,5.3,14.2,172.6,1485.0,2330,104,24,38.0,3.3,8.8,-27,-0.21
SITE138,2002,23.9,5.2,14.2,284.5,1461.0,2323,105,24,40.0,3.9,8.4,21,-0.28
SITE138,2003,23.8,5.1,14.1,233.9,1467.0,2314,105,23,39.0,3.2,8.5,0,-0.35
SITE138,2004,23.8,5.2,14.1,153.6,1485.0,2321,105,24,38.0,4.2,8.8,-35,-0.3
SITE138,2005,23.9,5.3,14.2,349.7,1452.0,2331,104,24,40.0,3.2,8.2,49,-0.2
SITE138,2006,23.9,5.3,14.2,181.4,1484.0,2333,104,24,38.0,2.8,8.8,-23,-0.19
SITE138,2007,24.0,5.4,14.3,189.3,1488.0,2345,103,24,38.0,3.6,8.6,-19,-0.09
SITE138,2008,24.0,5.4,14.3,243.8,1477.0,2345,103,24,38.0,3.3,8.6,4,-0.09
SITE138,2009,24.1,5.5,14.4,258.4,1478.0,2353,102,24,38.0,3.1,8.4,10,-0.02
SITE138,2010,24.3,5.6,14.6,300.5,1477.0,2372,101,25,38.0,3.2,8.4,28,0.14
SITE138,2011,24.3,5.7,14.6,198.3,1498.0,2375,101,25,37.0,3.1,8.7,-16,0.17
SITE138,2012,24.4,5.8,14.7,137.8,1515.0,2391,100,25,36.0,3.3,8.6,-41,0.3
SITE138,2013,24.4,5.8,14.7,140.7,1515.0,2391,100,25,36.0,3.2,8.9,-40,0.3
SITE138,2014,24.5,5.9,14.8,170.7,1513.0,2399,99,25,36.0,3.1,8.6,-27,0.37
SITE138,2015,24.5,5.9,14.8,122.8,1523.0,2401,99,25,35.0,3.0,8.9,-48,0.39
SITE138,2016,24.6,6.0,14.9,223.8,1508.0,2413,98,26,36.0,3.1,8.5,-5,0.49
SITE138,2017,24.6,6.0,14.9,170.9,1519.0,2416,98,26,35.0,3.0,8.4,-27,0.51
SITE138,2018,24.8,6.1,15.1,228.5,1515.0,2433,97,26,35.0,3.0,8.4,-3,0.66
SITE138,2019,24.8,6.2,15.1,106.2,1539.0,2435,97,26,34.0,3.3,8.9,-55,0.68
SITE138,2020,24.8,6.2,15.1,174.8,1526.0,2434,97,26,35.0,3.2,8.6,-26,0.67
SITE138,2021,24.8,6.2,15.1,218.7,1518.0,2437,97,26,35.0,3.5,8.6,-7,0.69
SITE138,2022,25.0,6.3,15.3,208.7,1528.0,2456,95,26,34.0,3.4,8.8,-11,0.86
SITE138,2023,25.0,6.4,15.3,289.2,1515.0,2463,95,27,35.0,3.2,8.6,23,0.91
SITE138,2024,25.0,6.3,15.3,262.5,1517.0,2456,95,26,35.0,2.9,8.5,12,0.85
SITE139,1991,29.5,10.8,19.8,193.3,1745.0,3655,13,79,38.0,3.2,8.7,-17,-0.16
SITE139,1992,29.4,10.8,19.7,143.8,1753.0,3642,13,78,38.0,3.2,9.0,-39,-0.23
SITE139,1993,29.5,10.8,19.8,305.2,1720.0,3654,13,79,40.0,3.5,8.5,30,-0.16
SITE139,1994,29.4,10.8,19.8,166.6,1749.0,3650,13,79,38.0,3.6,8.9,-29,-0.19
SITE139,1995,29.4,10.8,19.7,241.0,1731.0,3641,13,78,39.0,3.4,8.5,3,-0.24
SITE139,1996,29.4,10.7,19.7,161.0,1747.0,3635,13,78,38.0,3.4,8.7,-31,-0.27
SITE139,1997,29.4,10.8,19.8,178.3,1747.0,3650,13,79,38.0,3.0,8.8,-24,-0.19
SITE139,1998,29.4,10.7,19.7,376.0,1699.0,3633,13,78,41.0,3.2,8.3,61,-0.28
SITE139,1999,29.5,10.9,19.8,161.4,1754.0,3661,13,79,38.0,3.0,8.9,-31,-0.13
SITE139,2000,29.5,10.9,19.8,479.3,1682.0,3659,13,79,42.0,2.9,8.1,105,-0.14
SITE139,2001,29.5,10.9,19.8,330.2,1718.0,3668,13,79,40.0,3.2,8.3,41,-0.09
SITE139,2002,29.4,10.8,19.7,175.2,1747.0,3649,13,79,38.0,3.2,8.9,-25,-0.19
SITE139,2003,29.4,10.7,19.7,385.6,1697.0,3636,13,78,41.0,3.3,8.0,65,-0.26
SITE139,2004,29.5,10.9,19.8,300.4,1724.0,3666,13,79,39.0,3.0,8.3,28,-0.1
SITE139,2005,29.7,11.0,20.0,179.2,1758.0,3693,13,81,37.0,3.3,8.5,-23,0.05
SITE139,2006,29.6,11.0,19.9,263.3,1736.0,3683,13,80,38.0,3.5,8.3,13,-0.01
SITE139,2007,29.6,11.0,19.9,205.0,1749.0,3682,13,80,38.0,3.3,8.8,-12,-0.01
SITE139,2008,29.6,11.0,19.9,157.9,1761.0,3686,13,80,37.0,3.2,8.6,-33,0.01
SITE139,2009,29.6,10.9,19.9,132.9,1763.0,3673,13,80,37.0,3.1,8.6,-43,-0.06
SITE139,2010,29.7,11.0,20.0,129.1,1767.0,3688,13,80,37.0,3.0,8.6,-45,0.02
SITE139,2011,29.6,11.0,20.0,277.1,1734.0,3687,13,80,38.0,3.2,8.3,18,0.02
SITE139,2012,29.7,11.0,20.0,357.2,1717.0,3688,13,80,40.0,4.0,8.1,53,0.02
SITE139,2013,29.7,11.0,20.0,355.2,1719.0,3695,13,81,39.0,3.0,8.4,52,0.06
SITE139,2014,29.7,11.0,20.0,186.1,1756.0,3694,13,81,37.0,3.8,8.6,-20,0.05
SITE139,2015,29.7,11.1,20.0,249.9,1743.0,3697,13,81,38.0,3.7,8.8,7,0.07
SITE139,2016,29.7,11.0,20.0,348.7,1718.0,3688,13,80,39.0,3.2,8.2,49,0.02
SITE139,2017,29.8,11.1,20.1,362.2,1720.0,3707,13,81,39.0,3.0,8.3,55,0.12
SITE139,2018,29.9,11.2,20.2,164.9,1769.0,3725,12,82,36.0,3.6,8.9,-30,0.22
SITE139,2019,29.9,11.2,20.2,203.7,1762.0,3732,12,82,37.0,2.9,8.7,-13,0.26
SITE139,2020,29.8,11.2,20.2,176.9,1766.0,3724,12,82,36.0,3.3,8.5,-24,0.22
SITE139,2021,29.9,11.3,20.2,235.0,1756.0,3737,12,82,37.0,3.3,8.7,0,0.29
SITE139,2022,30.1,11.5,20.4,355.3,1737.0,3770,12,84,38.0,3.6,8.1,52,0.47
SITE139,2023,30.1,11.4,20.4,263.9,1756.0,3761,12,84,37.0,3.4,8.4,13,0.42
SITE139,2024,30.1,11.4,20.4,213.9,1768.0,3765,12,84,36.0,2.9,8.7,-9,0.43
SITE140,1991,28.6,10.0,18.9,120.8,1711.0,3479,26,74,39.0,3.1,9.0,-14,-0.42
SITE140,1992,28.6,10.0,18.9,148.0,1700.0,3476,26,74,40.0,4.0,8.6,6,-0.44
SITE140,1993,28.6,10.0,18.9,115.1,1712.0,3476,26,74,39.0,3.4,8.5,-18,-0.44
SITE140,1994,28.7,10.1,19.0,153.8,1701.0,3489,26,75,40.0,2.9,8.7,10,-0.37
SITE140,1995,28.6,10.0,18.9,198.5,1681.0,3474,26,74,41.0,2.9,8.4,42,-0.45
SITE140,1996,28.6,10.0,18.9,89.7,1721.0,3475,26,74,39.0,3.3,8.8,-36,-0.45
SITE140,1997,28.6,10.0,18.9,108.9,1715.0,3478,26,74,39.0,3.3,8.8,-22,-0.43
SITE140,1998,28.6,10.0,19.0,106.8,1716.0,3480,26,74,39.0,3.4,8.5,-24,-0.42
SITE140,1999,28.6,10.0,18.9,93.0,1721.0,3478,26,74,39.0,3.5,8.9,-34,-0.43
SITE140,2000,28.6,10.0,18.9,225.2,1672.0,3478,26,74,42.0,3.1,8.1,61,-0.43
SITE140,2001,28.7,10.0,19.0,121.7,1712.0,3487,26,75,39.0,3.2,8.5,-13,-0.38
SITE140,2002,28.8,10.1,19.1,163.1,1701.0,3503,26,75,40.0,3.0,8.4,17,-0.29
SITE140,2003,28.8,10.1,19.1,98.9,1725.0,3503,26,75,38.0,3.1,8.8,-29,-0.29
SITE140,2004,28.8,10.2,19.2,206.0,1689.0,3516,26,76,40.0,3.0,8.3,47,-0.22
SITE140,2005,28.9,10.2,19.2,208.2,1689.0,3520,26,76,40.0,3.6,8.4,49,-0.2
SITE140,2006,28.9,10.3,19.2,122.7,1722.0,3525,26,76,38.0,3.6,8.5,-12,-0.17
SITE140,2007,28.9,10.2,19.2,130.5,1718.0,3521,26,76,39.0,3.2,8.8,-7,-0.19
SITE140,2008,28.9,10.3,19.2,109.2,1728.0,3528,26,76,38.0,3.4,8.5,-22,-0.15
SITE140,2009,28.9,10.2,19.2,100.6,1730.0,3522,26,76,38.0,2.8,8.7,-28,-0.18
SITE140,2010,28.9,10.3,19.2,166.5,1706.0,3526,26,76,39.0,2.9,8.6,19,-0.16
SITE140,2011,29.0,10.3,19.3,182.1,1704.0,3539,26,77,39.0,3.4,8.5,30,-0.09
SITE140,2012,29.0,10.4,19.3,111.1,1732.0,3546,26,77,38.0,3.1,8.5,-21,-0.05
SITE140,2013,29.1,10.5,19.4,203.4,1702.0,3560,25,78,39.0,3.5,8.2,45,0.03
SITE140,2014,29.1,10.5,19.5,152.3,1723.0,3569,25,78,38.0,2.6,8.6,9,0.08
SITE140,2015,29.3,10.7,19.6,82.2,1757.0,3601,25,80,36.0,3.0,8.7,-41,0.26
SITE140,2016,29.4,10.7,19.7,162.9,1729.0,3609,25,80,37.0,3.1,8.5,16,0.31
SITE140,2017,29.4,10.8,19.8,145.4,1739.0,3622,25,80,37.0,3.4,8.3,4,0.38
SITE140,2018,29.4,10.8,19.7,262.0,1694.0,3616,25,80,39.0,2.9,8.1,87,0.35
SITE140,2019,29.7,11.0,20.0,202.5,1728.0,3660,24,82,37.0,3.1,8.1,45,0.6
SITE140,2020,29.8,11.1,20.1,107.6,1769.0,3682,24,83,34.0,3.3,8.5,-23,0.72
SITE140,2021,30.0,11.3,20.3,264.9,1719.0,3718,24,85,37.0,3.4,8.0,89,0.92
SITE140,2022,30.1,11.4,20.4,177.5,1755.0,3730,23,85,35.0,3.6,8.2,27,0.99
SITE140,2023,30.0,11.4,20.3,70.3,1795.0,3727,24,85,33.0,2.6,8.8,-50,0.97
SITE140,2024,30.1,11.5,20.4,122.8,1778.0,3738,23,85,33.0,3.4,8.7,-12,1.04
SITE141,1991,28.6,10.0,18.9,306.4,1697.0,3491,24,75,41.0,2.9,8.5,12,-0.66
SITE141,1992,28.7,10.0,19.0,385.6,1686.0,3506,24,76,42.0,3.2,8.3,41,-0.57
SITE141,1993,28.8,10.1,19.1,440.4,1680.0,3523,24,77,42.0,3.4,8.1,61,-0.48
SITE141,1994,28.7,10.1,19.0,365.8,1690.0,3510,24,76,41.0,3.0,8.2,34,-0.55
SITE141,1995,28.7,10.1,19.0,420.8,1681.0,3515,24,76,42.0,3.4,8.2,54,-0.52
SITE141,1996,28.8,10.2,19.2,283.0,1712.0,3534,24,77,40.0,2.9,8.4,3,-0.41
SITE141,1997,28.9,10.2,19.2,122.3,1743.0,3536,24,77,38.0,3.4,9.0,-55,-0.41
SITE141,1998,28.9,10.2,19.2,176.5,1733.0,3537,24,77,39.0,3.0,8.8,-36,-0.4
SITE141,1999,28.9,10.3,19.3,232.1,1726.0,3553,23,78,39.0,3.1,8.9,-15,-0.31
SITE141,2000,29.1,10.4,19.4,242.3,1730.0,3573,23,79,38.0,3.2,9.0,-12,-0.2
SITE141,2001,29.0,10.4,19.4,288.0,1720.0,3570,23,79,39.0,3.2,8.7,5,-0.22
SITE141,2002,29.1,10.5,19.4,369.6,1708.0,3581,23,79,40.0,3.5,8.4,35,-0.16
SITE141,2003,29.2,10.5,19.5,291.6,1726.0,3594,23,80,39.0,3.2,8.4,6,-0.08
SITE141,2004,29.2,10.6,19.5,232.0,1738.0,3597,23,80,38.0,3.6,8.3,-15,-0.07
SITE141,2005,29.1,10.5,19.4,261.3,1728.0,3582,23,79,38.0,3.1,8.6,-5,-0.15
SITE141,2006,29.2,10.5,19.5,287.8,1726.0,3593,23,80,39.0,3.0,8.4,5,-0.09
SITE141,2007,29.1,10.5,19.4,201.9,1740.0,3584,23,79,38.0,3.0,8.9,-26,-0.14
SITE141,2008,29.2,10.6,19.6,419.1,1705.0,3607,23,80,40.0,3.2,8.3,53,-0.01
SITE141,2009,29.3,10.6,19.6,248.1,1738.0,3610,23,81,38.0,4.0,8.5,-9,0.01
SITE141,2010,29.3,10.6,19.6,644.7,1663.0,3613,23,81,42.0,3.5,7.8,135,0.02
SITE141,2011,29.4,10.7,19.7,212.8,1750.0,3629,23,81,37.0,3.0,8.4,-22,0.11
SITE141,2012,29.5,10.8,19.8,357.6,1727.0,3647,22,82,38.0,3.1,8.1,30,0.21
SITE141,2013,29.6,10.9,19.9,156.7,1769.0,3661,22,83,36.0,3.2,8.7,-43,0.29
SITE141,2014,29.5,10.9,19.8,125.2,1773.0,3655,22,83,35.0,3.7,8.8,-54,0.25
SITE141,2015,29.6,11.0,19.9,131.6,1778.0,3677,22,84,35.0,2.7,8.8,-52,0.37
SITE141,2016,29.7,11.0,20.0,152.4,1775.0,3684,22,84,35.0,3.3,8.7,-44,0.41
SITE141,2017,29.7,11.0,20.0,345.5,1737.0,3679,22,84,37.0,3.2,8.4,26,0.39
SITE141,2018,29.7,11.0,20.0,245.6,1757.0,3681,22,84,36.0,2.8,8.4,-10,0.39
SITE141,2019,29.7,11.0,20.0,262.0,1754.0,3680,22,84,36.0,3.3,8.4,-4,0.39
SITE141,2020,29.7,11.1,20.0,179.3,1771.0,3688,22,84,35.0,3.5,8.9,-35,0.44
SITE141,2021,29.9,11.2,20.2,271.9,1761.0,3716,22,85,36.0,3.6,8.2,-1,0.59
SITE141,2022,29.8,11.1,20.1,163.6,1778.0,3700,22,85,35.0,3.1,8.9,-40,0.5
SITE141,2023,29.8,11.1,20.1,264.0,1758.0,3700,22,85,36.0,3.1,8.6,-4,0.5
SITE141,2024,29.8,11.2,20.1,346.8,1745.0,3712,22,85,37.0,3.2,8.5,27,0.57
SITE142,1991,35.4,18.3,26.5,139.8,2016.0,6065,0,146,41.0,3.3,8.5,-11,-0.73
SITE142,1992,35.5,18.4,26.6,76.1,2047.0,6105,0,148,39.0,3.0,8.7,-52,-0.6
SITE142,1993,35.5,18.4,26.7,141.9,2024.0,6122,0,149,40.0,3.0,8.6,-10,-0.55
SITE142,1994,35.5,18.4,26.6,151.1,2020.0,6119,0,148,40.0,3.3,8.6,-4,-0.56
SITE142,1995,35.7,18.7,26.9,181.4,2017.0,6185,0,152,40.0,3.3,8.6,16,-0.35
SITE142,1996,35.7,18.6,26.8,96.4,2050.0,6184,0,152,38.0,3.8,8.9,-39,-0.35
SITE142,1997,35.7,18.6,26.9,221.1,2002.0,6184,0,152,41.0,3.1,8.3,41,-0.35
SITE142,1998,35.7,18.7,26.9,150.0,2030.0,6186,0,152,39.0,3.2,8.8,-4,-0.34
SITE142,1999,35.8,18.7,26.9,174.1,2021.0,6188,0,152,40.0,3.3,8.8,11,-0.34
SITE142,2000,35.7,18.6,26.8,149.9,2029.0,6179,0,151,39.0,3.1,8.6,-4,-0.37
SITE142,2001,35.8,18.7,26.9,139.5,2035.0,6191,0,152,39.0,3.5,8.7,-11,-0.33
SITE142,2002,35.8,18.8,27.0,104.2,2052.0,6218,0,153,38.0,3.1,8.7,-34,-0.24
SITE142,2003,35.9,18.8,27.0,229.9,2005.0,6228,0,154,40.0,3.3,8.3,46,-0.21
SITE142,2004,35.9,18.9,27.1,170.7,2031.0,6250,0,155,39.0,3.3,8.3,9,-0.14
SITE142,2005,35.9,18.9,27.1,177.7,2028.0,6250,0,155,39.0,3.1,8.4,13,-0.14
SITE142,2006,35.9,18.9,27.1,175.4,2029.0,6248,0,155,39.0,3.3,8.6,12,-0.14
SITE142,2007,36.1,19.0,27.2,122.8,2058.0,6305,0,158,37.0,3.3,9.0,-22,0.03
SITE142,2008,36.2,19.1,27.3,242.6,2012.0,6315,0,158,39.0,2.9,8.3,55,0.07
SITE142,2009,36.2,19.1,27.3,129.7,2058.0,6327,0,159,37.0,3.0,8.7,-17,0.1
SITE142,2010,36.2,19.1,27.3,120.2,2064.0,6339,0,159,37.0,3.3,8.8,-23,0.14
SITE142,2011,36.3,19.2,27.4,191.6,2038.0,6359,0,160,38.0,3.3,8.4,22,0.21
SITE142,2012,36.3,19.2,27.4,147.0,2057.0,6365,0,161,37.0,3.1,8.7,-6,0.22
SITE142,2013,36.3,19.2,27.4,110.8,2071.0,6363,0,161,36.0,3.3,8.8,-29,0.22
SITE142,2014,36.2,19.1,27.3,178.0,2040.0,6335,0,159,38.0,2.7,8.3,13,0.13
SITE142,2015,36.3,19.2,27.4,108.6,2070.0,6351,0,160,36.0,2.9,8.9,-31,0.18
SITE142,2016,36.3,19.2,27.4,190.5,2041.0,6371,0,161,38.0,3.9,8.2,21,0.25
SITE142,2017,36.5,19.4,27.6,72.6,2095.0,6429,0,164,35.0,3.5,8.9,-54,0.43
SITE142,2018,36.5,19.4,27.6,179.6,2053.0,6428,0,164,37.0,3.4,8.5,14,0.43
SITE142,2019,36.5,19.4,27.6,268.6,2018.0,6428,0,164,38.0,3.1,8.3,71,0.43
SITE142,2020,36.5,19.4,27.6,241.6,2030.0,6434,0,164,38.0,2.8,8.3,54,0.45
SITE142,2021,36.6,19.5,27.7,177.0,2058.0,6456,0,165,36.0,3.1,8.5,13,0.51
SITE142,2022,36.7,19.6,27.8,126.8,2084.0,6496,0,167,35.0,3.5,8.4,-19,0.64
SITE142,2023,36.7,19.6,27.8,109.1,2088.0,6479,0,166,35.0,3.4,8.4,-31,0.59
SITE142,2024,36.8,19.7,27.9,202.1,2056.0,6510,0,168,36.0,3.6,8.3,29,0.69
SITE143,1991,35.7,17.9,26.4,127.2,2036.0,6034,0,152,41.0,3.1,8.3,30,-0.52
SITE143,1992,35.7,17.9,26.5,146.0,2027.0,6051,0,152,41.0,3.4,8.5,49,-0.47
SITE143,1993,35.8,18.0,26.5,92.3,2064.0,6071,0,153,39.0,3.3,8.4,-6,-0.4
SITE143,1994,35.8,18.0,26.5,111.8,2052.0,6077,0,154,40.0,3.2,8.6,14,-0.38
SITE143,1995,35.8,18.0,26.6,93.1,2065.0,6085,0,154,39.0,3.5,8.7,-5,-0.36
SITE143,1996,35.7,17.9,26.5,90.8,2062.0,6057,0,153,40.0,3.5,8.7,-7,-0.45
SITE143,1997,35.8,18.0,26.5,73.5,2075.0,6067,0,153,39.0,3.2,8.6,-25,-0.42
SITE143,1998,35.8,18.0,26.5,130.1,2039.0,6066,0,153,41.0,2.8,8.4,33,-0.42
SITE143,1999,35.8,18.0,26.5,85.4,2067.0,6063,0,153,39.0,3.2,8.5,-13,-0.43
SITE143,2000,35.9,18.1,26.6,133.7,2041.0,6098,0,155,40.0,3.0,8.3,36,-0.32
SITE143,2001,35.8,18.0,26.6,126.1,2045.0,6089,0,154,40.0,3.3,8.6,29,-0.35
SITE143,2002,35.9,18.1,26.6,168.7,2020.0,6101,0,155,41.0,2.7,8.3,72,-0.31
SITE143,2003,35.9,18.1,26.6,116.6,2052.0,6096,0,155,40.0,3.4,8.4,19,-0.32
SITE143,2004,35.8,18.0,26.6,114.3,2052.0,6086,0,154,40.0,2.8,8.3,17,-0.36
SITE143,2005,35.9,18.1,26.7,154.2,2030.0,6111,0,155,41.0,3.3,8.3,57,-0.28
SITE143,2006,35.9,18.1,26.7,72.7,2084.0,6121,0,156,38.0,3.5,8.9,-26,-0.24
SITE143,2007,36.1,18.3,26.8,69.7,2092.0,6166,0,158,38.0,2.7,8.6,-29,-0.1
SITE143,2008,36.1,18.3,26.8,137.9,2048.0,6157,0,158,40.0,3.2,8.4,41,-0.13
SITE143,2009,36.1,18.3,26.8,109.5,2067.0,6163,0,158,39.0,3.2,8.3,12,-0.11
SITE143,2010,36.1,18.3,26.9,83.7,2085.0,6178,0,159,38.0,3.0,8.6,-15,-0.06
SITE143,2011,36.2,18.4,27.0,87.3,2088.0,6209,0,161,38.0,3.5,8.5,-11,0.04
SITE143,2012,36.2,18.4,26.9,148.9,2047.0,6198,0,160,40.0,3.1,8.3,52,0.01
SITE143,2013,36.2,18.4,27.0,127.9,2061.0,6208,0,160,39.0,3.8,8.6,30,0.04
SITE143,2014,36.4,18.6,27.1,84.3,2096.0,6250,0,163,37.0,3.4,8.7,-14,0.17
SITE143,2015,36.4,18.6,27.2,47.6,2121.0,6266,0,163,36.0,3.0,9.0,-51,0.22
SITE143,2016,36.5,18.7,27.2,113.0,2084.0,6294,0,165,37.0,3.4,8.4,15,0.31
SITE143,2017,36.6,18.8,27.3,79.8,2108.0,6312,0,166,36.0,3.2,8.7,-19,0.37
SITE143,2018,36.6,18.8,27.4,117.9,2087.0,6334,0,167,37.0,3.1,8.7,20,0.45
SITE143,2019,36.7,18.9,27.5,111.3,2096.0,6367,0,169,36.0,3.5,8.5,14,0.55
SITE143,2020,36.9,19.1,27.7,57.7,2138.0,6420,0,171,34.0,3.3,8.7,-41,0.72
SITE143,2021,37.0,19.2,27.7,121.5,2100.0,6436,0,172,36.0,3.3,8.5,24,0.77
SITE143,2022,37.0,19.2,27.8,87.9,2125.0,6461,0,174,34.0,3.1,8.6,-10,0.85
SITE143,2023,37.1,19.3,27.9,167.8,2077.0,6490,0,175,36.0,3.4,8.1,71,0.95
SITE143,2024,37.1,19.3,27.9,98.1,2123.0,6492,0,175,34.0,3.3,8.2,0,0.96
SITE144,1991,34.3,16.4,25.0,76.4,2035.0,5521,0,137,38.0,3.3,8.8,-62,-0.43
SITE144,1992,34.3,16.4,25.0,194.9,2001.0,5525,0,137,40.0,3.3,8.7,-4,-0.41
SITE144,1993,34.4,16.4,25.0,312.4,1967.0,5530,0,137,41.0,3.3,8.3,55,-0.4
SITE144,1994,34.4,16.4,25.1,164.2,2013.0,5541,0,138,39.0,3.7,8.7,-19,-0.36
SITE144,1995,34.4,16.5,25.1,229.9,1995.0,5548,0,138,40.0,3.5,8.7,14,-0.33
SITE144,1996,34.4,16.5,25.1,182.8,2010.0,5557,0,139,39.0,3.2,8.5,-10,-0.3
SITE144,1997,34.5,16.5,25.1,229.4,1998.0,5566,0,139,39.0,3.2,8.5,14,-0.27
SITE144,1998,34.5,16.5,25.2,102.3,2036.0,5572,0,139,38.0,3.3,8.6,-49,-0.25
SITE144,1999,34.6,16.6,25.2,259.2,1993.0,5595,0,141,40.0,3.2,8.3,28,-0.16
SITE144,2000,34.5,16.5,25.2,298.4,1978.0,5573,0,139,40.0,3.4,8.6,48,-0.24
SITE144,2001,34.5,16.5,25.1,85.4,2040.0,5565,0,139,37.0,3.3,9.0,-58,-0.27
SITE144,2002,34.6,16.6,25.2,218.3,2005.0,5589,0,140,39.0,3.0,8.7,8,-0.19
SITE144,2003,34.5,16.5,25.2,270.3,1986.0,5569,0,139,40.0,3.5,8.2,34,-0.26
SITE144,2004,34.5,16.5,25.2,193.4,2009.0,5573,0,139,39.0,2.9,8.5,-4,-0.24
SITE144,2005,34.6,16.6,25.2,215.9,2006.0,5592,0,140,39.0,3.2,8.4,7,-0.18
SITE144,2006,34.7,16.8,25.4,129.5,2038.0,5632,0,142,37.0,3.5,8.8,-36,-0.03
SITE144,2007,34.7,16.7,25.3,205.7,2013.0,5616,0,142,38.0,2.7,8.8,2,-0.09
SITE144,2008,34.8,16.8,25.4,102.2,2050.0,5652,0,143,36.0,3.2,8.8,-49,0.04
SITE144,2009,34.9,16.9,25.5,174.9,2032.0,5676,0,145,37.0,2.9,8.7,-13,0.12
SITE144,2010,34.8,16.9,25.5,207.9,2020.0,5666,0,144,38.0,3.3,8.6,3,0.08
SITE144,2011,35.0,17.0,25.6,207.3,2027.0,5707,0,146,37.0,3.1,8.5,3,0.23
SITE144,2012,35.0,17.1,25.7,340.5,1989.0,5720,0,147,39.0,3.0,8.4,69,0.28
SITE144,2013,35.1,17.1,25.7,113.8,2059.0,5729,0,147,35.0,2.8,8.8,-44,0.31
SITE144,2014,35.1,17.1,25.8,260.1,2017.0,5738,0,148,37.0,3.3,8.3,29,0.34
SITE144,2015,35.1,17.1,25.8,120.2,2059.0,5738,0,148,35.0,3.3,8.7,-40,0.34
SITE144,2016,35.1,17.1,25.7,176.5,2040.0,5729,0,147,36.0,2.9,8.7,-13,0.31
SITE144,2017,35.0,17.0,25.6,100.6,2060.0,5707,0,146,36.0,3.0,8.5,-50,0.23
SITE144,2018,35.0,17.1,25.7,175.1,2039.0,5720,0,147,36.0,3.1,8.7,-13,0.28
SITE144,2019,35.1,17.1,25.7,188.9,2036.0,5728,0,147,37.0,3.1,8.7,-6,0.31
SITE144,2020,35.0,17.1,25.7,163.5,2043.0,5723,0,147,36.0,3.3,8.7,-19,0.29
SITE144,2021,35.1,17.1,25.8,259.2,2017.0,5739,0,148,37.0,3.4,8.6,28,0.35
SITE144,2022,35.1,17.1,25.8,221.6,2029.0,5740,0,148,37.0,2.9,8.5,10,0.35
SITE144,2023,35.0,17.0,25.7,238.1,2019.0,5714,0,147,38.0,3.4,8.4,18,0.25
SITE144,2024,35.0,17.1,25.7,156.7,2046.0,5727,0,147,36.0,3.1,8.7,-22,0.3
SITE145,1991,29.2,13.0,20.8,593.2,1635.0,4020,0,52,42.0,3.0,8.2,75,-0.47
SITE145,1992,29.3,13.1,20.9,272.8,1686.0,4039,0,52,39.0,3.3,8.8,-20,-0.37
SITE145,1993,29.3,13.0,20.8,443.9,1660.0,4034,0,52,41.0,3.5,8.4,31,-0.4
SITE145,1994,29.2,12.9,20.7,377.4,1665.0,4009,0,52,40.0,3.4,8.4,11,-0.52
SITE145,1995,29.2,13.0,20.7,745.1,1611.0,4015,0,52,44.0,2.9,8.0,120,-0.49
SITE145,1996,29.2,13.0,20.8,228.9,1690.0,4027,0,52,39.0,3.2,8.5,-32,-0.43
SITE145,1997,29.3,13.1,20.8,528.8,1648.0,4036,0,52,41.0,2.8,8.0,56,-0.39
SITE145,1998,29.2,13.0,20.8,220.3,1691.0,4023,0,52,39.0,3.0,8.9,-35,-0.45
SITE145,1999,29.3,13.1,20.9,285.9,1686.0,4044,0,53,39.0,3.1,8.8,-16,-0.35
SITE145,2000,29.5,13.2,21.0,334.6,1684.0,4072,0,53,39.0,3.4,8.2,-1,-0.21
SITE145,2001,29.5,13.3,21.0,503.2,1660.0,4076,0,53,40.0,3.2,8.1,48,-0.19
SITE145,2002,29.5,13.3,21.1,301.4,1692.0,4088,0,54,38.0,3.2,8.6,-11,-0.13
SITE145,2003,29.7,13.4,21.2,342.8,1692.0,4115,0,55,38.0,3.3,8.7,1,-0.0
SITE145,2004,29.7,13.4,21.2,609.2,1652.0,4117,0,55,40.0,3.0,8.0,80,0.01
SITE145,2005,29.7,13.5,21.3,276.7,1704.0,4124,0,55,37.0,3.1,8.5,-18,0.04
SITE145,2006,29.7,13.5,21.3,319.6,1698.0,4126,0,55,38.0,2.8,8.2,-6,0.05
SITE145,2007,29.7,13.4,21.2,383.1,1686.0,4114,0,54,38.0,3.3,8.4,13,-0.01
SITE145,2008,29.8,13.6,21.4,299.7,1704.0,4142,0,55,37.0,3.1,8.5,-12,0.13
SITE145,2009,29.8,13.6,21.4,341.5,1697.0,4140,0,55,38.0,2.8,8.5,1,0.12
SITE145,2010,29.8,13.6,21.4,323.5,1701.0,4144,0,55,37.0,3.6,8.4,-5,0.14
SITE145,2011,29.9,13.7,21.5,353.1,1700.0,4160,0,56,37.0,3.4,8.6,4,0.22
SITE145,2012,29.9,13.7,21.5,311.4,1707.0,4162,0,56,37.0,2.9,8.5,-8,0.23
SITE145,2013,29.8,13.6,21.4,478.1,1678.0,4147,0,55,39.0,3.5,8.4,41,0.15
SITE145,2014,29.9,13.6,21.4,319.2,1703.0,4151,0,55,37.0,3.5,8.2,-6,0.17
SITE145,2015,30.0,13.8,21.6,245.2,1721.0,4184,0,56,36.0,3.1,8.8,-28,0.33
SITE145,2016,29.9,13.7,21.5,250.9,1717.0,4167,0,56,36.0,3.3,8.8,-26,0.25
SITE145,2017,30.0,13.8,21.6,497.1,1683.0,4183,0,56,38.0,3.2,8.1,47,0.33
SITE145,2018,29.9,13.7,21.5,494.8,1680.0,4166,0,56,38.0,3.4,8.6,46,0.25
SITE145,2019,30.0,13.7,21.5,216.4,1724.0,4177,0,56,36.0,3.5,8.7,-36,0.3
SITE145,2020,29.9,13.7,21.5,552.1,1672.0,4168,0,56,39.0,2.8,8.5,63,0.25
SITE145,2021,29.9,13.7,21.5,222.2,1720.0,4162,0,56,36.0,3.2,8.4,-34,0.22
SITE145,2022,30.0,13.7,21.5,265.9,1717.0,4179,0,56,36.0,3.0,8.5,-22,0.31
SITE145,2023,30.1,13.8,21.6,405.6,1700.0,4197,0,57,37.0,3.5,8.7,20,0.4
SITE145,2024,30.2,14.0,21.8,323.9,1718.0,4225,0,57,36.0,3.3,8.5,-4,0.53
SITE146,1991,28.9,11.9,20.1,337.2,1667.0,3801,0,56,42.0,3.2,8.5,39,-0.63
SITE146,1992,29.0,12.0,20.2,174.6,1705.0,3816,0,56,39.0,3.1,8.6,-28,-0.55
SITE146,1993,29.0,12.0,20.1,176.7,1704.0,3815,0,56,39.0,3.5,8.7,-27,-0.56
SITE146,1994,29.0,12.0,20.2,146.7,1712.0,3822,0,56,39.0,3.1,8.9,-39,-0.52
SITE146,1995,29.0,12.0,20.2,204.2,1701.0,3826,0,56,40.0,3.7,8.7,-16,-0.51
SITE146,1996,29.1,12.1,20.3,205.4,1705.0,3842,0,57,39.0,3.3,8.6,-15,-0.42
SITE146,1997,29.2,12.2,20.4,282.3,1691.0,3855,0,57,40.0,3.1,8.5,17,-0.36
SITE146,1998,29.3,12.3,20.5,222.8,1709.0,3876,0,58,39.0,3.5,8.5,-8,-0.25
SITE146,1999,29.4,12.4,20.5,237.8,1708.0,3888,0,58,39.0,2.8,8.5,-2,-0.19
SITE146,2000,29.4,12.4,20.5,235.9,1709.0,3890,0,58,39.0,3.1,8.7,-3,-0.18
SITE146,2001,29.4,12.4,20.5,170.7,1722.0,3888,0,58,38.0,2.9,8.8,-29,-0.19
SITE146,2002,29.3,12.3,20.4,242.0,1704.0,3872,0,58,39.0,3.4,8.6,0,-0.27
SITE146,2003,29.3,12.3,20.5,270.2,1698.0,3874,0,58,39.0,3.3,8.8,12,-0.26
SITE146,2004,29.2,12.2,20.4,374.4,1672.0,3858,0,57,41.0,3.0,8.3,55,-0.34
SITE146,2005,29.2,12.2,20.4,302.3,1689.0,3863,0,57,40.0,3.2,8.0,25,-0.31
SITE146,2006,29.2,12.2,20.4,298.8,1688.0,3856,0,57,40.0,3.3,8.5,23,-0.35
SITE146,2007,29.3,12.3,20.5,242.5,1705.0,3881,0,58,39.0,3.5,8.7,0,-0.23
SITE146,2008,29.4,12.4,20.6,310.2,1696.0,3901,0,59,39.0,3.1,8.6,28,-0.12
SITE146,2009,29.5,12.5,20.7,276.2,1708.0,3923,0,59,38.0,3.1,8.3,14,-0.01
SITE146,2010,29.6,12.6,20.7,209.7,1724.0,3932,0,59,37.0,3.1,8.7,-13,0.04
SITE146,2011,29.7,12.7,20.8,330.7,1702.0,3950,0,60,39.0,3.0,8.3,37,0.13
SITE146,2012,29.7,12.7,20.9,379.2,1694.0,3960,0,60,39.0,2.9,8.3,57,0.18
SITE146,2013,29.8,12.8,21.0,210.6,1734.0,3977,0,61,37.0,3.4,8.5,-13,0.27
SITE146,2014,29.9,13.0,21.1,247.6,1732.0,4003,0,62,36.0,3.3,8.7,2,0.4
SITE146,2015,30.0,13.0,21.1,261.5,1730.0,4006,0,62,37.0,3.2,8.3,8,0.41
SITE146,2016,30.0,13.0,21.2,179.9,1749.0,4014,0,62,35.0,3.3,8.6,-26,0.45
SITE146,2017,30.2,13.2,21.3,181.4,1756.0,4047,0,63,35.0,3.5,8.5,-25,0.62
SITE146,2018,30.1,13.1,21.2,304.4,1725.0,4027,0,62,37.0,3.1,8.5,26,0.52
SITE146,2019,30.0,13.0,21.2,285.5,1726.0,4013,0,62,37.0,3.6,8.6,18,0.45
SITE146,2020,30.1,13.1,21.3,106.7,1769.0,4033,0,63,34.0,3.0,8.9,-56,0.55
SITE146,2021,30.1,13.1,21.3,176.3,1756.0,4039,0,63,35.0,2.7,8.9,-27,0.58
SITE146,2022,30.2,13.2,21.3,245.6,1742.0,4044,0,63,36.0,3.3,8.3,1,0.61
SITE146,2023,30.1,13.1,21.2,269.0,1734.0,4030,0,62,36.0,3.2,8.4,11,0.53
SITE146,2024,30.1,13.1,21.2,207.0,1746.0,4025,0,62,36.0,3.4,8.5,-14,0.51
SITE147,1991,28.2,11.1,19.3,604.5,1638.0,3489,0,44,41.0,3.2,8.3,42,-0.38
SITE147,1992,28.1,11.1,19.3,507.3,1647.0,3477,0,43,40.0,3.0,8.4,19,-0.45
SITE147,1993,28.2,11.1,19.3,266.9,1676.0,3481,0,44,39.0,3.6,8.7,-37,-0.43
SITE147,1994,28.2,11.1,19.3,319.5,1670.0,3482,0,44,39.0,3.4,8.8,-25,-0.42
SITE147,1995,28.2,11.1,19.3,254.7,1679.0,3488,0,44,38.0,3.4,8.8,-40,-0.38
SITE147,1996,28.2,11.2,19.4,359.0,1669.0,3495,0,44,39.0,3.2,8.7,-16,-0.34
SITE147,1997,28.2,11.2,19.4,292.7,1676.0,3496,0,44,38.0,3.5,8.6,-31,-0.34
SITE147,1998,28.2,11.1,19.3,498.3,1651.0,3491,0,44,40.0,3.4,8.5,17,-0.37
SITE147,1999,28.3,11.2,19.4,348.6,1671.0,3498,0,44,39.0,2.8,8.7,-18,-0.33
SITE147,2000,28.3,11.2,19.4,307.2,1677.0,3503,0,44,38.0,3.5,8.8,-28,-0.3
SITE147,2001,28.3,11.2,19.4,816.9,1616.0,3499,0,44,42.0,3.6,7.8,91,-0.32
SITE147,2002,28.2,11.2,19.4,570.4,1644.0,3496,0,44,40.0,3.4,8.4,34,-0.34
SITE147,2003,28.4,11.3,19.5,619.1,1643.0,3515,0,44,40.0,2.9,8.4,45,-0.23
SITE147,2004,28.4,11.3,19.5,585.8,1651.0,3529,0,45,40.0,3.1,8.2,37,-0.15
SITE147,2005,28.5,11.4,19.7,599.5,1654.0,3548,0,45,39.0,2.9,8.3,40,-0.05
SITE147,2006,28.5,11.4,19.6,604.4,1651.0,3541,0,45,40.0,3.4,8.1,42,-0.08
SITE147,2007,28.6,11.5,19.7,526.0,1664.0,3555,0,45,39.0,3.2,8.6,23,-0.01
SITE147,2008,28.7,11.6,19.8,469.8,1674.0,3568,0,46,38.0,3.1,8.5,10,0.06
SITE147,2009,28.6,11.5,19.7,276.0,1693.0,3555,0,45,37.0,2.9,8.8,-35,-0.01
SITE147,2010,28.6,11.5,19.7,350.4,1686.0,3562,0,46,37.0,3.1,8.7,-18,0.03
SITE147,2011,28.7,11.6,19.8,527.0,1669.0,3576,0,46,38.0,3.2,8.3,23,0.11
SITE147,2012,28.8,11.7,19.9,244.1,1705.0,3586,0,46,36.0,3.2,9.0,-43,0.16
SITE147,2013,28.8,11.7,19.9,318.4,1698.0,3593,0,46,36.0,3.0,8.5,-25,0.21
SITE147,2014,28.8,11.7,19.9,385.5,1692.0,3599,0,47,37.0,3.1,8.6,-10,0.24
SITE147,2015,28.9,11.8,20.0,262.4,1709.0,3610,0,47,36.0,2.8,8.9,-39,0.3
SITE147,2016,28.9,11.8,20.0,856.7,1638.0,3607,0,47,40.0,3.5,7.9,101,0.28
SITE147,2017,28.8,11.7,19.9,668.7,1657.0,3595,0,46,39.0,3.2,8.0,57,0.22
SITE147,2018,28.9,11.8,20.0,425.4,1689.0,3609,0,47,37.0,3.2,8.4,0,0.3
SITE147,2019,28.9,11.8,20.0,205.8,1716.0,3610,0,47,35.0,3.4,8.9,-52,0.3
SITE147,2020,28.9,11.9,20.1,420.5,1693.0,3621,0,47,37.0,3.3,8.5,-2,0.36
SITE147,2021,29.0,11.9,20.1,696.1,1664.0,3635,0,48,38.0,3.3,8.1,63,0.44
SITE147,2022,29.1,12.0,20.2,489.0,1692.0,3649,0,48,36.0,3.3,8.5,15,0.52
SITE147,2023,29.3,12.2,20.4,618.6,1683.0,3676,0,49,37.0,3.3,8.2,45,0.67
SITE147,2024,29.3,12.2,20.4,302.7,1723.0,3685,0,49,34.0,3.1,8.8,-29,0.72
SITE148,1991,27.9,18.3,22.9,180.7,1379.0,4801,0,0,40.0,3.2,8.6,-6,-0.61
SITE148,1992,28.0,18.4,23.0,109.3,1398.0,4826,0,0,39.0,3.6,8.9,-43,-0.51
SITE148,1993,28.0,18.5,23.1,231.7,1372.0,4831,0,0,41.0,3.1,8.3,20,-0.49
SITE148,1994,28.0,18.5,23.1,187.5,1382.0,4832,0,0,40.0,3.0,8.5,-3,-0.48
SITE148,1995,28.0,18.4,23.0,200.9,1378.0,4823,0,0,40.0,3.2,8.8,4,-0.52
SITE148,1996,28.1,18.5,23.1,197.3,1382.0,4847,0,0,40.0,3.3,8.5,2,-0.43
SITE148,1997,28.1,18.6,23.2,223.1,1377.0,4856,0,0,40.0,3.2,8.7,16,-0.39
SITE148,1998,28.2,18.7,23.3,208.6,1384.0,4880,0,0,39.0,3.7,8.4,8,-0.29
SITE148,1999,28.2,18.6,23.2,238.8,1375.0,4867,0,0,40.0,3.3,8.4,24,-0.34
SITE148,2000,28.2,18.6,23.2,177.8,1388.0,4859,0,0,39.0,3.2,8.7,-8,-0.37
SITE148,2001,28.2,18.6,23.2,198.3,1385.0,4874,0,0,39.0,2.9,8.5,3,-0.31
SITE148,2002,28.2,18.6,23.2,213.1,1382.0,4873,0,0,40.0,3.1,8.6,10,-0.32
SITE148,2003,28.3,18.7,23.3,191.6,1388.0,4885,0,0,39.0,3.2,8.9,-1,-0.27
SITE148,2004,28.3,18.7,23.3,150.2,1399.0,4900,0,0,38.0,3.2,8.6,-22,-0.21
SITE148,2005,28.4,18.8,23.4,179.4,1395.0,4920,0,0,38.0,3.2,8.4,-7,-0.13
SITE148,2006,28.4,18.9,23.5,284.8,1374.0,4928,0,0,40.0,2.8,8.4,48,-0.1
SITE148,2007,28.5,18.9,23.5,193.4,1395.0,4938,0,0,38.0,3.5,8.7,0,-0.06
SITE148,2008,28.6,19.0,23.6,310.3,1373.0,4962,0,0,40.0,2.9,8.3,61,0.04
SITE148,2009,28.5,19.0,23.6,110.1,1415.0,4956,0,0,37.0,3.4,9.2,-43,0.02
SITE148,2010,28.6,19.0,23.6,252.4,1386.0,4966,0,0,39.0,3.5,8.3,31,0.06
SITE148,2011,28.6,19.0,23.6,166.9,1404.0,4966,0,0,37.0,2.7,8.6,-13,0.06
SITE148,2012,28.6,19.0,23.6,306.0,1374.0,4966,0,0,40.0,3.5,8.3,59,0.06
SITE148,2013,28.7,19.1,23.7,191.2,1402.0,4987,0,0,37.0,3.3,8.5,-1,0.14
SITE148,2014,28.8,19.2,23.8,250.7,1392.0,5010,0,0,38.0,3.2,8.7,30,0.23
SITE148,2015,28.8,19.2,23.8,240.8,1395.0,5014,0,0,38.0,3.7,8.4,25,0.25
SITE148,2016,28.9,19.3,23.9,193.7,1408.0,5037,0,0,37.0,3.2,8.5,0,0.34
SITE148,2017,28.9,19.3,23.9,141.6,1419.0,5033,0,0,36.0,3.0,8.7,-27,0.33
SITE148,2018,28.9,19.3,23.9,221.5,1404.0,5046,0,0,37.0,3.3,8.5,15,0.38
SITE148,2019,29.1,19.5,24.1,195.4,1415.0,5086,0,0,36.0,2.8,8.6,1,0.54
SITE148,2020,29.1,19.6,24.2,165.1,1424.0,5104,0,0,35.0,3.1,8.6,-14,0.61
SITE148,2021,29.3,19.7,24.3,257.1,1409.0,5142,0,0,36.0,3.3,8.4,33,0.77
SITE148,2022,29.2,19.6,24.2,258.3,1406.0,5122,0,0,36.0,3.5,8.4,34,0.69
SITE148,2023,29.2,19.7,24.3,183.7,1423.0,5128,0,0,35.0,3.4,8.6,-5,0.71
SITE148,2024,29.1,19.5,24.1,224.5,1410.0,5098,0,0,36.0,3.0,8.3,16,0.59
SITE149,1991,27.1,16.7,21.7,46.7,1424.0,4347,0,0,38.0,3.1,9.1,-66,-0.46
SITE149,1992,27.2,16.8,21.8,241.4,1367.0,4367,0,0,42.0,3.3,8.2,76,-0.37
SITE149,1993,27.1,16.7,21.7,130.4,1397.0,4338,0,0,40.0,3.3,8.5,-5,-0.5
SITE149,1994,27.1,16.8,21.8,166.8,1389.0,4359,0,0,40.0,2.9,8.6,22,-0.41
SITE149,1995,27.3,16.9,21.9,122.2,1407.0,4390,0,0,39.0,3.7,8.6,-11,-0.27
SITE149,1996,27.4,17.1,22.1,92.2,1422.0,4425,0,0,37.0,3.1,8.8,-33,-0.11
SITE149,1997,27.4,17.0,22.0,136.7,1406.0,4408,0,0,39.0,3.1,8.6,0,-0.18
SITE149,1998,27.3,17.0,21.9,134.6,1404.0,4396,0,0,39.0,3.1,8.7,-2,-0.24
SITE149,1999,27.3,16.9,21.9,140.6,1401.0,4389,0,0,39.0,3.1,8.5,3,-0.27
SITE149,2000,27.4,17.0,22.0,162.6,1398.0,4407,0,0,39.0,2.8,8.5,19,-0.19
SITE149,2001,27.3,17.0,22.0,176.6,1393.0,4403,0,0,40.0,2.9,8.4,29,-0.21
SITE149,2002,27.4,17.1,22.0,176.7,1395.0,4419,0,0,39.0,3.2,8.4,29,-0.13
SITE149,2003,27.4,17.0,22.0,149.7,1403.0,4415,0,0,39.0,3.6,8.3,9,-0.15
SITE149,2004,27.5,17.1,22.1,144.8,1408.0,4436,0,0,38.0,3.6,8.4,6,-0.06
SITE149,2005,27.5,17.1,22.1,133.1,1411.0,4432,0,0,38.0,3.5,8.6,-3,-0.08
SITE149,2006,27.6,17.2,22.2,71.9,1432.0,4450,0,0,37.0,3.5,8.8,-47,0.0
SITE149,2007,27.6,17.2,22.2,213.5,1389.0,4451,0,0,40.0,3.0,8.3,56,0.01
SITE149,2008,27.6,17.2,22.2,108.5,1421.0,4448,0,0,37.0,3.4,8.8,-21,-0.0
SITE149,2009,27.6,17.2,22.2,107.8,1422.0,4455,0,0,37.0,3.5,8.5,-21,0.03
SITE149,2010,27.6,17.2,22.2,165.0,1404.0,4455,0,0,39.0,2.9,8.2,20,0.03
SITE149,2011,27.6,17.3,22.2,237.9,1383.0,4462,0,0,40.0,3.4,7.8,74,0.06
SITE149,2012,27.6,17.3,22.3,65.3,1437.0,4469,0,0,36.0,3.6,8.8,-52,0.09
SITE149,2013,27.7,17.3,22.3,245.5,1383.0,4480,0,0,40.0,3.1,8.0,79,0.14
SITE149,2014,27.8,17.4,22.4,124.9,1425.0,4504,0,0,37.0,3.4,8.6,-9,0.25
SITE149,2015,27.8,17.5,22.5,236.2,1392.0,4515,0,0,39.0,3.2,7.7,72,0.3
SITE149,2016,27.9,17.5,22.5,149.9,1419.0,4520,0,0,37.0,3.4,8.7,9,0.32
SITE149,2017,27.9,17.5,22.5,82.7,1441.0,4526,0,0,35.0,3.0,8.7,-40,0.35
SITE149,2018,27.9,17.5,22.5,160.4,1416.0,4517,0,0,37.0,3.1,8.4,17,0.3
SITE149,2019,28.0,17.6,22.6,129.6,1430.0,4546,0,0,36.0,2.7,8.2,-5,0.43
SITE149,2020,27.9,17.5,22.5,108.0,1433.0,4524,0,0,36.0,3.2,8.7,-21,0.34
SITE149,2021,27.8,17.5,22.4,64.2,1444.0,4506,0,0,35.0,3.4,8.7,-53,0.25
SITE149,2022,27.8,17.4,22.4,174.0,1409.0,4503,0,0,38.0,3.0,8.2,27,0.24
SITE149,2023,27.8,17.4,22.4,173.3,1408.0,4494,0,0,38.0,3.3,8.4,26,0.2
SITE149,2024,27.9,17.5,22.5,124.7,1427.0,4516,0,0,37.0,3.1,8.7,-9,0.3
SITE150,1991,26.8,16.4,21.4,239.8,1388.0,4218,0,0,40.0,3.0,8.6,3,-0.38
SITE150,1992,26.8,16.3,21.3,332.5,1369.0,4205,0,0,41.0,2.8,8.0,43,-0.44
SITE150,1993,26.8,16.3,21.4,152.9,1403.0,4215,0,0,39.0,3.3,9.0,-34,-0.39
SITE150,1994,26.9,16.5,21.5,273.1,1385.0,4238,0,0,40.0,2.8,8.5,18,-0.29
SITE150,1995,27.0,16.5,21.5,219.6,1396.0,4247,0,0,39.0,3.2,8.5,-5,-0.24
SITE150,1996,26.9,16.5,21.5,259.0,1388.0,4240,0,0,39.0,3.1,8.3,12,-0.28
SITE150,1997,26.9,16.5,21.5,191.6,1400.0,4240,0,0,39.0,3.4,8.7,-17,-0.28
SITE150,1998,26.9,16.4,21.4,245.7,1389.0,4230,0,0,39.0,3.2,8.7,6,-0.32
SITE150,1999,27.0,16.5,21.5,212.2,1398.0,4252,0,0,39.0,3.4,8.7,-9,-0.22
SITE150,2000,26.9,16.5,21.5,221.3,1395.0,4240,0,0,39.0,3.6,8.4,-5,-0.28
SITE150,2001,26.9,16.4,21.5,289.4,1382.0,4235,0,0,40.0,3.2,8.4,25,-0.3
SITE150,2002,27.0,16.5,21.5,201.7,1400.0,4249,0,0,39.0,3.2,8.7,-13,-0.24
SITE150,2003,27.0,16.5,21.5,326.0,1378.0,4251,0,0,40.0,2.9,8.4,41,-0.23
SITE150,2004,27.0,16.5,21.6,329.7,1378.0,4258,0,0,40.0,3.0,8.3,42,-0.19
SITE150,2005,27.1,16.6,21.7,148.6,1414.0,4276,0,0,37.0,3.3,8.5,-36,-0.11
SITE150,2006,27.2,16.8,21.8,164.9,1416.0,4305,0,0,37.0,3.2,8.8,-29,0.02
SITE150,2007,27.2,16.7,21.7,224.0,1404.0,4297,0,0,38.0,3.2,8.6,-3,-0.01
SITE150,2008,27.2,16.8,21.8,281.5,1395.0,4307,0,0,39.0,3.2,8.5,21,0.03
SITE150,2009,27.2,16.8,21.8,123.2,1424.0,4307,0,0,36.0,3.2,8.8,-47,0.03
SITE150,2010,27.3,16.9,21.9,254.8,1403.0,4328,0,0,38.0,3.1,8.4,10,0.13
SITE150,2011,27.4,16.9,21.9,322.7,1392.0,4335,0,0,39.0,3.4,8.3,39,0.16
SITE150,2012,27.5,17.0,22.0,225.2,1414.0,4359,0,0,37.0,2.8,8.5,-3,0.27
SITE150,2013,27.5,17.1,22.1,252.9,1410.0,4368,0,0,37.0,3.1,8.6,9,0.32
SITE150,2014,27.4,17.0,22.0,495.8,1363.0,4351,0,0,40.0,3.3,7.9,114,0.24
SITE150,2015,27.4,16.9,21.9,124.2,1428.0,4336,0,0,36.0,3.2,8.9,-46,0.17
SITE150,2016,27.4,17.0,22.0,320.1,1395.0,4350,0,0,38.0,3.3,8.3,38,0.24
SITE150,2017,27.4,16.9,21.9,364.7,1385.0,4338,0,0,39.0,2.7,8.3,57,0.18
SITE150,2018,27.3,16.9,21.9,125.1,1426.0,4326,0,0,36.0,3.3,8.7,-46,0.12
SITE150,2019,27.4,17.0,22.0,265.0,1405.0,4349,0,0,38.0,3.2,8.5,14,0.23
SITE150,2020,27.6,17.1,22.1,250.5,1413.0,4380,0,0,37.0,3.4,8.5,8,0.37
SITE150,2021,27.6,17.1,22.1,225.5,1417.0,4376,0,0,37.0,3.4,8.8,-3,0.35
SITE150,2022,27.6,17.1,22.1,315.9,1401.0,4379,0,0,38.0,3.1,8.3,36,0.37
SITE150,2023,27.6,17.2,22.2,274.6,1411.0,4396,0,0,37.0,3.1,8.4,18,0.45
SITE150,2024,27.7,17.3,22.3,201.1,1427.0,4410,0,0,36.0,3.1,8.5,-13,0.52
SITE151,1991,28.4,13.6,20.7,500.6,1626.0,4019,0,35,64.0,2.5,6.4,-3,-0.54
SITE151,1992,28.5,13.8,20.8,434.6,1636.0,4040,0,35,63.0,2.5,6.5,-15,-0.44
SITE151,1993,28.6,13.8,20.9,393.7,1642.0,4051,0,35,63.0,2.7,6.6,-23,-0.39
SITE151,1994,28.6,13.9,21.0,552.5,1630.0,4066,0,35,63.0,2.6,6.2,7,-0.32
SITE151,1995,28.6,13.9,20.9,523.9,1632.0,4062,0,35,63.0,2.3,6.6,2,-0.34
SITE151,1996,28.6,13.8,20.9,567.7,1625.0,4049,0,35,64.0,2.4,6.2,10,-0.39
SITE151,1997,28.5,13.7,20.8,330.5,1644.0,4028,0,35,63.0,2.2,6.4,-36,-0.5
SITE151,1998,28.5,13.8,20.9,411.1,1639.0,4043,0,35,63.0,2.2,6.4,-20,-0.43
SITE151,1999,28.5,13.7,20.8,528.7,1627.0,4037,0,35,64.0,2.2,6.6,3,-0.45
SITE151,2000,28.5,13.8,20.9,440.2,1636.0,4044,0,35,63.0,2.5,6.7,-14,-0.42
SITE151,2001,28.5,13.7,20.8,633.6,1616.0,4035,0,35,65.0,2.3,6.2,23,-0.46
SITE151,2002,28.6,13.8,20.9,624.3,1620.0,4052,0,35,64.0,2.4,6.4,21,-0.38
SITE151,2003,28.8,14.0,21.1,424.2,1648.0,4092,0,36,62.0,2.8,6.5,-17,-0.19
SITE151,2004,28.7,14.0,21.1,403.3,1648.0,4084,0,36,62.0,2.7,6.8,-22,-0.23
SITE151,2005,28.9,14.1,21.2,304.5,1663.0,4111,0,36,61.0,2.7,6.8,-41,-0.1
SITE151,2006,28.7,13.9,21.0,540.9,1633.0,4073,0,36,63.0,2.7,6.1,5,-0.28
SITE151,2007,28.8,14.0,21.1,594.5,1633.0,4099,0,36,63.0,2.5,6.1,16,-0.15
SITE151,2008,28.8,14.0,21.1,588.1,1634.0,4100,0,36,63.0,2.6,6.3,14,-0.15
SITE151,2009,28.8,14.1,21.2,565.9,1637.0,4107,0,36,63.0,2.3,6.2,10,-0.12
SITE151,2010,29.0,14.2,21.3,617.0,1638.0,4134,0,37,63.0,2.2,6.1,20,0.01
SITE151,2011,29.0,14.3,21.4,344.2,1666.0,4145,0,37,61.0,2.2,6.4,-33,0.07
SITE151,2012,29.2,14.4,21.5,567.4,1651.0,4177,0,37,61.0,2.4,6.3,10,0.22
SITE151,2013,29.3,14.5,21.6,608.5,1650.0,4191,0,38,61.0,3.0,6.1,18,0.29
SITE151,2014,29.4,14.6,21.7,258.2,1688.0,4211,0,38,59.0,2.6,6.3,-50,0.39
SITE151,2015,29.4,14.7,21.7,797.0,1639.0,4228,0,38,62.0,2.4,6.2,55,0.47
SITE151,2016,29.4,14.6,21.7,590.8,1659.0,4224,0,38,61.0,2.5,6.2,15,0.45
SITE151,2017,29.4,14.6,21.7,331.6,1684.0,4226,0,38,59.0,2.8,6.7,-35,0.46
SITE151,2018,29.4,14.7,21.8,587.3,1660.0,4229,0,38,61.0,2.2,6.6,14,0.47
SITE151,2019,29.4,14.6,21.7,287.3,1689.0,4226,0,38,59.0,2.6,6.9,-44,0.46
SITE151,2020,29.6,14.8,21.9,992.6,1626.0,4258,0,39,62.0,2.6,5.6,93,0.62
SITE151,2021,29.5,14.8,21.9,283.8,1694.0,4251,0,39,58.0,2.4,6.6,-45,0.58
SITE151,2022,29.6,14.8,21.9,609.2,1665.0,4262,0,39,60.0,2.5,6.2,19,0.64
SITE151,2023,29.5,14.8,21.8,672.4,1656.0,4247,0,39,61.0,2.3,6.3,31,0.57
SITE151,2024,29.5,14.8,21.8,688.8,1654.0,4248,0,39,61.0,2.1,6.1,34,0.57
SITE152,1991,28.4,13.0,20.4,361.9,1650.0,3883,0,39,64.0,2.6,6.4,1,-0.49
SITE152,1992,28.4,13.0,20.4,496.1,1631.0,3879,0,39,65.0,2.6,6.0,38,-0.51
SITE152,1993,28.4,13.0,20.4,303.1,1659.0,3887,0,39,63.0,2.8,6.4,-16,-0.47
SITE152,1994,28.4,13.0,20.4,358.2,1652.0,3889,0,39,64.0,2.4,6.3,-1,-0.46
SITE152,1995,28.5,13.1,20.5,276.1,1669.0,3914,0,40,63.0,2.5,6.3,-23,-0.33
SITE152,1996,28.7,13.3,20.7,439.2,1652.0,3940,0,40,63.0,2.5,6.1,22,-0.2
SITE152,1997,28.7,13.3,20.7,260.0,1678.0,3945,0,41,62.0,2.4,6.5,-28,-0.18
SITE152,1998,28.8,13.4,20.8,375.5,1665.0,3962,0,41,62.0,2.6,6.2,4,-0.09
SITE152,1999,28.7,13.3,20.7,299.7,1673.0,3947,0,41,62.0,2.5,6.5,-17,-0.17
SITE152,2000,28.8,13.3,20.7,407.6,1659.0,3955,0,41,63.0,2.7,6.1,13,-0.13
SITE152,2001,28.8,13.4,20.8,350.6,1670.0,3967,0,41,62.0,2.8,6.3,-3,-0.07
SITE152,2002,28.9,13.5,20.9,492.2,1653.0,3981,0,41,63.0,2.6,6.0,37,0.0
SITE152,2003,28.8,13.4,20.8,342.5,1672.0,3970,0,41,62.0,2.1,6.4,-5,-0.05
SITE152,2004,28.9,13.4,20.8,246.6,1686.0,3975,0,41,61.0,2.5,6.8,-31,-0.02
SITE152,2005,28.8,13.4,20.8,297.8,1676.0,3961,0,41,62.0,2.4,6.5,-17,-0.09
SITE152,2006,28.8,13.4,20.8,382.7,1665.0,3965,0,41,62.0,2.4,6.4,6,-0.08
SITE152,2007,28.8,13.4,20.8,224.2,1686.0,3962,0,41,61.0,2.5,6.5,-38,-0.09
SITE152,2008,28.8,13.4,20.8,352.7,1668.0,3962,0,41,62.0,2.4,6.4,-2,-0.09
SITE152,2009,28.9,13.5,20.9,333.8,1675.0,3980,0,41,62.0,2.7,6.4,-7,-0.0
SITE152,2010,28.8,13.4,20.8,353.4,1671.0,3974,0,41,62.0,2.3,6.3,-2,-0.03
SITE152,2011,28.8,13.4,20.8,383.6,1666.0,3971,0,41,62.0,2.6,6.5,7,-0.05
SITE152,2012,28.8,13.4,20.8,163.2,1697.0,3970,0,41,61.0,2.2,6.5,-55,-0.05
SITE152,2013,28.9,13.5,20.9,311.8,1681.0,3994,0,42,61.0,2.4,6.5,-13,0.07
SITE152,2014,28.9,13.5,20.9,246.7,1690.0,3991,0,42,61.0,2.4,6.7,-31,0.06
SITE152,2015,29.0,13.6,21.0,232.6,1695.0,4007,0,42,60.0,2.5,6.6,-35,0.13
SITE152,2016,29.1,13.7,21.1,441.8,1670.0,4025,0,42,62.0,2.6,6.2,23,0.22
SITE152,2017,29.1,13.7,21.1,555.7,1653.0,4023,0,42,63.0,2.3,6.0,54,0.21
SITE152,2018,29.2,13.8,21.2,543.8,1658.0,4038,0,42,62.0,2.6,6.0,51,0.29
SITE152,2019,29.2,13.8,21.2,498.5,1667.0,4048,0,43,62.0,2.3,6.2,38,0.34
SITE152,2020,29.2,13.8,21.2,410.5,1678.0,4045,0,43,61.0,2.6,6.5,14,0.33
SITE152,2021,29.4,14.0,21.3,478.1,1676.0,4076,0,43,61.0,2.4,5.8,33,0.48
SITE152,2022,29.4,13.9,21.3,571.9,1662.0,4075,0,43,62.0,2.5,5.8,59,0.48
SITE152,2023,29.4,14.0,21.4,260.0,1708.0,4084,0,43,59.0,2.1,6.3,-28,0.52
SITE152,2024,29.4,14.0,21.4,289.8,1703.0,4081,0,43,59.0,2.3,6.2,-19,0.51
SITE153,1991,28.8,13.5,20.8,588.8,1670.0,4015,0,43,63.0,2.4,6.5,-10,-0.29
SITE153,1992,29.0,13.6,21.0,562.9,1678.0,4044,0,44,62.0,2.5,6.2,-14,-0.14
SITE153,1993,29.0,13.7,21.0,852.9,1658.0,4054,0,44,63.0,2.3,6.1,31,-0.09
SITE153,1994,29.0,13.7,21.1,749.3,1667.0,4060,0,44,63.0,2.4,6.4,15,-0.06
SITE153,1995,29.1,13.7,21.1,338.9,1701.0,4070,0,44,61.0,2.1,6.8,-48,-0.02
SITE153,1996,29.1,13.7,21.1,633.8,1678.0,4072,0,44,62.0,2.5,6.3,-3,-0.01
SITE153,1997,29.0,13.6,21.0,610.2,1675.0,4049,0,44,62.0,2.4,5.9,-6,-0.12
SITE153,1998,28.9,13.6,20.9,438.3,1686.0,4038,0,44,62.0,3.0,6.7,-33,-0.17
SITE153,1999,29.0,13.6,21.0,453.8,1687.0,4048,0,44,62.0,2.2,6.4,-30,-0.13
SITE153,2000,29.0,13.6,21.0,666.1,1671.0,4050,0,44,63.0,2.5,6.6,2,-0.12
SITE153,2001,28.9,13.6,20.9,688.1,1667.0,4036,0,44,63.0,2.4,6.4,6,-0.18
SITE153,2002,28.9,13.6,20.9,578.9,1675.0,4036,0,44,62.0,2.7,6.6,-11,-0.18
SITE153,2003,28.9,13.5,20.9,1048.7,1637.0,4025,0,43,65.0,2.4,5.9,61,-0.23
SITE153,2004,28.9,13.5,20.9,612.7,1669.0,4022,0,43,63.0,2.2,6.3,-6,-0.25
SITE153,2005,28.9,13.6,20.9,890.2,1651.0,4035,0,44,64.0,2.4,6.3,37,-0.19
SITE153,2006,29.0,13.6,21.0,429.4,1688.0,4042,0,44,62.0,2.6,6.5,-34,-0.16
SITE153,2007,29.0,13.7,21.0,589.4,1678.0,4055,0,44,62.0,2.5,6.5,-10,-0.09
SITE153,2008,29.0,13.7,21.1,908.1,1655.0,4059,0,44,63.0,2.1,6.2,39,-0.07
SITE153,2009,28.9,13.6,20.9,578.2,1676.0,4038,0,44,62.0,2.8,6.3,-11,-0.17
SITE153,2010,29.0,13.6,21.0,368.9,1692.0,4042,0,44,61.0,2.9,6.6,-43,-0.15
SITE153,2011,29.0,13.6,21.0,826.5,1658.0,4047,0,44,63.0,2.7,6.2,27,-0.13
SITE153,2012,29.0,13.6,21.0,833.7,1658.0,4047,0,44,63.0,2.5,6.0,28,-0.13
SITE153,2013,29.1,13.8,21.1,467.5,1692.0,4074,0,44,61.0,2.5,6.5,-28,0.0
SITE153,2014,29.2,13.9,21.3,814.7,1671.0,4101,0,45,62.0,2.7,6.3,25,0.14
SITE153,2015,29.2,13.8,21.2,590.2,1685.0,4087,0,45,61.0,2.4,6.4,-9,0.07
SITE153,2016,29.1,13.8,21.1,463.7,1692.0,4075,0,44,61.0,2.3,6.5,-29,0.01
SITE153,2017,29.2,13.8,21.2,638.6,1682.0,4091,0,45,62.0,2.5,6.4,-2,0.09
SITE153,2018,29.3,13.9,21.3,787.3,1675.0,4114,0,45,62.0,2.1,6.0,21,0.2
SITE153,2019,29.3,14.0,21.3,728.7,1681.0,4119,0,45,61.0,2.6,6.2,12,0.22
SITE153,2020,29.4,14.1,21.4,888.1,1673.0,4139,0,46,62.0,2.3,6.1,36,0.32
SITE153,2021,29.5,14.2,21.6,640.7,1697.0,4163,0,46,60.0,2.6,6.3,-2,0.44
SITE153,2022,29.6,14.2,21.6,619.7,1701.0,4171,0,46,60.0,2.5,6.6,-5,0.48
SITE153,2023,29.6,14.2,21.6,673.3,1696.0,4171,0,46,60.0,2.4,6.4,3,0.48
SITE153,2024,29.7,14.4,21.8,516.1,1715.0,4202,0,47,59.0,2.4,6.6,-21,0.63
SITE154,1991,19.1,10.2,14.5,993.0,1187.0,1735,0,0,63.0,2.3,6.1,4,-0.34
SITE154,1992,19.1,10.2,14.5,807.7,1194.0,1736,0,0,63.0,2.6,6.4,-15,-0.33
SITE154,1993,19.1,10.2,14.5,1169.6,1179.0,1733,0,0,64.0,2.3,6.2,23,-0.36
SITE154,1994,19.1,10.2,14.5,1213.6,1179.0,1737,0,0,64.0,2.3,6.1,27,-0.32
SITE154,1995,19.1,10.2,14.5,1171.9,1180.0,1736,0,0,64.0,2.3,6.1,23,-0.33
SITE154,1996,19.1,10.2,14.5,836.6,1193.0,1736,0,0,63.0,2.6,6.5,-12,-0.33
SITE154,1997,19.1,10.2,14.5,1130.5,1180.0,1732,0,0,64.0,2.7,6.2,19,-0.36
SITE154,1998,19.1,10.2,14.5,820.4,1193.0,1734,0,0,63.0,2.3,6.5,-14,-0.34
SITE154,1999,19.1,10.2,14.5,1246.5,1178.0,1736,0,0,64.0,2.3,6.1,31,-0.32
SITE154,2000,19.2,10.3,14.6,1137.5,1185.0,1744,0,0,64.0,2.5,6.3,19,-0.23
SITE154,2001,19.4,10.5,14.7,1131.0,1190.0,1756,0,0,63.0,2.8,6.5,19,-0.1
SITE154,2002,19.4,10.5,14.8,1015.9,1196.0,1759,0,0,62.0,2.3,6.1,7,-0.06
SITE154,2003,19.3,10.4,14.7,1020.9,1192.0,1751,0,0,63.0,2.3,6.2,7,-0.16
SITE154,2004,19.4,10.5,14.7,956.8,1198.0,1758,0,0,62.0,2.4,6.3,0,-0.08
SITE154,2005,19.5,10.6,14.8,693.9,1211.0,1767,0,0,61.0,2.5,6.3,-27,0.02
SITE154,2006,19.3,10.4,14.7,766.2,1204.0,1755,0,0,62.0,2.6,6.6,-20,-0.1
SITE154,2007,19.4,10.5,14.8,1380.3,1183.0,1762,0,0,63.0,2.3,6.3,45,-0.03
SITE154,2008,19.5,10.6,14.9,1367.5,1187.0,1769,0,0,63.0,2.5,5.9,43,0.05
SITE154,2009,19.5,10.6,14.9,778.7,1209.0,1769,0,0,61.0,2.5,6.1,-18,0.05
SITE154,2010,19.5,10.6,14.9,1236.8,1192.0,1770,0,0,63.0,2.2,6.2,30,0.06
SITE154,2011,19.6,10.7,15.0,912.7,1208.0,1778,0,0,61.0,2.9,6.2,-4,0.15
SITE154,2012,19.6,10.7,15.0,1065.3,1203.0,1780,0,0,62.0,2.4,6.3,12,0.17
SITE154,2013,19.6,10.7,14.9,908.7,1207.0,1776,0,0,61.0,3.1,6.5,-5,0.12
SITE154,2014,19.5,10.6,14.9,1065.6,1198.0,1770,0,0,62.0,2.4,6.1,12,0.06
SITE154,2015,19.6,10.7,14.9,1095.3,1199.0,1774,0,0,62.0,2.6,6.4,15,0.1
SITE154,2016,19.6,10.7,15.0,1178.8,1198.0,1780,0,0,62.0,2.4,6.1,24,0.17
SITE154,2017,19.6,10.7,15.0,1092.7,1201.0,1780,0,0,62.0,2.7,6.0,15,0.17
SITE154,2018,19.7,10.8,15.1,1073.2,1205.0,1787,0,0,61.0,2.8,6.4,13,0.25
SITE154,2019,19.8,10.9,15.2,1140.1,1207.0,1797,0,0,61.0,2.6,6.1,20,0.37
SITE154,2020,19.8,10.9,15.1,1107.4,1207.0,1793,0,0,61.0,2.3,6.5,16,0.32
SITE154,2021,19.7,10.8,15.1,788.6,1218.0,1791,0,0,60.0,2.3,6.3,-17,0.29
SITE154,2022,19.8,10.9,15.2,620.6,1227.0,1797,0,0,59.0,2.3,6.6,-35,0.37
SITE154,2023,19.9,11.0,15.3,919.4,1218.0,1804,0,0,60.0,2.7,6.3,-4,0.45
SITE154,2024,20.0,11.1,15.4,1312.9,1209.0,1817,0,0,61.0,2.5,6.4,38,0.6
SITE155,1991,17.9,9.0,13.2,415.3,1155.0,1380,0,0,64.0,2.3,6.4,-37,-0.67
SITE155,1992,17.9,9.0,13.2,700.0,1140.0,1381,0,0,65.0,2.3,6.4,7,-0.65
SITE155,1993,18.0,9.1,13.4,501.7,1155.0,1389,0,0,63.0,2.4,6.4,-23,-0.54
SITE155,1994,18.0,9.1,13.4,561.3,1154.0,1393,0,0,64.0,2.6,6.3,-14,-0.49
SITE155,1995,18.1,9.2,13.5,725.8,1149.0,1401,0,0,64.0,2.7,6.1,11,-0.38
SITE155,1996,18.3,9.4,13.7,511.6,1166.0,1411,0,0,62.0,2.7,6.6,-22,-0.24
SITE155,1997,18.3,9.4,13.7,490.2,1167.0,1411,0,0,62.0,2.5,6.5,-25,-0.23
SITE155,1998,18.4,9.5,13.8,552.9,1168.0,1420,0,0,62.0,2.1,6.4,-16,-0.11
SITE155,1999,18.4,9.5,13.8,940.7,1149.0,1422,0,0,64.0,2.4,6.2,44,-0.08
SITE155,2000,18.4,9.5,13.8,610.1,1166.0,1422,0,0,62.0,2.4,5.9,-7,-0.09
SITE155,2001,18.4,9.5,13.8,601.5,1166.0,1420,0,0,62.0,2.5,6.5,-8,-0.1
SITE155,2002,18.4,9.5,13.7,616.9,1163.0,1416,0,0,62.0,2.5,6.3,-6,-0.16
SITE155,2003,18.4,9.5,13.8,591.3,1167.0,1421,0,0,62.0,2.4,6.4,-10,-0.1
SITE155,2004,18.4,9.5,13.8,576.2,1168.0,1422,0,0,62.0,2.6,6.8,-12,-0.09
SITE155,2005,18.5,9.6,13.9,691.8,1164.0,1426,0,0,62.0,2.6,6.5,6,-0.02
SITE155,2006,18.4,9.5,13.8,893.3,1151.0,1422,0,0,63.0,2.5,6.0,36,-0.08
SITE155,2007,18.5,9.6,13.9,993.8,1148.0,1427,0,0,64.0,2.7,5.9,52,-0.02
SITE155,2008,18.4,9.5,13.8,707.0,1161.0,1422,0,0,63.0,2.9,6.4,8,-0.08
SITE155,2009,18.4,9.5,13.8,463.8,1173.0,1420,0,0,62.0,2.5,6.5,-29,-0.12
SITE155,2010,18.4,9.5,13.8,392.0,1176.0,1419,0,0,61.0,2.9,6.3,-40,-0.12
SITE155,2011,18.4,9.5,13.8,540.2,1169.0,1421,0,0,62.0,2.7,6.5,-18,-0.1
SITE155,2012,18.5,9.6,13.9,863.9,1154.0,1426,0,0,63.0,2.4,6.1,32,-0.03
SITE155,2013,18.5,9.6,13.9,505.6,1175.0,1428,0,0,61.0,2.4,6.5,-23,0.0
SITE155,2014,18.6,9.7,13.9,264.8,1190.0,1432,0,0,60.0,2.3,6.9,-60,0.05
SITE155,2015,18.7,9.8,14.1,528.6,1180.0,1440,0,0,61.0,2.6,6.6,-19,0.16
SITE155,2016,18.9,10.0,14.3,898.3,1167.0,1454,0,0,62.0,2.6,6.1,37,0.37
SITE155,2017,19.0,10.1,14.3,644.2,1184.0,1460,0,0,60.0,2.9,6.4,-2,0.45
SITE155,2018,19.0,10.1,14.3,846.4,1172.0,1459,0,0,61.0,2.8,6.0,29,0.43
SITE155,2019,18.9,10.0,14.3,682.9,1179.0,1455,0,0,61.0,2.3,6.2,4,0.38
SITE155,2020,19.0,10.1,14.4,542.2,1190.0,1462,0,0,60.0,2.3,6.5,-17,0.48
SITE155,2021,18.9,10.0,14.3,701.1,1179.0,1455,0,0,61.0,2.5,6.6,7,0.39
SITE155,2022,19.0,10.1,14.4,584.9,1187.0,1460,0,0,60.0,2.7,6.4,-11,0.46
SITE155,2023,19.1,10.2,14.5,308.9,1207.0,1469,0,0,58.0,2.5,6.7,-53,0.58
SITE155,2024,19.3,10.3,14.6,509.6,1201.0,1480,0,0,58.0,2.6,6.8,-22,0.73
SITE156,1991,18.8,9.9,14.2,803.9,1190.0,1694,0,0,63.0,2.5,6.2,-35,-0.57
SITE156,1992,18.8,9.9,14.2,1052.4,1181.0,1690,0,0,64.0,2.5,6.5,-15,-0.61
SITE156,1993,18.7,9.8,14.0,751.8,1186.0,1681,0,0,64.0,2.4,6.7,-39,-0.71
SITE156,1994,18.7,9.8,14.1,1452.2,1168.0,1687,0,0,65.0,2.7,6.2,18,-0.65
SITE156,1995,18.9,10.0,14.3,1101.7,1184.0,1699,0,0,64.0,2.6,6.7,-11,-0.5
SITE156,1996,18.8,9.9,14.2,1073.5,1182.0,1694,0,0,64.0,2.3,6.5,-13,-0.56
SITE156,1997,18.9,10.0,14.2,1114.9,1182.0,1698,0,0,64.0,2.4,6.4,-9,-0.52
SITE156,1998,18.8,9.9,14.2,1133.7,1180.0,1694,0,0,64.0,2.4,6.2,-8,-0.57
SITE156,1999,18.9,10.0,14.2,1258.5,1178.0,1698,0,0,64.0,2.6,6.4,2,-0.52
SITE156,2000,19.0,10.1,14.4,1387.3,1179.0,1708,0,0,64.0,2.6,6.4,13,-0.41
SITE156,2001,19.1,10.2,14.4,1185.7,1188.0,1715,0,0,63.0,2.9,6.3,-4,-0.32
SITE156,2002,19.0,10.1,14.3,938.4,1191.0,1707,0,0,63.0,2.4,6.4,-24,-0.42
SITE156,2003,19.1,10.2,14.5,1262.9,1187.0,1718,0,0,63.0,2.1,6.5,3,-0.28
SITE156,2004,19.0,10.1,14.4,1057.2,1190.0,1711,0,0,63.0,2.5,6.5,-14,-0.37
SITE156,2005,19.1,10.2,14.5,1637.1,1176.0,1718,0,0,64.0,2.6,6.2,33,-0.29
SITE156,2006,19.1,10.2,14.5,952.9,1197.0,1720,0,0,62.0,2.6,6.6,-23,-0.26
SITE156,2007,19.2,10.3,14.5,1052.6,1195.0,1723,0,0,62.0,2.8,6.5,-14,-0.23
SITE156,2008,19.3,10.4,14.7,1297.3,1195.0,1739,0,0,62.0,2.8,6.5,5,-0.05
SITE156,2009,19.4,10.5,14.8,1067.1,1203.0,1743,0,0,62.0,2.5,6.6,-13,-0.0
SITE156,2010,19.4,10.5,14.8,1802.3,1184.0,1748,0,0,63.0,2.6,5.7,46,0.06
SITE156,2011,19.6,10.7,14.9,1383.6,1200.0,1759,0,0,62.0,2.7,6.2,12,0.18
SITE156,2012,19.6,10.7,15.0,1261.9,1206.0,1763,0,0,61.0,2.4,6.4,3,0.23
SITE156,2013,19.7,10.8,15.0,1382.4,1204.0,1768,0,0,61.0,2.6,6.3,12,0.29
SITE156,2014,19.7,10.8,15.0,1250.7,1208.0,1766,0,0,61.0,2.8,6.3,2,0.27
SITE156,2015,19.7,10.8,15.1,795.4,1223.0,1772,0,0,60.0,2.7,6.5,-35,0.33
SITE156,2016,19.7,10.8,15.1,1448.4,1205.0,1774,0,0,61.0,2.3,6.3,18,0.35
SITE156,2017,19.9,11.0,15.2,1189.8,1217.0,1786,0,0,60.0,2.8,6.5,-3,0.49
SITE156,2018,19.9,11.0,15.3,1376.7,1213.0,1788,0,0,60.0,2.4,6.2,12,0.51
SITE156,2019,20.0,11.1,15.4,946.6,1231.0,1800,0,0,59.0,2.4,6.6,-23,0.66
SITE156,2020,20.1,11.2,15.5,1089.9,1228.0,1805,0,0,59.0,2.6,6.4,-11,0.7
SITE156,2021,20.2,11.3,15.6,1150.8,1230.0,1813,0,0,59.0,2.7,6.2,-7,0.8
SITE156,2022,20.3,11.4,15.7,666.6,1250.0,1826,0,0,57.0,2.9,6.7,-46,0.94
SITE156,2023,20.4,11.5,15.7,1447.1,1228.0,1828,0,0,59.0,2.6,6.1,18,0.97
SITE156,2024,20.5,11.6,15.8,1437.4,1231.0,1836,0,0,58.0,2.6,6.0,17,1.07
SITE157,1991,17.2,8.4,12.6,853.9,1107.0,1047,0,0,62.0,2.4,6.6,-29,-0.32
SITE157,1992,17.2,8.4,12.6,1365.0,1093.0,1047,0,0,64.0,2.2,6.4,14,-0.33
SITE157,1993,17.2,8.4,12.6,887.8,1107.0,1049,0,0,62.0,2.6,6.5,-26,-0.29
SITE157,1994,17.2,8.4,12.6,2262.7,1070.0,1050,0,0,66.0,2.6,5.8,89,-0.28
SITE157,1995,17.2,8.4,12.6,1934.0,1078.0,1049,0,0,65.0,2.3,5.9,61,-0.3
SITE157,1996,17.2,8.4,12.6,1645.9,1087.0,1049,0,0,64.0,2.4,6.3,37,-0.29
SITE157,1997,17.2,8.4,12.6,1131.5,1101.0,1049,0,0,63.0,2.6,6.3,-6,-0.29
SITE157,1998,17.2,8.4,12.6,1722.6,1084.0,1049,0,0,65.0,2.6,6.0,44,-0.3
SITE157,1999,17.3,8.5,12.7,938.9,1109.0,1053,0,0,62.0,2.6,6.5,-22,-0.21
SITE157,2000,17.2,8.4,12.6,1570.0,1088.0,1048,0,0,64.0,2.4,6.2,31,-0.31
SITE157,2001,17.2,8.4,12.6,1211.6,1099.0,1051,0,0,63.0,2.5,6.2,1,-0.27
SITE157,2002,17.3,8.5,12.7,1260.3,1102.0,1056,0,0,63.0,2.5,6.3,5,-0.17
SITE157,2003,17.4,8.6,12.8,1025.8,1110.0,1059,0,0,62.0,2.5,6.4,-14,-0.1
SITE157,2004,17.3,8.5,12.7,940.7,1109.0,1055,0,0,62.0,2.9,6.5,-22,-0.19
SITE157,2005,17.3,8.5,12.8,729.9,1117.0,1056,0,0,61.0,2.7,6.4,-39,-0.15
SITE157,2006,17.3,8.5,12.7,1639.1,1089.0,1053,0,0,64.0,2.3,6.1,37,-0.23
SITE157,2007,17.3,8.5,12.8,1168.5,1105.0,1057,0,0,62.0,2.9,6.5,-3,-0.14
SITE157,2008,17.4,8.6,12.8,1693.3,1091.0,1059,0,0,64.0,2.9,6.3,41,-0.11
SITE157,2009,17.4,8.6,12.8,895.2,1114.0,1059,0,0,62.0,2.4,6.4,-25,-0.11
SITE157,2010,17.4,8.6,12.8,1120.3,1109.0,1060,0,0,62.0,2.3,6.4,-7,-0.08
SITE157,2011,17.4,8.6,12.9,729.9,1121.0,1063,0,0,61.0,2.5,6.5,-39,-0.03
SITE157,2012,17.5,8.7,12.9,1464.4,1103.0,1066,0,0,63.0,2.1,6.4,22,0.03
SITE157,2013,17.7,8.9,13.1,973.3,1123.0,1075,0,0,61.0,2.4,6.6,-19,0.19
SITE157,2014,17.7,8.9,13.2,1347.7,1115.0,1079,0,0,61.0,2.3,6.4,12,0.26
SITE157,2015,17.6,8.8,13.0,1614.9,1102.0,1071,0,0,63.0,2.4,6.1,35,0.11
SITE157,2016,17.7,8.9,13.1,1532.8,1106.0,1074,0,0,62.0,2.6,6.3,28,0.17
SITE157,2017,17.7,8.9,13.1,1148.6,1118.0,1076,0,0,61.0,2.8,6.4,-4,0.21
SITE157,2018,17.9,9.1,13.3,1571.9,1112.0,1084,0,0,61.0,2.6,6.3,31,0.37
SITE157,2019,17.8,9.0,13.3,1020.1,1127.0,1083,0,0,60.0,2.4,6.2,-15,0.35
SITE157,2020,17.9,9.1,13.3,1101.0,1126.0,1085,0,0,60.0,2.4,6.3,-8,0.39
SITE157,2021,18.0,9.2,13.4,1190.1,1127.0,1090,0,0,60.0,2.7,6.2,-1,0.48
SITE157,2022,18.1,9.3,13.5,1261.7,1129.0,1096,0,0,60.0,2.9,6.3,5,0.59
SITE157,2023,18.1,9.3,13.5,827.5,1143.0,1099,0,0,59.0,2.6,6.7,-31,0.64
SITE157,2024,18.2,9.4,13.6,1020.3,1139.0,1101,0,0,59.0,2.4,6.3,-15,0.68
SITE158,1991,16.8,8.0,12.2,604.6,1095.0,901,0,0,62.0,2.2,6.6,-29,-0.26
SITE158,1992,16.8,8.0,12.2,513.7,1097.0,900,0,0,62.0,2.4,6.4,-39,-0.28
SITE158,1993,16.8,8.0,12.2,1072.7,1077.0,901,0,0,64.0,2.9,6.0,27,-0.26
SITE158,1994,16.8,8.0,12.2,963.6,1081.0,902,0,0,63.0,2.1,6.3,14,-0.25
SITE158,1995,16.9,8.1,12.3,538.3,1099.0,904,0,0,62.0,3.2,6.3,-36,-0.2
SITE158,1996,16.9,8.1,12.3,713.5,1093.0,904,0,0,62.0,2.6,6.4,-16,-0.19
SITE158,1997,16.9,8.1,12.3,879.7,1088.0,906,0,0,63.0,2.7,6.0,4,-0.15
SITE158,1998,16.8,8.0,12.2,885.6,1084.0,901,0,0,63.0,2.5,6.2,5,-0.26
SITE158,1999,16.9,8.1,12.3,948.3,1086.0,907,0,0,63.0,2.4,6.5,12,-0.14
SITE158,2000,16.9,8.1,12.4,663.2,1098.0,908,0,0,62.0,2.3,6.5,-22,-0.12
SITE158,2001,16.9,8.1,12.3,757.2,1092.0,906,0,0,62.0,3.1,6.2,-11,-0.16
SITE158,2002,16.9,8.1,12.4,684.9,1097.0,908,0,0,62.0,2.4,6.3,-19,-0.12
SITE158,2003,16.9,8.1,12.3,542.1,1099.0,904,0,0,62.0,3.0,6.8,-36,-0.2
SITE158,2004,16.9,8.1,12.3,1226.0,1074.0,905,0,0,64.0,2.3,6.3,45,-0.18
SITE158,2005,16.9,8.1,12.4,667.5,1097.0,907,0,0,62.0,2.3,6.5,-21,-0.13
SITE158,2006,17.0,8.2,12.4,1145.9,1079.0,908,0,0,63.0,2.3,6.0,35,-0.11
SITE158,2007,17.0,8.2,12.4,815.1,1092.0,908,0,0,62.0,2.2,6.2,-4,-0.1
SITE158,2008,16.9,8.1,12.3,836.8,1089.0,906,0,0,63.0,2.5,6.6,-1,-0.16
SITE158,2009,17.0,8.2,12.4,1055.4,1083.0,908,0,0,63.0,2.9,6.1,25,-0.1
SITE158,2010,17.0,8.2,12.4,980.9,1087.0,910,0,0,63.0,2.0,6.3,16,-0.06
SITE158,2011,17.0,8.2,12.4,749.7,1097.0,911,0,0,62.0,2.7,6.3,-11,-0.04
SITE158,2012,17.0,8.2,12.4,794.5,1094.0,910,0,0,62.0,2.8,6.4,-6,-0.07
SITE158,2013,17.0,8.2,12.4,1145.7,1081.0,910,0,0,63.0,2.7,6.0,35,-0.07
SITE158,2014,17.1,8.3,12.5,761.9,1099.0,914,0,0,62.0,2.7,5.9,-10,0.02
SITE158,2015,17.2,8.4,12.6,999.1,1093.0,919,0,0,62.0,2.6,6.3,18,0.12
SITE158,2016,17.2,8.4,12.6,1410.5,1078.0,919,0,0,63.0,2.6,6.0,67,0.14
SITE158,2017,17.3,8.5,12.7,698.3,1109.0,924,0,0,61.0,2.4,6.5,-18,0.24
SITE158,2018,17.3,8.5,12.8,698.7,1111.0,926,0,0,60.0,2.3,6.4,-18,0.29
SITE158,2019,17.4,8.6,12.8,1181.5,1094.0,929,0,0,62.0,2.7,6.1,39,0.34
SITE158,2020,17.5,8.7,13.0,912.2,1110.0,936,0,0,60.0,2.4,6.3,8,0.49
SITE158,2021,17.5,8.7,12.9,873.2,1110.0,934,0,0,60.0,2.7,6.5,3,0.46
SITE158,2022,17.5,8.7,13.0,926.3,1109.0,935,0,0,60.0,2.3,6.3,9,0.49
SITE158,2023,17.5,8.7,12.9,715.7,1117.0,934,0,0,60.0,2.3,6.3,-16,0.46
SITE158,2024,17.6,8.8,13.0,806.2,1116.0,938,0,0,60.0,2.4,6.4,-5,0.55
SITE159,1991,16.3,7.5,11.7,1470.3,1067.0,864,0,0,65.0,2.5,6.5,-5,-0.72
SITE159,1992,16.3,7.5,11.7,1965.8,1058.0,866,0,0,66.0,2.6,6.2,27,-0.7
SITE159,1993,16.4,7.6,11.8,1891.1,1062.0,868,0,0,65.0,2.3,6.2,22,-0.64
SITE159,1994,16.5,7.7,11.9,1608.3,1071.0,872,0,0,64.0,2.3,6.4,4,-0.55
SITE159,1995,16.5,7.7,12.0,1226.9,1082.0,876,0,0,63.0,2.1,6.5,-21,-0.47
SITE159,1996,16.7,7.9,12.1,715.5,1097.0,881,0,0,62.0,2.4,6.6,-54,-0.35
SITE159,1997,16.6,7.8,12.0,1213.2,1084.0,878,0,0,63.0,2.5,6.6,-22,-0.42
SITE159,1998,16.5,7.7,12.0,3724.2,1030.0,875,0,0,68.0,2.6,5.5,140,-0.48
SITE159,1999,16.6,7.8,12.0,800.0,1092.0,877,0,0,62.0,2.4,6.7,-48,-0.44
SITE159,2000,16.6,7.8,12.1,1580.4,1078.0,880,0,0,64.0,2.8,6.3,2,-0.37
SITE159,2001,16.7,7.9,12.1,792.0,1096.0,882,0,0,62.0,2.2,6.6,-49,-0.33
SITE159,2002,16.7,7.9,12.1,1150.9,1090.0,883,0,0,62.0,2.2,6.5,-26,-0.3
SITE159,2003,16.7,7.9,12.2,1813.4,1077.0,885,0,0,64.0,2.2,6.6,17,-0.27
SITE159,2004,16.8,8.0,12.2,1806.3,1078.0,886,0,0,63.0,2.0,6.4,16,-0.25
SITE159,2005,16.7,7.9,12.1,1826.1,1076.0,884,0,0,64.0,2.3,6.4,18,-0.29
SITE159,2006,16.9,8.0,12.3,1390.7,1089.0,890,0,0,62.0,2.4,6.3,-10,-0.16
SITE159,2007,16.9,8.1,12.3,1122.6,1097.0,891,0,0,62.0,2.1,6.4,-28,-0.12
SITE159,2008,17.0,8.1,12.4,3148.1,1056.0,894,0,0,65.0,2.5,5.6,103,-0.06
SITE159,2009,16.9,8.1,12.4,1577.0,1089.0,893,0,0,62.0,2.6,6.1,2,-0.07
SITE159,2010,17.0,8.2,12.5,1154.9,1101.0,898,0,0,61.0,2.7,6.4,-26,0.02
SITE159,2011,17.0,8.2,12.5,1737.0,1089.0,898,0,0,62.0,2.3,6.2,12,0.02
SITE159,2012,17.2,8.4,12.6,1096.4,1107.0,904,0,0,61.0,2.4,6.5,-29,0.15
SITE159,2013,17.2,8.4,12.6,1506.6,1098.0,904,0,0,61.0,2.6,6.4,-3,0.15
SITE159,2014,17.3,8.5,12.7,1410.0,1105.0,909,0,0,61.0,2.5,6.7,-9,0.28
SITE159,2015,17.3,8.5,12.7,1702.8,1098.0,908,0,0,61.0,2.7,6.4,10,0.26
SITE159,2016,17.4,8.6,12.8,1807.4,1099.0,912,0,0,61.0,2.2,6.3,17,0.34
SITE159,2017,17.5,8.7,12.9,1976.9,1099.0,917,0,0,61.0,2.7,6.2,27,0.45
SITE159,2018,17.6,8.8,13.0,1660.2,1110.0,922,0,0,60.0,2.2,6.4,7,0.57
SITE159,2019,17.7,8.9,13.1,1924.9,1108.0,927,0,0,60.0,2.3,6.1,24,0.67
SITE159,2020,17.7,8.9,13.1,1085.8,1126.0,926,0,0,58.0,2.6,6.3,-30,0.66
SITE159,2021,17.8,9.0,13.2,1496.0,1122.0,933,0,0,59.0,2.3,6.3,-4,0.81
SITE159,2022,17.8,9.0,13.2,1266.4,1128.0,933,0,0,58.0,2.8,6.3,-18,0.81
SITE159,2023,17.9,9.1,13.3,1201.2,1132.0,936,0,0,58.0,2.5,6.8,-23,0.89
SITE159,2024,17.9,9.1,13.3,1130.8,1133.0,937,0,0,58.0,2.8,6.5,-27,0.89
SITE160,1991,31.5,21.9,26.5,631.6,1670.0,6063,0,24,41.0,2.9,9.0,-10,-0.73
SITE160,1992,31.5,21.9,26.5,448.2,1683.0,6062,0,24,40.0,2.9,8.9,-36,-0.74
SITE160,1993,31.6,22.0,26.6,488.0,1683.0,6091,0,25,40.0,3.8,8.6,-30,-0.65
SITE160,1994,31.6,22.0,26.6,678.9,1672.0,6109,0,25,40.0,3.4,8.3,-3,-0.59
SITE160,1995,31.8,22.2,26.8,711.9,1676.0,6163,0,25,40.0,2.9,8.4,2,-0.42
SITE160,1996,31.9,22.3,26.9,648.8,1683.0,6186,0,25,39.0,3.3,8.5,-7,-0.34
SITE160,1997,31.9,22.3,26.9,560.7,1689.0,6184,0,25,39.0,3.6,8.8,-20,-0.35
SITE160,1998,31.8,22.2,26.8,635.3,1682.0,6169,0,25,39.0,3.0,8.6,-9,-0.4
SITE160,1999,31.8,22.2,26.8,765.4,1672.0,6164,0,25,40.0,3.4,8.3,10,-0.41
SITE160,2000,31.8,22.3,26.9,648.2,1683.0,6181,0,25,39.0,3.1,8.6,-7,-0.36
SITE160,2001,31.9,22.3,26.9,644.6,1684.0,6188,0,25,39.0,3.4,8.4,-8,-0.34
SITE160,2002,31.9,22.3,26.9,711.4,1678.0,6183,0,25,39.0,3.3,8.3,2,-0.35
SITE160,2003,31.9,22.3,26.9,1168.0,1647.0,6195,0,25,41.0,3.2,7.8,67,-0.31
SITE160,2004,31.9,22.4,27.0,701.3,1682.0,6207,0,26,39.0,4.1,8.4,0,-0.28
SITE160,2005,32.0,22.4,27.0,756.2,1680.0,6227,0,26,39.0,2.9,8.4,8,-0.21
SITE160,2006,32.1,22.5,27.1,865.0,1675.0,6249,0,26,39.0,3.6,8.5,24,-0.14
SITE160,2007,32.2,22.6,27.2,439.1,1709.0,6277,0,26,37.0,3.7,8.8,-37,-0.05
SITE160,2008,32.3,22.7,27.3,869.9,1682.0,6314,0,26,38.0,3.2,8.6,24,0.06
SITE160,2009,32.3,22.7,27.3,835.8,1686.0,6322,0,26,38.0,3.1,8.5,20,0.09
SITE160,2010,32.2,22.6,27.2,833.1,1683.0,6296,0,26,39.0,3.0,8.4,19,0.01
SITE160,2011,32.3,22.7,27.3,585.4,1702.0,6309,0,26,37.0,3.5,8.7,-16,0.05
SITE160,2012,32.3,22.8,27.4,597.4,1705.0,6334,0,27,37.0,3.2,8.4,-15,0.13
SITE160,2013,32.5,22.9,27.5,287.6,1732.0,6375,0,27,35.0,3.1,9.0,-59,0.26
SITE160,2014,32.5,22.9,27.5,744.0,1699.0,6380,0,27,37.0,3.3,8.4,6,0.27
SITE160,2015,32.5,22.9,27.5,482.8,1719.0,6385,0,27,36.0,3.2,8.8,-31,0.29
SITE160,2016,32.6,23.0,27.6,820.3,1697.0,6406,0,27,37.0,2.9,8.7,17,0.35
SITE160,2017,32.6,23.0,27.6,413.4,1729.0,6422,0,27,35.0,3.1,8.8,-41,0.41
SITE160,2018,32.6,23.1,27.7,450.8,1727.0,6431,0,27,35.0,3.3,8.6,-36,0.44
SITE160,2019,32.7,23.1,27.7,470.6,1728.0,6448,0,28,35.0,3.6,9.0,-33,0.49
SITE160,2020,32.8,23.2,27.8,752.5,1710.0,6475,0,28,36.0,2.6,8.4,8,0.58
SITE160,2021,33.0,23.4,28.0,565.2,1730.0,6530,0,28,34.0,3.4,8.6,-19,0.75
SITE160,2022,33.0,23.5,28.1,763.4,1719.0,6554,0,28,35.0,2.7,8.4,9,0.82
SITE160,2023,33.0,23.4,28.0,702.6,1723.0,6549,0,28,35.0,3.0,8.5,1,0.81
SITE160,2024,33.1,23.5,28.1,309.6,1754.0,6571,0,29,33.0,3.7,8.9,-56,0.88
SITE161,1991,30.7,21.2,25.8,720.2,1619.0,5799,0,19,42.0,3.5,8.5,43,-0.65
SITE161,1992,30.8,21.3,25.9,405.6,1654.0,5832,0,19,40.0,3.0,8.6,-19,-0.54
SITE161,1993,30.9,21.4,26.0,314.0,1667.0,5864,0,19,39.0,2.9,8.8,-37,-0.43
SITE161,1994,30.9,21.4,26.0,449.0,1653.0,5859,0,19,39.0,3.1,8.6,-11,-0.45
SITE161,1995,30.9,21.3,25.9,778.2,1619.0,5845,0,19,42.0,3.3,8.4,55,-0.5
SITE161,1996,30.9,21.4,26.0,916.7,1607.0,5858,0,19,42.0,3.5,8.0,83,-0.45
SITE161,1997,30.9,21.3,25.9,538.2,1642.0,5838,0,19,40.0,3.1,8.6,7,-0.52
SITE161,1998,30.9,21.3,25.9,757.2,1622.0,5851,0,19,41.0,3.3,8.3,51,-0.48
SITE161,1999,30.9,21.3,25.9,463.4,1649.0,5842,0,19,40.0,3.1,8.8,-8,-0.51
SITE161,2000,30.9,21.4,26.0,565.7,1641.0,5858,0,19,40.0,3.0,8.3,13,-0.45
SITE161,2001,30.9,21.4,26.0,744.7,1624.0,5861,0,19,41.0,3.4,8.2,48,-0.44
SITE161,2002,31.1,21.5,26.1,577.0,1647.0,5912,0,20,40.0,3.1,8.4,15,-0.28
SITE161,2003,31.3,21.7,26.3,475.1,1663.0,5959,0,20,38.0,3.9,8.6,-5,-0.12
SITE161,2004,31.3,21.7,26.3,173.5,1694.0,5964,0,20,36.0,3.9,8.9,-65,-0.1
SITE161,2005,31.3,21.7,26.3,414.0,1670.0,5963,0,20,38.0,3.2,8.8,-18,-0.1
SITE161,2006,31.3,21.7,26.3,602.6,1650.0,5956,0,20,39.0,3.2,8.4,20,-0.13
SITE161,2007,31.3,21.7,26.3,582.6,1654.0,5970,0,20,39.0,3.1,8.5,16,-0.08
SITE161,2008,31.3,21.8,26.4,379.0,1676.0,5983,0,20,37.0,3.3,8.4,-24,-0.04
SITE161,2009,31.4,21.8,26.4,501.9,1666.0,6005,0,20,38.0,3.3,8.8,0,0.04
SITE161,2010,31.4,21.8,26.4,418.8,1672.0,5985,0,20,38.0,3.2,8.8,-17,-0.03
SITE161,2011,31.5,21.9,26.5,627.5,1657.0,6031,0,20,38.0,2.9,8.4,25,0.13
SITE161,2012,31.5,22.0,26.6,513.6,1670.0,6042,0,20,37.0,3.0,8.5,2,0.16
SITE161,2013,31.6,22.1,26.7,545.3,1670.0,6072,0,21,37.0,3.6,8.4,9,0.26
SITE161,2014,31.6,22.0,26.6,488.6,1674.0,6055,0,20,37.0,3.4,8.5,-3,0.2
SITE161,2015,31.6,22.1,26.7,669.8,1657.0,6069,0,21,38.0,3.2,8.4,33,0.25
SITE161,2016,31.7,22.1,26.7,393.5,1687.0,6089,0,21,36.0,3.2,8.6,-22,0.32
SITE161,2017,31.8,22.2,26.8,365.7,1694.0,6115,0,21,36.0,3.4,8.8,-27,0.4
SITE161,2018,31.9,22.3,26.9,468.8,1687.0,6144,0,21,36.0,3.4,8.8,-7,0.5
SITE161,2019,32.0,22.4,27.0,491.4,1688.0,6167,0,21,36.0,3.2,8.7,-2,0.58
SITE161,2020,32.0,22.5,27.1,316.5,1708.0,6189,0,21,34.0,3.7,8.7,-37,0.65
SITE161,2021,31.9,22.4,27.0,936.8,1642.0,6161,0,21,38.0,3.3,8.0,87,0.56
SITE161,2022,32.1,22.5,27.1,661.7,1674.0,6198,0,21,36.0,2.9,8.5,32,0.68
SITE161,2023,32.1,22.6,27.2,662.4,1677.0,6221,0,22,36.0,3.0,8.5,32,0.76
SITE161,2024,32.2,22.6,27.2,581.4,1687.0,6239,0,22,35.0,3.0,8.2,16,0.82
SITE162,1991,30.6,21.0,25.6,1633.4,1595.0,5752,0,17,43.0,3.1,8.2,82,-0.63
SITE162,1992,30.7,21.1,25.7,825.2,1642.0,5776,0,17,40.0,3.4,8.2,-8,-0.54
SITE162,1993,30.8,21.2,25.8,576.4,1659.0,5805,0,17,39.0,3.1,8.6,-36,-0.45
SITE162,1994,30.7,21.2,25.8,772.0,1647.0,5791,0,17,40.0,3.6,8.5,-14,-0.49
SITE162,1995,30.7,21.2,25.8,1034.2,1633.0,5794,0,17,40.0,3.8,8.4,15,-0.48
SITE162,1996,30.8,21.3,25.9,748.6,1652.0,5821,0,17,39.0,3.4,8.5,-17,-0.39
SITE162,1997,30.9,21.3,25.9,1239.1,1627.0,5837,0,18,41.0,3.2,8.4,38,-0.34
SITE162,1998,30.8,21.3,25.9,1232.7,1626.0,5823,0,17,41.0,3.3,8.1,37,-0.38
SITE162,1999,31.0,21.5,26.1,823.1,1655.0,5881,0,18,39.0,3.0,8.7,-8,-0.19
SITE162,2000,31.1,21.5,26.1,1011.0,1648.0,5905,0,18,39.0,3.4,8.2,13,-0.11
SITE162,2001,31.2,21.6,26.2,768.8,1664.0,5925,0,18,38.0,3.2,8.6,-14,-0.04
SITE162,2002,31.2,21.7,26.3,802.0,1664.0,5938,0,18,38.0,3.2,8.5,-11,0.0
SITE162,2003,31.1,21.5,26.1,978.0,1650.0,5903,0,18,39.0,3.3,8.7,9,-0.12
SITE162,2004,31.0,21.4,26.0,880.5,1650.0,5863,0,18,39.0,2.8,8.4,-2,-0.25
SITE162,2005,31.0,21.4,26.0,1445.7,1618.0,5860,0,18,41.0,3.8,8.4,61,-0.26
SITE162,2006,31.0,21.5,26.1,680.6,1664.0,5883,0,18,38.0,3.1,8.7,-24,-0.18
SITE162,2007,31.2,21.6,26.2,993.5,1650.0,5914,0,18,39.0,3.1,8.6,11,-0.08
SITE162,2008,31.1,21.5,26.1,824.6,1658.0,5898,0,18,38.0,3.0,8.6,-8,-0.13
SITE162,2009,31.1,21.5,26.1,862.7,1656.0,5900,0,18,38.0,3.1,8.5,-4,-0.13
SITE162,2010,31.2,21.6,26.2,946.4,1654.0,5922,0,18,38.0,3.5,8.2,6,-0.05
SITE162,2011,31.2,21.7,26.3,437.2,1684.0,5941,0,18,36.0,3.4,9.1,-51,0.01
SITE162,2012,31.3,21.8,26.4,1197.4,1646.0,5967,0,18,39.0,2.8,8.4,33,0.1
SITE162,2013,31.4,21.8,26.4,520.9,1685.0,5979,0,18,36.0,3.3,8.7,-42,0.14
SITE162,2014,31.4,21.9,26.5,567.3,1684.0,5997,0,19,36.0,3.0,8.9,-37,0.2
SITE162,2015,31.5,21.9,26.5,693.5,1680.0,6014,0,19,36.0,3.0,8.5,-23,0.26
SITE162,2016,31.5,21.9,26.5,942.3,1666.0,6018,0,19,37.0,3.3,8.3,5,0.27
SITE162,2017,31.5,22.0,26.6,1077.3,1660.0,6033,0,19,37.0,3.2,8.3,20,0.32
SITE162,2018,31.6,22.0,26.6,789.5,1678.0,6043,0,19,36.0,3.3,8.6,-12,0.36
SITE162,2019,31.7,22.1,26.7,1201.1,1659.0,6078,0,19,37.0,3.3,8.2,34,0.47
SITE162,2020,31.7,22.1,26.7,988.7,1672.0,6082,0,19,36.0,2.9,8.4,10,0.49
SITE162,2021,31.8,22.2,26.8,752.7,1688.0,6106,0,19,35.0,3.1,8.9,-16,0.57
SITE162,2022,31.8,22.3,26.9,570.9,1700.0,6121,0,19,34.0,3.0,8.6,-36,0.62
SITE162,2023,31.9,22.3,26.9,682.3,1696.0,6140,0,19,35.0,3.3,8.7,-24,0.68
SITE162,2024,32.0,22.4,27.0,515.6,1708.0,6161,0,20,34.0,3.2,8.9,-43,0.75
SITE163,1991,24.8,15.4,20.0,489.7,1203.0,3775,0,0,64.0,2.9,6.7,-29,-0.79
SITE163,1992,24.9,15.5,20.0,538.8,1202.0,3783,0,0,64.0,2.0,6.6,-22,-0.75
SITE163,1993,24.9,15.5,20.0,746.6,1190.0,3779,0,0,65.0,2.2,6.3,8,-0.77
SITE163,1994,24.9,15.5,20.0,654.4,1196.0,3785,0,0,65.0,2.7,6.3,-5,-0.74
SITE163,1995,25.0,15.6,20.1,602.7,1202.0,3808,0,0,64.0,2.9,6.3,-13,-0.62
SITE163,1996,25.0,15.6,20.1,680.2,1199.0,3812,0,0,64.0,2.4,6.2,-1,-0.6
SITE163,1997,25.2,15.8,20.3,419.9,1217.0,3843,0,0,63.0,2.4,6.5,-39,-0.45
SITE163,1998,25.2,15.8,20.3,668.3,1204.0,3842,0,0,64.0,2.4,6.4,-3,-0.45
SITE163,1999,25.3,15.9,20.4,708.1,1206.0,3866,0,0,63.0,2.4,6.4,3,-0.33
SITE163,2000,25.3,15.9,20.4,750.1,1204.0,3867,0,0,64.0,2.4,6.3,9,-0.32
SITE163,2001,25.4,16.0,20.5,562.6,1216.0,3883,0,0,62.0,2.5,6.4,-18,-0.24
SITE163,2002,25.4,16.1,20.6,1115.3,1189.0,3894,0,0,65.0,2.2,5.9,62,-0.19
SITE163,2003,25.4,16.0,20.5,849.5,1203.0,3892,0,0,63.0,2.6,5.9,23,-0.2
SITE163,2004,25.4,16.0,20.5,1041.5,1192.0,3888,0,0,64.0,2.5,5.9,51,-0.22
SITE163,2005,25.5,16.1,20.6,903.1,1200.0,3896,0,0,64.0,2.3,6.3,31,-0.18
SITE163,2006,25.5,16.1,20.6,606.2,1217.0,3900,0,0,62.0,2.4,6.4,-12,-0.15
SITE163,2007,25.5,16.1,20.6,615.6,1216.0,3899,0,0,62.0,2.3,6.4,-11,-0.16
SITE163,2008,25.5,16.1,20.6,522.9,1222.0,3905,0,0,62.0,2.5,6.7,-24,-0.13
SITE163,2009,25.6,16.2,20.8,871.5,1208.0,3932,0,0,63.0,2.6,6.2,26,0.01
SITE163,2010,25.7,16.3,20.8,742.1,1217.0,3943,0,0,62.0,2.6,6.2,8,0.06
SITE163,2011,25.7,16.4,20.9,691.1,1221.0,3954,0,0,62.0,2.4,6.0,0,0.12
SITE163,2012,25.9,16.5,21.0,567.3,1233.0,3986,0,0,60.0,2.7,6.3,-18,0.28
SITE163,2013,25.9,16.5,21.0,688.3,1227.0,3988,0,0,61.0,2.5,6.3,0,0.29
SITE163,2014,25.9,16.6,21.1,748.1,1224.0,3993,0,0,61.0,2.4,6.6,9,0.32
SITE163,2015,26.1,16.7,21.2,761.4,1227.0,4013,0,0,61.0,2.6,6.2,11,0.42
SITE163,2016,26.1,16.7,21.2,928.6,1219.0,4019,0,0,61.0,2.3,6.3,35,0.45
SITE163,2017,26.2,16.8,21.3,772.0,1230.0,4038,0,0,60.0,2.3,6.3,12,0.55
SITE163,2018,26.2,16.8,21.3,830.2,1227.0,4037,0,0,60.0,2.5,6.3,20,0.54
SITE163,2019,26.2,16.8,21.3,678.9,1236.0,4046,0,0,60.0,2.5,6.4,-1,0.59
SITE163,2020,26.3,16.9,21.4,551.3,1245.0,4054,0,0,59.0,2.4,6.6,-20,0.63
SITE163,2021,26.3,16.9,21.5,563.8,1247.0,4070,0,0,59.0,2.3,6.5,-18,0.71
SITE163,2022,26.4,17.0,21.5,1039.7,1222.0,4078,0,0,61.0,2.4,6.1,51,0.75
SITE163,2023,26.4,17.0,21.5,589.6,1247.0,4083,0,0,58.0,2.2,6.2,-14,0.78
SITE163,2024,26.4,17.0,21.5,472.5,1254.0,4084,0,0,58.0,2.6,6.7,-31,0.78
SITE164,1991,24.2,14.1,18.9,750.0,1179.0,3390,0,0,66.0,2.7,6.0,52,-0.63
SITE164,1992,24.4,14.3,19.1,468.3,1206.0,3426,0,0,64.0,2.4,6.5,-5,-0.43
SITE164,1993,24.4,14.2,19.1,562.0,1198.0,3421,0,0,64.0,2.3,6.1,14,-0.46
SITE164,1994,24.4,14.3,19.2,492.6,1205.0,3432,0,0,64.0,2.5,6.2,0,-0.4
SITE164,1995,24.5,14.3,19.2,672.9,1193.0,3439,0,0,65.0,2.6,6.3,37,-0.36
SITE164,1996,24.6,14.4,19.3,374.2,1218.0,3455,0,0,62.0,2.5,6.3,-24,-0.26
SITE164,1997,24.6,14.4,19.3,639.4,1198.0,3452,0,0,64.0,2.8,6.1,30,-0.28
SITE164,1998,24.6,14.5,19.4,554.5,1207.0,3466,0,0,63.0,2.1,6.4,13,-0.2
SITE164,1999,24.6,14.5,19.3,537.5,1207.0,3460,0,0,63.0,2.8,6.4,9,-0.24
SITE164,2000,24.7,14.5,19.4,385.0,1220.0,3470,0,0,62.0,2.5,6.5,-22,-0.18
SITE164,2001,24.6,14.5,19.4,347.7,1222.0,3467,0,0,62.0,2.2,6.6,-29,-0.2
SITE164,2002,24.7,14.6,19.5,365.4,1224.0,3482,0,0,62.0,2.6,6.8,-26,-0.11
SITE164,2003,24.7,14.6,19.5,482.8,1216.0,3484,0,0,62.0,2.4,6.2,-2,-0.1
SITE164,2004,24.6,14.5,19.3,451.0,1213.0,3459,0,0,63.0,2.5,6.4,-8,-0.24
SITE164,2005,24.6,14.4,19.3,324.7,1222.0,3456,0,0,62.0,2.4,6.3,-34,-0.26
SITE164,2006,24.7,14.6,19.5,607.6,1207.0,3485,0,0,63.0,2.7,6.0,23,-0.09
SITE164,2007,24.8,14.7,19.5,555.6,1212.0,3493,0,0,63.0,2.5,6.5,13,-0.05
SITE164,2008,24.8,14.7,19.5,554.9,1212.0,3495,0,0,63.0,2.6,6.3,13,-0.03
SITE164,2009,24.9,14.7,19.6,594.9,1212.0,3509,0,0,62.0,2.4,6.5,21,0.05
SITE164,2010,24.9,14.8,19.6,560.8,1215.0,3515,0,0,62.0,2.2,6.4,14,0.08
SITE164,2011,24.9,14.8,19.7,724.4,1204.0,3518,0,0,63.0,2.6,6.1,47,0.1
SITE164,2012,25.0,14.8,19.7,598.4,1214.0,3524,0,0,62.0,2.4,6.3,22,0.13
SITE164,2013,25.0,14.9,19.8,653.5,1212.0,3535,0,0,62.0,2.3,6.1,33,0.19
SITE164,2014,25.1,15.0,19.8,851.9,1200.0,3546,0,0,63.0,2.3,6.0,73,0.26
SITE164,2015,25.1,15.0,19.9,858.0,1201.0,3554,0,0,63.0,2.4,5.8,74,0.31
SITE164,2016,25.1,15.0,19.9,361.8,1238.0,3555,0,0,60.0,2.6,6.6,-26,0.31
SITE164,2017,25.2,15.1,20.0,759.5,1211.0,3573,0,0,62.0,2.5,5.9,54,0.41
SITE164,2018,25.2,15.1,20.0,362.0,1240.0,3569,0,0,60.0,2.7,6.5,-26,0.39
SITE164,2019,25.3,15.1,20.0,522.8,1229.0,3574,0,0,61.0,2.6,6.2,6,0.42
SITE164,2020,25.3,15.1,20.0,410.9,1238.0,3578,0,0,60.0,2.5,6.5,-16,0.44
SITE164,2021,25.2,15.0,19.9,593.9,1221.0,3560,0,0,61.0,2.6,6.3,21,0.34
SITE164,2022,25.2,15.0,19.9,421.3,1234.0,3556,0,0,60.0,2.4,6.5,-14,0.31
SITE164,2023,25.2,15.1,19.9,463.7,1232.0,3567,0,0,60.0,2.6,6.2,-6,0.37
SITE164,2024,25.2,15.1,20.0,698.9,1215.0,3570,0,0,62.0,2.3,6.2,42,0.39
SITE165,1991,25.0,15.0,19.8,943.4,1220.0,3704,0,0,64.0,2.5,6.6,4,-0.59
SITE165,1992,25.2,15.2,20.0,739.6,1233.0,3733,0,0,63.0,2.6,6.6,-18,-0.43
SITE165,1993,25.2,15.2,20.0,1004.1,1222.0,3732,0,0,64.0,2.0,6.2,11,-0.44
SITE165,1994,25.1,15.1,19.9,857.6,1227.0,3724,0,0,64.0,2.3,6.4,-5,-0.48
SITE165,1995,25.3,15.3,20.1,863.2,1231.0,3749,0,0,63.0,2.1,6.5,-5,-0.35
SITE165,1996,25.3,15.3,20.1,1446.5,1207.0,3751,0,0,65.0,2.4,5.9,59,-0.34
SITE165,1997,25.4,15.4,20.2,631.7,1243.0,3765,0,0,62.0,2.3,6.5,-30,-0.27
SITE165,1998,25.3,15.3,20.1,1369.7,1211.0,3753,0,0,65.0,2.6,5.9,51,-0.33
SITE165,1999,25.4,15.4,20.2,1272.2,1218.0,3776,0,0,64.0,2.4,6.4,40,-0.21
SITE165,2000,25.4,15.4,20.2,1159.6,1224.0,3781,0,0,64.0,2.2,6.2,28,-0.18
SITE165,2001,25.5,15.5,20.3,1668.9,1206.0,3798,0,0,65.0,2.1,5.8,84,-0.1
SITE165,2002,25.5,15.5,20.3,842.9,1239.0,3791,0,0,62.0,2.4,6.5,-7,-0.14
SITE165,2003,25.5,15.5,20.3,1115.3,1227.0,3786,0,0,63.0,2.7,6.4,23,-0.16
SITE165,2004,25.4,15.4,20.2,678.9,1244.0,3782,0,0,62.0,2.4,6.6,-25,-0.18
SITE165,2005,25.6,15.6,20.4,575.2,1252.0,3805,0,0,61.0,2.7,6.4,-37,-0.06
SITE165,2006,25.6,15.6,20.4,522.8,1257.0,3819,0,0,61.0,2.8,6.8,-42,0.01
SITE165,2007,25.6,15.6,20.4,1136.1,1231.0,3817,0,0,63.0,2.6,6.2,25,0.0
SITE165,2008,25.7,15.7,20.5,530.3,1257.0,3822,0,0,61.0,2.3,6.6,-42,0.03
SITE165,2009,25.7,15.7,20.5,757.6,1248.0,3829,0,0,61.0,2.3,6.3,-16,0.06
SITE165,2010,25.7,15.7,20.5,513.3,1259.0,3833,0,0,60.0,2.8,6.6,-43,0.09
SITE165,2011,25.7,15.7,20.5,759.7,1249.0,3835,0,0,61.0,2.7,6.5,-16,0.1
SITE165,2012,25.8,15.8,20.6,632.3,1257.0,3847,0,0,60.0,2.3,6.8,-30,0.16
SITE165,2013,25.9,15.9,20.7,798.0,1252.0,3860,0,0,61.0,2.6,6.4,-12,0.23
SITE165,2014,25.9,15.9,20.7,727.6,1258.0,3875,0,0,60.0,2.4,6.3,-20,0.3
SITE165,2015,25.9,15.9,20.7,1373.8,1231.0,3875,0,0,62.0,2.4,6.0,51,0.3
SITE165,2016,25.9,15.9,20.7,642.8,1261.0,3872,0,0,60.0,2.4,6.3,-29,0.29
SITE165,2017,25.9,15.9,20.7,766.5,1256.0,3877,0,0,60.0,2.6,6.2,-15,0.32
SITE165,2018,25.9,15.9,20.7,1221.7,1235.0,3859,0,0,62.0,2.5,6.1,35,0.22
SITE165,2019,25.8,15.8,20.6,494.3,1263.0,3852,0,0,60.0,2.6,6.7,-45,0.18
SITE165,2020,25.8,15.8,20.6,493.0,1262.0,3846,0,0,60.0,2.6,6.8,-46,0.15
SITE165,2021,25.9,15.9,20.7,822.9,1253.0,3871,0,0,61.0,2.5,6.6,-9,0.28
SITE165,2022,26.1,16.1,20.9,916.1,1256.0,3910,0,0,60.0,2.4,6.3,1,0.49
SITE165,2023,26.1,16.1,20.9,645.6,1266.0,3905,0,0,59.0,2.7,6.8,-29,0.46
SITE165,2024,26.2,16.2,21.0,529.2,1275.0,3929,0,0,58.0,2.4,6.6,-42,0.59
SITE166,1991,28.0,18.3,22.9,1477.8,1480.0,4751,0,0,63.0,2.4,6.3,2,-0.19
SITE166,1992,28.0,18.2,22.9,766.6,1500.0,4744,0,0,61.0,2.5,6.6,-47,-0.22
SITE166,1993,28.0,18.2,22.9,1070.3,1491.0,4745,0,0,62.0,2.5,6.5,-26,-0.22
SITE166,1994,28.0,18.2,22.9,1296.7,1485.0,4748,0,0,63.0,2.5,6.6,-11,-0.21
SITE166,1995,28.0,18.3,22.9,1657.1,1474.0,4752,0,0,63.0,2.4,6.0,14,-0.19
SITE166,1996,28.0,18.2,22.9,1196.0,1488.0,4750,0,0,62.0,2.3,6.4,-18,-0.2
SITE166,1997,27.9,18.1,22.8,1069.0,1487.0,4720,0,0,63.0,2.6,6.6,-26,-0.32
SITE166,1998,27.9,18.2,22.8,1156.3,1486.0,4730,0,0,63.0,2.4,6.6,-20,-0.28
SITE166,1999,27.9,18.2,22.8,1869.7,1464.0,4727,0,0,64.0,2.4,6.1,29,-0.29
SITE166,2000,27.9,18.1,22.8,1280.7,1482.0,4724,0,0,63.0,2.7,6.4,-12,-0.31
SITE166,2001,27.9,18.2,22.9,1043.8,1490.0,4732,0,0,62.0,2.4,6.5,-28,-0.27
SITE166,2002,27.9,18.2,22.8,1850.3,1465.0,4729,0,0,64.0,2.8,5.9,27,-0.29
SITE166,2003,28.0,18.2,22.9,2009.8,1462.0,4743,0,0,64.0,2.6,5.9,38,-0.23
SITE166,2004,28.0,18.3,22.9,1231.9,1487.0,4752,0,0,62.0,2.7,6.5,-15,-0.19
SITE166,2005,28.1,18.3,23.0,927.5,1500.0,4774,0,0,61.0,2.6,6.4,-36,-0.1
SITE166,2006,28.2,18.4,23.1,2050.9,1467.0,4785,0,0,63.0,2.6,6.2,41,-0.05
SITE166,2007,28.2,18.4,23.1,1226.6,1494.0,4792,0,0,62.0,2.8,6.6,-16,-0.03
SITE166,2008,28.1,18.3,23.0,1648.8,1477.0,4769,0,0,63.0,2.6,6.1,14,-0.12
SITE166,2009,28.2,18.5,23.1,1811.5,1477.0,4802,0,0,63.0,2.3,6.0,25,0.02
SITE166,2010,28.2,18.5,23.2,1968.9,1473.0,4807,0,0,63.0,2.5,5.8,36,0.04
SITE166,2011,28.3,18.6,23.3,1278.9,1497.0,4827,0,0,61.0,2.3,6.3,-12,0.12
SITE166,2012,28.3,18.6,23.3,1599.9,1488.0,4828,0,0,62.0,2.5,6.3,10,0.13
SITE166,2013,28.4,18.6,23.3,1492.9,1493.0,4843,0,0,61.0,2.5,6.5,3,0.19
SITE166,2014,28.4,18.6,23.3,2049.7,1476.0,4840,0,0,63.0,2.5,6.1,41,0.18
SITE166,2015,28.4,18.6,23.3,1940.4,1478.0,4834,0,0,62.0,2.5,5.7,34,0.15
SITE166,2016,28.4,18.6,23.3,1249.2,1501.0,4845,0,0,61.0,2.6,6.5,-14,0.2
SITE166,2017,28.4,18.6,23.3,1887.5,1480.0,4838,0,0,62.0,2.3,6.4,30,0.17
SITE166,2018,28.5,18.8,23.4,1201.2,1507.0,4874,0,0,60.0,2.4,6.5,-17,0.32
SITE166,2019,28.5,18.8,23.4,1348.4,1502.0,4873,0,0,61.0,2.7,6.2,-7,0.31
SITE166,2020,28.5,18.7,23.4,769.6,1519.0,4863,0,0,60.0,2.3,6.7,-47,0.27
SITE166,2021,28.6,18.8,23.5,1726.0,1492.0,4886,0,0,61.0,2.5,6.4,19,0.37
SITE166,2022,28.6,18.9,23.5,1317.7,1507.0,4898,0,0,60.0,2.6,6.5,-9,0.42
SITE166,2023,28.6,18.9,23.6,1351.1,1507.0,4902,0,0,60.0,2.6,6.7,-7,0.43
SITE166,2024,28.6,18.9,23.6,1364.1,1506.0,4899,0,0,60.0,2.5,6.3,-6,0.42
SITE167,1991,27.0,17.2,21.9,915.4,1446.0,4446,0,0,64.0,2.6,6.6,-10,-0.63
SITE167,1992,27.1,17.4,22.1,615.6,1464.0,4479,0,0,63.0,2.5,6.6,-39,-0.48
SITE167,1993,27.2,17.5,22.2,1144.6,1445.0,4500,0,0,64.0,2.6,6.4,13,-0.39
SITE167,1994,27.2,17.5,22.2,460.8,1474.0,4500,0,0,62.0,2.5,6.8,-55,-0.39
SITE167,1995,27.3,17.6,22.3,543.7,1474.0,4521,0,0,62.0,2.3,6.9,-46,-0.3
SITE167,1996,27.3,17.5,22.2,995.4,1453.0,4511,0,0,63.0,2.5,6.7,-2,-0.35
SITE167,1997,27.4,17.6,22.3,927.0,1458.0,4525,0,0,63.0,2.7,6.3,-9,-0.28
SITE167,1998,27.4,17.7,22.4,640.5,1474.0,4545,0,0,62.0,2.5,6.4,-37,-0.2
SITE167,1999,27.4,17.7,22.3,978.7,1458.0,4539,0,0,63.0,2.4,6.4,-4,-0.22
SITE167,2000,27.5,17.7,22.4,1145.4,1454.0,4557,0,0,63.0,2.3,6.3,13,-0.15
SITE167,2001,27.5,17.8,22.4,1183.8,1453.0,4564,0,0,63.0,2.5,6.1,17,-0.12
SITE167,2002,27.6,17.8,22.5,1564.0,1439.0,4576,0,0,64.0,2.3,5.9,54,-0.06
SITE167,2003,27.6,17.8,22.5,716.3,1476.0,4582,0,0,61.0,2.4,6.6,-29,-0.04
SITE167,2004,27.6,17.8,22.5,789.9,1473.0,4580,0,0,62.0,2.6,6.6,-22,-0.04
SITE167,2005,27.6,17.8,22.5,698.3,1475.0,4571,0,0,61.0,2.6,6.4,-31,-0.08
SITE167,2006,27.6,17.8,22.5,899.4,1467.0,4574,0,0,62.0,2.4,6.3,-11,-0.07
SITE167,2007,27.6,17.8,22.5,868.8,1469.0,4581,0,0,62.0,2.7,6.3,-14,-0.04
SITE167,2008,27.6,17.8,22.5,714.6,1476.0,4581,0,0,61.0,2.6,6.8,-30,-0.04
SITE167,2009,27.6,17.9,22.6,866.5,1471.0,4592,0,0,62.0,2.0,6.6,-15,0.01
SITE167,2010,27.8,18.0,22.7,1163.8,1463.0,4620,0,0,62.0,2.7,6.4,15,0.13
SITE167,2011,27.9,18.1,22.8,617.6,1490.0,4643,0,0,60.0,2.9,6.6,-39,0.23
SITE167,2012,27.8,18.0,22.7,718.9,1482.0,4620,0,0,61.0,2.7,6.4,-29,0.13
SITE167,2013,27.8,18.0,22.7,950.2,1472.0,4622,0,0,61.0,2.7,6.6,-6,0.14
SITE167,2014,27.8,18.1,22.8,587.3,1491.0,4638,0,0,60.0,2.5,6.6,-42,0.21
SITE167,2015,27.9,18.1,22.8,1084.1,1469.0,4640,0,0,61.0,2.6,6.3,7,0.22
SITE167,2016,27.8,18.1,22.7,1394.5,1455.0,4631,0,0,62.0,2.3,6.4,37,0.18
SITE167,2017,27.8,18.0,22.7,959.9,1472.0,4624,0,0,61.0,2.6,6.6,-6,0.15
SITE167,2018,27.8,18.1,22.7,754.9,1483.0,4633,0,0,60.0,2.4,6.2,-26,0.19
SITE167,2019,27.9,18.1,22.8,1238.8,1463.0,4640,0,0,62.0,2.4,6.3,22,0.22
SITE167,2020,28.0,18.2,22.9,520.4,1498.0,4663,0,0,59.0,2.7,6.4,-49,0.32
SITE167,2021,28.0,18.2,22.9,969.2,1480.0,4674,0,0,60.0,2.3,6.5,-5,0.37
SITE167,2022,28.0,18.3,23.0,1136.1,1473.0,4680,0,0,61.0,2.7,6.4,12,0.39
SITE167,2023,28.1,18.4,23.1,1397.4,1466.0,4703,0,0,61.0,2.4,6.1,38,0.49
SITE167,2024,28.2,18.4,23.1,832.5,1492.0,4714,0,0,59.0,2.2,6.4,-18,0.54
SITE168,1991,26.0,16.3,20.9,1971.9,1402.0,4114,0,0,65.0,2.6,6.4,5,-0.75
SITE168,1992,26.1,16.3,21.0,1690.9,1411.0,4126,0,0,64.0,2.0,6.3,-10,-0.7
SITE168,1993,26.1,16.4,21.0,1658.1,1413.0,4134,0,0,64.0,2.1,6.5,-11,-0.66
SITE168,1994,26.1,16.4,21.0,895.3,1431.0,4137,0,0,63.0,2.3,6.6,-52,-0.65
SITE168,1995,26.2,16.4,21.1,2128.9,1404.0,4145,0,0,65.0,2.2,6.2,14,-0.61
SITE168,1996,26.2,16.4,21.1,2160.5,1403.0,4145,0,0,65.0,2.8,6.5,15,-0.61
SITE168,1997,26.3,16.6,21.2,1564.5,1422.0,4177,0,0,63.0,2.3,6.7,-16,-0.46
SITE168,1998,26.4,16.6,21.3,3131.0,1389.0,4192,0,0,66.0,2.5,6.0,67,-0.39
SITE168,1999,26.4,16.6,21.3,2434.6,1405.0,4193,0,0,64.0,2.5,6.3,30,-0.38
SITE168,2000,26.3,16.6,21.2,2108.4,1410.0,4176,0,0,64.0,2.3,6.5,13,-0.46
SITE168,2001,26.3,16.6,21.3,1626.1,1422.0,4181,0,0,63.0,2.5,6.1,-13,-0.44
SITE168,2002,26.4,16.6,21.3,1956.7,1415.0,4187,0,0,64.0,2.4,6.2,4,-0.41
SITE168,2003,26.5,16.8,21.4,1079.5,1441.0,4221,0,0,62.0,2.5,6.6,-42,-0.25
SITE168,2004,26.5,16.8,21.4,1784.1,1425.0,4222,0,0,63.0,2.3,6.4,-5,-0.25
SITE168,2005,26.5,16.7,21.4,2633.2,1405.0,4217,0,0,64.0,2.5,6.1,41,-0.27
SITE168,2006,26.7,16.9,21.6,2575.1,1413.0,4260,0,0,63.0,2.4,6.1,37,-0.07
SITE168,2007,26.8,17.0,21.7,2019.8,1428.0,4274,0,0,62.0,2.7,6.4,8,-0.0
SITE168,2008,26.8,17.0,21.7,2258.2,1423.0,4275,0,0,63.0,2.8,6.4,21,0.0
SITE168,2009,26.9,17.1,21.8,2846.6,1414.0,4300,0,0,63.0,2.3,6.1,52,0.12
SITE168,2010,26.9,17.1,21.8,1746.7,1438.0,4295,0,0,61.0,2.6,6.4,-7,0.1
SITE168,2011,26.9,17.1,21.8,1406.3,1446.0,4296,0,0,61.0,2.3,6.6,-25,0.1
SITE168,2012,26.9,17.1,21.8,1568.3,1444.0,4302,0,0,61.0,2.1,6.4,-16,0.13
SITE168,2013,27.0,17.3,21.9,2262.4,1432.0,4328,0,0,62.0,2.5,6.4,21,0.25
SITE168,2014,27.1,17.3,22.0,1764.0,1446.0,4341,0,0,61.0,2.5,6.4,-6,0.31
SITE168,2015,27.2,17.4,22.1,2898.4,1423.0,4365,0,0,62.0,2.1,5.9,55,0.42
SITE168,2016,27.2,17.5,22.2,2100.0,1444.0,4375,0,0,60.0,2.5,6.0,12,0.47
SITE168,2017,27.2,17.5,22.1,2778.2,1427.0,4372,0,0,62.0,2.5,6.0,48,0.45
SITE168,2018,27.3,17.6,22.2,1919.8,1451.0,4391,0,0,60.0,2.6,6.3,2,0.54
SITE168,2019,27.5,17.8,22.4,1647.9,1464.0,4435,0,0,59.0,2.3,6.4,-12,0.75
SITE168,2020,27.5,17.8,22.4,1024.6,1479.0,4436,0,0,58.0,2.5,6.6,-45,0.75
SITE168,2021,27.5,17.8,22.4,1770.7,1462.0,4435,0,0,59.0,3.0,6.6,-5,0.75
SITE168,2022,27.4,17.7,22.3,2155.4,1449.0,4414,0,0,60.0,2.6,6.3,15,0.65
SITE168,2023,27.6,17.8,22.5,2080.2,1456.0,4447,0,0,59.0,2.5,6.2,11,0.81
SITE168,2024,27.5,17.8,22.4,1872.1,1459.0,4435,0,0,59.0,2.7,6.5,0,0.75
SITE169,1991,34.7,25.9,30.2,1491.9,1755.0,7354,0,73,80.0,2.2,5.3,-6,-0.55
SITE169,1992,34.6,25.8,30.0,2043.9,1732.0,7303,0,72,82.0,1.7,5.0,28,-0.68
SITE169,1993,34.5,25.7,30.0,1257.9,1756.0,7285,0,72,80.0,1.8,5.5,-21,-0.73
SITE169,1994,34.6,25.8,30.0,1057.8,1764.0,7291,0,72,80.0,2.2,5.7,-34,-0.71
SITE169,1995,34.6,25.8,30.0,1910.6,1736.0,7297,0,72,81.0,2.0,5.4,20,-0.7
SITE169,1996,34.7,25.9,30.1,1154.0,1766.0,7347,0,73,79.0,2.3,5.5,-27,-0.57
SITE169,1997,34.7,25.9,30.1,1425.8,1756.0,7340,0,73,80.0,1.9,5.6,-10,-0.58
SITE169,1998,34.8,26.0,30.2,1075.3,1772.0,7378,0,74,79.0,2.0,5.3,-32,-0.48
SITE169,1999,34.9,26.1,30.3,2240.7,1735.0,7404,0,74,81.0,2.0,4.9,41,-0.42
SITE169,2000,34.9,26.1,30.4,1047.1,1778.0,7432,0,75,78.0,1.8,5.6,-34,-0.34
SITE169,2001,35.0,26.2,30.4,1746.5,1757.0,7456,0,75,79.0,1.9,5.3,10,-0.28
SITE169,2002,35.0,26.2,30.4,1488.7,1765.0,7450,0,75,79.0,2.1,5.4,-6,-0.29
SITE169,2003,35.0,26.2,30.4,1383.8,1769.0,7457,0,75,79.0,2.0,5.1,-13,-0.27
SITE169,2004,35.0,26.2,30.4,1933.0,1751.0,7464,0,75,80.0,1.9,5.3,21,-0.26
SITE169,2005,35.0,26.2,30.5,1076.5,1781.0,7475,0,76,78.0,1.9,5.7,-32,-0.23
SITE169,2006,35.0,26.2,30.4,1622.8,1762.0,7463,0,75,79.0,1.5,5.3,2,-0.26
SITE169,2007,35.1,26.3,30.5,1258.0,1777.0,7495,0,76,78.0,2.1,5.5,-21,-0.17
SITE169,2008,35.2,26.4,30.6,1431.3,1776.0,7541,0,77,78.0,2.3,5.5,-10,-0.05
SITE169,2009,35.3,26.5,30.8,2418.6,1747.0,7585,0,78,79.0,2.2,5.0,52,0.06
SITE169,2010,35.4,26.6,30.8,1289.4,1785.0,7593,0,78,77.0,1.8,5.3,-19,0.09
SITE169,2011,35.4,26.6,30.9,917.6,1801.0,7626,0,79,76.0,1.9,5.6,-42,0.17
SITE169,2012,35.5,26.7,30.9,2291.7,1756.0,7634,0,79,79.0,2.1,4.8,44,0.19
SITE169,2013,35.6,26.8,31.0,994.4,1803.0,7670,0,80,76.0,2.2,5.7,-37,0.29
SITE169,2014,35.7,26.9,31.1,840.0,1812.0,7716,0,81,75.0,2.2,5.5,-47,0.41
SITE169,2015,35.8,27.0,31.2,1242.9,1803.0,7760,0,82,75.0,1.9,5.3,-22,0.53
SITE169,2016,36.0,27.2,31.4,1481.2,1801.0,7823,0,83,75.0,1.9,5.2,-7,0.69
SITE169,2017,35.9,27.1,31.3,2027.6,1780.0,7800,0,82,76.0,1.7,5.1,27,0.63
SITE169,2018,35.8,27.0,31.2,2484.3,1762.0,7765,0,82,78.0,1.9,4.9,56,0.54
SITE169,2019,35.9,27.1,31.3,847.7,1820.0,7791,0,82,74.0,1.8,5.6,-47,0.61
SITE169,2020,35.9,27.1,31.3,1160.1,1809.0,7796,0,82,75.0,1.9,5.8,-27,0.62
SITE169,2021,36.0,27.2,31.4,1497.0,1801.0,7821,0,83,75.0,2.0,5.4,-6,0.69
SITE169,2022,35.9,27.1,31.3,1918.6,1784.0,7802,0,82,76.0,1.6,5.1,21,0.64
SITE169,2023,36.0,27.2,31.4,1229.3,1810.0,7828,0,83,74.0,1.9,5.8,-23,0.71
SITE169,2024,36.0,27.2,31.4,1181.8,1812.0,7825,0,83,74.0,1.9,5.7,-26,0.7
SITE170,1991,33.2,24.4,28.6,655.5,1716.0,6807,0,32,78.0,1.8,5.8,-41,-0.29
SITE170,1992,33.2,24.4,28.7,712.7,1715.0,6819,0,32,78.0,2.2,5.6,-36,-0.26
SITE170,1993,33.3,24.5,28.7,1040.9,1702.0,6836,0,32,79.0,2.3,5.3,-6,-0.21
SITE170,1994,33.3,24.4,28.7,1081.6,1699.0,6826,0,32,79.0,2.2,5.3,-2,-0.24
SITE170,1995,33.3,24.5,28.7,1500.2,1681.0,6837,0,32,80.0,1.8,5.2,36,-0.2
SITE170,1996,33.4,24.6,28.9,1675.0,1678.0,6890,0,32,80.0,1.8,5.3,51,-0.05
SITE170,1997,33.4,24.6,28.9,1055.7,1707.0,6889,0,32,78.0,1.8,5.4,-5,-0.05
SITE170,1998,33.3,24.5,28.7,1299.3,1690.0,6843,0,32,79.0,2.2,5.4,17,-0.19
SITE170,1999,33.4,24.6,28.8,2109.6,1657.0,6879,0,32,81.0,1.8,5.0,91,-0.08
SITE170,2000,33.4,24.6,28.8,859.2,1714.0,6871,0,32,78.0,1.9,5.4,-22,-0.11
SITE170,2001,33.4,24.6,28.8,932.9,1712.0,6882,0,32,78.0,1.9,5.5,-16,-0.07
SITE170,2002,33.5,24.7,28.9,829.0,1718.0,6897,0,32,77.0,2.3,5.6,-25,-0.03
SITE170,2003,33.3,24.5,28.7,785.0,1714.0,6840,0,32,78.0,1.9,5.6,-29,-0.2
SITE170,2004,33.3,24.5,28.7,1277.8,1691.0,6838,0,32,79.0,1.7,5.3,15,-0.2
SITE170,2005,33.4,24.6,28.8,1198.1,1699.0,6874,0,32,79.0,2.0,5.3,8,-0.1
SITE170,2006,33.3,24.5,28.8,1464.2,1684.0,6854,0,32,80.0,2.2,5.3,32,-0.16
SITE170,2007,33.3,24.5,28.7,562.8,1725.0,6847,0,32,77.0,1.9,5.6,-49,-0.18
SITE170,2008,33.4,24.6,28.9,770.5,1720.0,6890,0,32,77.0,1.9,5.4,-30,-0.05
SITE170,2009,33.4,24.6,28.8,1050.7,1704.0,6862,0,32,78.0,2.3,5.3,-5,-0.13
SITE170,2010,33.4,24.6,28.8,722.4,1721.0,6876,0,32,77.0,2.1,5.5,-35,-0.09
SITE170,2011,33.3,24.5,28.8,1113.3,1701.0,6858,0,32,79.0,2.0,5.3,1,-0.14
SITE170,2012,33.3,24.5,28.8,1002.1,1706.0,6856,0,32,78.0,1.9,5.3,-9,-0.15
SITE170,2013,33.5,24.7,28.9,1461.3,1690.0,6912,0,33,79.0,1.9,5.2,32,0.01
SITE170,2014,33.6,24.8,29.0,793.1,1725.0,6948,0,33,77.0,2.2,5.7,-28,0.12
SITE170,2015,33.6,24.8,29.1,1400.8,1698.0,6958,0,33,78.0,1.9,5.6,27,0.15
SITE170,2016,33.7,24.9,29.1,588.8,1737.0,6968,0,33,76.0,2.0,5.7,-47,0.17
SITE170,2017,33.9,25.1,29.3,1894.4,1683.0,7038,0,34,79.0,2.1,4.9,71,0.38
SITE170,2018,33.8,25.0,29.3,817.5,1732.0,7026,0,34,76.0,2.4,5.5,-26,0.34
SITE170,2019,33.9,25.1,29.4,913.4,1732.0,7067,0,34,76.0,2.1,5.5,-17,0.46
SITE170,2020,33.9,25.1,29.3,1211.9,1716.0,7049,0,34,77.0,2.2,5.3,9,0.41
SITE170,2021,33.7,24.9,29.2,1103.1,1716.0,6995,0,33,77.0,2.2,5.3,0,0.25
SITE170,2022,33.8,25.0,29.2,1137.5,1715.0,7000,0,33,77.0,2.2,5.1,3,0.27
SITE170,2023,33.7,24.9,29.1,936.4,1722.0,6984,0,33,77.0,1.9,5.4,-15,0.22
SITE170,2024,33.9,25.1,29.3,1148.8,1718.0,7041,0,34,77.0,2.0,5.4,4,0.39
SITE171,1991,34.1,25.3,29.5,2294.1,1723.0,7119,0,57,81.0,1.9,5.0,10,-0.64
SITE171,1992,34.2,25.4,29.6,1294.8,1752.0,7156,0,58,79.0,1.9,5.7,-38,-0.53
SITE171,1993,34.1,25.3,29.5,2158.7,1727.0,7127,0,57,81.0,1.9,5.4,3,-0.62
SITE171,1994,34.0,25.2,29.5,1943.2,1731.0,7109,0,57,80.0,2.0,5.4,-7,-0.66
SITE171,1995,34.2,25.4,29.6,2642.2,1719.0,7167,0,58,81.0,2.2,5.2,26,-0.5
SITE171,1996,34.1,25.3,29.6,1315.8,1750.0,7145,0,58,79.0,2.5,5.7,-37,-0.56
SITE171,1997,34.2,25.4,29.6,1672.9,1742.0,7153,0,58,80.0,2.1,5.4,-20,-0.54
SITE171,1998,34.3,25.5,29.7,2103.6,1736.0,7199,0,58,80.0,1.9,5.3,1,-0.42
SITE171,1999,34.2,25.4,29.6,2554.1,1722.0,7171,0,58,81.0,1.9,5.3,22,-0.5
SITE171,2000,34.3,25.5,29.7,1429.6,1752.0,7189,0,58,79.0,2.0,5.7,-32,-0.45
SITE171,2001,34.4,25.6,29.8,1835.5,1747.0,7243,0,59,79.0,2.2,5.3,-12,-0.3
SITE171,2002,34.4,25.6,29.8,2294.0,1734.0,7234,0,59,80.0,2.2,5.5,10,-0.32
SITE171,2003,34.3,25.5,29.7,1545.7,1750.0,7207,0,59,79.0,1.7,5.6,-26,-0.4
SITE171,2004,34.4,25.6,29.8,1698.3,1748.0,7223,0,59,79.0,1.8,5.4,-19,-0.35
SITE171,2005,34.4,25.6,29.9,2073.5,1742.0,7252,0,59,79.0,2.0,5.5,-1,-0.27
SITE171,2006,34.5,25.7,30.0,2062.9,1746.0,7294,0,60,79.0,2.1,5.2,-1,-0.16
SITE171,2007,34.6,25.8,30.0,2620.2,1734.0,7312,0,60,79.0,1.8,5.1,25,-0.11
SITE171,2008,34.5,25.7,30.0,1996.2,1747.0,7287,0,60,79.0,1.8,5.5,-5,-0.18
SITE171,2009,34.7,25.9,30.1,2819.0,1731.0,7336,0,61,79.0,2.0,5.1,35,-0.05
SITE171,2010,34.7,25.9,30.2,1798.7,1760.0,7364,0,61,77.0,2.1,5.3,-14,0.03
SITE171,2011,34.8,26.0,30.3,3309.6,1725.0,7397,0,62,79.0,2.1,5.1,58,0.12
SITE171,2012,34.9,26.1,30.3,1573.9,1770.0,7412,0,62,77.0,2.2,5.4,-25,0.16
SITE171,2013,35.0,26.2,30.4,2683.1,1747.0,7457,0,63,78.0,1.9,5.4,28,0.28
SITE171,2014,35.0,26.2,30.4,1702.2,1772.0,7462,0,63,76.0,2.1,5.5,-19,0.3
SITE171,2015,35.1,26.3,30.5,1247.5,1786.0,7485,0,63,75.0,2.1,5.6,-40,0.36
SITE171,2016,35.1,26.3,30.5,1513.2,1780.0,7491,0,63,76.0,2.0,5.5,-28,0.38
SITE171,2017,35.2,26.4,30.6,2430.5,1760.0,7524,0,64,77.0,2.3,5.3,16,0.47
SITE171,2018,35.2,26.4,30.6,1523.4,1783.0,7524,0,64,75.0,1.9,5.6,-27,0.47
SITE171,2019,35.2,26.4,30.6,1381.6,1786.0,7519,0,64,75.0,1.9,5.6,-34,0.45
SITE171,2020,35.4,26.6,30.8,1902.9,1781.0,7602,0,65,75.0,2.0,5.4,-9,0.68
SITE171,2021,35.5,26.7,30.9,3062.1,1756.0,7653,0,66,76.0,2.0,5.0,46,0.82
SITE171,2022,35.7,26.9,31.1,2358.5,1779.0,7702,0,67,75.0,2.1,5.3,13,0.95
SITE171,2023,35.7,26.9,31.2,2436.0,1780.0,7731,0,67,74.0,1.9,5.3,16,1.03
SITE171,2024,35.8,27.0,31.2,2402.9,1782.0,7745,0,68,74.0,1.7,5.3,15,1.07
SITE172,1991,25.7,16.0,20.6,750.3,1273.0,4005,0,0,64.0,2.4,6.5,-26,-0.71
SITE172,1992,25.7,16.0,20.7,1314.5,1253.0,4009,0,0,66.0,2.4,6.5,30,-0.69
SITE172,1993,25.7,16.0,20.7,546.8,1282.0,4010,0,0,63.0,2.5,6.6,-46,-0.68
SITE172,1994,25.8,16.1,20.7,1337.6,1254.0,4024,0,0,65.0,2.2,6.3,33,-0.62
SITE172,1995,25.8,16.1,20.8,1333.1,1255.0,4030,0,0,65.0,2.6,6.1,32,-0.59
SITE172,1996,25.9,16.2,20.8,845.2,1276.0,4046,0,0,64.0,2.4,6.2,-16,-0.51
SITE172,1997,26.0,16.3,20.9,697.9,1285.0,4067,0,0,63.0,2.3,6.6,-31,-0.41
SITE172,1998,26.1,16.4,21.1,866.5,1282.0,4091,0,0,63.0,2.4,6.4,-14,-0.29
SITE172,1999,26.1,16.4,21.1,1256.6,1268.0,4095,0,0,64.0,2.7,6.1,25,-0.27
SITE172,2000,26.2,16.5,21.1,1074.2,1277.0,4108,0,0,63.0,2.4,6.3,6,-0.21
SITE172,2001,26.3,16.6,21.2,1052.6,1281.0,4125,0,0,63.0,2.3,6.3,4,-0.13
SITE172,2002,26.3,16.5,21.2,1060.5,1280.0,4122,0,0,63.0,2.4,6.4,5,-0.14
SITE172,2003,26.2,16.5,21.1,906.1,1284.0,4109,0,0,63.0,2.6,6.5,-10,-0.21
SITE172,2004,26.2,16.5,21.2,1069.7,1279.0,4118,0,0,63.0,2.7,6.4,6,-0.16
SITE172,2005,26.2,16.5,21.1,1420.1,1263.0,4102,0,0,64.0,2.3,5.9,41,-0.24
SITE172,2006,26.3,16.6,21.3,707.6,1295.0,4132,0,0,61.0,2.5,6.4,-30,-0.09
SITE172,2007,26.4,16.7,21.4,1217.5,1279.0,4154,0,0,63.0,2.3,6.3,21,0.01
SITE172,2008,26.5,16.7,21.4,766.9,1298.0,4163,0,0,61.0,2.5,6.5,-24,0.06
SITE172,2009,26.4,16.7,21.4,1333.0,1276.0,4160,0,0,63.0,2.6,6.1,32,0.04
SITE172,2010,26.6,16.9,21.5,711.5,1304.0,4187,0,0,60.0,2.5,6.4,-29,0.17
SITE172,2011,26.6,16.9,21.6,485.6,1314.0,4201,0,0,60.0,2.6,6.6,-52,0.23
SITE172,2012,26.7,17.0,21.6,1116.4,1291.0,4206,0,0,61.0,2.7,6.2,11,0.26
SITE172,2013,26.7,17.0,21.7,1444.0,1281.0,4225,0,0,62.0,2.6,6.0,43,0.35
SITE172,2014,26.8,17.1,21.8,1236.3,1293.0,4246,0,0,61.0,2.9,6.1,23,0.45
SITE172,2015,26.9,17.2,21.8,622.9,1318.0,4254,0,0,59.0,2.6,6.7,-38,0.49
SITE172,2016,26.8,17.1,21.8,998.7,1301.0,4240,0,0,60.0,2.4,6.2,-1,0.42
SITE172,2017,26.8,17.1,21.8,1027.9,1300.0,4243,0,0,60.0,2.6,6.5,2,0.44
SITE172,2018,26.7,17.0,21.7,835.5,1304.0,4222,0,0,60.0,2.4,6.4,-17,0.34
SITE172,2019,26.7,17.0,21.7,1107.4,1294.0,4225,0,0,61.0,2.4,6.2,10,0.35
SITE172,2020,26.8,17.1,21.8,960.6,1303.0,4246,0,0,60.0,2.7,6.2,-5,0.45
SITE172,2021,26.9,17.2,21.9,1100.2,1300.0,4261,0,0,60.0,2.7,6.4,9,0.52
SITE172,2022,26.9,17.2,21.8,894.4,1307.0,4255,0,0,60.0,2.4,6.3,-11,0.5
SITE172,2023,26.8,17.1,21.8,1227.6,1292.0,4241,0,0,61.0,2.2,6.3,22,0.43
SITE172,2024,26.8,17.1,21.8,904.1,1305.0,4245,0,0,60.0,2.6,6.3,-10,0.45
SITE173,1991,24.8,14.2,19.3,564.0,1272.0,3472,0,0,63.0,2.5,6.2,-21,-0.36
SITE173,1992,24.8,14.3,19.3,465.0,1279.0,3478,0,0,62.0,2.8,6.3,-35,-0.33
SITE173,1993,24.8,14.3,19.4,546.4,1275.0,3485,0,0,62.0,2.1,6.4,-23,-0.29
SITE173,1994,24.8,14.3,19.3,684.3,1267.0,3480,0,0,63.0,2.4,6.4,-4,-0.32
SITE173,1995,24.8,14.3,19.3,801.6,1260.0,3477,0,0,64.0,2.7,6.4,13,-0.34
SITE173,1996,24.8,14.3,19.3,473.7,1278.0,3479,0,0,62.0,2.4,6.5,-33,-0.33
SITE173,1997,25.0,14.5,19.5,590.7,1278.0,3510,0,0,62.0,2.7,6.6,-17,-0.15
SITE173,1998,25.0,14.4,19.5,606.4,1277.0,3508,0,0,62.0,2.5,6.3,-15,-0.16
SITE173,1999,24.9,14.3,19.4,773.6,1264.0,3489,0,0,63.0,2.7,6.4,9,-0.27
SITE173,2000,24.9,14.4,19.5,859.7,1262.0,3501,0,0,63.0,2.6,6.3,21,-0.2
SITE173,2001,25.0,14.4,19.5,488.6,1282.0,3505,0,0,62.0,2.3,6.4,-31,-0.18
SITE173,2002,25.0,14.4,19.5,800.4,1266.0,3505,0,0,63.0,2.4,6.2,12,-0.18
SITE173,2003,25.0,14.5,19.5,963.4,1259.0,3514,0,0,64.0,2.6,6.3,35,-0.13
SITE173,2004,25.1,14.6,19.7,1046.8,1258.0,3535,0,0,63.0,2.3,6.1,47,-0.01
SITE173,2005,25.2,14.6,19.7,744.0,1275.0,3539,0,0,62.0,2.4,6.5,4,0.02
SITE173,2006,25.1,14.5,19.6,726.8,1274.0,3526,0,0,62.0,2.7,6.2,2,-0.06
SITE173,2007,25.1,14.5,19.6,836.6,1268.0,3527,0,0,63.0,2.5,6.1,17,-0.05
SITE173,2008,25.2,14.7,19.7,635.7,1283.0,3548,0,0,61.0,2.6,6.4,-11,0.07
SITE173,2009,25.2,14.7,19.7,736.1,1278.0,3552,0,0,62.0,2.5,6.4,3,0.09
SITE173,2010,25.2,14.7,19.8,679.0,1282.0,3553,0,0,61.0,2.8,6.2,-5,0.09
SITE173,2011,25.3,14.8,19.8,724.9,1281.0,3563,0,0,61.0,2.4,6.3,2,0.15
SITE173,2012,25.3,14.8,19.8,867.6,1274.0,3566,0,0,62.0,2.2,6.2,22,0.17
SITE173,2013,25.2,14.7,19.7,1063.2,1260.0,3550,0,0,63.0,2.6,6.2,49,0.08
SITE173,2014,25.1,14.6,19.7,682.8,1278.0,3537,0,0,62.0,2.2,6.0,-4,0.0
SITE173,2015,25.1,14.6,19.6,533.1,1285.0,3532,0,0,61.0,2.6,6.5,-25,-0.03
SITE173,2016,25.2,14.7,19.8,509.3,1291.0,3556,0,0,61.0,2.4,6.4,-28,0.11
SITE173,2017,25.2,14.6,19.7,829.6,1272.0,3545,0,0,62.0,2.3,6.1,17,0.05
SITE173,2018,25.3,14.7,19.8,778.1,1278.0,3561,0,0,62.0,2.5,6.4,9,0.14
SITE173,2019,25.5,14.9,20.0,594.4,1295.0,3597,0,0,60.0,2.5,6.3,-17,0.34
SITE173,2020,25.4,14.9,20.0,829.2,1281.0,3591,0,0,61.0,2.5,6.3,16,0.31
SITE173,2021,25.5,15.0,20.1,608.2,1296.0,3606,0,0,60.0,2.3,6.3,-15,0.39
SITE173,2022,25.6,15.1,20.1,477.7,1306.0,3621,0,0,59.0,2.2,6.6,-33,0.47
SITE173,2023,25.6,15.0,20.1,462.2,1305.0,3615,0,0,59.0,2.3,6.8,-35,0.45
SITE173,2024,25.6,15.1,20.1,519.7,1303.0,3618,0,0,59.0,2.8,6.7,-27,0.46
SITE174,1991,25.6,15.3,20.3,2077.4,1265.0,3873,0,0,67.0,2.3,5.9,60,-0.72
SITE174,1992,25.7,15.4,20.4,702.0,1309.0,3892,0,0,63.0,2.1,6.6,-46,-0.63
SITE174,1993,25.9,15.6,20.5,2561.3,1259.0,3926,0,0,67.0,2.4,5.7,98,-0.46
SITE174,1994,25.9,15.5,20.5,1033.8,1303.0,3915,0,0,63.0,2.1,6.5,-20,-0.51
SITE174,1995,25.8,15.5,20.5,1134.7,1300.0,3914,0,0,64.0,2.3,6.4,-12,-0.52
SITE174,1996,25.9,15.5,20.5,716.4,1314.0,3924,0,0,63.0,2.5,6.6,-45,-0.47
SITE174,1997,25.9,15.6,20.5,845.4,1312.0,3930,0,0,63.0,2.3,6.8,-35,-0.44
SITE174,1998,26.0,15.6,20.6,1446.5,1295.0,3942,0,0,64.0,2.7,6.4,12,-0.38
SITE174,1999,26.0,15.7,20.7,732.2,1319.0,3955,0,0,62.0,2.2,6.8,-44,-0.31
SITE174,2000,26.2,15.8,20.8,1344.4,1305.0,3979,0,0,63.0,2.4,6.2,4,-0.2
SITE174,2001,26.1,15.8,20.8,1818.1,1289.0,3972,0,0,64.0,2.6,6.0,40,-0.23
SITE174,2002,26.1,15.8,20.7,1565.1,1297.0,3970,0,0,64.0,2.5,6.4,21,-0.24
SITE174,2003,26.1,15.7,20.7,1324.5,1303.0,3965,0,0,63.0,2.3,6.3,2,-0.26
SITE174,2004,26.1,15.7,20.7,678.0,1321.0,3959,0,0,62.0,2.2,6.4,-48,-0.29
SITE174,2005,26.2,15.8,20.8,2342.0,1274.0,3976,0,0,65.0,2.6,5.7,81,-0.21
SITE174,2006,26.2,15.8,20.8,993.4,1316.0,3982,0,0,62.0,2.2,6.7,-23,-0.18
SITE174,2007,26.1,15.8,20.7,1582.5,1296.0,3969,0,0,64.0,2.2,6.1,22,-0.25
SITE174,2008,26.3,15.9,20.9,1652.6,1299.0,4002,0,0,63.0,2.8,6.3,28,-0.08
SITE174,2009,26.4,16.0,21.0,1116.8,1319.0,4023,0,0,61.0,2.4,6.4,-14,0.02
SITE174,2010,26.5,16.2,21.1,1146.5,1323.0,4050,0,0,61.0,2.5,6.5,-12,0.16
SITE174,2011,26.5,16.2,21.1,1048.7,1326.0,4049,0,0,61.0,2.5,6.4,-19,0.15
SITE174,2012,26.6,16.2,21.2,1052.4,1327.0,4060,0,0,61.0,2.7,6.5,-19,0.21
SITE174,2013,26.6,16.3,21.2,1349.2,1319.0,4067,0,0,61.0,2.5,6.3,4,0.24
SITE174,2014,26.7,16.3,21.3,1466.7,1318.0,4078,0,0,61.0,2.3,6.4,13,0.3
SITE174,2015,26.7,16.4,21.3,1374.9,1323.0,4092,0,0,61.0,2.8,6.2,6,0.37
SITE174,2016,26.8,16.4,21.4,1106.7,1333.0,4102,0,0,60.0,2.5,6.2,-15,0.42
SITE174,2017,26.7,16.4,21.4,1967.1,1305.0,4094,0,0,62.0,2.6,6.1,52,0.38
SITE174,2018,26.8,16.5,21.5,1274.6,1330.0,4114,0,0,60.0,2.4,6.2,-2,0.48
SITE174,2019,26.9,16.5,21.5,1222.9,1333.0,4124,0,0,60.0,2.3,6.3,-6,0.53
SITE174,2020,27.0,16.6,21.6,1127.9,1339.0,4143,0,0,59.0,2.9,6.6,-13,0.62
SITE174,2021,27.0,16.6,21.6,1256.6,1334.0,4136,0,0,60.0,2.5,6.2,-3,0.59
SITE174,2022,26.9,16.5,21.5,923.9,1342.0,4124,0,0,59.0,2.3,6.4,-29,0.53
SITE174,2023,27.0,16.7,21.6,898.7,1348.0,4153,0,0,58.0,2.7,6.5,-31,0.67
SITE174,2024,27.1,16.7,21.7,1038.8,1345.0,4159,0,0,59.0,2.1,6.7,-20,0.7
SITE175,1991,23.4,11.1,17.0,91.8,1274.0,2728,0,0,63.0,2.6,6.7,-72,-0.75
SITE175,1992,23.4,11.1,17.0,332.3,1246.0,2728,0,0,65.0,2.4,6.3,3,-0.75
SITE175,1993,23.4,11.1,17.0,251.8,1257.0,2734,0,0,64.0,2.3,6.4,-22,-0.71
SITE175,1994,23.4,11.0,17.0,434.0,1234.0,2726,0,0,66.0,2.6,6.0,34,-0.76
SITE175,1995,23.4,11.0,16.9,344.8,1243.0,2722,0,0,65.0,2.4,6.0,6,-0.79
SITE175,1996,23.4,11.0,16.9,415.2,1235.0,2721,0,0,66.0,2.5,6.1,28,-0.8
SITE175,1997,23.4,11.1,17.0,274.8,1253.0,2728,0,0,65.0,2.5,6.4,-15,-0.75
SITE175,1998,23.5,11.2,17.1,351.8,1247.0,2742,0,0,65.0,2.5,6.2,9,-0.65
SITE175,1999,23.6,11.2,17.2,383.7,1246.0,2752,0,0,65.0,2.4,6.5,18,-0.58
SITE175,2000,23.6,11.3,17.2,418.6,1244.0,2759,0,0,65.0,2.5,6.3,29,-0.53
SITE175,2001,23.6,11.3,17.2,275.9,1261.0,2760,0,0,64.0,2.3,6.5,-15,-0.52
SITE175,2002,23.7,11.3,17.3,409.1,1247.0,2766,0,0,65.0,2.6,6.0,26,-0.48
SITE175,2003,23.7,11.3,17.3,246.8,1266.0,2768,0,0,63.0,2.9,6.6,-24,-0.47
SITE175,2004,23.8,11.5,17.4,305.6,1264.0,2788,0,0,63.0,2.5,6.2,-6,-0.32
SITE175,2005,23.9,11.6,17.5,261.2,1273.0,2801,0,0,62.0,2.4,6.5,-19,-0.24
SITE175,2006,23.9,11.6,17.5,243.2,1275.0,2803,0,0,62.0,2.4,6.5,-25,-0.22
SITE175,2007,24.0,11.7,17.6,412.9,1259.0,2816,0,0,63.0,2.6,6.2,27,-0.13
SITE175,2008,24.1,11.7,17.6,307.3,1273.0,2823,0,0,62.0,2.5,6.7,-5,-0.08
SITE175,2009,24.1,11.8,17.7,107.3,1298.0,2827,0,0,60.0,2.4,6.7,-67,-0.05
SITE175,2010,24.3,12.0,17.9,166.8,1299.0,2859,0,0,60.0,2.6,6.6,-49,0.17
SITE175,2011,24.4,12.0,17.9,249.5,1290.0,2865,0,0,60.0,3.1,6.3,-23,0.22
SITE175,2012,24.4,12.0,17.9,408.6,1271.0,2863,0,0,62.0,2.6,5.9,26,0.21
SITE175,2013,24.4,12.1,18.0,337.8,1282.0,2875,0,0,61.0,2.9,6.5,4,0.28
SITE175,2014,24.5,12.2,18.1,239.1,1298.0,2890,0,0,60.0,2.4,6.6,-26,0.39
SITE175,2015,24.7,12.3,18.3,260.9,1300.0,2908,0,0,59.0,2.6,6.5,-19,0.52
SITE175,2016,24.7,12.4,18.3,181.7,1311.0,2915,0,0,58.0,2.8,6.8,-44,0.57
SITE175,2017,24.8,12.5,18.4,498.9,1277.0,2928,0,0,61.0,2.4,6.1,54,0.66
SITE175,2018,24.9,12.6,18.5,353.9,1298.0,2946,0,0,59.0,2.8,6.4,9,0.79
SITE175,2019,25.0,12.6,18.6,270.4,1310.0,2952,0,0,58.0,2.3,6.6,-17,0.83
SITE175,2020,25.2,12.8,18.8,351.4,1307.0,2980,0,0,58.0,2.8,6.3,8,1.03
SITE175,2021,25.2,12.8,18.7,561.1,1281.0,2978,0,0,60.0,2.7,5.9,73,1.02
SITE175,2022,25.1,12.8,18.7,287.2,1313.0,2971,0,0,58.0,2.6,6.3,-11,0.96
SITE175,2023,25.1,12.7,18.7,378.5,1301.0,2968,0,0,59.0,2.6,6.4,17,0.94
SITE175,2024,25.1,12.8,18.7,395.4,1300.0,2972,0,0,59.0,2.6,5.9,22,0.97
SITE176,1991,22.2,9.1,15.4,241.5,1223.0,2244,0,0,67.0,2.6,6.4,8,-1.07
SITE176,1992,22.3,9.2,15.5,158.1,1240.0,2257,0,0,65.0,2.5,6.7,-29,-0.96
SITE176,1993,22.4,9.3,15.6,216.3,1235.0,2271,0,0,65.0,2.5,6.4,-3,-0.84
SITE176,1994,22.4,9.3,15.6,176.5,1240.0,2266,0,0,65.0,2.7,6.5,-21,-0.89
SITE176,1995,22.4,9.3,15.6,199.5,1237.0,2267,0,0,65.0,2.4,6.5,-11,-0.88
SITE176,1996,22.6,9.5,15.8,230.7,1239.0,2290,0,0,65.0,3.0,6.4,3,-0.68
SITE176,1997,22.6,9.5,15.8,251.7,1237.0,2297,0,0,65.0,2.7,6.1,12,-0.63
SITE176,1998,22.7,9.6,15.9,258.7,1240.0,2308,0,0,65.0,2.4,6.4,15,-0.53
SITE176,1999,22.8,9.7,16.0,122.1,1266.0,2318,0,0,62.0,2.3,6.5,-46,-0.45
SITE176,2000,22.9,9.8,16.1,199.5,1256.0,2327,0,0,63.0,2.4,6.4,-11,-0.37
SITE176,2001,22.8,9.7,16.0,95.5,1270.0,2317,0,0,62.0,2.7,6.8,-57,-0.46
SITE176,2002,22.8,9.7,16.0,280.1,1238.0,2313,0,0,65.0,2.3,6.3,25,-0.49
SITE176,2003,22.9,9.7,16.0,223.3,1250.0,2323,0,0,64.0,2.6,6.5,0,-0.41
SITE176,2004,23.0,9.9,16.2,179.9,1262.0,2336,0,0,63.0,2.8,6.3,-20,-0.3
SITE176,2005,23.0,9.9,16.2,193.8,1260.0,2340,0,0,63.0,2.4,6.7,-13,-0.26
SITE176,2006,23.2,10.1,16.4,223.4,1264.0,2366,0,0,62.0,2.6,6.3,0,-0.05
SITE176,2007,23.4,10.2,16.5,132.6,1284.0,2382,0,0,60.0,2.5,6.5,-41,0.09
SITE176,2008,23.4,10.3,16.6,176.1,1278.0,2386,0,0,61.0,2.4,6.7,-21,0.12
SITE176,2009,23.4,10.3,16.5,223.0,1269.0,2383,0,0,62.0,2.3,6.2,0,0.1
SITE176,2010,23.4,10.3,16.6,182.5,1279.0,2391,0,0,61.0,2.5,6.6,-19,0.17
SITE176,2011,23.5,10.4,16.7,262.0,1269.0,2403,0,0,61.0,2.8,6.1,17,0.27
SITE176,2012,23.5,10.4,16.7,200.5,1279.0,2403,0,0,61.0,2.4,6.5,-11,0.27
SITE176,2013,23.6,10.5,16.8,154.6,1290.0,2412,0,0,60.0,2.3,6.4,-31,0.34
SITE176,2014,23.7,10.6,16.9,288.4,1271.0,2425,0,0,61.0,2.8,6.1,29,0.46
SITE176,2015,23.8,10.6,16.9,331.1,1265.0,2428,0,0,62.0,2.6,5.9,48,0.48
SITE176,2016,23.8,10.7,17.0,209.6,1288.0,2436,0,0,60.0,2.6,6.3,-6,0.55
SITE176,2017,23.9,10.7,17.0,155.0,1298.0,2440,0,0,59.0,2.3,6.6,-31,0.58
SITE176,2018,23.9,10.8,17.1,172.4,1297.0,2446,0,0,59.0,2.3,6.4,-23,0.63
SITE176,2019,24.0,10.9,17.2,235.3,1292.0,2463,0,0,59.0,2.9,6.4,5,0.77
SITE176,2020,24.1,10.9,17.2,94.3,1317.0,2466,0,0,57.0,2.4,6.8,-58,0.79
SITE176,2021,24.1,11.0,17.3,115.0,1316.0,2475,0,0,57.0,2.3,6.3,-49,0.87
SITE176,2022,24.2,11.1,17.4,254.0,1294.0,2481,0,0,59.0,2.4,6.2,13,0.92
SITE176,2023,24.2,11.1,17.4,264.8,1291.0,2478,0,0,59.0,2.3,6.2,18,0.9
SITE176,2024,24.2,11.1,17.4,314.1,1285.0,2487,0,0,59.0,2.4,6.1,40,0.97
SITE177,1991,22.3,9.2,15.5,706.0,1206.0,2205,0,0,67.0,2.3,5.8,70,-0.71
SITE177,1992,22.5,9.3,15.6,278.2,1249.0,2219,0,0,63.0,2.2,6.4,-33,-0.59
SITE177,1993,22.4,9.3,15.6,238.2,1252.0,2217,0,0,63.0,2.2,6.7,-43,-0.6
SITE177,1994,22.5,9.4,15.7,483.2,1233.0,2228,0,0,65.0,2.4,6.1,16,-0.52
SITE177,1995,22.6,9.4,15.7,415.8,1242.0,2234,0,0,64.0,2.4,6.7,0,-0.46
SITE177,1996,22.6,9.4,15.8,588.2,1227.0,2237,0,0,65.0,2.4,6.0,42,-0.43
SITE177,1997,22.6,9.5,15.8,349.3,1249.0,2240,0,0,63.0,2.3,6.6,-16,-0.4
SITE177,1998,22.5,9.4,15.7,647.4,1219.0,2230,0,0,66.0,2.5,6.0,56,-0.5
SITE177,1999,22.6,9.4,15.7,487.3,1235.0,2234,0,0,64.0,2.7,6.1,17,-0.46
SITE177,2000,22.6,9.4,15.7,259.6,1254.0,2231,0,0,63.0,2.3,6.4,-37,-0.49
SITE177,2001,22.6,9.5,15.8,814.0,1208.0,2241,0,0,66.0,2.5,5.8,96,-0.4
SITE177,2002,22.7,9.5,15.8,740.7,1216.0,2246,0,0,66.0,2.3,5.7,78,-0.35
SITE177,2003,22.8,9.7,16.0,484.1,1244.0,2261,0,0,63.0,2.4,6.2,17,-0.22
SITE177,2004,22.8,9.7,16.0,518.4,1241.0,2262,0,0,64.0,2.2,6.2,25,-0.21
SITE177,2005,22.8,9.6,15.9,228.7,1265.0,2256,0,0,62.0,2.5,6.6,-45,-0.27
SITE177,2006,22.8,9.7,16.0,323.5,1259.0,2262,0,0,62.0,2.3,6.5,-22,-0.22
SITE177,2007,23.0,9.8,16.1,226.4,1273.0,2279,0,0,61.0,2.4,6.6,-45,-0.06
SITE177,2008,23.2,10.0,16.3,660.4,1241.0,2301,0,0,63.0,2.7,5.8,59,0.13
SITE177,2009,23.1,10.0,16.3,433.4,1260.0,2297,0,0,62.0,2.4,6.4,4,0.09
SITE177,2010,23.3,10.2,16.5,362.1,1274.0,2320,0,0,60.0,2.5,6.5,-13,0.29
SITE177,2011,23.4,10.2,16.6,380.4,1276.0,2329,0,0,60.0,2.7,6.4,-8,0.37
SITE177,2012,23.5,10.3,16.6,360.9,1279.0,2335,0,0,60.0,2.3,6.2,-13,0.42
SITE177,2013,23.5,10.3,16.7,395.4,1277.0,2339,0,0,60.0,2.3,6.3,-5,0.46
SITE177,2014,23.5,10.3,16.6,536.7,1263.0,2336,0,0,61.0,2.4,6.2,29,0.43
SITE177,2015,23.5,10.3,16.6,639.6,1254.0,2335,0,0,62.0,2.5,6.0,54,0.43
SITE177,2016,23.4,10.3,16.6,509.3,1264.0,2330,0,0,61.0,2.6,6.1,23,0.38
SITE177,2017,23.4,10.3,16.6,391.9,1276.0,2333,0,0,60.0,2.4,6.1,-6,0.4
SITE177,2018,23.4,10.3,16.6,171.4,1296.0,2332,0,0,59.0,2.5,6.6,-59,0.4
SITE177,2019,23.5,10.3,16.7,502.8,1268.0,2340,0,0,61.0,3.0,6.5,21,0.47
SITE177,2020,23.5,10.4,16.7,565.2,1263.0,2342,0,0,61.0,2.6,6.4,36,0.49
SITE177,2021,23.5,10.3,16.6,283.6,1287.0,2337,0,0,59.0,2.6,6.5,-32,0.44
SITE177,2022,23.5,10.4,16.7,560.0,1264.0,2344,0,0,61.0,2.8,6.2,35,0.5
SITE177,2023,23.6,10.4,16.8,694.2,1253.0,2350,0,0,62.0,2.3,5.9,67,0.56
SITE177,2024,23.7,10.5,16.8,471.6,1277.0,2359,0,0,60.0,2.9,6.2,14,0.63
SITE178,1991,19.6,10.2,14.7,635.5,1163.0,1866,0,0,64.0,2.3,6.5,-3,-0.51
SITE178,1992,19.6,10.1,14.7,735.4,1156.0,1863,0,0,65.0,2.8,6.4,13,-0.54
SITE178,1993,19.7,10.2,14.7,477.0,1172.0,1867,0,0,63.0,2.4,6.6,-27,-0.49
SITE178,1994,19.8,10.3,14.9,857.7,1157.0,1882,0,0,64.0,2.4,6.5,32,-0.33
SITE178,1995,19.9,10.4,15.0,664.6,1169.0,1888,0,0,63.0,2.1,6.4,2,-0.27
SITE178,1996,19.8,10.4,14.9,774.6,1162.0,1884,0,0,64.0,2.4,6.4,19,-0.32
SITE178,1997,19.9,10.4,14.9,704.8,1167.0,1886,0,0,63.0,2.6,6.3,8,-0.29
SITE178,1998,19.9,10.4,15.0,742.5,1167.0,1891,0,0,63.0,2.1,6.2,14,-0.24
SITE178,1999,20.0,10.5,15.1,665.7,1173.0,1898,0,0,63.0,2.2,6.5,2,-0.17
SITE178,2000,19.9,10.5,15.0,633.6,1173.0,1894,0,0,63.0,2.7,6.2,-3,-0.22
SITE178,2001,20.0,10.5,15.0,512.9,1180.0,1895,0,0,62.0,2.3,6.7,-21,-0.2
SITE178,2002,20.0,10.5,15.1,691.3,1172.0,1900,0,0,63.0,2.9,6.2,6,-0.15
SITE178,2003,20.0,10.5,15.1,1080.9,1151.0,1898,0,0,65.0,2.6,5.9,66,-0.17
SITE178,2004,20.1,10.6,15.1,677.6,1176.0,1907,0,0,62.0,2.9,6.5,4,-0.08
SITE178,2005,20.0,10.6,15.1,751.6,1171.0,1903,0,0,63.0,2.5,6.0,15,-0.11
SITE178,2006,20.0,10.5,15.1,709.9,1172.0,1901,0,0,63.0,2.9,6.4,9,-0.14
SITE178,2007,20.1,10.6,15.1,360.6,1192.0,1905,0,0,61.0,2.9,6.5,-45,-0.09
SITE178,2008,20.2,10.7,15.2,733.4,1176.0,1915,0,0,62.0,2.1,6.3,12,0.01
SITE178,2009,20.2,10.7,15.3,548.7,1187.0,1918,0,0,61.0,2.3,6.4,-16,0.04
SITE178,2010,20.2,10.8,15.3,806.5,1174.0,1921,0,0,62.0,2.3,6.0,24,0.07
SITE178,2011,20.4,10.9,15.4,748.6,1182.0,1934,0,0,62.0,2.6,6.1,15,0.21
SITE178,2012,20.4,10.9,15.4,858.5,1176.0,1934,0,0,62.0,2.3,6.1,32,0.2
SITE178,2013,20.4,10.9,15.4,484.7,1197.0,1934,0,0,60.0,2.6,6.4,-26,0.21
SITE178,2014,20.4,10.9,15.4,557.0,1193.0,1935,0,0,61.0,2.3,6.3,-15,0.22
SITE178,2015,20.3,10.8,15.4,822.5,1175.0,1927,0,0,62.0,2.5,6.2,26,0.13
SITE178,2016,20.4,10.9,15.4,484.6,1196.0,1934,0,0,60.0,2.2,6.6,-26,0.21
SITE178,2017,20.4,11.0,15.5,1032.8,1170.0,1942,0,0,63.0,2.5,6.0,58,0.29
SITE178,2018,20.4,10.9,15.5,424.0,1201.0,1938,0,0,60.0,2.4,6.4,-35,0.24
SITE178,2019,20.4,10.9,15.5,638.6,1190.0,1938,0,0,61.0,2.3,6.5,-2,0.25
SITE178,2020,20.6,11.1,15.6,353.7,1211.0,1953,0,0,59.0,2.4,6.7,-46,0.41
SITE178,2021,20.6,11.1,15.7,411.6,1209.0,1956,0,0,59.0,2.7,6.7,-37,0.43
SITE178,2022,20.6,11.2,15.7,801.3,1189.0,1961,0,0,61.0,2.5,6.2,23,0.48
SITE178,2023,20.6,11.1,15.7,579.1,1201.0,1959,0,0,60.0,2.6,6.4,-11,0.46
SITE178,2024,20.6,11.1,15.7,582.4,1200.0,1958,0,0,60.0,2.3,6.5,-11,0.45
SITE179,1991,18.3,8.1,13.0,708.2,1129.0,1386,0,0,67.0,2.5,6.2,57,-0.78
SITE179,1992,18.5,8.2,13.1,452.8,1154.0,1395,0,0,65.0,2.4,6.2,0,-0.64
SITE179,1993,18.4,8.2,13.1,414.9,1155.0,1392,0,0,64.0,2.6,6.4,-8,-0.68
SITE179,1994,18.5,8.3,13.2,312.1,1166.0,1398,0,0,63.0,2.4,6.7,-31,-0.6
SITE179,1995,18.5,8.3,13.2,375.9,1162.0,1399,0,0,64.0,2.6,6.6,-17,-0.59
SITE179,1996,18.7,8.4,13.4,302.0,1173.0,1410,0,0,63.0,2.6,6.4,-33,-0.43
SITE179,1997,18.8,8.5,13.5,420.2,1168.0,1419,0,0,63.0,2.3,6.3,-7,-0.32
SITE179,1998,18.8,8.6,13.5,576.8,1158.0,1421,0,0,64.0,2.3,6.3,28,-0.28
SITE179,1999,18.8,8.6,13.5,394.6,1171.0,1419,0,0,63.0,2.8,6.4,-13,-0.32
SITE179,2000,18.9,8.6,13.5,506.6,1164.0,1422,0,0,63.0,2.3,6.5,12,-0.27
SITE179,2001,18.9,8.6,13.6,278.8,1182.0,1424,0,0,62.0,2.4,6.3,-38,-0.24
SITE179,2002,19.0,8.7,13.7,550.5,1165.0,1432,0,0,63.0,2.3,6.3,22,-0.13
SITE179,2003,19.0,8.8,13.7,378.7,1180.0,1434,0,0,62.0,2.2,6.6,-16,-0.11
SITE179,2004,19.0,8.7,13.7,622.8,1159.0,1432,0,0,64.0,2.8,6.1,38,-0.13
SITE179,2005,19.1,8.8,13.7,434.8,1177.0,1437,0,0,62.0,2.5,6.6,-4,-0.06
SITE179,2006,19.2,8.9,13.8,227.7,1197.0,1445,0,0,60.0,2.8,6.7,-50,0.05
SITE179,2007,19.2,8.9,13.8,396.1,1183.0,1444,0,0,62.0,2.7,6.3,-12,0.03
SITE179,2008,19.2,8.9,13.8,399.6,1183.0,1443,0,0,62.0,2.4,6.5,-11,0.03
SITE179,2009,19.3,9.0,14.0,316.6,1195.0,1454,0,0,60.0,2.6,6.6,-30,0.18
SITE179,2010,19.3,9.0,13.9,681.1,1165.0,1452,0,0,63.0,2.3,6.1,51,0.15
SITE179,2011,19.4,9.2,14.1,485.3,1186.0,1463,0,0,61.0,2.5,6.4,8,0.3
SITE179,2012,19.5,9.3,14.2,447.8,1193.0,1470,0,0,60.0,2.7,6.3,-1,0.39
SITE179,2013,19.6,9.3,14.3,335.0,1205.0,1476,0,0,59.0,2.2,6.5,-26,0.47
SITE179,2014,19.6,9.4,14.3,501.9,1193.0,1479,0,0,60.0,2.5,6.2,11,0.52
SITE179,2015,19.6,9.4,14.3,354.2,1204.0,1478,0,0,59.0,2.8,6.3,-21,0.5
SITE179,2016,19.6,9.4,14.3,535.4,1190.0,1477,0,0,61.0,2.5,6.3,19,0.5
SITE179,2017,19.5,9.3,14.2,506.5,1189.0,1471,0,0,61.0,2.4,6.1,12,0.41
SITE179,2018,19.5,9.3,14.2,523.9,1187.0,1470,0,0,61.0,2.4,6.4,16,0.39
SITE179,2019,19.5,9.2,14.1,299.8,1203.0,1467,0,0,60.0,2.2,6.7,-34,0.35
SITE179,2020,19.4,9.1,14.0,355.8,1194.0,1459,0,0,60.0,2.2,6.3,-21,0.24
SITE179,2021,19.4,9.1,14.0,599.3,1176.0,1460,0,0,62.0,2.7,6.0,33,0.26
SITE179,2022,19.3,9.1,14.0,488.9,1182.0,1455,0,0,61.0,2.5,6.6,8,0.19
SITE179,2023,19.4,9.1,14.1,348.1,1196.0,1461,0,0,60.0,2.4,6.4,-23,0.27
SITE179,2024,19.5,9.2,14.2,411.1,1195.0,1468,0,0,60.0,2.3,6.7,-9,0.37
SITE180,1991,18.6,8.3,13.3,1516.4,1132.0,1404,0,0,66.0,2.9,5.8,78,-0.52
SITE180,1992,18.7,8.4,13.4,1031.7,1156.0,1410,0,0,64.0,2.4,6.2,21,-0.43
SITE180,1993,18.7,8.4,13.4,1026.3,1156.0,1410,0,0,64.0,2.1,6.5,21,-0.44
SITE180,1994,18.7,8.5,13.4,842.2,1165.0,1414,0,0,63.0,2.1,6.4,-1,-0.38
SITE180,1995,18.8,8.6,13.5,617.6,1177.0,1419,0,0,62.0,2.4,6.9,-27,-0.31
SITE180,1996,18.9,8.6,13.5,461.2,1186.0,1423,0,0,62.0,2.4,6.7,-46,-0.26
SITE180,1997,18.9,8.7,13.6,804.4,1174.0,1428,0,0,63.0,2.2,6.4,-5,-0.18
SITE180,1998,18.9,8.7,13.6,849.0,1172.0,1428,0,0,63.0,2.6,6.5,0,-0.19
SITE180,1999,19.0,8.7,13.6,1067.3,1165.0,1431,0,0,63.0,2.6,6.1,25,-0.15
SITE180,2000,19.1,8.8,13.8,489.5,1193.0,1439,0,0,61.0,2.4,6.6,-42,-0.04
SITE180,2001,19.1,8.9,13.8,715.7,1186.0,1443,0,0,61.0,2.2,6.5,-16,0.02
SITE180,2002,19.1,8.8,13.7,764.5,1181.0,1438,0,0,62.0,2.3,6.4,-10,-0.04
SITE180,2003,19.1,8.8,13.7,894.6,1176.0,1438,0,0,62.0,2.5,6.2,5,-0.04
SITE180,2004,19.1,8.9,13.8,900.1,1178.0,1443,0,0,62.0,2.6,6.4,6,0.02
SITE180,2005,19.1,8.9,13.8,777.5,1182.0,1441,0,0,62.0,2.7,6.5,-9,-0.01
SITE180,2006,19.2,9.0,13.9,1205.1,1168.0,1449,0,0,63.0,2.5,5.8,42,0.1
SITE180,2007,19.1,8.9,13.8,762.7,1182.0,1441,0,0,62.0,3.1,6.6,-10,-0.01
SITE180,2008,19.1,8.9,13.8,1319.5,1159.0,1441,0,0,64.0,2.4,6.1,55,-0.01
SITE180,2009,19.2,9.0,13.9,873.5,1182.0,1448,0,0,62.0,2.8,6.2,3,0.1
SITE180,2010,19.1,8.9,13.8,1017.9,1173.0,1442,0,0,63.0,2.6,6.2,20,0.01
SITE180,2011,19.1,8.8,13.8,539.3,1191.0,1439,0,0,61.0,2.3,6.7,-37,-0.03
SITE180,2012,19.3,9.0,13.9,1183.9,1171.0,1452,0,0,63.0,2.2,6.1,39,0.15
SITE180,2013,19.2,9.0,13.9,1124.8,1172.0,1449,0,0,63.0,2.6,6.1,32,0.11
SITE180,2014,19.2,9.0,13.9,825.6,1185.0,1450,0,0,61.0,2.6,6.6,-3,0.12
SITE180,2015,19.3,9.0,14.0,908.7,1183.0,1453,0,0,62.0,2.5,6.2,7,0.16
SITE180,2016,19.4,9.1,14.1,1922.1,1145.0,1462,0,0,65.0,2.4,5.5,126,0.28
SITE180,2017,19.3,9.0,13.9,1334.7,1164.0,1452,0,0,63.0,2.3,6.0,57,0.15
SITE180,2018,19.4,9.1,14.0,1211.7,1173.0,1458,0,0,62.0,2.1,6.2,42,0.23
SITE180,2019,19.3,9.0,14.0,1004.2,1179.0,1455,0,0,62.0,2.5,6.5,18,0.18
SITE180,2020,19.3,9.1,14.0,536.2,1199.0,1455,0,0,60.0,2.7,6.5,-37,0.18
SITE180,2021,19.3,9.1,14.0,808.7,1189.0,1457,0,0,61.0,2.5,6.6,-5,0.21
SITE180,2022,19.4,9.1,14.1,639.6,1198.0,1462,0,0,60.0,2.5,6.7,-25,0.28
SITE180,2023,19.4,9.2,14.1,681.7,1198.0,1464,0,0,60.0,2.5,6.3,-20,0.31
SITE180,2024,19.5,9.3,14.2,770.0,1198.0,1471,0,0,60.0,2.8,6.6,-10,0.41
SITE181,1991,20.4,2.7,11.2,742.0,1236.0,1527,130,0,60.0,2.8,6.1,-17,-0.6
SITE181,1992,20.4,2.7,11.2,751.6,1237.0,1531,130,0,60.0,2.9,6.1,-16,-0.55
SITE181,1993,20.4,2.7,11.2,1097.9,1223.0,1530,130,0,61.0,2.7,5.7,23,-0.55
SITE181,1994,20.5,2.8,11.3,889.6,1233.0,1534,129,0,60.0,2.8,5.6,0,-0.51
SITE181,1995,20.6,2.9,11.4,599.5,1249.0,1541,129,0,59.0,2.8,6.1,-33,-0.42
SITE181,1996,20.7,3.0,11.5,903.1,1241.0,1548,128,0,59.0,2.9,6.1,1,-0.32
SITE181,1997,20.7,3.0,11.5,829.0,1244.0,1549,127,0,59.0,2.6,5.8,-7,-0.32
SITE181,1998,20.7,3.0,11.5,791.2,1245.0,1548,128,0,59.0,2.5,6.0,-11,-0.32
SITE181,1999,20.7,3.0,11.5,884.9,1243.0,1552,127,0,59.0,2.9,6.0,-1,-0.28
SITE181,2000,20.6,2.9,11.4,1022.4,1233.0,1544,128,0,60.0,2.9,5.8,14,-0.38
SITE181,2001,20.6,2.9,11.4,808.7,1240.0,1540,129,0,59.0,2.6,5.9,-9,-0.43
SITE181,2002,20.7,3.0,11.5,867.9,1244.0,1552,127,0,59.0,2.7,6.2,-3,-0.28
SITE181,2003,20.7,3.0,11.5,794.7,1248.0,1554,127,0,59.0,2.4,5.8,-11,-0.26
SITE181,2004,20.7,3.0,11.5,591.6,1256.0,1553,127,0,58.0,2.9,5.8,-34,-0.27
SITE181,2005,20.8,3.1,11.6,761.5,1251.0,1558,126,0,58.0,2.7,6.0,-15,-0.21
SITE181,2006,20.9,3.2,11.7,1194.4,1237.0,1565,125,0,59.0,2.7,5.5,34,-0.12
SITE181,2007,20.9,3.2,11.7,949.0,1249.0,1567,125,0,59.0,3.2,6.0,6,-0.09
SITE181,2008,20.9,3.2,11.7,680.8,1262.0,1570,125,0,57.0,2.5,5.8,-24,-0.05
SITE181,2009,21.0,3.3,11.8,807.4,1258.0,1574,124,0,58.0,2.8,6.2,-10,-0.0
SITE181,2010,21.0,3.3,11.8,882.1,1257.0,1577,124,0,58.0,2.8,5.8,-1,0.03
SITE181,2011,21.0,3.3,11.8,1112.9,1247.0,1577,124,0,59.0,3.0,5.7,25,0.04
SITE181,2012,21.1,3.4,11.9,858.9,1262.0,1585,123,0,57.0,3.3,5.6,-4,0.14
SITE181,2013,21.0,3.4,11.9,1015.8,1253.0,1579,124,0,58.0,3.2,5.8,14,0.07
SITE181,2014,21.0,3.3,11.8,796.0,1260.0,1577,124,0,58.0,2.6,5.9,-11,0.04
SITE181,2015,21.2,3.6,12.1,743.0,1273.0,1595,122,0,56.0,3.0,5.9,-17,0.27
SITE181,2016,21.4,3.7,12.2,727.7,1278.0,1603,121,0,56.0,3.0,6.2,-19,0.37
SITE181,2017,21.3,3.7,12.1,912.1,1269.0,1602,121,0,57.0,2.6,5.8,2,0.36
SITE181,2018,21.5,3.8,12.3,764.8,1282.0,1615,119,0,55.0,2.6,5.9,-14,0.52
SITE181,2019,21.6,3.9,12.4,1192.1,1267.0,1620,118,0,57.0,2.4,5.8,33,0.59
SITE181,2020,21.6,3.9,12.4,1071.8,1273.0,1623,118,0,56.0,2.6,5.8,20,0.62
SITE181,2021,21.6,3.9,12.4,854.7,1284.0,1624,118,0,55.0,2.5,5.7,-4,0.64
SITE181,2022,21.7,4.0,12.5,1067.6,1278.0,1632,117,0,56.0,2.9,5.8,20,0.74
SITE181,2023,21.7,4.0,12.5,749.5,1292.0,1632,117,0,55.0,2.8,6.2,-16,0.73
SITE181,2024,21.8,4.1,12.6,975.0,1285.0,1636,116,0,55.0,2.8,5.9,9,0.79
SITE182,1991,19.4,1.4,10.0,935.8,1185.0,1335,147,0,61.0,2.9,5.5,49,-0.49
SITE182,1992,19.3,1.3,9.9,743.1,1193.0,1330,148,0,61.0,2.8,6.0,19,-0.56
SITE182,1993,19.4,1.4,10.0,504.6,1210.0,1336,147,0,59.0,2.7,5.9,-19,-0.48
SITE182,1994,19.5,1.4,10.1,648.3,1203.0,1338,147,0,60.0,2.5,5.8,4,-0.44
SITE182,1995,19.5,1.5,10.1,698.5,1204.0,1344,146,0,60.0,2.8,5.6,12,-0.36
SITE182,1996,19.5,1.5,10.1,409.1,1220.0,1342,146,0,59.0,2.7,6.5,-35,-0.39
SITE182,1997,19.6,1.6,10.2,943.4,1193.0,1349,145,0,61.0,2.7,5.3,51,-0.28
SITE182,1998,19.6,1.6,10.2,559.3,1216.0,1350,145,0,59.0,2.7,6.1,-11,-0.28
SITE182,1999,19.7,1.6,10.3,649.0,1213.0,1354,144,0,59.0,2.7,6.0,4,-0.21
SITE182,2000,19.7,1.7,10.3,441.0,1228.0,1358,143,0,58.0,2.6,6.0,-30,-0.16
SITE182,2001,19.8,1.8,10.4,419.9,1233.0,1364,142,0,57.0,1.9,6.0,-33,-0.06
SITE182,2002,19.9,1.8,10.5,683.1,1220.0,1368,142,0,58.0,2.7,6.0,9,-0.0
SITE182,2003,19.9,1.8,10.5,706.6,1218.0,1367,142,0,58.0,2.7,5.7,13,-0.02
SITE182,2004,19.9,1.9,10.5,581.5,1227.0,1370,142,0,58.0,2.4,6.0,-7,0.02
SITE182,2005,20.0,1.9,10.6,412.7,1240.0,1375,141,0,57.0,2.5,6.1,-34,0.09
SITE182,2006,19.9,1.9,10.6,555.4,1230.0,1372,141,0,57.0,2.8,5.9,-11,0.05
SITE182,2007,20.0,1.9,10.6,656.3,1226.0,1375,141,0,58.0,2.6,6.0,5,0.1
SITE182,2008,19.9,1.9,10.5,705.9,1221.0,1371,141,0,58.0,2.6,5.6,13,0.04
SITE182,2009,20.0,1.9,10.6,664.9,1225.0,1374,141,0,58.0,3.0,5.8,6,0.08
SITE182,2010,20.0,2.0,10.7,598.5,1232.0,1378,140,0,57.0,2.6,5.8,-4,0.15
SITE182,2011,20.1,2.1,10.7,673.2,1230.0,1383,139,0,57.0,2.5,5.5,8,0.22
SITE182,2012,20.0,2.0,10.6,800.3,1219.0,1378,140,0,58.0,2.8,5.9,28,0.14
SITE182,2013,20.0,1.9,10.6,653.0,1226.0,1375,141,0,58.0,2.8,5.8,4,0.1
SITE182,2014,19.9,1.9,10.5,538.4,1230.0,1371,141,0,57.0,2.7,6.0,-14,0.04
SITE182,2015,20.0,1.9,10.6,865.3,1213.0,1375,141,0,59.0,2.5,5.7,38,0.09
SITE182,2016,20.2,2.1,10.8,639.9,1234.0,1387,139,0,57.0,2.5,5.8,2,0.27
SITE182,2017,20.1,2.0,10.7,870.8,1218.0,1383,139,0,58.0,2.3,5.5,39,0.21
SITE182,2018,20.1,2.0,10.7,458.9,1241.0,1380,140,0,57.0,2.7,6.3,-27,0.17
SITE182,2019,20.2,2.1,10.8,819.5,1225.0,1389,138,0,58.0,2.3,5.6,31,0.3
SITE182,2020,20.2,2.1,10.8,272.2,1257.0,1389,138,0,55.0,2.6,6.2,-57,0.29
SITE182,2021,20.2,2.1,10.8,995.1,1215.0,1390,138,0,59.0,2.8,5.5,59,0.31
SITE182,2022,20.2,2.2,10.9,736.8,1232.0,1392,138,0,57.0,2.7,5.8,18,0.35
SITE182,2023,20.3,2.2,10.9,900.8,1223.0,1393,138,0,58.0,2.4,5.5,44,0.36
SITE182,2024,20.3,2.2,10.9,543.3,1245.0,1394,138,0,56.0,2.9,5.9,-13,0.37
SITE183,1991,19.7,1.7,10.3,999.5,1223.0,1362,144,0,58.0,2.7,5.9,-14,-0.21
SITE183,1992,19.7,1.7,10.3,1818.8,1196.0,1361,144,0,61.0,2.5,5.6,56,-0.22
SITE183,1993,19.7,1.7,10.3,893.8,1225.0,1359,144,0,58.0,2.8,6.2,-23,-0.24
SITE183,1994,19.8,1.8,10.4,1162.8,1220.0,1366,143,0,59.0,3.1,5.8,0,-0.14
SITE183,1995,19.9,1.8,10.5,2102.9,1193.0,1370,142,0,61.0,2.7,5.4,81,-0.09
SITE183,1996,19.8,1.8,10.4,1378.4,1214.0,1366,143,0,59.0,2.5,5.8,18,-0.14
SITE183,1997,19.8,1.7,10.4,1320.4,1214.0,1364,143,0,59.0,2.6,5.9,13,-0.17
SITE183,1998,19.7,1.6,10.3,1534.9,1203.0,1358,144,0,60.0,2.4,5.6,32,-0.27
SITE183,1999,19.7,1.6,10.3,976.8,1222.0,1359,144,0,59.0,2.7,5.8,-16,-0.25
SITE183,2000,19.7,1.6,10.3,1541.4,1202.0,1356,144,0,60.0,2.6,5.7,32,-0.29
SITE183,2001,19.7,1.6,10.3,1276.8,1212.0,1358,144,0,59.0,2.5,6.0,10,-0.26
SITE183,2002,19.7,1.7,10.3,1523.4,1205.0,1359,144,0,60.0,2.6,5.5,31,-0.24
SITE183,2003,19.7,1.6,10.3,1119.0,1215.0,1356,145,0,59.0,2.8,5.7,-4,-0.29
SITE183,2004,19.8,1.7,10.4,1149.4,1219.0,1364,143,0,59.0,2.5,6.0,-1,-0.18
SITE183,2005,19.9,1.9,10.5,1292.4,1222.0,1375,141,0,58.0,2.5,5.9,11,-0.01
SITE183,2006,20.1,2.0,10.7,1761.4,1213.0,1385,140,0,59.0,2.5,5.5,51,0.13
SITE183,2007,20.1,2.0,10.7,936.9,1240.0,1387,139,0,57.0,2.7,5.9,-20,0.15
SITE183,2008,20.0,2.0,10.6,1653.7,1215.0,1382,140,0,59.0,2.5,5.3,42,0.08
SITE183,2009,20.1,2.0,10.7,764.5,1246.0,1386,139,0,56.0,2.6,6.0,-34,0.15
SITE183,2010,20.0,1.9,10.6,1218.7,1227.0,1379,141,0,58.0,2.8,5.8,5,0.04
SITE183,2011,19.8,1.8,10.5,1433.9,1214.0,1369,142,0,59.0,2.7,5.7,23,-0.1
SITE183,2012,19.9,1.8,10.5,781.2,1237.0,1373,142,0,57.0,2.6,6.2,-33,-0.05
SITE183,2013,19.9,1.9,10.6,1202.9,1225.0,1376,141,0,58.0,2.6,5.9,3,-0.01
SITE183,2014,20.0,1.9,10.6,881.4,1236.0,1377,141,0,57.0,2.7,6.1,-24,0.01
SITE183,2015,20.0,1.9,10.6,372.8,1254.0,1380,141,0,56.0,2.7,6.2,-68,0.06
SITE183,2016,20.0,1.9,10.6,1155.7,1228.0,1378,141,0,58.0,2.7,5.6,-1,0.03
SITE183,2017,20.1,2.1,10.7,1690.7,1217.0,1387,139,0,59.0,2.4,5.5,45,0.16
SITE183,2018,20.2,2.1,10.8,946.2,1244.0,1393,138,0,56.0,2.4,6.0,-19,0.25
SITE183,2019,20.2,2.1,10.8,1183.5,1235.0,1390,139,0,57.0,2.5,5.7,2,0.21
SITE183,2020,20.2,2.2,10.9,1304.9,1235.0,1396,138,0,57.0,2.6,5.7,12,0.3
SITE183,2021,20.4,2.3,11.0,1245.7,1243.0,1407,136,0,56.0,2.8,5.6,7,0.45
SITE183,2022,20.3,2.3,10.9,1052.5,1246.0,1402,137,0,56.0,3.0,6.1,-10,0.38
SITE183,2023,20.3,2.3,10.9,1076.4,1245.0,1401,137,0,56.0,2.9,5.8,-8,0.36
SITE183,2024,20.4,2.3,11.0,1722.2,1227.0,1405,136,0,58.0,2.5,5.4,48,0.42
SITE184,1991,28.9,14.3,21.3,204.7,1615.0,4277,0,44,65.0,2.5,6.4,-28,-0.92
SITE184,1992,29.1,14.5,21.5,282.6,1609.0,4318,0,45,65.0,2.9,6.2,0,-0.73
SITE184,1993,29.2,14.6,21.6,341.1,1603.0,4339,0,46,65.0,2.3,6.3,20,-0.64
SITE184,1994,29.3,14.7,21.7,273.6,1619.0,4363,0,46,64.0,2.6,6.3,-4,-0.54
SITE184,1995,29.3,14.7,21.7,342.7,1607.0,4363,0,46,65.0,2.4,6.2,21,-0.53
SITE184,1996,29.2,14.6,21.6,333.5,1604.0,4339,0,46,65.0,2.4,5.9,17,-0.64
SITE184,1997,29.4,14.8,21.8,266.5,1623.0,4380,0,47,64.0,2.6,6.5,-6,-0.46
SITE184,1998,29.4,14.8,21.8,398.0,1602.0,4388,0,47,65.0,2.7,6.0,40,-0.42
SITE184,1999,29.4,14.8,21.8,331.9,1612.0,4379,0,47,64.0,2.2,6.3,17,-0.46
SITE184,2000,29.4,14.8,21.8,257.0,1626.0,4388,0,47,63.0,2.1,6.6,-10,-0.42
SITE184,2001,29.6,15.0,22.0,223.5,1639.0,4425,0,48,62.0,2.5,6.3,-21,-0.26
SITE184,2002,29.7,15.0,22.0,375.7,1615.0,4438,0,48,64.0,2.7,6.2,32,-0.2
SITE184,2003,29.7,15.1,22.1,247.9,1639.0,4449,0,48,62.0,2.6,6.7,-13,-0.15
SITE184,2004,29.8,15.1,22.2,267.0,1638.0,4465,0,49,62.0,2.5,6.3,-6,-0.08
SITE184,2005,29.8,15.1,22.2,289.9,1634.0,4464,0,48,62.0,2.6,6.3,2,-0.08
SITE184,2006,29.8,15.2,22.2,244.8,1645.0,4480,0,49,62.0,2.7,6.4,-14,-0.01
SITE184,2007,29.9,15.3,22.3,305.8,1637.0,4494,0,49,62.0,2.6,6.2,8,0.05
SITE184,2008,29.9,15.3,22.3,359.8,1629.0,4502,0,49,62.0,2.5,6.2,27,0.09
SITE184,2009,30.0,15.4,22.4,295.9,1643.0,4520,0,50,61.0,2.3,6.6,4,0.17
SITE184,2010,30.1,15.4,22.5,190.3,1663.0,4529,0,50,60.0,2.2,6.4,-33,0.21
SITE184,2011,30.1,15.4,22.5,261.6,1651.0,4531,0,50,61.0,2.6,6.3,-8,0.21
SITE184,2012,30.1,15.4,22.4,211.2,1660.0,4528,0,50,60.0,2.3,6.7,-26,0.2
SITE184,2013,30.1,15.5,22.5,245.8,1656.0,4540,0,50,61.0,2.7,6.5,-13,0.26
SITE184,2014,30.1,15.4,22.5,235.6,1656.0,4529,0,50,61.0,2.1,6.5,-17,0.21
SITE184,2015,30.1,15.5,22.5,157.3,1672.0,4544,0,50,60.0,2.8,6.5,-45,0.27
SITE184,2016,30.3,15.6,22.7,132.8,1682.0,4575,0,51,59.0,2.7,6.7,-53,0.41
SITE184,2017,30.4,15.7,22.7,270.4,1661.0,4595,0,51,60.0,2.3,6.2,-5,0.5
SITE184,2018,30.4,15.7,22.8,199.5,1674.0,4596,0,51,59.0,2.6,6.8,-30,0.51
SITE184,2019,30.3,15.7,22.7,428.8,1633.0,4589,0,51,62.0,2.4,6.4,51,0.48
SITE184,2020,30.3,15.7,22.7,312.8,1653.0,4591,0,51,60.0,2.6,6.2,10,0.48
SITE184,2021,30.4,15.8,22.8,216.5,1672.0,4602,0,51,59.0,2.8,6.5,-24,0.53
SITE184,2022,30.5,15.8,22.9,168.8,1684.0,4622,0,52,58.0,3.0,6.6,-41,0.62
SITE184,2023,30.5,15.9,22.9,279.9,1666.0,4627,0,52,59.0,2.2,6.1,-1,0.64
SITE184,2024,30.6,15.9,23.0,277.6,1669.0,4644,0,52,59.0,2.1,6.3,-2,0.72
SITE185,1991,28.2,12.7,20.1,155.7,1615.0,3765,0,36,63.0,2.6,6.4,-20,-0.34
SITE185,1992,28.2,12.7,20.1,169.7,1612.0,3768,0,36,63.0,2.5,6.3,-13,-0.32
SITE185,1993,28.3,12.8,20.2,106.6,1631.0,3784,0,36,62.0,2.6,6.9,-45,-0.24
SITE185,1994,28.4,12.9,20.3,190.3,1615.0,3804,0,36,62.0,2.3,6.3,-2,-0.14
SITE185,1995,28.4,12.8,20.3,258.6,1597.0,3799,0,36,64.0,2.4,5.9,33,-0.16
SITE185,1996,28.4,12.9,20.3,85.5,1642.0,3809,0,36,61.0,2.8,6.6,-56,-0.11
SITE185,1997,28.5,13.0,20.4,249.9,1606.0,3829,0,37,63.0,2.7,6.6,28,-0.01
SITE185,1998,28.5,13.0,20.5,200.1,1619.0,3830,0,37,62.0,2.1,6.2,3,-0.0
SITE185,1999,28.6,13.1,20.6,189.0,1626.0,3850,0,37,62.0,2.4,6.3,-3,0.1
SITE185,2000,28.6,13.1,20.5,150.1,1633.0,3840,0,37,61.0,2.3,6.4,-23,0.05
SITE185,2001,28.5,13.0,20.5,212.5,1616.0,3835,0,37,62.0,2.9,6.2,9,0.02
SITE185,2002,28.6,13.1,20.5,278.4,1602.0,3845,0,37,63.0,2.4,6.3,43,0.08
SITE185,2003,28.5,13.0,20.4,225.5,1612.0,3828,0,37,63.0,3.0,6.4,16,-0.01
SITE185,2004,28.5,13.0,20.4,218.6,1612.0,3822,0,37,63.0,2.6,6.6,12,-0.05
SITE185,2005,28.4,12.9,20.3,118.8,1633.0,3806,0,36,61.0,2.3,6.4,-39,-0.13
SITE185,2006,28.5,13.0,20.4,110.4,1639.0,3821,0,37,61.0,2.5,6.4,-43,-0.05
SITE185,2007,28.5,13.0,20.4,169.5,1624.0,3819,0,37,62.0,2.3,6.6,-13,-0.06
SITE185,2008,28.4,12.9,20.3,221.6,1607.0,3802,0,36,63.0,2.6,6.4,14,-0.15
SITE185,2009,28.4,12.9,20.4,125.4,1634.0,3815,0,37,61.0,2.3,6.2,-36,-0.08
SITE185,2010,28.5,13.0,20.4,310.9,1590.0,3828,0,37,64.0,2.4,5.9,59,-0.01
SITE185,2011,28.5,13.0,20.4,196.0,1618.0,3823,0,37,62.0,2.3,6.5,1,-0.04
SITE185,2012,28.5,13.0,20.5,81.1,1649.0,3835,0,37,60.0,2.5,7.1,-58,0.02
SITE185,2013,28.6,13.1,20.5,73.2,1652.0,3839,0,37,60.0,2.4,6.6,-62,0.04
SITE185,2014,28.6,13.1,20.5,136.7,1638.0,3849,0,37,61.0,2.7,6.4,-30,0.09
SITE185,2015,28.6,13.1,20.5,144.9,1635.0,3843,0,37,61.0,2.4,6.5,-26,0.06
SITE185,2016,28.6,13.1,20.6,406.5,1571.0,3850,0,37,65.0,2.6,5.6,108,0.1
SITE185,2017,28.7,13.2,20.7,162.1,1637.0,3872,0,38,61.0,2.4,6.6,-17,0.22
SITE185,2018,28.8,13.3,20.7,189.0,1632.0,3877,0,38,61.0,2.6,6.4,-3,0.24
SITE185,2019,28.7,13.2,20.6,168.5,1634.0,3867,0,38,61.0,2.5,6.5,-14,0.19
SITE185,2020,28.7,13.2,20.6,253.5,1612.0,3861,0,37,62.0,2.7,6.3,30,0.16
SITE185,2021,28.6,13.1,20.6,251.4,1610.0,3850,0,37,62.0,2.3,6.1,29,0.1
SITE185,2022,28.6,13.1,20.6,159.8,1634.0,3853,0,37,61.0,2.4,6.4,-18,0.12
SITE185,2023,28.6,13.1,20.6,132.0,1641.0,3856,0,37,60.0,2.7,6.6,-32,0.13
SITE185,2024,28.7,13.2,20.6,187.3,1629.0,3865,0,38,61.0,2.6,6.4,-4,0.18
SITE186,1991,28.7,13.2,20.6,337.6,1624.0,3936,0,40,63.0,2.3,6.0,-5,-0.22
SITE186,1992,28.7,13.3,20.7,296.0,1632.0,3943,0,41,62.0,2.6,6.5,-16,-0.19
SITE186,1993,28.6,13.2,20.6,495.4,1602.0,3931,0,40,64.0,2.6,5.9,40,-0.25
SITE186,1994,28.6,13.2,20.6,223.3,1638.0,3924,0,40,62.0,2.5,6.6,-37,-0.28
SITE186,1995,28.6,13.2,20.6,368.4,1617.0,3921,0,40,63.0,2.7,6.0,4,-0.3
SITE186,1996,28.7,13.3,20.7,175.7,1649.0,3948,0,41,61.0,2.4,6.8,-50,-0.16
SITE186,1997,28.8,13.4,20.8,448.3,1615.0,3961,0,41,63.0,2.5,6.1,27,-0.09
SITE186,1998,28.8,13.4,20.8,418.3,1619.0,3963,0,41,63.0,2.5,6.4,18,-0.09
SITE186,1999,28.9,13.4,20.8,360.6,1630.0,3976,0,41,62.0,2.3,6.2,2,-0.02
SITE186,2000,28.8,13.4,20.8,259.3,1641.0,3962,0,41,62.0,2.4,6.4,-27,-0.09
SITE186,2001,28.7,13.3,20.7,624.0,1589.0,3952,0,41,65.0,2.2,6.0,76,-0.14
SITE186,2002,28.7,13.3,20.7,533.8,1600.0,3945,0,41,64.0,2.6,6.2,51,-0.17
SITE186,2003,28.7,13.3,20.7,440.8,1613.0,3949,0,41,63.0,2.3,6.0,25,-0.16
SITE186,2004,28.7,13.3,20.7,306.7,1630.0,3940,0,40,62.0,2.0,6.3,-13,-0.2
SITE186,2005,28.8,13.4,20.8,436.1,1616.0,3960,0,41,63.0,2.5,6.2,23,-0.1
SITE186,2006,28.9,13.5,20.9,277.9,1642.0,3979,0,41,61.0,2.9,6.4,-22,-0.01
SITE186,2007,28.9,13.4,20.8,160.5,1657.0,3976,0,41,60.0,2.3,6.7,-55,-0.02
SITE186,2008,28.9,13.5,20.9,242.1,1649.0,3987,0,41,61.0,2.3,6.6,-32,0.03
SITE186,2009,28.8,13.4,20.8,217.4,1649.0,3974,0,41,61.0,2.6,6.4,-39,-0.03
SITE186,2010,28.9,13.5,20.9,419.5,1625.0,3993,0,42,62.0,2.8,6.3,19,0.07
SITE186,2011,29.0,13.6,20.9,314.2,1641.0,3997,0,42,61.0,2.2,6.1,-11,0.08
SITE186,2012,28.9,13.5,20.9,258.2,1646.0,3983,0,41,61.0,2.3,6.5,-27,0.02
SITE186,2013,28.8,13.4,20.8,315.4,1635.0,3970,0,41,62.0,2.6,6.2,-11,-0.05
SITE186,2014,29.0,13.6,21.0,216.2,1657.0,4010,0,42,60.0,2.4,6.6,-39,0.15
SITE186,2015,29.1,13.7,21.1,381.1,1636.0,4017,0,42,61.0,2.6,6.0,8,0.19
SITE186,2016,29.0,13.6,21.0,302.7,1645.0,4007,0,42,61.0,2.5,6.4,-14,0.14
SITE186,2017,29.1,13.7,21.1,487.2,1621.0,4017,0,42,62.0,2.3,6.3,38,0.19
SITE186,2018,29.0,13.6,21.0,327.9,1641.0,4006,0,42,61.0,2.3,6.4,-7,0.13
SITE186,2019,29.1,13.7,21.1,330.0,1644.0,4020,0,42,61.0,2.6,6.2,-7,0.2
SITE186,2020,29.1,13.7,21.1,327.2,1646.0,4029,0,42,61.0,2.3,6.4,-8,0.24
SITE186,2021,29.2,13.8,21.2,260.1,1657.0,4039,0,43,60.0,2.5,6.7,-27,0.3
SITE186,2022,29.2,13.8,21.2,678.7,1598.0,4037,0,42,64.0,2.6,5.7,92,0.29
SITE186,2023,29.1,13.7,21.1,307.8,1647.0,4024,0,42,61.0,2.2,6.2,-13,0.22
SITE186,2024,29.2,13.8,21.2,455.8,1632.0,4049,0,43,61.0,2.6,6.2,29,0.35
SITE187,1991,24.4,6.1,14.9,694.9,1543.0,2264,63,14,41.0,3.0,8.3,41,-0.36
SITE187,1992,24.5,6.2,15.0,443.1,1571.0,2273,63,14,39.0,3.7,8.5,-10,-0.27
SITE187,1993,24.5,6.2,15.0,572.6,1559.0,2275,62,14,39.0,3.2,8.6,16,-0.25
SITE187,1994,24.5,6.3,15.0,266.4,1590.0,2280,62,14,37.0,3.3,8.8,-46,-0.21
SITE187,1995,24.5,6.2,15.0,327.7,1583.0,2276,62,14,38.0,3.1,8.7,-34,-0.25
SITE187,1996,24.6,6.3,15.1,665.5,1553.0,2283,62,14,40.0,3.3,8.4,35,-0.19
SITE187,1997,24.6,6.3,15.1,535.3,1567.0,2286,62,14,39.0,3.9,8.5,9,-0.16
SITE187,1998,24.5,6.2,15.0,422.0,1572.0,2272,63,14,39.0,3.6,8.8,-14,-0.28
SITE187,1999,24.5,6.2,15.0,395.4,1574.0,2272,63,14,39.0,3.5,8.7,-20,-0.29
SITE187,2000,24.5,6.2,15.0,664.7,1549.0,2271,63,14,40.0,3.3,8.4,35,-0.29
SITE187,2001,24.4,6.2,14.9,446.5,1568.0,2267,63,14,39.0,3.6,8.6,-9,-0.33
SITE187,2002,24.5,6.3,15.0,525.7,1565.0,2278,62,14,39.0,3.3,8.4,7,-0.23
SITE187,2003,24.6,6.3,15.1,344.8,1585.0,2286,62,14,38.0,3.0,8.7,-30,-0.16
SITE187,2004,24.6,6.3,15.1,428.7,1577.0,2286,62,14,38.0,3.0,8.4,-13,-0.16
SITE187,2005,24.6,6.3,15.1,462.0,1575.0,2287,62,14,38.0,3.0,8.6,-6,-0.15
SITE187,2006,24.8,6.5,15.3,697.8,1559.0,2304,61,15,39.0,3.2,8.3,42,-0.01
SITE187,2007,24.8,6.5,15.3,652.7,1564.0,2306,61,15,39.0,3.3,8.4,32,0.01
SITE187,2008,24.7,6.4,15.2,293.2,1595.0,2298,61,15,37.0,3.4,8.8,-41,-0.05
SITE187,2009,24.8,6.6,15.3,483.4,1583.0,2312,61,15,38.0,3.4,8.4,-2,0.07
SITE187,2010,24.9,6.6,15.4,699.9,1564.0,2318,61,15,39.0,3.5,8.4,42,0.11
SITE187,2011,24.9,6.6,15.4,781.0,1556.0,2317,61,15,39.0,3.3,8.1,58,0.11
SITE187,2012,24.9,6.7,15.4,356.6,1600.0,2324,60,15,37.0,3.2,8.9,-28,0.17
SITE187,2013,24.9,6.7,15.4,435.7,1593.0,2326,60,15,37.0,3.3,8.5,-12,0.18
SITE187,2014,24.9,6.6,15.4,354.0,1599.0,2322,60,15,37.0,3.2,8.8,-28,0.15
SITE187,2015,25.0,6.7,15.5,607.4,1579.0,2333,60,15,38.0,3.7,8.5,23,0.24
SITE187,2016,25.0,6.8,15.5,267.4,1613.0,2335,60,15,36.0,3.5,8.8,-46,0.27
SITE187,2017,25.0,6.7,15.5,357.1,1603.0,2331,60,15,36.0,3.5,8.7,-28,0.23
SITE187,2018,25.0,6.7,15.5,671.0,1573.0,2332,60,15,38.0,3.5,8.5,36,0.24
SITE187,2019,25.1,6.8,15.6,419.1,1600.0,2339,60,15,36.0,3.0,8.6,-15,0.3
SITE187,2020,25.0,6.8,15.5,791.0,1563.0,2337,60,15,39.0,3.3,8.1,60,0.28
SITE187,2021,25.0,6.7,15.5,352.9,1603.0,2329,60,15,36.0,3.2,8.7,-28,0.21
SITE187,2022,25.0,6.8,15.5,710.4,1571.0,2337,60,15,38.0,3.0,8.3,44,0.28
SITE187,2023,25.1,6.9,15.6,420.3,1604.0,2349,59,15,36.0,2.9,8.8,-15,0.39
SITE187,2024,25.2,6.9,15.7,445.8,1603.0,2353,59,15,36.0,3.1,8.6,-10,0.42
SITE188,1991,23.3,4.7,13.6,264.3,1535.0,2053,100,7,38.0,2.9,8.7,-24,-0.29
SITE188,1992,23.2,4.6,13.5,285.6,1528.0,2043,101,7,39.0,3.5,8.6,-18,-0.38
SITE188,1993,23.2,4.6,13.5,215.8,1536.0,2041,101,7,38.0,3.0,8.7,-38,-0.41
SITE188,1994,23.2,4.5,13.5,555.0,1490.0,2037,102,7,42.0,2.8,8.2,59,-0.44
SITE188,1995,23.3,4.7,13.6,460.2,1508.0,2050,101,7,40.0,3.5,8.2,32,-0.32
SITE188,1996,23.3,4.6,13.6,513.0,1500.0,2047,101,7,41.0,2.7,8.4,47,-0.34
SITE188,1997,23.3,4.7,13.6,282.9,1531.0,2050,101,7,39.0,3.5,8.6,-19,-0.32
SITE188,1998,23.3,4.7,13.6,220.8,1540.0,2050,101,7,38.0,3.4,8.7,-37,-0.32
SITE188,1999,23.4,4.7,13.7,514.3,1504.0,2057,100,7,40.0,3.0,8.5,48,-0.25
SITE188,2000,23.3,4.6,13.6,302.6,1527.0,2047,101,7,39.0,3.5,8.4,-13,-0.35
SITE188,2001,23.4,4.8,13.8,436.6,1518.0,2065,99,8,39.0,3.4,8.6,25,-0.17
SITE188,2002,23.5,4.9,13.8,357.3,1532.0,2071,99,8,39.0,3.2,8.5,3,-0.12
SITE188,2003,23.5,4.9,13.8,486.1,1516.0,2074,99,8,40.0,3.0,8.4,40,-0.09
SITE188,2004,23.5,4.8,13.8,274.7,1540.0,2066,99,8,38.0,3.4,8.5,-21,-0.16
SITE188,2005,23.5,4.8,13.8,319.5,1535.0,2069,99,8,38.0,3.3,8.5,-8,-0.14
SITE188,2006,23.6,4.9,13.9,218.7,1553.0,2077,99,8,37.0,3.3,9.0,-37,-0.06
SITE188,2007,23.7,5.1,14.0,267.8,1554.0,2093,97,8,37.0,3.0,8.8,-23,0.09
SITE188,2008,23.8,5.1,14.1,262.6,1556.0,2098,97,8,37.0,3.1,8.6,-25,0.14
SITE188,2009,23.7,5.1,14.0,557.0,1516.0,2094,97,8,39.0,3.3,8.2,60,0.1
SITE188,2010,23.7,5.1,14.0,303.9,1550.0,2095,97,8,37.0,3.2,8.8,-13,0.12
SITE188,2011,23.7,5.1,14.0,195.4,1562.0,2091,98,8,36.0,3.1,9.0,-44,0.07
SITE188,2012,23.6,5.0,14.0,260.9,1551.0,2086,98,8,37.0,2.4,8.6,-25,0.03
SITE188,2013,23.7,5.0,14.0,222.9,1557.0,2088,98,8,37.0,2.8,8.7,-36,0.05
SITE188,2014,23.7,5.0,14.0,472.6,1525.0,2089,98,8,39.0,3.6,8.5,36,0.06
SITE188,2015,23.8,5.1,14.1,408.8,1538.0,2099,97,8,38.0,3.1,8.6,17,0.15
SITE188,2016,23.9,5.2,14.2,234.7,1565.0,2109,96,8,36.0,3.2,8.8,-33,0.24
SITE188,2017,24.0,5.3,14.3,256.6,1567.0,2118,95,8,36.0,2.9,8.8,-26,0.33
SITE188,2018,24.1,5.4,14.4,225.4,1576.0,2130,95,8,35.0,3.3,8.7,-35,0.44
SITE188,2019,24.0,5.3,14.3,499.8,1536.0,2122,95,8,38.0,3.3,8.4,44,0.37
SITE188,2020,23.9,5.3,14.3,236.2,1569.0,2118,96,8,36.0,2.9,9.0,-32,0.33
SITE188,2021,23.9,5.3,14.2,299.8,1561.0,2117,96,8,36.0,2.9,8.6,-14,0.32
SITE188,2022,24.0,5.4,14.4,223.5,1576.0,2128,95,8,35.0,3.4,8.8,-36,0.43
SITE188,2023,24.0,5.4,14.3,484.7,1540.0,2125,95,8,38.0,3.3,8.4,39,0.4
SITE188,2024,24.1,5.5,14.4,342.0,1563.0,2133,94,8,36.0,3.3,8.8,-2,0.48
SITE189,1991,24.2,5.5,14.5,276.4,1584.0,2243,82,16,39.0,3.4,8.7,-56,-0.55
SITE189,1992,24.2,5.5,14.5,701.2,1551.0,2239,82,16,41.0,3.1,8.7,12,-0.58
SITE189,1993,24.1,5.5,14.5,295.7,1581.0,2238,82,16,39.0,3.2,8.8,-53,-0.59
SITE189,1994,24.2,5.6,14.5,361.1,1578.0,2243,82,16,39.0,3.2,8.9,-42,-0.54
SITE189,1995,24.2,5.6,14.5,799.5,1547.0,2247,81,16,41.0,2.9,8.4,28,-0.51
SITE189,1996,24.3,5.7,14.6,418.9,1581.0,2260,81,16,39.0,3.1,8.6,-33,-0.4
SITE189,1997,24.5,5.9,14.8,679.9,1569.0,2278,80,16,39.0,2.9,8.5,9,-0.24
SITE189,1998,24.5,5.9,14.8,611.2,1575.0,2279,80,16,39.0,2.5,8.7,-2,-0.23
SITE189,1999,24.5,5.9,14.8,578.1,1576.0,2278,80,16,39.0,3.3,8.5,-8,-0.24
SITE189,2000,24.5,5.8,14.8,634.3,1571.0,2274,80,16,39.0,3.1,8.6,1,-0.27
SITE189,2001,24.6,6.0,14.9,404.1,1594.0,2289,79,16,38.0,3.0,8.9,-35,-0.15
SITE189,2002,24.6,6.0,14.9,664.7,1576.0,2293,79,17,39.0,3.4,8.6,6,-0.11
SITE189,2003,24.7,6.0,15.0,809.9,1567.0,2298,79,17,39.0,3.3,8.2,29,-0.07
SITE189,2004,24.7,6.1,15.0,538.4,1590.0,2302,78,17,38.0,3.0,8.7,-14,-0.03
SITE189,2005,24.6,6.0,14.9,508.6,1587.0,2291,79,17,38.0,2.9,8.7,-19,-0.12
SITE189,2006,24.7,6.0,15.0,774.6,1569.0,2296,79,17,39.0,3.3,8.4,24,-0.08
SITE189,2007,24.7,6.1,15.0,410.4,1600.0,2304,78,17,37.0,3.2,8.8,-34,-0.02
SITE189,2008,24.7,6.1,15.0,516.2,1592.0,2303,78,17,38.0,3.3,8.7,-18,-0.03
SITE189,2009,24.6,6.0,14.9,734.7,1571.0,2294,79,17,39.0,3.1,8.5,17,-0.11
SITE189,2010,24.6,6.0,14.9,330.5,1601.0,2292,79,17,37.0,3.6,9.1,-47,-0.12
SITE189,2011,24.7,6.1,15.0,838.0,1567.0,2302,78,17,39.0,3.0,8.4,34,-0.04
SITE189,2012,24.9,6.2,15.2,672.0,1588.0,2322,77,17,38.0,3.2,8.5,7,0.14
SITE189,2013,24.9,6.2,15.2,247.1,1620.0,2321,77,17,36.0,3.3,9.0,-61,0.13
SITE189,2014,25.0,6.3,15.3,518.0,1604.0,2333,77,17,37.0,3.0,8.6,-17,0.23
SITE189,2015,25.1,6.4,15.4,584.2,1603.0,2343,76,17,37.0,3.2,8.4,-7,0.32
SITE189,2016,25.2,6.5,15.5,712.0,1599.0,2357,75,17,37.0,3.8,8.6,14,0.44
SITE189,2017,25.2,6.5,15.5,511.3,1614.0,2355,75,17,36.0,3.1,8.5,-18,0.43
SITE189,2018,25.3,6.6,15.6,555.7,1615.0,2366,75,18,36.0,3.4,8.5,-11,0.53
SITE189,2019,25.1,6.5,15.4,616.6,1603.0,2348,76,17,37.0,3.7,8.4,-2,0.36
SITE189,2020,25.1,6.5,15.5,860.3,1586.0,2353,76,17,38.0,3.8,8.6,37,0.41
SITE189,2021,25.1,6.5,15.4,967.1,1577.0,2351,76,17,38.0,3.3,8.3,54,0.39
SITE189,2022,25.2,6.6,15.5,535.8,1614.0,2360,75,18,36.0,3.1,8.6,-14,0.47
SITE189,2023,25.3,6.7,15.6,396.9,1629.0,2370,75,18,35.0,2.8,8.6,-37,0.55
SITE189,2024,25.4,6.7,15.7,836.5,1599.0,2378,74,18,36.0,3.2,8.5,34,0.63
SITE190,1991,23.0,5.3,13.8,108.9,1317.0,2023,60,4,41.0,3.3,8.8,-43,-1.01
SITE190,1992,23.2,5.5,14.0,114.7,1324.0,2046,59,5,40.0,3.4,8.9,-40,-0.79
SITE190,1993,23.4,5.6,14.1,246.8,1303.0,2060,58,5,41.0,3.4,8.5,29,-0.66
SITE190,1994,23.4,5.6,14.2,139.6,1326.0,2064,58,5,40.0,3.4,8.7,-27,-0.62
SITE190,1995,23.4,5.6,14.1,208.2,1311.0,2060,58,5,41.0,2.9,8.5,8,-0.66
SITE190,1996,23.4,5.7,14.2,207.1,1314.0,2068,58,5,41.0,3.3,8.6,8,-0.58
SITE190,1997,23.4,5.6,14.1,144.5,1324.0,2060,58,5,40.0,3.2,8.5,-25,-0.66
SITE190,1998,23.4,5.7,14.2,136.7,1329.0,2069,58,5,39.0,3.2,8.7,-29,-0.57
SITE190,1999,23.5,5.8,14.3,165.4,1327.0,2078,58,5,40.0,3.3,8.7,-14,-0.49
SITE190,2000,23.5,5.8,14.3,306.5,1298.0,2080,57,5,42.0,3.4,8.1,60,-0.47
SITE190,2001,23.6,5.9,14.4,205.7,1322.0,2088,57,5,40.0,3.6,8.4,7,-0.4
SITE190,2002,23.6,5.8,14.4,184.8,1325.0,2084,57,5,40.0,3.1,8.5,-4,-0.43
SITE190,2003,23.6,5.9,14.4,205.9,1323.0,2089,57,5,40.0,3.2,8.3,7,-0.38
SITE190,2004,23.8,6.0,14.5,176.1,1334.0,2103,57,5,39.0,3.5,8.3,-8,-0.26
SITE190,2005,23.8,6.0,14.5,310.3,1306.0,2102,57,5,41.0,3.4,8.4,62,-0.26
SITE190,2006,23.9,6.1,14.7,134.6,1348.0,2117,56,5,38.0,3.0,8.8,-30,-0.12
SITE190,2007,24.0,6.2,14.8,154.6,1348.0,2127,56,5,38.0,3.2,8.5,-19,-0.03
SITE190,2008,24.1,6.3,14.9,146.7,1354.0,2138,55,5,37.0,3.3,8.7,-24,0.08
SITE190,2009,24.2,6.5,15.0,187.7,1351.0,2153,54,5,37.0,3.0,8.5,-2,0.21
SITE190,2010,24.2,6.5,15.0,293.7,1329.0,2153,54,5,39.0,3.0,8.0,53,0.21
SITE190,2011,24.2,6.5,15.0,111.9,1367.0,2153,54,5,36.0,3.3,8.7,-42,0.22
SITE190,2012,24.4,6.6,15.1,213.3,1351.0,2167,54,5,37.0,2.9,8.4,11,0.35
SITE190,2013,24.4,6.7,15.2,93.6,1379.0,2173,54,5,35.0,2.7,9.2,-51,0.4
SITE190,2014,24.4,6.7,15.2,252.9,1345.0,2174,54,5,37.0,3.3,8.9,32,0.41
SITE190,2015,24.5,6.7,15.3,227.0,1353.0,2180,53,5,37.0,3.4,8.5,18,0.47
SITE190,2016,24.6,6.8,15.3,117.0,1379.0,2188,53,5,35.0,3.4,8.7,-39,0.54
SITE190,2017,24.5,6.8,15.3,178.9,1365.0,2184,53,5,36.0,3.5,8.8,-7,0.51
SITE190,2018,24.7,6.9,15.4,174.6,1372.0,2199,53,5,35.0,3.5,8.8,-9,0.65
SITE190,2019,24.7,7.0,15.5,149.9,1379.0,2204,52,5,35.0,2.9,8.7,-22,0.69
SITE190,2020,24.7,6.9,15.4,176.7,1372.0,2200,52,5,35.0,3.1,8.7,-8,0.66
SITE190,2021,24.8,7.0,15.5,103.6,1391.0,2211,52,5,34.0,2.7,9.0,-46,0.76
SITE190,2022,24.7,7.0,15.5,173.9,1375.0,2208,52,5,35.0,3.3,8.6,-9,0.73
SITE190,2023,24.8,7.0,15.5,189.4,1373.0,2210,52,5,35.0,3.7,8.8,-1,0.75
SITE190,2024,24.8,7.0,15.5,118.7,1387.0,2209,52,5,34.0,3.3,9.0,-38,0.74
SITE191,1991,22.5,4.2,13.0,155.5,1292.0,1851,101,2,40.0,3.1,8.3,24,-0.25
SITE191,1992,22.4,4.1,12.9,167.6,1284.0,1840,102,2,40.0,3.0,8.2,34,-0.36
SITE191,1993,22.5,4.1,12.9,150.2,1291.0,1844,102,2,40.0,3.4,8.2,20,-0.33
SITE191,1994,22.4,4.1,12.9,117.3,1300.0,1842,102,2,39.0,3.3,8.5,-6,-0.34
SITE191,1995,22.5,4.1,12.9,146.0,1293.0,1846,102,2,40.0,2.6,8.5,17,-0.3
SITE191,1996,22.4,4.1,12.9,137.6,1294.0,1842,102,2,40.0,3.7,8.5,10,-0.35
SITE191,1997,22.5,4.1,12.9,87.6,1310.0,1844,102,2,38.0,3.1,8.7,-30,-0.32
SITE191,1998,22.4,4.1,12.9,139.3,1291.0,1838,102,2,40.0,2.9,8.6,11,-0.39
SITE191,1999,22.3,4.0,12.8,99.2,1301.0,1831,103,2,39.0,3.4,8.7,-21,-0.46
SITE191,2000,22.4,4.1,12.9,76.3,1311.0,1838,102,2,38.0,3.5,8.8,-39,-0.39
SITE191,2001,22.4,4.1,12.9,124.6,1298.0,1842,102,2,39.0,3.4,8.4,0,-0.35
SITE191,2002,22.6,4.2,13.0,128.2,1302.0,1854,101,2,39.0,3.1,8.4,3,-0.22
SITE191,2003,22.6,4.3,13.1,108.0,1310.0,1856,101,2,38.0,3.4,8.8,-14,-0.19
SITE191,2004,22.6,4.3,13.1,124.9,1305.0,1858,101,2,39.0,3.0,8.6,0,-0.18
SITE191,2005,22.6,4.3,13.1,106.1,1312.0,1860,100,2,38.0,3.3,8.8,-15,-0.16
SITE191,2006,22.7,4.4,13.2,160.1,1299.0,1868,100,2,39.0,2.8,8.5,28,-0.06
SITE191,2007,22.7,4.3,13.1,108.0,1313.0,1864,100,2,38.0,3.3,8.6,-14,-0.11
SITE191,2008,22.7,4.4,13.2,103.9,1316.0,1867,100,2,38.0,2.7,8.4,-17,-0.08
SITE191,2009,22.7,4.4,13.2,121.1,1310.0,1867,100,2,38.0,3.6,8.7,-3,-0.08
SITE191,2010,22.8,4.4,13.2,201.3,1288.0,1873,99,2,40.0,3.6,8.4,61,-0.02
SITE191,2011,22.8,4.5,13.3,69.9,1330.0,1875,99,2,37.0,3.1,8.8,-44,0.0
SITE191,2012,22.9,4.5,13.3,61.0,1336.0,1881,99,2,36.0,3.2,8.8,-51,0.07
SITE191,2013,22.9,4.5,13.3,170.8,1301.0,1882,99,2,39.0,3.3,8.3,37,0.08
SITE191,2014,23.0,4.7,13.5,81.7,1337.0,1898,97,2,36.0,2.8,8.8,-35,0.26
SITE191,2015,23.1,4.8,13.6,117.0,1329.0,1905,97,2,37.0,3.0,8.6,-6,0.32
SITE191,2016,23.2,4.8,13.6,127.2,1327.0,1909,96,2,37.0,3.3,8.6,2,0.37
SITE191,2017,23.2,4.9,13.7,92.9,1341.0,1915,96,2,35.0,3.2,8.8,-26,0.43
SITE191,2018,23.2,4.8,13.6,156.6,1319.0,1911,96,2,37.0,3.2,8.2,25,0.39
SITE191,2019,23.2,4.8,13.6,112.3,1333.0,1912,96,2,36.0,3.3,8.4,-10,0.4
SITE191,2020,23.2,4.9,13.7,145.8,1325.0,1918,96,2,37.0,2.9,8.4,17,0.47
SITE191,2021,23.3,5.0,13.8,102.9,1342.0,1924,95,2,35.0,3.0,8.4,-18,0.52
SITE191,2022,23.3,5.0,13.8,105.1,1342.0,1926,95,2,35.0,2.9,8.7,-16,0.55
SITE191,2023,23.3,5.0,13.8,140.8,1330.0,1924,95,2,36.0,3.5,8.4,13,0.53
SITE191,2024,23.4,5.0,13.8,159.3,1326.0,1928,95,2,37.0,4.0,8.4,27,0.57
SITE192,1991,23.7,5.5,14.3,304.9,1338.0,2118,74,8,40.0,3.0,8.3,14,-0.4
SITE192,1992,23.7,5.5,14.3,197.1,1354.0,2117,74,8,39.0,3.5,8.7,-26,-0.41
SITE192,1993,23.7,5.5,14.3,200.8,1354.0,2119,74,8,39.0,3.2,8.9,-25,-0.39
SITE192,1994,23.6,5.4,14.2,284.9,1336.0,2105,75,8,40.0,3.0,8.5,7,-0.52
SITE192,1995,23.7,5.5,14.2,210.6,1350.0,2111,75,8,39.0,3.2,8.4,-21,-0.47
SITE192,1996,23.8,5.6,14.3,242.1,1350.0,2124,74,8,39.0,3.3,8.7,-9,-0.35
SITE192,1997,23.8,5.6,14.3,207.4,1355.0,2123,74,8,39.0,3.4,8.5,-22,-0.36
SITE192,1998,23.8,5.6,14.3,208.5,1355.0,2123,74,8,39.0,3.0,8.6,-22,-0.35
SITE192,1999,23.9,5.7,14.4,128.0,1371.0,2134,73,8,37.0,3.5,8.7,-52,-0.25
SITE192,2000,24.0,5.8,14.5,274.6,1352.0,2142,73,8,39.0,3.3,8.5,3,-0.18
SITE192,2001,24.1,5.9,14.6,382.2,1340.0,2153,72,8,40.0,2.8,8.2,43,-0.07
SITE192,2002,24.0,5.8,14.6,286.6,1354.0,2152,72,8,39.0,3.1,8.6,7,-0.09
SITE192,2003,24.0,5.8,14.6,211.2,1364.0,2149,73,8,38.0,2.8,8.7,-21,-0.11
SITE192,2004,24.0,5.8,14.5,196.3,1366.0,2146,73,8,38.0,3.5,8.7,-26,-0.14
SITE192,2005,24.1,5.9,14.6,402.0,1337.0,2154,72,8,40.0,3.3,8.2,51,-0.07
SITE192,2006,24.0,5.8,14.6,229.2,1362.0,2149,73,8,38.0,3.4,8.7,-14,-0.12
SITE192,2007,24.0,5.8,14.5,320.3,1346.0,2144,73,8,39.0,3.3,8.4,20,-0.16
SITE192,2008,24.0,5.8,14.5,309.8,1348.0,2146,73,8,39.0,3.2,8.4,16,-0.14
SITE192,2009,24.1,5.9,14.7,318.3,1353.0,2161,72,9,39.0,3.1,8.4,19,-0.0
SITE192,2010,24.1,5.9,14.7,241.9,1365.0,2162,72,9,38.0,3.1,8.8,-9,0.01
SITE192,2011,24.3,6.1,14.8,219.5,1375.0,2178,71,9,37.0,3.1,8.6,-18,0.16
SITE192,2012,24.4,6.2,14.9,238.6,1376.0,2189,70,9,37.0,3.0,8.5,-11,0.26
SITE192,2013,24.5,6.3,15.0,393.2,1355.0,2197,70,9,38.0,3.5,8.1,47,0.33
SITE192,2014,24.5,6.3,15.0,175.9,1389.0,2199,70,9,36.0,3.5,8.9,-34,0.35
SITE192,2015,24.5,6.2,15.0,278.3,1372.0,2195,70,9,37.0,3.0,8.5,4,0.31
SITE192,2016,24.5,6.2,15.0,400.1,1353.0,2195,70,9,38.0,3.1,8.4,50,0.32
SITE192,2017,24.4,6.2,14.9,198.0,1382.0,2189,70,9,36.0,3.6,8.5,-26,0.25
SITE192,2018,24.4,6.2,14.9,253.0,1374.0,2191,70,9,37.0,3.1,8.5,-5,0.28
SITE192,2019,24.5,6.3,15.0,349.4,1364.0,2202,70,9,37.0,3.0,8.3,31,0.38
SITE192,2020,24.4,6.2,14.9,331.9,1362.0,2191,70,9,38.0,3.4,8.3,24,0.28
SITE192,2021,24.5,6.3,15.0,277.7,1373.0,2199,70,9,37.0,3.2,8.5,4,0.35
SITE192,2022,24.4,6.2,15.0,291.6,1370.0,2194,70,9,37.0,3.0,8.6,9,0.31
SITE192,2023,24.6,6.4,15.1,355.7,1367.0,2212,69,9,37.0,3.2,8.5,33,0.47
SITE192,2024,24.7,6.5,15.2,270.7,1382.0,2219,69,9,36.0,3.2,8.7,1,0.53
SITE193,1991,12.4,-5.6,3.0,410.0,830.0,425,208,0,60.0,2.6,5.8,14,-0.44
SITE193,1992,12.4,-5.6,3.1,370.2,834.0,425,207,0,60.0,2.7,5.7,3,-0.42
SITE193,1993,12.6,-5.5,3.2,273.9,845.0,428,206,0,59.0,2.8,6.1,-24,-0.31
SITE193,1994,12.6,-5.4,3.2,237.4,849.0,429,205,0,58.0,2.4,6.1,-34,-0.26
SITE193,1995,12.6,-5.5,3.2,457.2,832.0,428,206,0,60.0,2.4,5.6,27,-0.31
SITE193,1996,12.5,-5.5,3.2,334.0,840.0,427,206,0,59.0,2.7,5.8,-7,-0.32
SITE193,1997,12.6,-5.5,3.2,368.1,839.0,428,205,0,59.0,2.5,5.7,2,-0.28
SITE193,1998,12.5,-5.5,3.2,505.4,828.0,427,206,0,61.0,2.7,5.8,40,-0.33
SITE193,1999,12.6,-5.5,3.2,312.3,842.0,428,206,0,59.0,2.4,5.9,-13,-0.31
SITE193,2000,12.5,-5.5,3.1,190.8,849.0,427,206,0,58.0,2.4,5.9,-47,-0.34
SITE193,2001,12.6,-5.4,3.2,326.3,843.0,429,205,0,59.0,2.8,6.0,-9,-0.26
SITE193,2002,12.7,-5.4,3.3,412.6,840.0,431,203,0,59.0,2.6,5.8,15,-0.18
SITE193,2003,12.7,-5.4,3.3,289.1,849.0,431,203,0,58.0,2.3,5.8,-20,-0.17
SITE193,2004,12.8,-5.3,3.4,399.0,844.0,432,202,0,59.0,2.4,6.0,11,-0.11
SITE193,2005,12.8,-5.2,3.4,267.4,855.0,433,202,0,57.0,2.9,6.0,-26,-0.06
SITE193,2006,12.7,-5.3,3.3,233.9,855.0,431,203,0,57.0,2.4,6.1,-35,-0.14
SITE193,2007,12.9,-5.2,3.5,292.9,855.0,434,201,0,57.0,2.8,6.2,-19,-0.01
SITE193,2008,12.9,-5.2,3.5,400.1,849.0,435,200,0,58.0,2.7,5.7,11,0.01
SITE193,2009,12.9,-5.1,3.5,417.8,849.0,436,200,0,58.0,2.8,5.7,16,0.05
SITE193,2010,12.9,-5.1,3.6,520.5,843.0,436,199,0,59.0,2.3,5.5,45,0.08
SITE193,2011,12.9,-5.2,3.5,446.5,845.0,434,201,0,59.0,2.6,5.6,24,0.0
SITE193,2012,12.8,-5.2,3.5,457.9,843.0,434,201,0,59.0,2.7,5.8,27,-0.02
SITE193,2013,12.8,-5.2,3.5,297.4,854.0,434,201,0,58.0,3.1,5.9,-17,-0.03
SITE193,2014,12.9,-5.2,3.5,349.6,853.0,435,200,0,58.0,2.2,5.7,-3,0.04
SITE193,2015,13.0,-5.1,3.6,260.9,863.0,437,199,0,57.0,2.7,6.0,-28,0.12
SITE193,2016,13.0,-5.0,3.6,238.3,866.0,438,198,0,56.0,2.8,6.1,-34,0.16
SITE193,2017,13.1,-5.0,3.7,451.0,853.0,439,197,0,58.0,2.9,5.9,25,0.21
SITE193,2018,13.1,-4.9,3.7,213.1,872.0,440,196,0,56.0,3.0,6.4,-41,0.26
SITE193,2019,13.2,-4.9,3.8,375.9,862.0,441,196,0,57.0,2.4,5.7,4,0.29
SITE193,2020,13.3,-4.7,3.9,316.6,872.0,444,193,0,56.0,2.6,6.1,-12,0.45
SITE193,2021,13.4,-4.6,4.1,249.8,882.0,447,191,0,55.0,2.9,6.0,-31,0.57
SITE193,2022,13.5,-4.6,4.1,427.0,871.0,448,191,0,56.0,2.5,5.9,19,0.63
SITE193,2023,13.5,-4.5,4.2,354.4,878.0,449,190,0,55.0,2.7,5.9,-2,0.67
SITE193,2024,13.6,-4.4,4.2,295.9,886.0,451,189,0,54.0,2.5,5.7,-18,0.75
SITE194,1991,11.2,-6.9,1.8,173.7,806.0,374,218,0,60.0,2.4,6.1,-28,-0.61
SITE194,1992,11.2,-6.8,1.8,191.2,807.0,375,217,0,60.0,2.8,6.0,-20,-0.56
SITE194,1993,11.3,-6.8,1.9,167.9,811.0,375,216,0,59.0,2.9,6.0,-30,-0.51
SITE194,1994,11.3,-6.7,1.9,238.2,806.0,376,216,0,60.0,2.5,6.0,-1,-0.47
SITE194,1995,11.4,-6.6,2.0,363.6,797.0,378,214,0,61.0,3.0,5.6,52,-0.36
SITE194,1996,11.5,-6.5,2.1,151.4,823.0,380,212,0,58.0,2.5,5.9,-37,-0.26
SITE194,1997,11.5,-6.6,2.1,296.7,806.0,379,213,0,60.0,2.7,5.6,24,-0.3
SITE194,1998,11.5,-6.6,2.1,391.6,797.0,379,213,0,61.0,2.9,5.7,63,-0.31
SITE194,1999,11.5,-6.6,2.1,131.6,822.0,379,213,0,58.0,2.8,6.2,-45,-0.33
SITE194,2000,11.5,-6.5,2.2,310.6,807.0,381,212,0,60.0,2.7,5.6,29,-0.25
SITE194,2001,11.6,-6.5,2.2,316.9,807.0,381,212,0,60.0,2.9,5.7,32,-0.23
SITE194,2002,11.6,-6.4,2.2,390.4,803.0,382,210,0,61.0,2.5,5.4,63,-0.16
SITE194,2003,11.6,-6.4,2.3,216.1,821.0,382,210,0,58.0,2.8,5.8,-10,-0.15
SITE194,2004,11.7,-6.4,2.3,289.4,816.0,384,209,0,59.0,2.8,5.8,21,-0.09
SITE194,2005,11.7,-6.4,2.3,189.8,824.0,383,210,0,58.0,2.7,6.2,-21,-0.13
SITE194,2006,11.7,-6.3,2.3,212.0,825.0,384,209,0,58.0,2.5,5.9,-12,-0.07
SITE194,2007,11.8,-6.3,2.4,148.3,834.0,385,208,0,57.0,2.6,6.2,-38,0.01
SITE194,2008,11.8,-6.2,2.4,123.1,838.0,386,207,0,56.0,2.5,6.2,-49,0.03
SITE194,2009,11.7,-6.4,2.3,118.5,833.0,384,209,0,57.0,2.4,6.1,-51,-0.09
SITE194,2010,11.7,-6.3,2.3,242.5,822.0,384,209,0,58.0,2.7,6.1,1,-0.05
SITE194,2011,11.8,-6.2,2.5,288.4,822.0,386,207,0,58.0,3.0,5.4,20,0.05
SITE194,2012,11.8,-6.3,2.4,312.2,817.0,385,208,0,59.0,2.9,5.7,30,-0.01
SITE194,2013,11.9,-6.2,2.5,173.8,835.0,387,206,0,57.0,2.8,6.0,-28,0.08
SITE194,2014,11.9,-6.1,2.5,234.2,831.0,388,205,0,57.0,2.6,5.7,-2,0.14
SITE194,2015,12.1,-6.0,2.7,159.6,845.0,391,203,0,56.0,2.8,6.1,-34,0.3
SITE194,2016,12.1,-5.9,2.7,232.7,839.0,392,202,0,57.0,3.1,5.8,-3,0.34
SITE194,2017,12.2,-5.8,2.8,249.5,841.0,394,201,0,56.0,2.4,5.7,4,0.43
SITE194,2018,12.3,-5.8,2.9,229.4,845.0,394,200,0,56.0,2.7,6.0,-4,0.46
SITE194,2019,12.2,-5.8,2.8,182.6,848.0,393,201,0,56.0,2.8,6.0,-24,0.42
SITE194,2020,12.3,-5.7,2.9,300.9,841.0,396,199,0,57.0,2.7,5.7,25,0.55
SITE194,2021,12.3,-5.8,2.9,280.5,840.0,395,200,0,57.0,2.3,6.0,17,0.49
SITE194,2022,12.3,-5.7,2.9,301.5,840.0,396,199,0,57.0,3.1,5.8,26,0.54
SITE194,2023,12.4,-5.7,3.0,225.8,849.0,396,198,0,56.0,2.6,5.7,-6,0.56
SITE194,2024,12.3,-5.7,2.9,278.7,842.0,396,199,0,56.0,2.8,5.9,16,0.53
SITE195,1991,10.7,-7.3,1.3,698.9,774.0,320,220,0,61.0,2.4,5.6,49,-0.36
SITE195,1992,10.7,-7.4,1.3,288.5,794.0,320,220,0,58.0,2.6,6.2,-38,-0.38
SITE195,1993,10.7,-7.4,1.3,425.9,787.0,320,220,0,59.0,2.6,5.9,-9,-0.38
SITE195,1994,10.7,-7.4,1.3,427.8,786.0,319,221,0,59.0,2.8,6.0,-9,-0.42
SITE195,1995,10.8,-7.2,1.4,327.3,797.0,322,218,0,58.0,2.4,5.8,-30,-0.26
SITE195,1996,10.8,-7.3,1.4,442.4,790.0,322,219,0,59.0,2.4,6.1,-5,-0.29
SITE195,1997,10.8,-7.2,1.4,500.2,789.0,322,218,0,59.0,2.5,5.7,7,-0.25
SITE195,1998,10.8,-7.3,1.4,426.5,790.0,321,219,0,59.0,2.6,6.1,-9,-0.31
SITE195,1999,10.7,-7.4,1.3,439.4,787.0,320,220,0,59.0,2.8,5.8,-6,-0.38
SITE195,2000,10.7,-7.3,1.4,332.0,794.0,321,220,0,58.0,3.0,5.9,-29,-0.33
SITE195,2001,10.7,-7.3,1.4,496.8,785.0,321,220,0,60.0,3.1,5.9,6,-0.34
SITE195,2002,10.7,-7.4,1.3,348.0,790.0,320,221,0,59.0,2.9,5.8,-26,-0.41
SITE195,2003,10.7,-7.3,1.3,319.7,794.0,321,220,0,58.0,2.4,5.9,-32,-0.35
SITE195,2004,10.7,-7.3,1.3,519.2,784.0,321,220,0,60.0,2.5,5.7,11,-0.35
SITE195,2005,10.8,-7.3,1.4,177.5,802.0,321,220,0,57.0,2.8,6.1,-62,-0.33
SITE195,2006,10.9,-7.2,1.5,439.3,793.0,323,218,0,59.0,2.7,5.9,-6,-0.21
SITE195,2007,10.9,-7.2,1.5,359.0,799.0,323,217,0,58.0,2.6,6.1,-23,-0.17
SITE195,2008,10.9,-7.2,1.5,316.2,800.0,323,217,0,58.0,2.8,6.2,-32,-0.2
SITE195,2009,11.0,-7.1,1.6,523.9,793.0,325,216,0,59.0,2.9,6.0,12,-0.11
SITE195,2010,11.1,-7.0,1.7,376.0,805.0,326,214,0,57.0,2.9,6.0,-20,-0.0
SITE195,2011,11.1,-6.9,1.7,601.0,795.0,327,213,0,59.0,2.9,5.7,28,0.03
SITE195,2012,11.2,-6.8,1.8,305.9,814.0,328,212,0,56.0,2.6,6.0,-35,0.13
SITE195,2013,11.2,-6.8,1.8,538.4,803.0,329,211,0,58.0,2.6,6.0,15,0.15
SITE195,2014,11.2,-6.8,1.8,621.0,799.0,329,211,0,58.0,2.5,6.0,33,0.15
SITE195,2015,11.3,-6.7,1.9,525.9,808.0,330,210,0,57.0,2.9,5.8,12,0.24
SITE195,2016,11.3,-6.7,1.9,449.1,812.0,330,210,0,57.0,2.7,5.8,-4,0.25
SITE195,2017,11.4,-6.6,2.0,382.2,819.0,332,208,0,56.0,2.3,6.0,-18,0.34
SITE195,2018,11.5,-6.6,2.1,334.5,824.0,333,207,0,56.0,2.9,6.0,-29,0.4
SITE195,2019,11.5,-6.5,2.2,383.3,824.0,334,206,0,56.0,2.8,6.1,-18,0.47
SITE195,2020,11.7,-6.4,2.3,499.7,823.0,336,204,0,56.0,2.7,5.8,7,0.58
SITE195,2021,11.8,-6.3,2.4,619.4,821.0,338,202,0,56.0,2.5,5.8,32,0.69
SITE195,2022,11.8,-6.2,2.4,413.7,834.0,338,201,0,55.0,2.9,6.1,-12,0.75
SITE195,2023,11.9,-6.2,2.5,554.3,828.0,339,200,0,55.0,2.7,5.7,18,0.79
SITE195,2024,11.9,-6.1,2.5,423.9,838.0,340,199,0,54.0,2.4,5.9,-9,0.85
SITE196,1991,19.4,10.1,14.5,876.6,869.0,1904,0,0,67.0,2.6,6.2,50,-0.92
SITE196,1992,19.5,10.2,14.6,486.5,889.0,1915,0,0,65.0,2.6,6.5,-17,-0.81
SITE196,1993,19.5,10.2,14.6,580.8,885.0,1915,0,0,65.0,2.7,6.3,-1,-0.8
SITE196,1994,19.5,10.2,14.7,593.9,885.0,1919,0,0,65.0,2.6,6.3,1,-0.76
SITE196,1995,19.7,10.4,14.8,703.6,885.0,1936,0,0,65.0,2.4,6.3,20,-0.6
SITE196,1996,19.7,10.5,14.9,587.6,892.0,1943,0,0,64.0,2.5,6.5,0,-0.52
SITE196,1997,19.8,10.6,15.0,391.9,904.0,1952,0,0,63.0,2.6,6.7,-33,-0.43
SITE196,1998,19.8,10.5,15.0,556.5,895.0,1946,0,0,64.0,2.5,6.4,-5,-0.49
SITE196,1999,19.8,10.5,15.0,275.1,909.0,1951,0,0,62.0,2.2,6.6,-53,-0.44
SITE196,2000,19.9,10.6,15.0,436.1,903.0,1956,0,0,63.0,2.3,6.6,-26,-0.4
SITE196,2001,20.0,10.7,15.2,528.3,901.0,1966,0,0,63.0,2.3,6.5,-10,-0.29
SITE196,2002,20.0,10.7,15.2,348.3,910.0,1969,0,0,62.0,2.3,6.4,-41,-0.26
SITE196,2003,20.0,10.7,15.1,750.9,891.0,1966,0,0,64.0,2.7,6.2,28,-0.3
SITE196,2004,20.2,10.9,15.3,475.9,909.0,1985,0,0,62.0,2.6,6.3,-19,-0.11
SITE196,2005,20.2,10.9,15.4,737.3,898.0,1988,0,0,63.0,2.7,6.3,26,-0.08
SITE196,2006,20.2,10.9,15.3,356.3,914.0,1984,0,0,61.0,2.7,6.6,-39,-0.12
SITE196,2007,20.2,11.0,15.4,615.5,905.0,1993,0,0,62.0,2.0,6.3,5,-0.03
SITE196,2008,20.2,10.9,15.4,728.7,899.0,1991,0,0,63.0,2.5,6.1,24,-0.05
SITE196,2009,20.3,11.0,15.5,538.3,909.0,1997,0,0,62.0,2.5,6.1,-8,0.02
SITE196,2010,20.3,11.1,15.5,377.7,918.0,2003,0,0,61.0,2.4,6.5,-36,0.08
SITE196,2011,20.4,11.2,15.6,544.8,913.0,2012,0,0,61.0,2.8,6.7,-7,0.17
SITE196,2012,20.5,11.3,15.7,583.8,914.0,2022,0,0,61.0,2.5,5.9,0,0.27
SITE196,2013,20.6,11.3,15.8,675.8,912.0,2031,0,0,61.0,2.6,6.4,15,0.35
SITE196,2014,20.6,11.4,15.8,564.7,918.0,2033,0,0,60.0,2.6,6.6,-4,0.38
SITE196,2015,20.7,11.4,15.9,541.4,921.0,2039,0,0,60.0,2.7,6.4,-8,0.44
SITE196,2016,20.8,11.5,15.9,558.0,922.0,2046,0,0,60.0,2.5,6.5,-5,0.5
SITE196,2017,20.8,11.5,16.0,520.6,924.0,2047,0,0,60.0,2.6,6.5,-11,0.52
SITE196,2018,20.8,11.6,16.0,661.5,919.0,2052,0,0,60.0,2.5,6.0,13,0.57
SITE196,2019,20.9,11.6,16.1,654.9,921.0,2059,0,0,60.0,2.7,6.3,12,0.63
SITE196,2020,20.9,11.6,16.1,702.4,918.0,2058,0,0,60.0,2.6,6.2,20,0.62
SITE196,2021,20.9,11.7,16.1,655.2,922.0,2063,0,0,60.0,2.5,6.2,12,0.67
SITE196,2022,21.0,11.7,16.2,524.3,930.0,2069,0,0,59.0,2.2,6.7,-11,0.74
SITE196,2023,21.0,11.7,16.2,779.0,917.0,2068,0,0,60.0,2.3,6.4,33,0.72
SITE196,2024,21.0,11.7,16.2,694.7,922.0,2070,0,0,60.0,2.6,6.1,19,0.75
SITE197,1991,19.2,9.3,14.0,223.2,916.0,1688,0,0,63.0,2.2,6.6,-47,-0.7
SITE197,1992,19.2,9.3,14.1,410.0,905.0,1691,0,0,65.0,2.4,6.5,-3,-0.67
SITE197,1993,19.3,9.4,14.2,308.9,915.0,1702,0,0,63.0,2.5,6.5,-27,-0.55
SITE197,1994,19.3,9.4,14.1,414.8,907.0,1699,0,0,64.0,2.6,6.5,-2,-0.58
SITE197,1995,19.4,9.5,14.2,330.7,915.0,1705,0,0,63.0,2.3,6.6,-22,-0.51
SITE197,1996,19.3,9.4,14.2,442.9,906.0,1700,0,0,64.0,2.4,6.3,5,-0.56
SITE197,1997,19.3,9.4,14.1,618.3,894.0,1697,0,0,66.0,2.7,5.9,46,-0.6
SITE197,1998,19.4,9.5,14.2,327.2,916.0,1708,0,0,63.0,2.5,6.5,-23,-0.48
SITE197,1999,19.4,9.5,14.2,435.4,908.0,1706,0,0,64.0,2.7,6.3,3,-0.5
SITE197,2000,19.4,9.5,14.2,418.6,909.0,1705,0,0,64.0,2.5,6.5,-1,-0.51
SITE197,2001,19.4,9.5,14.2,467.0,906.0,1707,0,0,64.0,2.8,6.1,10,-0.49
SITE197,2002,19.4,9.5,14.2,412.9,910.0,1706,0,0,64.0,2.7,6.3,-2,-0.49
SITE197,2003,19.4,9.5,14.3,440.3,910.0,1711,0,0,64.0,2.7,6.0,4,-0.44
SITE197,2004,19.5,9.6,14.3,353.2,917.0,1717,0,0,63.0,2.3,6.5,-17,-0.37
SITE197,2005,19.5,9.6,14.4,469.7,911.0,1721,0,0,64.0,2.5,6.4,11,-0.33
SITE197,2006,19.7,9.8,14.5,442.8,916.0,1732,0,0,63.0,2.5,6.6,5,-0.2
SITE197,2007,19.8,9.8,14.6,505.8,914.0,1739,0,0,63.0,2.4,6.5,20,-0.12
SITE197,2008,19.8,9.9,14.7,290.3,931.0,1746,0,0,61.0,2.7,6.5,-31,-0.04
SITE197,2009,19.8,9.9,14.6,657.6,906.0,1743,0,0,64.0,2.6,6.0,55,-0.08
SITE197,2010,20.0,10.1,14.8,334.3,932.0,1758,0,0,61.0,2.3,6.4,-21,0.09
SITE197,2011,20.0,10.1,14.8,706.9,908.0,1761,0,0,64.0,2.4,5.9,67,0.13
SITE197,2012,20.2,10.2,15.0,341.9,937.0,1775,0,0,60.0,2.7,6.5,-19,0.29
SITE197,2013,20.2,10.3,15.0,588.8,921.0,1775,0,0,62.0,2.1,6.4,39,0.3
SITE197,2014,20.3,10.4,15.1,348.0,940.0,1787,0,0,60.0,2.9,6.3,-18,0.43
SITE197,2015,20.4,10.5,15.2,533.5,930.0,1795,0,0,61.0,2.3,6.3,26,0.51
SITE197,2016,20.5,10.6,15.4,433.0,941.0,1807,0,0,59.0,2.5,6.3,2,0.65
SITE197,2017,20.5,10.6,15.4,440.0,941.0,1807,0,0,60.0,2.9,6.4,4,0.65
SITE197,2018,20.6,10.7,15.4,537.5,935.0,1810,0,0,60.0,2.4,6.6,27,0.7
SITE197,2019,20.6,10.7,15.4,637.6,928.0,1810,0,0,61.0,2.4,5.9,51,0.69
SITE197,2020,20.6,10.7,15.4,412.5,944.0,1811,0,0,59.0,3.0,6.1,-2,0.7
SITE197,2021,20.5,10.6,15.4,272.4,952.0,1807,0,0,58.0,2.4,6.5,-36,0.65
SITE197,2022,20.6,10.7,15.4,561.9,935.0,1813,0,0,60.0,2.4,6.1,33,0.73
SITE197,2023,20.6,10.7,15.5,513.1,939.0,1817,0,0,60.0,2.7,6.1,21,0.77
SITE197,2024,20.8,10.9,15.6,298.8,957.0,1829,0,0,57.0,2.9,6.7,-29,0.91
SITE198,1991,18.6,8.6,13.4,494.2,904.0,1477,0,0,63.0,2.3,6.8,-36,-0.48
SITE198,1992,18.6,8.6,13.4,1064.1,884.0,1476,0,0,65.0,2.1,6.0,37,-0.48
SITE198,1993,18.5,8.5,13.3,652.7,896.0,1470,0,0,64.0,2.3,6.2,-16,-0.56
SITE198,1994,18.6,8.5,13.3,754.1,894.0,1474,0,0,64.0,2.4,6.3,-3,-0.51
SITE198,1995,18.6,8.5,13.3,551.6,901.0,1474,0,0,63.0,2.5,6.4,-29,-0.52
SITE198,1996,18.6,8.5,13.4,832.4,892.0,1476,0,0,64.0,2.8,6.5,7,-0.49
SITE198,1997,18.7,8.6,13.5,520.9,905.0,1483,0,0,63.0,2.6,6.5,-33,-0.39
SITE198,1998,18.6,8.6,13.4,531.9,902.0,1476,0,0,63.0,2.3,6.5,-32,-0.48
SITE198,1999,18.6,8.6,13.4,829.1,892.0,1477,0,0,64.0,2.6,6.5,7,-0.47
SITE198,2000,18.7,8.7,13.5,581.6,904.0,1486,0,0,63.0,2.4,6.5,-25,-0.36
SITE198,2001,18.9,8.8,13.6,575.2,908.0,1497,0,0,62.0,2.8,6.4,-26,-0.21
SITE198,2002,18.9,8.9,13.7,679.6,906.0,1500,0,0,62.0,2.6,6.2,-13,-0.16
SITE198,2003,19.0,9.0,13.8,705.9,909.0,1510,0,0,62.0,2.4,6.4,-9,-0.04
SITE198,2004,19.2,9.1,13.9,934.3,904.0,1519,0,0,62.0,2.6,6.2,20,0.08
SITE198,2005,19.1,9.1,13.9,595.2,916.0,1518,0,0,61.0,2.2,6.5,-23,0.07
SITE198,2006,19.1,9.1,13.9,809.6,908.0,1516,0,0,62.0,2.1,6.3,4,0.04
SITE198,2007,19.1,9.1,13.9,538.1,917.0,1515,0,0,61.0,2.1,6.5,-31,0.02
SITE198,2008,19.1,9.1,13.9,796.1,908.0,1516,0,0,62.0,2.4,5.9,2,0.05
SITE198,2009,19.2,9.1,13.9,703.6,913.0,1519,0,0,61.0,3.0,6.4,-9,0.09
SITE198,2010,19.2,9.1,14.0,881.3,907.0,1521,0,0,62.0,3.0,6.2,13,0.11
SITE198,2011,19.3,9.2,14.0,707.3,915.0,1527,0,0,61.0,2.6,6.3,-9,0.18
SITE198,2012,19.2,9.2,14.0,878.8,909.0,1525,0,0,62.0,2.6,6.1,13,0.16
SITE198,2013,19.3,9.2,14.0,594.8,919.0,1527,0,0,61.0,2.6,6.3,-23,0.19
SITE198,2014,19.2,9.1,13.9,849.4,908.0,1520,0,0,62.0,2.5,6.1,9,0.09
SITE198,2015,19.2,9.1,13.9,973.8,903.0,1519,0,0,62.0,2.7,6.3,25,0.08
SITE198,2016,19.2,9.2,14.0,877.7,908.0,1524,0,0,62.0,2.7,6.5,13,0.15
SITE198,2017,19.2,9.2,14.0,958.4,905.0,1522,0,0,62.0,2.5,6.1,23,0.12
SITE198,2018,19.3,9.2,14.0,632.0,918.0,1528,0,0,61.0,2.3,6.4,-19,0.19
SITE198,2019,19.4,9.3,14.1,783.1,915.0,1534,0,0,61.0,2.1,6.4,1,0.28
SITE198,2020,19.6,9.5,14.3,633.0,927.0,1549,0,0,60.0,2.8,6.8,-19,0.48
SITE198,2021,19.7,9.6,14.4,825.5,923.0,1558,0,0,60.0,2.6,6.1,6,0.59
SITE198,2022,19.7,9.6,14.5,800.9,924.0,1559,0,0,60.0,2.4,6.5,3,0.6
SITE198,2023,19.8,9.8,14.6,1085.4,917.0,1568,0,0,60.0,2.3,6.2,40,0.73
SITE198,2024,19.9,9.9,14.7,434.3,944.0,1576,0,0,57.0,2.6,6.4,-44,0.83
SITE199,1991,23.5,10.5,16.7,674.7,1178.0,2633,0,0,65.0,2.9,6.2,-2,-0.71
SITE199,1992,23.4,10.5,16.7,964.5,1161.0,2626,0,0,66.0,2.5,6.4,40,-0.76
SITE199,1993,23.5,10.5,16.7,591.8,1182.0,2631,0,0,64.0,2.4,6.1,-14,-0.72
SITE199,1994,23.5,10.6,16.8,657.9,1181.0,2640,0,0,64.0,2.1,6.4,-5,-0.65
SITE199,1995,23.5,10.6,16.8,463.8,1191.0,2640,0,0,64.0,2.5,6.5,-33,-0.65
SITE199,1996,23.6,10.6,16.9,775.0,1177.0,2649,0,0,65.0,2.8,6.2,12,-0.59
SITE199,1997,23.7,10.7,16.9,695.6,1183.0,2657,0,0,64.0,2.6,6.3,1,-0.53
SITE199,1998,23.7,10.7,17.0,884.8,1175.0,2665,0,0,65.0,2.6,6.2,28,-0.48
SITE199,1999,23.7,10.7,16.9,569.4,1190.0,2660,0,0,64.0,2.4,6.4,-17,-0.51
SITE199,2000,23.8,10.8,17.0,578.3,1192.0,2670,0,0,63.0,2.4,6.3,-16,-0.44
SITE199,2001,23.8,10.8,17.0,456.5,1198.0,2669,0,0,63.0,2.4,6.4,-34,-0.44
SITE199,2002,23.9,10.9,17.2,906.6,1180.0,2689,0,0,64.0,2.5,6.0,31,-0.29
SITE199,2003,24.1,11.1,17.3,459.3,1209.0,2711,0,0,62.0,2.3,6.2,-33,-0.14
SITE199,2004,24.1,11.1,17.3,625.1,1201.0,2716,0,0,62.0,2.5,6.7,-9,-0.1
SITE199,2005,24.2,11.2,17.4,744.8,1198.0,2727,0,0,62.0,2.6,6.3,8,-0.02
SITE199,2006,24.3,11.3,17.5,711.7,1202.0,2737,0,0,62.0,2.8,6.1,3,0.05
SITE199,2007,24.4,11.4,17.6,685.0,1207.0,2753,0,0,61.0,2.6,6.0,-1,0.17
SITE199,2008,24.4,11.4,17.6,610.9,1211.0,2751,0,0,61.0,2.4,6.2,-11,0.16
SITE199,2009,24.4,11.4,17.7,694.2,1209.0,2760,0,0,61.0,2.5,6.5,1,0.22
SITE199,2010,24.5,11.5,17.7,787.3,1205.0,2767,0,0,61.0,2.3,6.2,14,0.27
SITE199,2011,24.6,11.7,17.9,954.6,1203.0,2791,0,0,61.0,2.5,6.1,38,0.45
SITE199,2012,24.6,11.7,17.9,327.7,1235.0,2789,0,0,59.0,2.4,6.5,-53,0.44
SITE199,2013,24.6,11.7,17.9,561.5,1223.0,2791,0,0,60.0,2.7,6.6,-19,0.45
SITE199,2014,24.6,11.6,17.9,490.1,1226.0,2786,0,0,59.0,2.5,6.5,-29,0.41
SITE199,2015,24.7,11.7,17.9,506.7,1227.0,2792,0,0,59.0,2.4,6.6,-27,0.46
SITE199,2016,24.8,11.8,18.0,793.4,1216.0,2809,0,0,60.0,2.8,6.3,15,0.59
SITE199,2017,24.8,11.8,18.0,898.4,1210.0,2808,0,0,61.0,2.7,6.0,30,0.57
SITE199,2018,24.8,11.8,18.0,752.9,1217.0,2807,0,0,60.0,2.7,5.9,9,0.57
SITE199,2019,24.6,11.6,17.8,568.3,1221.0,2783,0,0,60.0,2.3,6.4,-18,0.39
SITE199,2020,24.6,11.6,17.8,553.6,1222.0,2784,0,0,60.0,2.8,6.4,-20,0.4
SITE199,2021,24.6,11.6,17.9,655.5,1218.0,2789,0,0,60.0,2.8,6.2,-5,0.43
SITE199,2022,24.5,11.5,17.7,695.5,1210.0,2767,0,0,61.0,2.3,6.1,1,0.28
SITE199,2023,24.5,11.5,17.7,638.6,1214.0,2769,0,0,61.0,2.9,6.3,-7,0.29
SITE199,2024,24.6,11.6,17.9,567.4,1222.0,2788,0,0,60.0,2.7,6.5,-18,0.43
SITE200,1991,22.7,8.9,15.5,331.0,1188.0,2238,4,0,63.0,2.6,6.4,-32,-0.46
SITE200,1992,22.8,9.0,15.6,484.6,1179.0,2245,4,0,64.0,2.5,6.3,-1,-0.4
SITE200,1993,22.8,9.0,15.6,381.9,1188.0,2249,4,0,63.0,2.4,6.7,-22,-0.37
SITE200,1994,22.8,9.0,15.7,472.0,1182.0,2250,4,0,63.0,2.5,6.3,-4,-0.35
SITE200,1995,22.8,9.0,15.6,322.7,1192.0,2248,4,0,62.0,2.7,6.4,-34,-0.37
SITE200,1996,22.8,9.1,15.7,707.1,1166.0,2253,4,0,65.0,2.7,6.3,44,-0.33
SITE200,1997,22.8,9.0,15.7,456.4,1183.0,2251,4,0,63.0,2.6,6.0,-7,-0.35
SITE200,1998,22.9,9.1,15.7,652.1,1171.0,2256,4,0,64.0,2.5,6.0,33,-0.3
SITE200,1999,22.9,9.1,15.7,587.5,1175.0,2256,4,0,64.0,2.7,6.2,20,-0.3
SITE200,2000,22.9,9.1,15.7,453.9,1186.0,2260,4,0,63.0,2.6,6.4,-7,-0.27
SITE200,2001,22.9,9.1,15.7,417.8,1189.0,2260,4,0,63.0,2.7,6.3,-15,-0.27
SITE200,2002,22.9,9.2,15.8,264.7,1201.0,2264,4,0,62.0,2.5,6.6,-46,-0.23
SITE200,2003,23.0,9.3,15.9,641.2,1178.0,2276,4,0,63.0,2.4,6.4,31,-0.13
SITE200,2004,23.1,9.4,16.0,552.9,1187.0,2285,4,0,63.0,2.5,6.1,13,-0.05
SITE200,2005,23.0,9.2,15.8,405.5,1193.0,2272,4,0,62.0,2.3,6.3,-17,-0.17
SITE200,2006,22.9,9.1,15.7,366.8,1192.0,2259,4,0,62.0,2.5,6.4,-25,-0.27
SITE200,2007,23.0,9.2,15.9,501.5,1187.0,2274,4,0,63.0,2.5,6.4,2,-0.15
SITE200,2008,23.0,9.3,15.9,501.8,1188.0,2277,4,0,63.0,2.1,6.3,2,-0.12
SITE200,2009,23.2,9.4,16.0,572.8,1187.0,2290,4,0,63.0,2.8,6.2,17,-0.01
SITE200,2010,23.2,9.4,16.0,367.5,1203.0,2295,4,0,61.0,2.3,6.5,-25,0.03
SITE200,2011,23.4,9.6,16.2,306.9,1213.0,2312,4,0,60.0,2.2,6.9,-37,0.19
SITE200,2012,23.4,9.6,16.2,549.0,1197.0,2317,4,0,61.0,2.7,6.1,12,0.22
SITE200,2013,23.4,9.7,16.3,749.8,1184.0,2322,4,0,63.0,2.8,6.0,53,0.27
SITE200,2014,23.4,9.7,16.3,486.1,1203.0,2321,4,0,61.0,2.3,6.5,-1,0.26
SITE200,2015,23.5,9.7,16.3,303.0,1218.0,2327,4,0,60.0,2.4,6.9,-38,0.31
SITE200,2016,23.6,9.8,16.4,629.6,1198.0,2339,4,0,61.0,2.5,6.0,28,0.42
SITE200,2017,23.6,9.8,16.4,466.3,1209.0,2338,4,0,60.0,2.7,6.2,-5,0.41
SITE200,2018,23.6,9.8,16.4,605.2,1199.0,2338,4,0,61.0,2.3,6.2,24,0.41
SITE200,2019,23.5,9.7,16.3,315.7,1218.0,2330,4,0,60.0,2.7,6.2,-36,0.34
SITE200,2020,23.6,9.8,16.4,545.3,1204.0,2339,4,0,61.0,2.7,6.3,11,0.42
SITE200,2021,23.5,9.8,16.4,599.1,1198.0,2333,4,0,61.0,2.5,6.3,22,0.37
SITE200,2022,23.5,9.8,16.4,534.9,1203.0,2333,4,0,61.0,2.8,6.3,9,0.37
SITE200,2023,23.6,9.9,16.5,608.5,1201.0,2343,4,0,61.0,2.6,6.2,24,0.46
SITE200,2024,23.6,9.8,16.4,516.7,1207.0,2341,4,0,60.0,2.4,6.5,5,0.44
SITE201,1991,22.9,9.2,15.8,896.3,1179.0,2308,2,0,64.0,2.3,6.3,0,-0.52
SITE201,1992,22.9,9.2,15.8,1132.9,1168.0,2303,2,0,65.0,2.7,6.1,26,-0.56
SITE201,1993,22.9,9.2,15.8,859.7,1179.0,2304,2,0,64.0,2.4,6.4,-4,-0.56
SITE201,1994,22.9,9.2,15.8,880.7,1179.0,2305,2,0,64.0,2.5,6.5,-2,-0.54
SITE201,1995,22.9,9.2,15.8,1001.3,1173.0,2303,2,0,65.0,2.3,6.2,11,-0.56
SITE201,1996,22.9,9.2,15.7,1020.2,1172.0,2301,2,0,65.0,2.4,6.3,13,-0.58
SITE201,1997,22.9,9.2,15.8,1034.9,1172.0,2303,2,0,65.0,2.6,6.1,15,-0.57
SITE201,1998,23.0,9.3,15.9,799.4,1185.0,2316,2,0,63.0,2.5,6.6,-11,-0.46
SITE201,1999,23.1,9.4,15.9,514.7,1199.0,2325,2,0,62.0,2.2,6.9,-43,-0.38
SITE201,2000,23.1,9.5,16.0,545.9,1201.0,2335,2,0,62.0,2.6,6.3,-39,-0.29
SITE201,2001,23.2,9.5,16.1,838.8,1190.0,2338,2,0,63.0,2.4,6.5,-7,-0.27
SITE201,2002,23.2,9.6,16.1,685.5,1198.0,2346,2,0,62.0,2.4,6.4,-24,-0.2
SITE201,2003,23.4,9.7,16.3,1236.6,1181.0,2362,2,0,63.0,2.4,6.4,37,-0.07
SITE201,2004,23.4,9.7,16.3,988.4,1191.0,2363,2,0,63.0,2.5,6.2,10,-0.06
SITE201,2005,23.4,9.7,16.3,1160.8,1185.0,2364,2,0,63.0,2.5,6.2,29,-0.05
SITE201,2006,23.5,9.8,16.4,465.9,1217.0,2378,2,0,60.0,2.4,6.7,-48,0.07
SITE201,2007,23.6,9.9,16.5,577.7,1215.0,2388,2,0,60.0,2.1,6.9,-36,0.15
SITE201,2008,23.6,9.9,16.5,1146.9,1193.0,2388,2,0,62.0,2.6,6.2,27,0.16
SITE201,2009,23.5,9.9,16.4,990.3,1197.0,2382,2,0,62.0,2.6,6.4,10,0.1
SITE201,2010,23.5,9.9,16.4,508.0,1217.0,2383,2,0,60.0,2.7,6.7,-44,0.11
SITE201,2011,23.6,9.9,16.5,728.7,1209.0,2389,2,0,61.0,2.6,6.4,-19,0.16
SITE201,2012,23.6,9.9,16.5,1467.4,1179.0,2385,2,0,63.0,2.5,6.2,63,0.13
SITE201,2013,23.6,9.9,16.5,760.0,1208.0,2387,2,0,61.0,2.3,6.3,-16,0.15
SITE201,2014,23.6,9.9,16.5,1136.3,1194.0,2390,2,0,62.0,2.5,6.3,26,0.17
SITE201,2015,23.6,9.9,16.5,1134.9,1193.0,2389,2,0,62.0,2.5,6.4,26,0.16
SITE201,2016,23.7,10.1,16.6,454.6,1226.0,2406,2,0,59.0,2.8,6.6,-49,0.31
SITE201,2017,23.8,10.1,16.7,1902.2,1169.0,2412,2,0,64.0,2.6,5.9,111,0.35
SITE201,2018,23.8,10.2,16.7,488.9,1228.0,2419,2,0,59.0,2.6,6.7,-46,0.41
SITE201,2019,23.9,10.2,16.8,611.4,1225.0,2425,2,0,59.0,2.5,6.4,-32,0.46
SITE201,2020,24.0,10.3,16.9,986.1,1214.0,2438,2,0,60.0,2.5,6.4,10,0.57
SITE201,2021,24.0,10.3,16.9,997.1,1213.0,2438,2,0,60.0,2.6,6.3,11,0.58
SITE201,2022,23.9,10.3,16.8,608.9,1227.0,2429,2,0,59.0,2.6,6.4,-32,0.5
SITE201,2023,24.0,10.3,16.9,1109.8,1207.0,2433,2,0,61.0,2.8,6.3,23,0.53
SITE201,2024,24.0,10.4,16.9,1013.6,1213.0,2441,2,0,60.0,2.4,6.0,13,0.6
SITE202,1991,29.6,16.5,22.8,601.6,1547.0,4730,0,35,64.0,2.6,6.3,11,-0.34
SITE202,1992,29.7,16.5,22.8,659.0,1543.0,4737,0,35,64.0,2.9,6.2,21,-0.31
SITE202,1993,29.6,16.5,22.8,431.8,1560.0,4720,0,35,63.0,2.4,6.5,-20,-0.38
SITE202,1994,29.5,16.4,22.7,488.4,1553.0,4707,0,35,63.0,2.6,6.3,-10,-0.43
SITE202,1995,29.6,16.4,22.7,562.3,1548.0,4712,0,35,64.0,2.1,6.4,4,-0.41
SITE202,1996,29.6,16.5,22.8,597.8,1548.0,4733,0,35,64.0,2.6,6.2,10,-0.32
SITE202,1997,29.7,16.6,22.9,516.9,1556.0,4744,0,36,63.0,2.3,6.5,-5,-0.28
SITE202,1998,29.7,16.6,22.9,434.2,1563.0,4741,0,35,63.0,2.6,6.6,-20,-0.29
SITE202,1999,29.7,16.6,22.9,579.2,1552.0,4747,0,36,63.0,2.7,6.4,7,-0.27
SITE202,2000,29.7,16.6,22.9,401.7,1569.0,4757,0,36,62.0,2.7,6.5,-26,-0.22
SITE202,2001,29.7,16.6,22.9,422.3,1566.0,4752,0,36,62.0,2.8,6.1,-22,-0.25
SITE202,2002,29.7,16.6,22.9,306.6,1576.0,4756,0,36,62.0,2.7,6.4,-44,-0.23
SITE202,2003,29.7,16.6,22.9,790.6,1533.0,4743,0,36,64.0,2.3,6.1,46,-0.28
SITE202,2004,29.8,16.7,23.0,453.2,1566.0,4769,0,36,62.0,2.5,6.3,-17,-0.17
SITE202,2005,29.8,16.6,22.9,632.6,1549.0,4759,0,36,63.0,2.4,6.6,17,-0.22
SITE202,2006,29.8,16.7,23.0,392.9,1572.0,4775,0,36,62.0,2.5,6.8,-28,-0.15
SITE202,2007,29.8,16.7,23.0,902.6,1528.0,4773,0,36,65.0,2.4,5.9,66,-0.16
SITE202,2008,30.0,16.8,23.1,627.2,1558.0,4810,0,37,62.0,2.4,6.5,16,-0.0
SITE202,2009,30.0,16.8,23.1,703.5,1551.0,4810,0,37,63.0,2.3,6.0,30,-0.0
SITE202,2010,30.0,16.9,23.2,541.5,1566.0,4815,0,37,62.0,2.6,6.0,0,0.01
SITE202,2011,30.0,16.9,23.2,460.3,1574.0,4825,0,37,61.0,2.4,6.4,-15,0.06
SITE202,2012,30.1,17.0,23.3,501.5,1574.0,4846,0,37,61.0,2.2,6.4,-8,0.14
SITE202,2013,30.2,17.1,23.4,516.2,1575.0,4861,0,37,61.0,2.5,6.2,-5,0.21
SITE202,2014,30.2,17.1,23.4,628.1,1567.0,4871,0,37,61.0,2.4,6.3,16,0.25
SITE202,2015,30.2,17.1,23.4,366.2,1589.0,4867,0,37,60.0,2.2,7.0,-33,0.23
SITE202,2016,30.3,17.1,23.4,595.4,1572.0,4883,0,38,61.0,2.4,6.1,10,0.3
SITE202,2017,30.3,17.2,23.5,503.0,1580.0,4886,0,38,61.0,2.3,6.5,-7,0.31
SITE202,2018,30.3,17.1,23.4,459.2,1583.0,4881,0,38,60.0,2.4,6.4,-15,0.29
SITE202,2019,30.4,17.3,23.6,573.4,1578.0,4907,0,38,61.0,2.3,6.5,6,0.4
SITE202,2020,30.4,17.3,23.6,709.4,1568.0,4924,0,38,61.0,2.7,6.1,31,0.47
SITE202,2021,30.5,17.3,23.6,300.0,1605.0,4927,0,38,59.0,2.5,6.8,-45,0.48
SITE202,2022,30.5,17.3,23.6,612.4,1577.0,4928,0,38,60.0,2.4,6.0,13,0.49
SITE202,2023,30.5,17.4,23.7,363.1,1601.0,4936,0,38,59.0,2.7,6.5,-33,0.52
SITE202,2024,30.5,17.4,23.7,456.9,1594.0,4946,0,39,59.0,2.5,6.0,-16,0.56
SITE203,1991,28.3,14.4,21.1,362.8,1536.0,4149,0,28,64.0,2.5,6.3,-7,-0.65
SITE203,1992,28.3,14.4,21.1,524.5,1518.0,4152,0,28,66.0,2.1,6.1,34,-0.63
SITE203,1993,28.4,14.5,21.2,661.4,1505.0,4170,0,28,66.0,2.6,5.8,70,-0.55
SITE203,1994,28.4,14.5,21.2,259.5,1553.0,4170,0,28,63.0,2.4,6.3,-33,-0.55
SITE203,1995,28.4,14.5,21.2,450.1,1531.0,4176,0,29,65.0,2.3,6.2,15,-0.52
SITE203,1996,28.5,14.5,21.2,286.0,1552.0,4185,0,29,63.0,2.7,6.6,-27,-0.48
SITE203,1997,28.5,14.6,21.3,177.6,1567.0,4196,0,29,62.0,2.2,6.7,-54,-0.43
SITE203,1998,28.7,14.7,21.4,374.0,1549.0,4226,0,29,63.0,2.4,6.3,-4,-0.29
SITE203,1999,28.8,14.8,21.5,633.3,1523.0,4251,0,30,65.0,2.5,6.0,62,-0.17
SITE203,2000,28.7,14.7,21.4,477.5,1538.0,4230,0,29,64.0,2.5,5.9,22,-0.27
SITE203,2001,28.7,14.8,21.5,425.8,1545.0,4235,0,29,63.0,2.2,6.1,9,-0.25
SITE203,2002,28.8,14.8,21.5,463.4,1542.0,4242,0,29,63.0,2.4,6.4,19,-0.22
SITE203,2003,28.7,14.8,21.5,388.3,1550.0,4240,0,29,63.0,2.4,6.4,0,-0.23
SITE203,2004,28.8,14.8,21.5,705.4,1514.0,4250,0,30,65.0,2.8,5.8,81,-0.18
SITE203,2005,28.9,14.9,21.6,446.4,1549.0,4271,0,30,63.0,2.7,6.4,14,-0.08
SITE203,2006,28.8,14.9,21.6,498.9,1541.0,4261,0,30,63.0,2.3,6.2,28,-0.13
SITE203,2007,28.7,14.8,21.5,321.5,1558.0,4241,0,29,62.0,2.3,6.4,-18,-0.22
SITE203,2008,28.8,14.9,21.5,548.7,1533.0,4252,0,30,64.0,2.4,5.8,41,-0.17
SITE203,2009,28.8,14.9,21.6,298.3,1565.0,4260,0,30,62.0,2.7,7.0,-24,-0.13
SITE203,2010,28.9,15.0,21.7,452.8,1549.0,4278,0,30,63.0,2.6,6.5,16,-0.05
SITE203,2011,29.0,15.0,21.7,334.5,1565.0,4285,0,30,62.0,2.8,6.4,-14,-0.02
SITE203,2012,29.1,15.1,21.8,344.1,1569.0,4314,0,30,61.0,2.7,6.5,-12,0.12
SITE203,2013,29.1,15.2,21.9,331.8,1573.0,4326,0,31,61.0,2.3,6.5,-15,0.18
SITE203,2014,29.2,15.2,21.9,557.3,1548.0,4337,0,31,62.0,2.6,6.2,43,0.23
SITE203,2015,29.3,15.3,22.0,640.4,1541.0,4357,0,31,63.0,2.5,6.2,64,0.32
SITE203,2016,29.4,15.5,22.2,330.9,1585.0,4391,0,32,60.0,2.4,6.7,-15,0.48
SITE203,2017,29.5,15.6,22.3,255.8,1597.0,4406,0,32,59.0,2.4,6.6,-34,0.55
SITE203,2018,29.6,15.6,22.3,670.7,1549.0,4421,0,32,62.0,2.6,6.0,72,0.62
SITE203,2019,29.6,15.7,22.4,606.6,1558.0,4428,0,32,61.0,2.9,5.8,56,0.65
SITE203,2020,29.6,15.6,22.3,321.1,1591.0,4417,0,32,59.0,2.5,6.6,-18,0.6
SITE203,2021,29.5,15.6,22.3,476.7,1570.0,4407,0,32,60.0,2.6,6.4,22,0.55
SITE203,2022,29.6,15.7,22.4,444.5,1579.0,4432,0,32,60.0,2.2,6.2,14,0.67
SITE203,2023,29.6,15.6,22.3,373.4,1584.0,4416,0,32,59.0,2.2,6.2,-4,0.6
SITE203,2024,29.6,15.7,22.4,402.1,1584.0,4433,0,32,59.0,2.3,6.4,3,0.67
SITE204,1991,28.1,14.2,20.9,1000.5,1512.0,4096,0,27,66.0,2.5,5.8,38,-0.73
SITE204,1992,28.1,14.2,20.9,564.4,1540.0,4099,0,27,64.0,2.2,6.5,-22,-0.72
SITE204,1993,28.1,14.2,20.9,398.0,1550.0,4096,0,27,64.0,2.4,6.7,-45,-0.73
SITE204,1994,28.2,14.2,20.9,551.1,1542.0,4105,0,27,64.0,2.4,6.5,-24,-0.69
SITE204,1995,28.3,14.3,21.0,770.6,1532.0,4126,0,27,65.0,2.5,6.6,6,-0.59
SITE204,1996,28.4,14.4,21.1,837.9,1533.0,4152,0,28,64.0,2.7,6.2,15,-0.47
SITE204,1997,28.3,14.4,21.1,690.1,1540.0,4140,0,28,64.0,2.5,6.3,-5,-0.52
SITE204,1998,28.4,14.4,21.1,736.2,1538.0,4148,0,28,64.0,2.7,6.3,1,-0.49
SITE204,1999,28.4,14.4,21.1,469.0,1555.0,4144,0,28,63.0,2.4,6.7,-35,-0.51
SITE204,2000,28.4,14.5,21.2,373.3,1564.0,4162,0,28,62.0,2.5,6.3,-49,-0.42
SITE204,2001,28.5,14.6,21.3,1274.0,1510.0,4181,0,28,66.0,2.3,6.0,75,-0.34
SITE204,2002,28.5,14.6,21.3,927.7,1531.0,4175,0,28,64.0,2.6,6.4,28,-0.36
SITE204,2003,28.6,14.6,21.3,343.1,1572.0,4193,0,28,62.0,2.3,6.4,-53,-0.28
SITE204,2004,28.7,14.7,21.4,688.8,1553.0,4208,0,29,63.0,2.7,6.3,-5,-0.21
SITE204,2005,28.7,14.7,21.4,1385.0,1508.0,4210,0,29,66.0,2.4,6.0,91,-0.2
SITE204,2006,28.7,14.8,21.5,787.7,1548.0,4220,0,29,63.0,2.4,6.3,8,-0.15
SITE204,2007,28.8,14.8,21.5,652.9,1559.0,4231,0,29,62.0,2.5,6.2,-10,-0.1
SITE204,2008,28.9,14.9,21.6,1120.2,1534.0,4255,0,29,64.0,2.4,6.1,54,0.02
SITE204,2009,28.9,15.0,21.7,666.3,1564.0,4263,0,29,62.0,2.5,6.4,-8,0.05
SITE204,2010,28.9,14.9,21.6,1042.5,1539.0,4257,0,29,63.0,2.4,6.1,44,0.02
SITE204,2011,29.0,15.0,21.7,458.0,1580.0,4276,0,30,60.0,2.5,6.4,-37,0.11
SITE204,2012,29.0,15.0,21.7,1036.1,1542.0,4273,0,30,63.0,2.1,6.2,43,0.1
SITE204,2013,29.1,15.1,21.8,488.3,1582.0,4295,0,30,60.0,2.9,6.4,-33,0.2
SITE204,2014,29.2,15.2,21.9,579.7,1580.0,4317,0,30,60.0,2.4,6.4,-20,0.31
SITE204,2015,29.3,15.4,22.1,909.0,1564.0,4345,0,31,61.0,2.5,6.3,25,0.44
SITE204,2016,29.4,15.5,22.2,968.4,1565.0,4372,0,31,61.0,2.9,6.0,33,0.57
SITE204,2017,29.5,15.5,22.2,429.2,1602.0,4383,0,31,58.0,2.6,6.5,-41,0.61
SITE204,2018,29.6,15.6,22.3,815.9,1580.0,4397,0,31,60.0,2.4,6.4,12,0.68
SITE204,2019,29.7,15.7,22.4,645.3,1595.0,4419,0,32,59.0,2.4,6.4,-11,0.78
SITE204,2020,29.6,15.7,22.4,741.0,1587.0,4411,0,31,59.0,2.7,6.2,2,0.75
SITE204,2021,29.6,15.7,22.4,828.6,1582.0,4414,0,31,59.0,2.3,6.3,14,0.76
SITE204,2022,29.6,15.6,22.3,633.2,1592.0,4399,0,31,59.0,2.4,6.5,-13,0.69
SITE204,2023,29.6,15.6,22.3,635.0,1592.0,4401,0,31,59.0,2.5,6.5,-13,0.7
SITE204,2024,29.6,15.6,22.3,683.8,1590.0,4406,0,31,59.0,2.3,6.4,-6,0.73
SITE205,1991,26.4,13.3,19.6,248.7,1403.0,3609,0,6,63.0,2.8,6.8,-45,-0.58
SITE205,1992,26.4,13.3,19.6,347.6,1394.0,3610,0,6,64.0,2.5,6.6,-23,-0.57
SITE205,1993,26.5,13.3,19.6,468.9,1385.0,3623,0,6,64.0,2.6,6.4,4,-0.5
SITE205,1994,26.5,13.4,19.7,432.8,1390.0,3628,0,6,64.0,2.7,6.6,-4,-0.47
SITE205,1995,26.5,13.4,19.7,366.2,1397.0,3636,0,6,63.0,2.4,6.5,-19,-0.43
SITE205,1996,26.6,13.5,19.8,301.7,1407.0,3655,0,6,62.0,2.5,6.3,-33,-0.33
SITE205,1997,26.6,13.5,19.8,387.2,1397.0,3645,0,6,63.0,2.9,6.5,-14,-0.38
SITE205,1998,26.6,13.4,19.7,339.3,1400.0,3638,0,6,63.0,2.4,6.6,-25,-0.42
SITE205,1999,26.5,13.4,19.7,572.0,1378.0,3635,0,6,65.0,2.4,6.2,27,-0.44
SITE205,2000,26.5,13.4,19.7,682.1,1366.0,3626,0,6,65.0,2.7,5.8,52,-0.48
SITE205,2001,26.5,13.4,19.7,380.5,1394.0,3625,0,6,63.0,2.3,6.4,-15,-0.49
SITE205,2002,26.6,13.4,19.7,544.2,1382.0,3640,0,6,64.0,2.5,6.2,21,-0.41
SITE205,2003,26.6,13.5,19.8,330.1,1403.0,3645,0,6,63.0,2.5,6.8,-27,-0.38
SITE205,2004,26.7,13.6,19.9,368.9,1404.0,3671,0,6,62.0,2.7,6.4,-18,-0.24
SITE205,2005,26.8,13.6,19.9,567.5,1387.0,3678,0,6,64.0,2.3,6.3,26,-0.21
SITE205,2006,26.9,13.7,20.0,454.1,1401.0,3695,0,6,62.0,2.5,6.7,1,-0.11
SITE205,2007,26.8,13.7,20.0,748.0,1372.0,3689,0,6,65.0,2.1,6.0,66,-0.14
SITE205,2008,26.9,13.8,20.1,295.2,1419.0,3711,0,6,61.0,2.2,6.5,-34,-0.03
SITE205,2009,27.2,14.0,20.3,382.5,1419.0,3749,0,6,61.0,2.7,6.2,-15,0.18
SITE205,2010,27.1,14.0,20.3,374.3,1419.0,3748,0,6,61.0,2.5,6.3,-17,0.17
SITE205,2011,27.2,14.1,20.4,446.5,1414.0,3758,0,6,61.0,2.6,6.4,-1,0.23
SITE205,2012,27.2,14.1,20.4,460.2,1414.0,3765,0,6,61.0,2.5,6.3,2,0.26
SITE205,2013,27.2,14.1,20.4,544.2,1407.0,3766,0,6,62.0,2.8,6.2,21,0.27
SITE205,2014,27.4,14.3,20.6,462.4,1419.0,3790,0,6,60.0,2.5,6.1,3,0.4
SITE205,2015,27.5,14.4,20.7,367.9,1432.0,3812,0,6,59.0,2.6,6.4,-18,0.52
SITE205,2016,27.5,14.4,20.7,524.1,1419.0,3820,0,6,60.0,2.5,6.3,16,0.56
SITE205,2017,27.5,14.3,20.6,550.8,1414.0,3809,0,6,61.0,2.9,6.2,22,0.5
SITE205,2018,27.5,14.4,20.7,325.8,1437.0,3815,0,6,59.0,2.5,6.8,-28,0.53
SITE205,2019,27.5,14.4,20.7,515.3,1418.0,3811,0,6,60.0,2.4,6.2,15,0.51
SITE205,2020,27.5,14.4,20.7,572.0,1413.0,3811,0,6,61.0,2.4,6.4,27,0.51
SITE205,2021,27.5,14.4,20.7,380.3,1432.0,3817,0,6,59.0,2.2,6.4,-15,0.54
SITE205,2022,27.5,14.3,20.6,356.6,1433.0,3807,0,6,59.0,2.4,6.4,-21,0.49
SITE205,2023,27.4,14.3,20.6,391.8,1428.0,3802,0,6,60.0,2.6,6.3,-13,0.46
SITE205,2024,27.5,14.3,20.6,365.4,1431.0,3805,0,6,60.0,2.6,6.4,-19,0.48
SITE206,1991,25.3,11.4,18.1,343.0,1377.0,3072,0,3,64.0,2.4,6.0,7,-0.54
SITE206,1992,25.3,11.3,18.0,192.0,1395.0,3064,0,3,63.0,2.5,6.7,-40,-0.59
SITE206,1993,25.3,11.3,18.0,211.8,1393.0,3067,0,3,63.0,2.6,6.5,-34,-0.57
SITE206,1994,25.3,11.4,18.1,179.5,1397.0,3069,0,3,63.0,2.4,6.6,-44,-0.56
SITE206,1995,25.3,11.3,18.0,299.4,1380.0,3061,0,3,64.0,2.1,6.6,-7,-0.61
SITE206,1996,25.2,11.3,18.0,314.8,1377.0,3057,0,3,64.0,2.5,6.4,-2,-0.63
SITE206,1997,25.3,11.3,18.0,455.1,1361.0,3063,0,3,66.0,2.7,6.0,42,-0.59
SITE206,1998,25.4,11.4,18.1,234.8,1392.0,3076,0,3,63.0,2.9,6.4,-27,-0.51
SITE206,1999,25.2,11.3,18.0,335.8,1375.0,3058,0,3,65.0,2.7,6.1,5,-0.63
SITE206,2000,25.3,11.4,18.1,431.2,1365.0,3069,0,3,65.0,2.6,6.3,34,-0.56
SITE206,2001,25.4,11.5,18.2,300.6,1386.0,3085,0,3,64.0,2.5,6.1,-6,-0.45
SITE206,2002,25.5,11.6,18.3,387.8,1378.0,3101,0,3,64.0,2.4,6.1,21,-0.36
SITE206,2003,25.6,11.7,18.4,179.5,1409.0,3116,0,3,62.0,2.5,6.9,-44,-0.26
SITE206,2004,25.6,11.7,18.4,303.5,1393.0,3116,0,3,63.0,2.2,6.3,-5,-0.26
SITE206,2005,25.7,11.7,18.4,288.6,1398.0,3127,0,3,62.0,2.7,6.6,-10,-0.19
SITE206,2006,25.7,11.8,18.5,310.0,1396.0,3132,0,3,63.0,2.1,6.5,-3,-0.16
SITE206,2007,25.8,11.8,18.5,348.2,1394.0,3143,0,3,63.0,2.4,6.3,8,-0.09
SITE206,2008,25.9,12.0,18.7,409.4,1390.0,3163,0,3,63.0,2.5,6.3,28,0.04
SITE206,2009,26.0,12.0,18.7,234.1,1416.0,3171,0,3,61.0,2.5,6.3,-27,0.09
SITE206,2010,26.0,12.0,18.7,337.7,1403.0,3176,0,3,62.0,2.3,6.2,5,0.12
SITE206,2011,26.0,12.1,18.8,347.3,1404.0,3186,0,3,62.0,2.6,6.3,8,0.18
SITE206,2012,26.1,12.2,18.9,523.5,1383.0,3195,0,3,63.0,2.7,5.9,63,0.24
SITE206,2013,26.1,12.2,18.9,361.7,1405.0,3196,0,3,61.0,2.3,6.5,13,0.25
SITE206,2014,26.1,12.1,18.8,378.4,1401.0,3191,0,3,62.0,2.2,6.2,18,0.22
SITE206,2015,26.2,12.2,18.9,327.4,1412.0,3208,0,3,61.0,2.5,6.4,2,0.32
SITE206,2016,26.2,12.3,19.0,212.2,1428.0,3212,0,3,60.0,2.2,6.5,-34,0.35
SITE206,2017,26.4,12.4,19.1,304.4,1423.0,3239,0,3,60.0,2.7,6.2,-5,0.52
SITE206,2018,26.5,12.5,19.2,330.4,1422.0,3251,0,3,60.0,2.5,6.4,3,0.6
SITE206,2019,26.5,12.6,19.3,225.7,1438.0,3258,0,3,59.0,3.0,6.5,-30,0.64
SITE206,2020,26.7,12.7,19.4,288.6,1436.0,3282,0,3,59.0,2.2,6.5,-10,0.8
SITE206,2021,26.7,12.8,19.5,159.4,1456.0,3294,0,3,57.0,2.5,6.9,-50,0.87
SITE206,2022,26.6,12.7,19.4,274.2,1436.0,3275,0,3,59.0,2.5,6.5,-15,0.75
SITE206,2023,26.6,12.7,19.4,291.2,1434.0,3276,0,3,59.0,2.3,6.5,-9,0.75
SITE206,2024,26.7,12.7,19.4,316.8,1433.0,3286,0,3,59.0,2.4,6.5,-1,0.82
SITE207,1991,25.6,11.7,18.4,532.9,1389.0,3174,0,4,64.0,2.4,6.3,-11,-0.56
SITE207,1992,25.6,11.6,18.3,508.0,1388.0,3166,0,4,64.0,2.4,6.5,-15,-0.62
SITE207,1993,25.5,11.5,18.2,514.2,1385.0,3152,0,4,64.0,2.8,6.4,-14,-0.7
SITE207,1994,25.6,11.6,18.3,410.7,1397.0,3173,0,4,63.0,2.4,6.8,-31,-0.57
SITE207,1995,25.6,11.7,18.4,417.9,1397.0,3176,0,4,63.0,2.7,6.8,-30,-0.56
SITE207,1996,25.7,11.8,18.4,495.1,1395.0,3190,0,4,63.0,2.6,6.4,-17,-0.47
SITE207,1997,25.7,11.8,18.5,537.6,1393.0,3196,0,4,63.0,2.3,6.7,-10,-0.43
SITE207,1998,25.6,11.7,18.4,764.7,1374.0,3181,0,4,65.0,2.4,6.2,28,-0.52
SITE207,1999,25.7,11.8,18.5,271.8,1411.0,3192,0,4,62.0,2.9,6.9,-55,-0.46
SITE207,2000,25.7,11.8,18.5,702.6,1382.0,3196,0,4,64.0,2.5,6.0,17,-0.43
SITE207,2001,25.8,11.9,18.6,417.7,1404.0,3207,0,4,63.0,2.3,6.5,-30,-0.36
SITE207,2002,25.9,11.9,18.6,294.7,1415.0,3216,0,4,62.0,2.3,6.6,-51,-0.31
SITE207,2003,26.0,12.0,18.7,701.5,1391.0,3233,0,4,63.0,2.5,6.3,17,-0.21
SITE207,2004,26.1,12.1,18.8,672.7,1397.0,3253,0,4,63.0,2.8,6.3,12,-0.08
SITE207,2005,26.1,12.1,18.8,509.9,1409.0,3252,0,4,62.0,2.7,6.5,-15,-0.09
SITE207,2006,26.1,12.1,18.8,693.3,1396.0,3253,0,4,63.0,2.2,6.2,16,-0.08
SITE207,2007,26.1,12.2,18.9,675.6,1399.0,3260,0,4,63.0,2.6,6.2,13,-0.04
SITE207,2008,26.1,12.1,18.8,622.0,1401.0,3253,0,4,62.0,2.8,6.3,4,-0.09
SITE207,2009,26.1,12.2,18.9,310.2,1424.0,3259,0,4,61.0,2.5,6.8,-48,-0.05
SITE207,2010,26.2,12.2,18.9,978.7,1379.0,3268,0,4,64.0,2.4,5.8,64,0.01
SITE207,2011,26.2,12.2,18.9,278.2,1428.0,3267,0,4,60.0,2.3,6.7,-53,0.0
SITE207,2012,26.3,12.3,19.0,618.5,1408.0,3284,0,4,62.0,2.3,6.4,3,0.11
SITE207,2013,26.4,12.5,19.1,365.1,1431.0,3304,0,4,60.0,2.8,6.6,-39,0.23
SITE207,2014,26.5,12.6,19.3,561.1,1423.0,3327,0,5,60.0,2.7,6.4,-6,0.37
SITE207,2015,26.6,12.7,19.3,841.6,1405.0,3337,0,5,61.0,2.4,6.2,41,0.43
SITE207,2016,26.6,12.7,19.4,825.0,1406.0,3339,0,5,61.0,2.5,6.1,38,0.44
SITE207,2017,26.7,12.7,19.4,442.4,1437.0,3352,0,5,59.0,2.5,6.4,-26,0.52
SITE207,2018,26.7,12.7,19.4,558.7,1429.0,3352,0,5,60.0,2.6,6.3,-7,0.53
SITE207,2019,26.8,12.9,19.6,653.9,1426.0,3370,0,5,60.0,2.4,6.4,9,0.64
SITE207,2020,26.8,12.8,19.5,397.5,1442.0,3362,0,5,59.0,2.4,6.7,-34,0.58
SITE207,2021,26.8,12.8,19.5,606.6,1428.0,3364,0,5,60.0,2.4,6.2,1,0.6
SITE207,2022,26.8,12.9,19.6,357.5,1449.0,3375,0,5,58.0,2.7,6.3,-40,0.67
SITE207,2023,26.8,12.9,19.6,299.4,1453.0,3376,0,5,58.0,2.6,6.6,-50,0.67
SITE207,2024,27.0,13.1,19.7,687.8,1431.0,3402,0,5,59.0,2.2,6.1,15,0.83
SITE208,1991,23.0,7.8,15.1,670.1,1226.0,2245,34,0,65.0,2.3,6.2,4,-0.65
SITE208,1992,23.1,7.8,15.1,591.7,1232.0,2250,34,0,64.0,2.6,6.4,-8,-0.61
SITE208,1993,23.1,7.8,15.1,696.2,1225.0,2249,34,0,65.0,2.5,6.3,8,-0.61
SITE208,1994,23.1,7.8,15.2,1124.7,1202.0,2252,34,0,67.0,2.3,6.1,75,-0.59
SITE208,1995,23.0,7.8,15.1,526.5,1234.0,2245,34,0,64.0,2.8,6.4,-18,-0.65
SITE208,1996,23.1,7.8,15.2,570.9,1233.0,2250,34,0,64.0,2.7,6.6,-11,-0.6
SITE208,1997,23.2,7.9,15.2,314.3,1251.0,2259,33,0,63.0,2.2,6.7,-51,-0.53
SITE208,1998,23.2,8.0,15.3,626.9,1235.0,2265,33,0,64.0,2.2,6.5,-2,-0.47
SITE208,1999,23.2,7.9,15.2,643.3,1233.0,2262,33,0,64.0,2.1,6.5,0,-0.5
SITE208,2000,23.3,8.0,15.3,949.3,1219.0,2273,33,0,65.0,2.5,6.4,48,-0.4
SITE208,2001,23.4,8.1,15.5,616.2,1242.0,2287,33,0,63.0,2.7,6.4,-4,-0.28
SITE208,2002,23.5,8.2,15.5,1114.1,1216.0,2296,33,0,65.0,2.8,6.0,74,-0.2
SITE208,2003,23.6,8.3,15.7,478.5,1258.0,2311,32,0,62.0,2.4,6.5,-25,-0.08
SITE208,2004,23.6,8.4,15.7,961.0,1230.0,2311,32,0,64.0,2.6,5.8,50,-0.08
SITE208,2005,23.8,8.5,15.8,703.8,1251.0,2331,32,0,62.0,2.7,6.1,10,0.1
SITE208,2006,23.8,8.5,15.8,388.0,1269.0,2329,32,0,61.0,2.4,6.4,-40,0.08
SITE208,2007,23.7,8.4,15.8,676.1,1250.0,2322,32,0,62.0,2.4,6.2,5,0.01
SITE208,2008,23.7,8.4,15.8,715.3,1248.0,2322,32,0,62.0,2.4,6.2,11,0.02
SITE208,2009,23.9,8.6,15.9,618.2,1259.0,2340,32,0,61.0,2.5,6.5,-4,0.18
SITE208,2010,23.9,8.6,15.9,622.4,1259.0,2341,32,0,61.0,2.6,6.3,-3,0.18
SITE208,2011,23.9,8.6,15.9,952.1,1240.0,2342,32,0,63.0,3.0,5.9,48,0.19
SITE208,2012,23.9,8.6,15.9,465.6,1269.0,2342,32,0,60.0,2.6,6.3,-27,0.19
SITE208,2013,24.0,8.7,16.0,492.2,1270.0,2352,31,0,60.0,2.2,6.4,-23,0.27
SITE208,2014,24.0,8.7,16.0,580.2,1266.0,2354,31,0,61.0,2.7,6.6,-10,0.3
SITE208,2015,24.0,8.8,16.1,421.6,1277.0,2358,31,0,60.0,2.7,6.3,-34,0.33
SITE208,2016,24.1,8.9,16.2,722.3,1263.0,2369,31,0,61.0,2.3,6.1,13,0.43
SITE208,2017,24.2,8.9,16.2,742.5,1263.0,2376,31,0,61.0,2.2,6.2,16,0.48
SITE208,2018,24.1,8.9,16.2,549.5,1274.0,2373,31,0,60.0,2.3,6.6,-14,0.46
SITE208,2019,24.1,8.9,16.2,546.7,1273.0,2369,31,0,60.0,2.3,6.5,-15,0.42
SITE208,2020,24.2,8.9,16.2,838.3,1257.0,2375,31,0,61.0,2.6,6.1,31,0.47
SITE208,2021,24.1,8.9,16.2,597.7,1271.0,2373,31,0,60.0,2.8,6.4,-7,0.46
SITE208,2022,24.2,8.9,16.2,458.5,1281.0,2377,31,0,59.0,2.8,6.4,-29,0.5
SITE208,2023,24.2,9.0,16.3,367.9,1288.0,2382,31,0,59.0,2.8,6.8,-43,0.54
SITE208,2024,24.3,9.1,16.4,801.3,1266.0,2395,30,0,60.0,2.6,6.0,25,0.65
SITE209,1991,21.7,5.7,13.4,513.5,1199.0,1901,79,0,66.0,2.5,6.4,16,-0.82
SITE209,1992,21.7,5.7,13.4,279.0,1217.0,1899,79,0,64.0,2.6,6.6,-37,-0.84
SITE209,1993,21.9,5.8,13.5,714.5,1188.0,1915,78,0,67.0,2.7,6.0,62,-0.68
SITE209,1994,21.9,5.9,13.6,230.6,1230.0,1922,77,0,63.0,2.5,6.6,-48,-0.61
SITE209,1995,22.0,6.0,13.7,341.2,1224.0,1931,77,0,63.0,2.7,6.3,-23,-0.52
SITE209,1996,22.0,6.0,13.7,574.0,1204.0,1927,77,0,65.0,2.6,6.4,30,-0.56
SITE209,1997,22.0,6.0,13.7,307.4,1226.0,1929,77,0,63.0,2.6,6.7,-30,-0.54
SITE209,1998,22.1,6.0,13.7,714.8,1194.0,1933,77,0,66.0,2.4,6.1,62,-0.49
SITE209,1999,22.1,6.1,13.8,378.7,1224.0,1938,76,0,63.0,2.8,6.6,-14,-0.45
SITE209,2000,22.1,6.1,13.8,346.5,1228.0,1940,76,0,63.0,2.7,6.4,-21,-0.42
SITE209,2001,22.1,6.1,13.8,467.9,1217.0,1940,76,0,64.0,2.8,6.3,6,-0.43
SITE209,2002,22.1,6.1,13.8,394.8,1223.0,1939,76,0,63.0,2.7,6.4,-10,-0.44
SITE209,2003,22.2,6.2,13.8,317.3,1232.0,1946,76,0,63.0,2.5,6.3,-28,-0.37
SITE209,2004,22.2,6.2,13.9,255.3,1238.0,1947,76,0,62.0,2.4,6.7,-42,-0.35
SITE209,2005,22.2,6.2,13.9,521.7,1217.0,1951,76,0,64.0,2.5,6.2,18,-0.32
SITE209,2006,22.3,6.2,13.9,364.9,1231.0,1953,75,0,63.0,2.5,6.4,-17,-0.3
SITE209,2007,22.5,6.5,14.2,552.7,1224.0,1976,74,0,63.0,2.8,6.1,25,-0.06
SITE209,2008,22.6,6.5,14.2,565.4,1227.0,1985,74,0,63.0,2.4,6.1,28,0.03
SITE209,2009,22.7,6.6,14.3,244.1,1257.0,1992,73,0,60.0,2.3,6.5,-45,0.1
SITE209,2010,22.7,6.6,14.3,372.3,1246.0,1992,73,0,61.0,2.4,6.5,-16,0.1
SITE209,2011,22.6,6.6,14.3,434.8,1239.0,1989,73,0,62.0,2.2,6.7,-1,0.06
SITE209,2012,22.6,6.6,14.3,425.5,1241.0,1991,73,0,62.0,2.5,6.2,-4,0.08
SITE209,2013,22.7,6.7,14.4,457.0,1241.0,1998,73,0,61.0,2.5,6.4,4,0.16
SITE209,2014,22.9,6.9,14.6,339.7,1259.0,2018,72,0,60.0,2.5,6.8,-23,0.36
SITE209,2015,23.0,7.0,14.7,272.9,1268.0,2027,71,0,59.0,2.3,6.6,-38,0.45
SITE209,2016,23.0,6.9,14.6,372.6,1258.0,2023,71,0,60.0,2.6,6.5,-16,0.41
SITE209,2017,23.0,7.0,14.7,294.6,1267.0,2029,71,0,59.0,2.7,6.4,-33,0.47
SITE209,2018,23.1,7.1,14.8,452.7,1258.0,2040,70,0,60.0,2.6,6.5,3,0.58
SITE209,2019,23.3,7.2,14.9,334.7,1273.0,2054,69,0,58.0,2.5,6.4,-24,0.72
SITE209,2020,23.3,7.2,14.9,363.0,1271.0,2055,69,0,59.0,2.4,6.6,-18,0.73
SITE209,2021,23.4,7.4,15.1,458.0,1267.0,2065,69,0,59.0,2.6,6.4,4,0.84
SITE209,2022,23.6,7.5,15.2,405.6,1278.0,2082,68,0,58.0,2.2,6.3,-8,1.01
SITE209,2023,23.6,7.6,15.3,338.0,1285.0,2085,68,0,57.0,2.5,6.5,-23,1.04
SITE209,2024,23.6,7.6,15.3,464.3,1275.0,2088,67,0,58.0,2.8,6.4,5,1.06
SITE210,1991,21.8,5.7,13.5,687.7,1215.0,1883,84,0,63.0,2.3,6.2,-19,-0.51
SITE210,1992,21.8,5.7,13.4,833.6,1209.0,1883,84,0,64.0,2.7,6.4,-1,-0.51
SITE210,1993,21.8,5.7,13.5,490.0,1224.0,1884,84,0,63.0,2.3,6.9,-42,-0.5
SITE210,1994,21.8,5.7,13.4,689.6,1214.0,1880,84,0,64.0,2.8,6.5,-18,-0.54
SITE210,1995,21.8,5.7,13.4,636.3,1217.0,1883,84,0,63.0,2.5,6.7,-25,-0.51
SITE210,1996,21.8,5.7,13.4,543.2,1220.0,1878,84,0,63.0,2.4,6.6,-36,-0.56
SITE210,1997,21.7,5.6,13.4,315.1,1228.0,1874,84,0,63.0,2.8,7.1,-63,-0.6
SITE210,1998,21.8,5.7,13.4,823.9,1207.0,1878,84,0,64.0,2.4,6.3,-3,-0.56
SITE210,1999,21.8,5.7,13.4,745.9,1211.0,1878,84,0,64.0,2.5,6.3,-12,-0.56
SITE210,2000,21.9,5.8,13.6,1023.6,1205.0,1894,83,0,64.0,2.5,6.0,21,-0.4
SITE210,2001,21.9,5.8,13.6,714.7,1218.0,1893,83,0,63.0,2.7,6.3,-16,-0.4
SITE210,2002,22.0,6.0,13.7,619.5,1227.0,1905,82,0,62.0,2.5,6.2,-27,-0.28
SITE210,2003,22.1,6.0,13.7,731.1,1225.0,1911,82,0,62.0,2.2,6.5,-14,-0.22
SITE210,2004,22.2,6.1,13.8,965.2,1218.0,1919,81,0,63.0,2.6,6.1,14,-0.13
SITE210,2005,22.2,6.2,13.9,980.7,1219.0,1923,81,0,63.0,2.6,6.3,16,-0.09
SITE210,2006,22.3,6.2,13.9,856.6,1226.0,1928,81,0,62.0,2.5,6.4,1,-0.04
SITE210,2007,22.3,6.3,14.0,1308.9,1209.0,1934,80,0,64.0,2.4,6.3,55,0.02
SITE210,2008,22.4,6.3,14.0,920.6,1226.0,1935,80,0,62.0,2.3,6.4,9,0.03
SITE210,2009,22.3,6.2,14.0,454.9,1246.0,1933,81,0,61.0,2.5,6.5,-46,0.01
SITE210,2010,22.4,6.3,14.0,1406.9,1206.0,1936,80,0,64.0,2.6,6.1,66,0.04
SITE210,2011,22.4,6.3,14.0,891.9,1228.0,1935,80,0,62.0,2.5,6.3,5,0.03
SITE210,2012,22.4,6.4,14.1,645.3,1241.0,1943,80,0,61.0,2.5,6.5,-24,0.11
SITE210,2013,22.5,6.4,14.1,1082.5,1225.0,1949,79,0,62.0,2.4,6.0,28,0.17
SITE210,2014,22.5,6.5,14.2,977.5,1231.0,1953,79,0,62.0,2.6,6.3,16,0.22
SITE210,2015,22.5,6.5,14.2,591.4,1248.0,1953,79,0,60.0,2.3,6.4,-30,0.21
SITE210,2016,22.6,6.5,14.2,743.0,1244.0,1960,79,0,60.0,2.8,6.4,-12,0.28
SITE210,2017,22.8,6.7,14.4,614.3,1256.0,1975,78,0,59.0,2.3,6.7,-27,0.44
SITE210,2018,22.9,6.8,14.5,834.8,1250.0,1986,77,0,60.0,2.6,6.4,-1,0.55
SITE210,2019,23.0,6.9,14.6,546.4,1267.0,1996,76,0,58.0,2.6,6.4,-35,0.66
SITE210,2020,22.9,6.9,14.6,1304.1,1232.0,1992,77,0,61.0,2.4,6.1,54,0.62
SITE210,2021,23.0,6.9,14.6,899.0,1252.0,1998,76,0,59.0,2.7,6.2,6,0.68
SITE210,2022,23.0,6.9,14.7,649.7,1264.0,2001,76,0,58.0,2.6,6.4,-23,0.71
SITE210,2023,23.1,7.1,14.8,558.9,1273.0,2012,75,0,58.0,2.7,6.7,-34,0.83
SITE210,2024,23.1,7.0,14.7,858.6,1258.0,2008,75,0,59.0,2.5,6.3,1,0.79
SITE211,1991,19.6,3.4,11.2,509.0,1053.0,1401,117,0,61.0,2.9,5.9,-6,-0.68
SITE211,1992,19.6,3.5,11.2,370.0,1063.0,1404,117,0,60.0,2.6,6.0,-32,-0.63
SITE211,1993,19.6,3.4,11.2,475.2,1055.0,1401,117,0,60.0,2.7,6.0,-12,-0.67
SITE211,1994,19.6,3.4,11.2,334.7,1063.0,1401,117,0,60.0,2.3,5.9,-38,-0.67
SITE211,1995,19.6,3.4,11.2,657.9,1045.0,1403,117,0,61.0,3.0,5.6,22,-0.64
SITE211,1996,19.7,3.5,11.3,952.9,1031.0,1409,116,0,63.0,2.8,5.4,76,-0.56
SITE211,1997,19.8,3.6,11.4,580.8,1056.0,1415,115,0,60.0,2.7,5.8,7,-0.47
SITE211,1998,19.8,3.6,11.4,388.4,1068.0,1417,115,0,59.0,2.9,5.9,-28,-0.45
SITE211,1999,19.9,3.7,11.5,383.2,1071.0,1421,114,0,59.0,2.8,6.3,-29,-0.39
SITE211,2000,19.9,3.8,11.5,452.5,1070.0,1428,114,0,59.0,2.6,5.8,-16,-0.3
SITE211,2001,20.0,3.9,11.6,551.1,1066.0,1432,113,0,59.0,2.8,5.7,2,-0.24
SITE211,2002,20.0,3.8,11.6,560.2,1066.0,1432,113,0,59.0,2.7,5.8,4,-0.24
SITE211,2003,20.0,3.9,11.6,822.5,1050.0,1433,113,0,60.0,2.8,5.7,52,-0.23
SITE211,2004,20.1,3.9,11.7,424.6,1077.0,1439,112,0,58.0,2.9,6.2,-22,-0.14
SITE211,2005,20.2,4.1,11.8,547.7,1074.0,1448,111,0,58.0,2.4,5.9,1,-0.02
SITE211,2006,20.1,3.9,11.7,366.3,1081.0,1439,112,0,58.0,2.8,6.1,-32,-0.14
SITE211,2007,20.1,4.0,11.7,390.7,1080.0,1442,112,0,58.0,2.7,6.3,-28,-0.11
SITE211,2008,20.2,4.1,11.8,682.1,1067.0,1449,111,0,59.0,2.4,5.7,26,-0.0
SITE211,2009,20.3,4.2,11.9,574.5,1076.0,1454,110,0,58.0,3.1,5.9,6,0.07
SITE211,2010,20.4,4.2,12.0,540.1,1080.0,1458,110,0,58.0,2.9,5.8,0,0.12
SITE211,2011,20.4,4.3,12.0,613.9,1077.0,1462,109,0,58.0,2.6,5.9,13,0.18
SITE211,2012,20.4,4.2,12.0,611.5,1077.0,1460,110,0,58.0,2.9,6.1,13,0.15
SITE211,2013,20.4,4.2,12.0,534.3,1081.0,1460,110,0,57.0,2.7,5.9,-1,0.15
SITE211,2014,20.5,4.3,12.0,466.5,1087.0,1464,109,0,57.0,2.2,5.8,-14,0.2
SITE211,2015,20.4,4.2,12.0,438.2,1087.0,1459,110,0,57.0,2.5,6.0,-19,0.14
SITE211,2016,20.5,4.4,12.1,390.3,1094.0,1469,109,0,56.0,2.8,5.9,-28,0.27
SITE211,2017,20.6,4.4,12.2,670.5,1080.0,1474,108,0,57.0,2.9,5.6,24,0.33
SITE211,2018,20.7,4.6,12.3,761.8,1080.0,1485,107,0,57.0,2.7,5.5,41,0.49
SITE211,2019,20.8,4.6,12.4,923.8,1071.0,1487,106,0,58.0,2.5,5.5,71,0.51
SITE211,2020,20.8,4.7,12.4,628.5,1091.0,1490,106,0,56.0,2.8,5.9,16,0.57
SITE211,2021,21.0,4.8,12.6,612.8,1097.0,1502,105,0,56.0,2.7,6.0,13,0.72
SITE211,2022,21.0,4.9,12.6,746.3,1091.0,1506,104,0,56.0,3.0,6.0,38,0.79
SITE211,2023,21.2,5.0,12.8,582.0,1106.0,1515,103,0,55.0,2.7,5.7,8,0.91
SITE211,2024,21.2,5.1,12.8,397.8,1120.0,1520,102,0,53.0,2.7,5.7,-26,0.98
SITE212,1991,19.2,2.4,10.5,442.7,1057.0,1301,130,0,61.0,2.5,5.8,14,-0.55
SITE212,1992,19.4,2.5,10.6,513.3,1057.0,1310,129,0,61.0,2.4,5.6,32,-0.41
SITE212,1993,19.4,2.5,10.6,240.9,1078.0,1308,129,0,59.0,2.7,6.2,-38,-0.43
SITE212,1994,19.5,2.6,10.7,385.2,1072.0,1318,127,0,59.0,2.3,6.0,-1,-0.29
SITE212,1995,19.5,2.6,10.7,295.1,1080.0,1319,127,0,58.0,2.8,6.0,-24,-0.27
SITE212,1996,19.6,2.7,10.8,328.7,1080.0,1325,126,0,58.0,2.7,5.8,-15,-0.19
SITE212,1997,19.6,2.7,10.8,371.9,1075.0,1322,127,0,59.0,3.2,5.8,-4,-0.23
SITE212,1998,19.5,2.6,10.7,271.1,1081.0,1318,127,0,58.0,3.0,6.1,-30,-0.28
SITE212,1999,19.6,2.7,10.8,301.3,1081.0,1321,127,0,58.0,2.4,6.2,-22,-0.24
SITE212,2000,19.5,2.7,10.8,600.5,1055.0,1320,127,0,61.0,2.8,5.6,55,-0.26
SITE212,2001,19.6,2.7,10.8,425.9,1070.0,1321,127,0,59.0,2.8,5.8,10,-0.24
SITE212,2002,19.6,2.7,10.8,568.1,1061.0,1325,126,0,60.0,2.4,5.8,46,-0.18
SITE212,2003,19.7,2.8,10.9,378.4,1079.0,1330,126,0,58.0,2.8,6.1,-2,-0.11
SITE212,2004,19.7,2.9,11.0,250.4,1092.0,1333,125,0,57.0,2.6,6.2,-35,-0.06
SITE212,2005,19.8,3.0,11.0,396.6,1083.0,1339,124,0,58.0,3.0,5.8,2,0.03
SITE212,2006,19.9,3.0,11.1,323.8,1091.0,1343,124,0,57.0,3.0,5.8,-17,0.09
SITE212,2007,19.9,3.0,11.1,440.7,1081.0,1343,124,0,58.0,2.9,5.8,14,0.08
SITE212,2008,19.8,3.0,11.1,422.9,1081.0,1340,124,0,58.0,2.7,5.6,9,0.05
SITE212,2009,19.9,3.1,11.2,420.6,1085.0,1346,123,0,58.0,2.9,5.9,8,0.13
SITE212,2010,19.9,3.0,11.1,486.3,1079.0,1346,123,0,58.0,2.8,5.6,25,0.13
SITE212,2011,19.9,3.0,11.1,537.9,1073.0,1343,124,0,59.0,2.6,5.8,39,0.09
SITE212,2012,19.9,3.0,11.1,407.8,1083.0,1342,124,0,58.0,2.7,5.9,5,0.07
SITE212,2013,19.8,3.0,11.1,530.7,1072.0,1340,124,0,59.0,2.7,5.5,37,0.03
SITE212,2014,19.9,3.1,11.2,253.1,1099.0,1346,123,0,56.0,3.4,6.2,-35,0.14
SITE212,2015,20.0,3.1,11.2,261.2,1099.0,1348,123,0,56.0,3.1,5.9,-33,0.17
SITE212,2016,20.0,3.1,11.2,346.9,1092.0,1349,123,0,57.0,2.4,6.1,-11,0.17
SITE212,2017,20.0,3.1,11.2,481.9,1082.0,1351,122,0,58.0,2.7,5.8,24,0.21
SITE212,2018,20.0,3.1,11.2,294.6,1097.0,1349,123,0,57.0,2.8,6.1,-24,0.17
SITE212,2019,19.9,3.0,11.1,358.3,1089.0,1344,123,0,57.0,2.8,5.8,-8,0.11
SITE212,2020,20.1,3.2,11.3,470.3,1087.0,1357,122,0,57.0,3.0,5.7,21,0.3
SITE212,2021,20.1,3.3,11.4,324.4,1101.0,1360,121,0,56.0,2.8,5.8,-16,0.35
SITE212,2022,20.2,3.4,11.5,336.3,1103.0,1366,120,0,56.0,2.8,5.8,-13,0.43
SITE212,2023,20.3,3.4,11.5,211.0,1115.0,1368,120,0,55.0,2.8,5.9,-46,0.46
SITE212,2024,20.4,3.5,11.6,358.7,1106.0,1375,119,0,56.0,2.7,5.7,-8,0.56
SITE213,1991,14.9,-3.1,5.6,518.6,916.0,758,189,0,61.0,2.7,5.5,65,-0.28
SITE213,1992,14.8,-3.2,5.4,289.5,932.0,754,190,0,59.0,2.7,5.8,-8,-0.4
SITE213,1993,14.8,-3.3,5.4,249.8,934.0,752,191,0,59.0,2.9,6.3,-21,-0.44
SITE213,1994,14.9,-3.2,5.5,271.0,935.0,755,190,0,59.0,2.9,5.9,-14,-0.36
SITE213,1995,14.9,-3.2,5.5,438.0,921.0,756,189,0,61.0,2.8,5.3,39,-0.34
SITE213,1996,15.0,-3.0,5.6,237.1,945.0,761,187,0,58.0,2.4,6.0,-25,-0.2
SITE213,1997,14.9,-3.2,5.5,338.7,930.0,756,189,0,60.0,2.7,5.8,8,-0.34
SITE213,1998,14.8,-3.2,5.4,364.4,925.0,753,191,0,60.0,2.7,5.7,16,-0.41
SITE213,1999,14.7,-3.3,5.3,305.8,926.0,750,192,0,60.0,2.8,5.9,-3,-0.5
SITE213,2000,14.8,-3.3,5.4,302.1,930.0,753,191,0,60.0,2.8,5.8,-4,-0.42
SITE213,2001,14.8,-3.3,5.4,322.9,926.0,751,191,0,60.0,3.1,5.8,3,-0.47
SITE213,2002,14.8,-3.3,5.4,226.2,935.0,751,191,0,59.0,2.7,5.9,-28,-0.46
SITE213,2003,14.8,-3.2,5.4,363.8,925.0,754,190,0,60.0,3.1,5.7,15,-0.4
SITE213,2004,14.8,-3.3,5.4,292.6,930.0,752,191,0,60.0,2.3,5.7,-7,-0.44
SITE213,2005,14.9,-3.2,5.5,390.0,925.0,755,190,0,60.0,2.8,5.5,24,-0.36
SITE213,2006,14.9,-3.1,5.5,282.3,936.0,757,189,0,59.0,2.7,5.7,-10,-0.3
SITE213,2007,15.0,-3.1,5.6,278.8,938.0,759,188,0,59.0,2.5,6.0,-12,-0.26
SITE213,2008,15.1,-3.0,5.7,434.1,928.0,762,187,0,60.0,2.4,5.5,38,-0.17
SITE213,2009,15.1,-3.0,5.7,475.8,925.0,763,187,0,60.0,2.7,5.6,51,-0.16
SITE213,2010,15.2,-2.8,5.8,388.4,938.0,769,185,0,59.0,3.0,5.6,23,-0.01
SITE213,2011,15.3,-2.8,5.9,229.6,956.0,771,184,0,57.0,2.8,6.2,-27,0.06
SITE213,2012,15.3,-2.7,5.9,288.4,952.0,773,183,0,57.0,2.8,5.6,-8,0.11
SITE213,2013,15.4,-2.6,6.0,445.1,942.0,777,182,0,58.0,2.8,5.8,41,0.2
SITE213,2014,15.6,-2.4,6.2,216.0,970.0,784,179,0,56.0,2.5,6.1,-31,0.38
SITE213,2015,15.7,-2.4,6.3,366.5,959.0,786,178,0,57.0,3.0,5.5,16,0.45
SITE213,2016,15.6,-2.4,6.2,213.9,970.0,784,179,0,55.0,3.0,6.0,-32,0.39
SITE213,2017,15.7,-2.4,6.3,222.6,972.0,786,178,0,55.0,2.2,6.2,-29,0.45
SITE213,2018,15.7,-2.3,6.3,294.2,967.0,788,177,0,56.0,2.7,5.5,-7,0.5
SITE213,2019,15.8,-2.3,6.4,331.4,966.0,790,176,0,56.0,2.8,5.9,5,0.54
SITE213,2020,15.8,-2.2,6.5,391.2,963.0,793,175,0,56.0,3.0,5.6,24,0.62
SITE213,2021,15.9,-2.1,6.5,307.5,974.0,795,174,0,55.0,2.4,5.9,-2,0.68
SITE213,2022,16.0,-2.1,6.6,409.6,966.0,797,174,0,56.0,2.6,5.7,30,0.74
SITE213,2023,16.0,-2.1,6.6,235.7,984.0,799,173,0,54.0,3.0,6.1,-25,0.77
SITE213,2024,16.0,-2.0,6.6,365.2,973.0,800,172,0,55.0,2.8,5.7,16,0.81
SITE214,1991,12.9,-5.1,3.5,275.6,857.0,595,204,0,62.0,2.8,5.5,25,-0.88
SITE214,1992,13.0,-5.0,3.7,258.1,865.0,599,202,0,61.0,2.6,5.7,17,-0.75
SITE214,1993,13.1,-5.0,3.7,188.0,875.0,601,201,0,60.0,2.8,6.1,-15,-0.7
SITE214,1994,13.2,-4.9,3.8,117.8,887.0,604,200,0,59.0,2.8,6.2,-47,-0.59
SITE214,1995,13.2,-4.9,3.8,225.6,874.0,604,200,0,60.0,2.9,6.1,2,-0.6
SITE214,1996,13.3,-4.8,3.9,130.2,890.0,607,198,0,59.0,3.0,5.8,-41,-0.49
SITE214,1997,13.3,-4.8,3.9,212.7,880.0,607,199,0,60.0,3.0,5.7,-4,-0.5
SITE214,1998,13.2,-4.8,3.8,195.4,879.0,604,200,0,60.0,2.8,6.0,-12,-0.57
SITE214,1999,13.2,-4.8,3.8,238.1,874.0,605,199,0,60.0,2.9,5.8,8,-0.56
SITE214,2000,13.3,-4.8,3.9,194.0,883.0,607,198,0,60.0,2.8,6.1,-12,-0.49
SITE214,2001,13.3,-4.8,3.9,141.8,888.0,607,198,0,59.0,2.7,6.1,-36,-0.5
SITE214,2002,13.4,-4.7,4.0,305.5,873.0,610,197,0,61.0,2.7,5.4,38,-0.4
SITE214,2003,13.4,-4.6,4.1,155.5,893.0,612,196,0,58.0,2.4,6.2,-30,-0.35
SITE214,2004,13.5,-4.6,4.1,212.5,888.0,613,195,0,59.0,3.0,6.1,-4,-0.29
SITE214,2005,13.5,-4.5,4.1,270.9,883.0,614,195,0,60.0,2.4,5.7,23,-0.25
SITE214,2006,13.6,-4.4,4.2,305.5,883.0,618,193,0,60.0,2.9,5.8,38,-0.15
SITE214,2007,13.7,-4.4,4.3,227.7,893.0,618,193,0,59.0,2.8,5.9,3,-0.13
SITE214,2008,13.8,-4.3,4.4,401.3,877.0,622,191,0,60.0,2.6,5.2,82,-0.0
SITE214,2009,13.7,-4.3,4.3,321.3,884.0,620,192,0,60.0,2.7,5.4,45,-0.08
SITE214,2010,13.8,-4.3,4.4,154.7,906.0,621,191,0,57.0,2.8,5.9,-30,-0.03
SITE214,2011,13.9,-4.1,4.5,168.7,911.0,627,189,0,57.0,2.6,6.1,-24,0.14
SITE214,2012,14.0,-4.0,4.6,265.4,904.0,630,187,0,58.0,2.7,5.6,20,0.25
SITE214,2013,14.1,-3.9,4.7,308.5,902.0,633,186,0,58.0,2.3,5.7,40,0.34
SITE214,2014,14.2,-3.9,4.8,213.7,915.0,634,185,0,56.0,2.4,6.0,-3,0.36
SITE214,2015,14.2,-3.8,4.8,209.3,919.0,636,184,0,56.0,3.0,6.0,-5,0.44
SITE214,2016,14.4,-3.7,5.0,143.4,933.0,641,182,0,55.0,2.3,6.0,-35,0.59
SITE214,2017,14.5,-3.5,5.1,275.4,922.0,645,180,0,56.0,2.8,5.6,25,0.72
SITE214,2018,14.6,-3.5,5.2,133.7,941.0,646,179,0,54.0,2.5,6.0,-39,0.77
SITE214,2019,14.6,-3.5,5.2,303.3,922.0,648,178,0,56.0,2.5,5.3,37,0.82
SITE214,2020,14.6,-3.5,5.2,203.0,933.0,646,179,0,55.0,2.5,5.7,-8,0.77
SITE214,2021,14.5,-3.5,5.1,231.0,927.0,645,180,0,55.0,2.9,5.7,5,0.72
SITE214,2022,14.5,-3.5,5.2,174.8,936.0,646,179,0,54.0,3.0,5.9,-21,0.76
SITE214,2023,14.6,-3.5,5.2,166.6,938.0,647,179,0,54.0,2.8,5.9,-25,0.79
SITE214,2024,14.6,-3.4,5.2,263.6,928.0,649,178,0,55.0,3.0,5.8,19,0.84
SITE215,1991,26.1,13.4,19.5,231.6,1407.0,3639,0,1,40.0,3.6,8.9,-60,-0.96
SITE215,1992,26.1,13.4,19.5,573.0,1383.0,3641,0,1,42.0,3.2,8.6,0,-0.95
SITE215,1993,26.2,13.5,19.6,932.1,1360.0,3658,0,1,43.0,3.5,8.0,62,-0.87
SITE215,1994,26.1,13.4,19.5,303.2,1403.0,3645,0,1,40.0,3.4,8.7,-47,-0.93
SITE215,1995,26.1,13.5,19.5,651.9,1379.0,3653,0,1,42.0,3.0,8.5,13,-0.89
SITE215,1996,26.2,13.5,19.6,362.6,1401.0,3657,0,1,40.0,3.0,8.7,-37,-0.87
SITE215,1997,26.2,13.5,19.6,439.0,1397.0,3665,0,1,41.0,3.1,8.4,-24,-0.83
SITE215,1998,26.4,13.7,19.8,546.1,1396.0,3700,0,1,40.0,3.6,8.6,-5,-0.64
SITE215,1999,26.5,13.8,19.9,791.3,1381.0,3714,0,1,41.0,3.1,8.3,38,-0.57
SITE215,2000,26.5,13.8,19.9,619.3,1395.0,3720,0,1,40.0,3.3,8.2,8,-0.54
SITE215,2001,26.6,13.9,20.0,384.1,1416.0,3740,0,1,39.0,3.2,8.8,-33,-0.44
SITE215,2002,26.6,13.9,20.0,801.9,1386.0,3743,0,1,41.0,3.6,8.4,39,-0.42
SITE215,2003,26.8,14.1,20.2,377.3,1424.0,3778,0,1,38.0,3.3,8.7,-34,-0.23
SITE215,2004,26.8,14.2,20.3,634.3,1406.0,3787,0,1,39.0,3.4,8.6,10,-0.19
SITE215,2005,26.8,14.2,20.3,611.4,1408.0,3789,0,1,39.0,3.1,8.4,6,-0.18
SITE215,2006,27.0,14.3,20.4,675.5,1410.0,3819,0,1,39.0,3.2,8.6,17,-0.02
SITE215,2007,27.2,14.5,20.6,632.3,1419.0,3851,0,1,38.0,3.1,8.4,10,0.14
SITE215,2008,27.3,14.6,20.7,247.5,1451.0,3871,0,1,35.0,3.6,9.3,-57,0.25
SITE215,2009,27.4,14.7,20.8,728.7,1419.0,3890,0,1,37.0,3.2,8.3,27,0.35
SITE215,2010,27.5,14.8,20.9,569.9,1436.0,3916,0,1,36.0,3.5,8.5,-1,0.49
SITE215,2011,27.5,14.8,20.9,620.3,1432.0,3916,0,1,36.0,3.3,8.5,8,0.49
SITE215,2012,27.6,14.9,21.0,536.2,1441.0,3926,0,1,36.0,3.6,8.5,-7,0.54
SITE215,2013,27.6,14.9,21.0,665.0,1432.0,3930,0,1,36.0,3.7,8.4,16,0.56
SITE215,2014,27.5,14.9,21.0,840.5,1417.0,3923,0,1,37.0,3.4,8.4,46,0.52
SITE215,2015,27.5,14.8,20.9,486.7,1442.0,3916,0,1,36.0,3.6,8.8,-15,0.48
SITE215,2016,27.6,14.9,21.0,665.0,1431.0,3925,0,1,36.0,3.0,8.2,16,0.54
SITE215,2017,27.6,15.0,21.0,298.1,1461.0,3939,0,1,34.0,3.3,8.9,-48,0.61
SITE215,2018,27.6,14.9,21.0,684.3,1431.0,3933,0,1,36.0,3.0,8.5,19,0.57
SITE215,2019,27.7,15.0,21.1,473.4,1449.0,3943,0,1,35.0,3.6,8.6,-18,0.63
SITE215,2020,27.7,15.0,21.1,381.9,1456.0,3946,0,1,34.0,2.7,8.4,-34,0.64
SITE215,2021,27.6,15.0,21.1,805.9,1423.0,3941,0,1,37.0,3.4,8.5,40,0.62
SITE215,2022,27.7,15.0,21.1,565.4,1444.0,3953,0,1,35.0,3.3,8.8,-2,0.68
SITE215,2023,27.7,15.0,21.1,524.4,1446.0,3950,0,1,35.0,3.2,8.2,-9,0.66
SITE215,2024,27.8,15.1,21.2,802.3,1428.0,3967,0,1,36.0,2.9,8.4,40,0.75
SITE216,1991,25.5,12.0,18.5,520.5,1370.0,3249,0,1,42.0,3.7,8.5,32,-0.65
SITE216,1992,25.6,12.2,18.6,382.8,1389.0,3268,0,1,40.0,3.3,8.9,-3,-0.53
SITE216,1993,25.7,12.2,18.7,522.2,1376.0,3278,0,1,41.0,2.7,8.6,33,-0.47
SITE216,1994,25.8,12.3,18.8,394.0,1393.0,3291,0,1,40.0,3.4,8.3,0,-0.4
SITE216,1995,25.8,12.3,18.8,685.3,1361.0,3289,0,1,42.0,3.2,8.1,74,-0.41
SITE216,1996,25.7,12.3,18.7,347.0,1397.0,3287,0,1,39.0,3.0,8.6,-12,-0.42
SITE216,1997,25.8,12.3,18.8,560.9,1376.0,3297,0,1,41.0,3.6,8.8,43,-0.36
SITE216,1998,25.9,12.4,18.9,278.3,1409.0,3309,0,1,38.0,3.2,8.9,-29,-0.29
SITE216,1999,25.9,12.4,18.9,453.1,1391.0,3313,0,1,40.0,3.2,8.5,15,-0.26
SITE216,2000,25.9,12.4,18.9,381.4,1400.0,3315,0,1,39.0,3.0,8.7,-3,-0.25
SITE216,2001,25.9,12.4,18.9,401.6,1395.0,3306,0,1,39.0,3.5,8.5,2,-0.31
SITE216,2002,25.9,12.4,18.9,309.6,1407.0,3316,0,1,38.0,3.0,8.8,-21,-0.24
SITE216,2003,26.0,12.5,19.0,459.5,1395.0,3333,0,1,39.0,3.3,8.3,17,-0.14
SITE216,2004,26.1,12.6,19.1,596.1,1384.0,3348,0,1,40.0,3.6,8.2,52,-0.06
SITE216,2005,26.0,12.5,19.0,443.5,1396.0,3330,0,1,39.0,3.1,8.4,13,-0.16
SITE216,2006,26.1,12.6,19.1,268.8,1419.0,3350,0,1,37.0,3.7,9.0,-32,-0.04
SITE216,2007,26.2,12.7,19.1,408.6,1406.0,3355,0,1,38.0,3.4,8.7,4,-0.01
SITE216,2008,26.1,12.6,19.1,269.2,1417.0,3339,0,1,37.0,3.1,8.7,-32,-0.11
SITE216,2009,26.2,12.7,19.2,519.3,1395.0,3361,0,1,39.0,3.1,8.5,32,0.02
SITE216,2010,26.3,12.8,19.3,464.0,1405.0,3379,0,1,38.0,3.0,8.2,18,0.13
SITE216,2011,26.3,12.8,19.3,416.4,1411.0,3382,0,1,38.0,3.2,8.5,6,0.15
SITE216,2012,26.4,13.0,19.4,431.8,1414.0,3402,0,1,37.0,3.2,8.6,10,0.27
SITE216,2013,26.5,13.0,19.5,564.3,1402.0,3413,0,1,38.0,3.1,8.3,44,0.33
SITE216,2014,26.5,13.0,19.5,398.4,1420.0,3415,0,1,37.0,3.4,8.6,1,0.35
SITE216,2015,26.5,13.0,19.5,339.6,1427.0,3416,0,1,36.0,3.5,8.9,-14,0.35
SITE216,2016,26.5,13.0,19.5,583.2,1400.0,3412,0,1,38.0,3.1,8.2,48,0.33
SITE216,2017,26.5,13.0,19.5,419.2,1417.0,3411,0,1,37.0,3.4,8.3,7,0.32
SITE216,2018,26.5,13.0,19.5,416.0,1416.0,3406,0,1,37.0,3.1,8.6,6,0.29
SITE216,2019,26.5,13.1,19.5,370.4,1424.0,3418,0,1,36.0,3.2,8.7,-6,0.36
SITE216,2020,26.6,13.1,19.6,375.1,1426.0,3430,0,1,36.0,3.5,8.5,-5,0.43
SITE216,2021,26.6,13.1,19.6,323.7,1431.0,3425,0,1,36.0,3.0,8.9,-18,0.4
SITE216,2022,26.5,13.1,19.5,245.0,1438.0,3421,0,1,35.0,3.1,8.8,-38,0.38
SITE216,2023,26.6,13.1,19.6,235.8,1441.0,3428,0,1,35.0,3.1,8.9,-40,0.42
SITE216,2024,26.7,13.3,19.7,223.3,1448.0,3454,0,1,34.0,2.8,8.6,-43,0.58
SITE217,1991,24.3,14.1,19.0,396.7,1196.0,3404,0,0,64.0,2.4,6.2,-10,-0.52
SITE217,1992,24.3,14.1,19.0,380.8,1197.0,3404,0,0,64.0,2.6,6.2,-14,-0.52
SITE217,1993,24.3,14.1,19.0,370.1,1198.0,3401,0,0,64.0,2.4,6.6,-16,-0.53
SITE217,1994,24.4,14.2,19.1,407.7,1197.0,3412,0,0,64.0,2.4,6.4,-8,-0.47
SITE217,1995,24.4,14.2,19.1,263.7,1208.0,3412,0,0,63.0,2.7,6.5,-40,-0.47
SITE217,1996,24.4,14.2,19.1,273.5,1210.0,3423,0,0,62.0,3.0,6.4,-38,-0.41
SITE217,1997,24.4,14.2,19.1,385.6,1198.0,3412,0,0,63.0,2.4,6.3,-13,-0.47
SITE217,1998,24.5,14.3,19.2,365.4,1203.0,3429,0,0,63.0,2.7,6.2,-17,-0.37
SITE217,1999,24.4,14.2,19.1,218.1,1213.0,3418,0,0,62.0,2.5,6.8,-51,-0.43
SITE217,2000,24.5,14.3,19.2,303.9,1209.0,3434,0,0,62.0,2.4,6.8,-31,-0.34
SITE217,2001,24.6,14.4,19.3,475.6,1197.0,3444,0,0,63.0,2.3,6.2,8,-0.28
SITE217,2002,24.5,14.3,19.2,528.3,1192.0,3438,0,0,64.0,2.6,6.1,20,-0.32
SITE217,2003,24.4,14.2,19.1,507.6,1191.0,3423,0,0,64.0,2.7,6.1,15,-0.41
SITE217,2004,24.6,14.4,19.3,333.3,1210.0,3453,0,0,62.0,2.4,6.4,-25,-0.24
SITE217,2005,24.6,14.4,19.3,743.0,1176.0,3448,0,0,65.0,2.5,6.0,68,-0.26
SITE217,2006,24.6,14.4,19.3,632.6,1185.0,3449,0,0,64.0,2.8,6.1,43,-0.26
SITE217,2007,24.6,14.3,19.2,385.4,1204.0,3442,0,0,63.0,2.5,6.4,-13,-0.3
SITE217,2008,24.7,14.5,19.4,444.7,1203.0,3461,0,0,63.0,2.4,6.3,1,-0.19
SITE217,2009,24.8,14.6,19.5,345.6,1214.0,3479,0,0,62.0,2.6,6.6,-22,-0.08
SITE217,2010,24.8,14.5,19.5,438.2,1206.0,3477,0,0,62.0,2.3,6.2,-1,-0.09
SITE217,2011,24.8,14.6,19.5,349.7,1215.0,3487,0,0,62.0,2.6,6.4,-21,-0.04
SITE217,2012,24.9,14.7,19.6,333.0,1220.0,3507,0,0,61.0,2.6,6.4,-25,0.08
SITE217,2013,25.1,14.9,19.8,347.7,1225.0,3537,0,0,60.0,2.4,6.4,-21,0.25
SITE217,2014,25.3,15.0,19.9,382.9,1227.0,3565,0,0,60.0,2.3,6.3,-13,0.4
SITE217,2015,25.4,15.1,20.0,503.3,1220.0,3581,0,0,60.0,2.5,6.1,14,0.5
SITE217,2016,25.4,15.1,20.1,273.4,1239.0,3582,0,0,59.0,2.2,6.6,-38,0.51
SITE217,2017,25.5,15.2,20.2,445.5,1228.0,3600,0,0,60.0,2.5,6.3,1,0.61
SITE217,2018,25.5,15.3,20.2,355.6,1236.0,3600,0,0,59.0,2.5,6.5,-20,0.61
SITE217,2019,25.5,15.2,20.1,512.4,1223.0,3600,0,0,60.0,1.9,6.2,16,0.6
SITE217,2020,25.6,15.3,20.2,283.6,1245.0,3616,0,0,58.0,2.5,6.3,-36,0.7
SITE217,2021,25.5,15.3,20.2,380.5,1235.0,3609,0,0,59.0,2.3,6.6,-14,0.66
SITE217,2022,25.4,15.2,20.1,343.2,1236.0,3597,0,0,59.0,2.5,6.5,-22,0.59
SITE217,2023,25.5,15.3,20.2,391.0,1236.0,3614,0,0,59.0,2.4,6.3,-12,0.69
SITE217,2024,25.7,15.5,20.4,385.5,1241.0,3639,0,0,58.0,2.4,6.5,-13,0.83
SITE218,1991,24.4,13.6,18.8,629.7,1181.0,3343,0,0,68.0,2.5,5.8,99,-0.64
SITE218,1992,24.3,13.5,18.7,552.2,1186.0,3321,0,0,67.0,2.5,6.1,75,-0.76
SITE218,1993,24.4,13.6,18.8,207.2,1229.0,3342,0,0,64.0,2.2,6.6,-34,-0.64
SITE218,1994,24.5,13.7,18.8,288.1,1222.0,3351,0,0,64.0,2.4,6.6,-9,-0.59
SITE218,1995,24.5,13.7,18.9,247.0,1228.0,3358,0,0,64.0,2.2,6.5,-22,-0.55
SITE218,1996,24.6,13.8,18.9,223.3,1233.0,3369,0,0,63.0,2.3,6.5,-29,-0.49
SITE218,1997,24.6,13.8,19.0,257.3,1231.0,3377,0,0,63.0,2.3,6.4,-19,-0.44
SITE218,1998,24.7,13.9,19.0,583.1,1194.0,3386,0,0,66.0,2.6,5.8,85,-0.39
SITE218,1999,24.7,13.8,19.0,386.3,1217.0,3385,0,0,64.0,2.3,6.4,22,-0.39
SITE218,2000,24.8,14.0,19.2,217.0,1242.0,3414,0,0,62.0,2.4,6.2,-31,-0.23
SITE218,2001,24.7,13.9,19.1,251.7,1235.0,3398,0,0,63.0,2.4,6.5,-20,-0.32
SITE218,2002,24.7,13.9,19.1,183.5,1242.0,3394,0,0,62.0,2.6,6.8,-42,-0.34
SITE218,2003,24.8,14.0,19.2,263.2,1236.0,3408,0,0,63.0,3.1,6.6,-17,-0.26
SITE218,2004,24.8,14.0,19.1,272.8,1234.0,3404,0,0,63.0,2.4,6.3,-14,-0.28
SITE218,2005,24.8,14.0,19.2,301.4,1232.0,3414,0,0,63.0,2.3,6.5,-5,-0.23
SITE218,2006,24.9,14.0,19.2,259.4,1238.0,3420,0,0,62.0,2.7,6.5,-18,-0.19
SITE218,2007,24.9,14.1,19.2,322.9,1231.0,3420,0,0,63.0,2.2,6.6,2,-0.19
SITE218,2008,24.9,14.1,19.3,292.8,1237.0,3430,0,0,62.0,2.6,6.7,-7,-0.13
SITE218,2009,24.9,14.1,19.3,308.7,1235.0,3434,0,0,62.0,2.2,6.5,-2,-0.11
SITE218,2010,25.0,14.2,19.4,395.6,1227.0,3444,0,0,63.0,2.5,6.1,25,-0.05
SITE218,2011,25.0,14.2,19.4,375.8,1230.0,3445,0,0,63.0,2.9,6.2,19,-0.05
SITE218,2012,25.1,14.3,19.5,271.2,1245.0,3459,0,0,61.0,2.9,6.2,-14,0.03
SITE218,2013,25.1,14.3,19.5,196.6,1254.0,3461,0,0,61.0,2.2,6.4,-38,0.05
SITE218,2014,25.2,14.4,19.6,240.1,1253.0,3484,0,0,61.0,2.8,6.4,-24,0.18
SITE218,2015,25.3,14.4,19.6,413.8,1234.0,3489,0,0,62.0,2.6,6.2,31,0.21
SITE218,2016,25.4,14.6,19.8,425.8,1238.0,3517,0,0,62.0,2.6,6.1,35,0.37
SITE218,2017,25.5,14.7,19.9,203.9,1268.0,3535,0,0,59.0,2.5,6.6,-35,0.48
SITE218,2018,25.8,15.0,20.2,459.8,1245.0,3579,0,0,60.0,2.6,5.9,45,0.73
SITE218,2019,25.8,15.0,20.2,427.3,1251.0,3586,0,0,60.0,2.4,6.0,35,0.77
SITE218,2020,25.9,15.1,20.3,170.5,1284.0,3597,0,0,57.0,2.4,6.8,-46,0.84
SITE218,2021,25.9,15.1,20.3,384.1,1258.0,3598,0,0,59.0,2.6,6.2,22,0.84
SITE218,2022,26.0,15.2,20.3,497.3,1247.0,3612,0,0,60.0,2.5,5.8,57,0.92
SITE218,2023,26.0,15.1,20.3,206.4,1282.0,3609,0,0,57.0,2.3,6.8,-35,0.9
SITE218,2024,26.0,15.2,20.4,298.6,1273.0,3622,0,0,58.0,2.6,6.6,-6,0.98
SITE219,1991,36.4,26.9,31.4,1916.2,1852.0,7817,0,123,80.0,2.0,5.1,19,-0.27
SITE219,1992,36.4,26.9,31.5,1308.6,1875.0,7838,0,124,78.0,2.0,5.8,-18,-0.22
SITE219,1993,36.4,26.9,31.5,1876.1,1855.0,7834,0,124,79.0,2.1,5.3,17,-0.23
SITE219,1994,36.4,26.9,31.4,1063.6,1883.0,7826,0,124,78.0,2.1,5.8,-34,-0.25
SITE219,1995,36.4,26.9,31.5,1380.2,1873.0,7837,0,124,78.0,2.2,5.5,-14,-0.23
SITE219,1996,36.5,27.0,31.5,996.3,1889.0,7862,0,125,78.0,1.8,5.4,-38,-0.16
SITE219,1997,36.4,26.9,31.5,1833.2,1857.0,7842,0,124,79.0,1.9,5.3,14,-0.21
SITE219,1998,36.4,26.9,31.5,1782.5,1858.0,7833,0,124,79.0,2.0,5.2,11,-0.23
SITE219,1999,36.4,26.8,31.4,1543.8,1864.0,7808,0,123,79.0,1.9,5.3,-4,-0.3
SITE219,2000,36.2,26.7,31.3,1408.4,1864.0,7762,0,122,79.0,2.1,5.2,-12,-0.41
SITE219,2001,36.2,26.7,31.2,2202.8,1835.0,7740,0,121,81.0,1.9,5.4,37,-0.47
SITE219,2002,36.1,26.6,31.2,1597.0,1854.0,7721,0,120,80.0,2.0,5.5,0,-0.52
SITE219,2003,36.3,26.7,31.3,1303.2,1869.0,7769,0,122,79.0,2.1,5.5,-19,-0.4
SITE219,2004,36.4,26.8,31.4,1983.3,1849.0,7806,0,123,80.0,1.7,5.3,24,-0.3
SITE219,2005,36.5,27.0,31.6,1442.8,1874.0,7869,0,125,78.0,2.0,5.4,-10,-0.14
SITE219,2006,36.5,27.0,31.6,1918.3,1858.0,7880,0,125,79.0,2.0,5.4,20,-0.12
SITE219,2007,36.6,27.1,31.7,2259.1,1849.0,7916,0,127,79.0,1.7,5.1,41,-0.02
SITE219,2008,36.5,27.0,31.6,912.8,1893.0,7883,0,126,77.0,2.0,5.7,-43,-0.11
SITE219,2009,36.6,27.1,31.7,1482.8,1877.0,7918,0,127,78.0,2.1,5.2,-8,-0.02
SITE219,2010,36.6,27.1,31.7,1687.8,1869.0,7913,0,126,78.0,2.0,5.2,5,-0.03
SITE219,2011,36.7,27.2,31.7,1076.7,1893.0,7940,0,127,77.0,2.1,5.4,-33,0.04
SITE219,2012,36.7,27.1,31.7,1519.8,1877.0,7935,0,127,78.0,2.4,5.4,-5,0.02
SITE219,2013,36.8,27.3,31.9,997.8,1901.0,7997,0,129,76.0,2.2,5.6,-38,0.18
SITE219,2014,36.9,27.4,31.9,2059.4,1866.0,8018,0,130,78.0,2.0,5.1,28,0.23
SITE219,2015,36.9,27.4,31.9,2124.3,1864.0,8025,0,130,78.0,2.3,5.3,32,0.25
SITE219,2016,37.0,27.5,32.0,1785.8,1880.0,8061,0,131,77.0,1.9,5.1,11,0.34
SITE219,2017,37.2,27.6,32.2,1563.1,1894.0,8126,0,133,76.0,1.9,5.2,-3,0.5
SITE219,2018,37.1,27.6,32.1,1918.7,1879.0,8101,0,133,77.0,1.9,5.3,20,0.44
SITE219,2019,37.1,27.6,32.2,1423.5,1898.0,8122,0,133,76.0,2.1,5.4,-11,0.49
SITE219,2020,37.2,27.6,32.2,1864.6,1883.0,8126,0,133,76.0,1.8,5.3,16,0.5
SITE219,2021,37.2,27.7,32.3,1861.1,1886.0,8151,0,134,76.0,1.9,5.2,16,0.57
SITE219,2022,37.1,27.5,32.1,1645.1,1887.0,8085,0,132,76.0,1.9,5.2,3,0.4
SITE219,2023,37.0,27.5,32.0,1513.8,1890.0,8062,0,131,76.0,1.7,5.3,-6,0.34
SITE219,2024,37.0,27.5,32.0,1484.2,1890.0,8059,0,131,76.0,2.2,5.3,-7,0.34
SITE220,1991,34.9,25.4,30.0,1062.1,1810.0,7282,0,82,80.0,2.1,5.2,-6,-0.66
SITE220,1992,35.0,25.5,30.1,592.0,1836.0,7322,0,83,79.0,1.9,5.7,-47,-0.56
SITE220,1993,35.0,25.5,30.0,1140.4,1809.0,7315,0,82,80.0,1.8,5.3,1,-0.58
SITE220,1994,35.1,25.5,30.1,972.7,1820.0,7340,0,83,80.0,2.1,5.3,-14,-0.51
SITE220,1995,35.1,25.5,30.1,1081.5,1814.0,7338,0,83,80.0,1.6,5.4,-4,-0.52
SITE220,1996,35.1,25.6,30.2,1369.0,1803.0,7360,0,83,80.0,1.9,5.2,22,-0.46
SITE220,1997,35.1,25.6,30.2,1533.7,1794.0,7358,0,83,81.0,2.0,5.4,36,-0.46
SITE220,1998,35.1,25.5,30.1,1351.0,1802.0,7342,0,83,81.0,2.2,5.3,20,-0.5
SITE220,1999,35.2,25.7,30.3,1199.1,1815.0,7401,0,84,80.0,1.8,5.4,6,-0.35
SITE220,2000,35.3,25.7,30.3,1137.7,1820.0,7420,0,85,79.0,1.8,5.2,1,-0.3
SITE220,2001,35.3,25.8,30.3,884.2,1833.0,7430,0,85,78.0,2.1,5.5,-21,-0.27
SITE220,2002,35.5,25.9,30.5,848.3,1841.0,7488,0,86,78.0,2.1,5.6,-25,-0.12
SITE220,2003,35.5,25.9,30.5,858.6,1841.0,7494,0,87,78.0,1.9,5.5,-24,-0.1
SITE220,2004,35.4,25.9,30.5,923.2,1836.0,7473,0,86,78.0,2.0,5.6,-18,-0.15
SITE220,2005,35.5,26.0,30.6,719.5,1849.0,7510,0,87,77.0,1.8,5.4,-36,-0.06
SITE220,2006,35.6,26.1,30.6,1045.9,1836.0,7537,0,88,78.0,2.0,5.3,-7,0.01
SITE220,2007,35.6,26.1,30.7,1210.5,1830.0,7554,0,88,78.0,2.2,5.4,8,0.06
SITE220,2008,35.8,26.3,30.8,992.8,1846.0,7611,0,89,77.0,2.1,5.6,-12,0.21
SITE220,2009,35.9,26.4,30.9,1270.7,1837.0,7654,0,90,77.0,2.1,5.3,13,0.33
SITE220,2010,36.0,26.4,31.0,1156.7,1845.0,7683,0,91,76.0,2.2,5.3,3,0.4
SITE220,2011,36.0,26.4,31.0,1196.4,1842.0,7674,0,91,77.0,1.8,5.4,6,0.38
SITE220,2012,36.0,26.4,31.0,1061.0,1850.0,7681,0,91,76.0,2.1,5.3,-6,0.4
SITE220,2013,35.9,26.4,31.0,936.5,1855.0,7670,0,91,76.0,2.1,5.3,-17,0.37
SITE220,2014,35.9,26.4,30.9,1571.1,1822.0,7654,0,90,78.0,1.9,5.1,40,0.32
SITE220,2015,36.0,26.4,31.0,1059.2,1850.0,7680,0,91,76.0,2.1,5.6,-6,0.39
SITE220,2016,35.9,26.4,31.0,1776.9,1813.0,7667,0,91,78.0,1.9,5.0,58,0.36
SITE220,2017,35.9,26.4,30.9,907.4,1854.0,7651,0,90,76.0,2.0,5.5,-19,0.32
SITE220,2018,35.9,26.4,30.9,637.4,1868.0,7656,0,90,75.0,1.9,5.5,-43,0.33
SITE220,2019,35.9,26.4,31.0,1172.5,1842.0,7658,0,90,77.0,1.9,5.4,4,0.33
SITE220,2020,35.9,26.4,30.9,649.7,1867.0,7651,0,90,75.0,2.1,5.7,-42,0.32
SITE220,2021,35.9,26.3,30.9,933.3,1852.0,7642,0,90,76.0,2.2,5.6,-17,0.29
SITE220,2022,35.9,26.4,30.9,1344.9,1832.0,7648,0,90,77.0,2.0,5.1,19,0.31
SITE220,2023,35.8,26.2,30.8,1169.2,1837.0,7607,0,89,77.0,2.1,5.4,4,0.2
SITE220,2024,35.8,26.3,30.9,1057.2,1844.0,7624,0,90,77.0,1.8,5.6,-6,0.25
SITE221,1991,35.9,26.4,31.0,1712.7,1798.0,7641,0,114,80.0,2.1,5.5,-14,-0.58
SITE221,1992,35.9,26.4,31.0,1350.8,1809.0,7651,0,114,79.0,2.3,5.4,-32,-0.55
SITE221,1993,36.0,26.4,31.0,2228.7,1786.0,7656,0,115,81.0,2.0,5.2,12,-0.54
SITE221,1994,35.9,26.4,31.0,1992.5,1790.0,7637,0,114,80.0,1.9,5.4,0,-0.59
SITE221,1995,36.0,26.4,31.0,1750.9,1798.0,7652,0,114,80.0,2.2,5.5,-12,-0.55
SITE221,1996,35.9,26.4,30.9,1073.3,1814.0,7632,0,114,79.0,2.4,5.6,-46,-0.6
SITE221,1997,35.9,26.3,30.9,2359.5,1778.0,7613,0,113,81.0,2.0,5.0,18,-0.65
SITE221,1998,35.9,26.4,31.0,1645.6,1800.0,7638,0,114,80.0,2.4,5.4,-18,-0.59
SITE221,1999,36.0,26.4,31.0,2132.9,1788.0,7652,0,114,80.0,1.8,5.2,7,-0.55
SITE221,2000,36.1,26.6,31.1,3255.1,1763.0,7713,0,116,81.0,1.9,5.0,63,-0.4
SITE221,2001,36.2,26.6,31.2,2053.5,1798.0,7734,0,117,79.0,2.2,5.2,3,-0.34
SITE221,2002,36.3,26.8,31.4,2298.5,1797.0,7794,0,119,79.0,1.9,5.1,15,-0.19
SITE221,2003,36.3,26.8,31.4,1291.8,1825.0,7806,0,119,78.0,2.6,5.7,-35,-0.16
SITE221,2004,36.4,26.9,31.5,2502.2,1795.0,7838,0,120,79.0,2.3,5.4,25,-0.08
SITE221,2005,36.4,26.9,31.5,2384.8,1799.0,7846,0,120,79.0,1.9,5.3,19,-0.06
SITE221,2006,36.5,27.0,31.6,1152.9,1836.0,7886,0,122,77.0,1.9,5.7,-42,0.05
SITE221,2007,36.6,27.0,31.6,1699.5,1822.0,7892,0,122,77.0,1.8,5.4,-15,0.06
SITE221,2008,36.6,27.1,31.6,2277.2,1807.0,7903,0,122,78.0,2.0,5.1,14,0.09
SITE221,2009,36.6,27.1,31.7,1767.0,1822.0,7911,0,122,77.0,1.9,5.3,-11,0.11
SITE221,2010,36.8,27.3,31.8,1771.6,1829.0,7987,0,125,76.0,2.1,5.4,-11,0.3
SITE221,2011,36.8,27.3,31.8,2245.4,1815.0,7978,0,125,77.0,2.0,5.1,12,0.28
SITE221,2012,36.8,27.3,31.8,1673.6,1831.0,7982,0,125,76.0,2.1,5.4,-16,0.29
SITE221,2013,36.8,27.3,31.9,1917.1,1825.0,7992,0,125,77.0,2.0,5.2,-4,0.31
SITE221,2014,36.8,27.3,31.8,1473.0,1837.0,7981,0,125,76.0,1.8,5.4,-26,0.29
SITE221,2015,36.9,27.3,31.9,2370.9,1815.0,8016,0,126,77.0,1.8,5.3,19,0.38
SITE221,2016,36.9,27.3,31.9,4474.3,1757.0,8012,0,126,80.0,2.2,4.5,124,0.37
SITE221,2017,36.9,27.3,31.9,1939.4,1827.0,8010,0,126,76.0,1.9,5.3,-3,0.36
SITE221,2018,36.9,27.4,32.0,1419.1,1842.0,8028,0,126,76.0,2.3,5.3,-29,0.41
SITE221,2019,36.9,27.4,32.0,1717.9,1834.0,8029,0,126,76.0,1.9,5.4,-14,0.41
SITE221,2020,37.0,27.4,32.0,2292.1,1821.0,8054,0,127,77.0,2.3,5.2,15,0.47
SITE221,2021,37.1,27.5,32.1,1832.0,1837.0,8090,0,128,75.0,1.9,5.7,-8,0.56
SITE221,2022,37.1,27.6,32.1,2408.5,1822.0,8101,0,128,76.0,1.8,5.3,21,0.59
SITE221,2023,37.1,27.5,32.1,1835.0,1837.0,8094,0,128,75.0,2.2,5.5,-8,0.57
SITE221,2024,37.0,27.5,32.1,2471.9,1818.0,8072,0,127,77.0,2.2,5.4,24,0.52
SITE222,1991,34.8,25.3,29.9,779.3,1777.0,7248,0,82,80.0,2.0,5.8,-45,-0.8
SITE222,1992,34.8,25.2,29.8,1265.1,1756.0,7225,0,82,81.0,2.1,5.3,-10,-0.86
SITE222,1993,34.9,25.4,30.0,1466.2,1754.0,7280,0,83,81.0,2.0,5.1,4,-0.72
SITE222,1994,34.9,25.4,30.0,1440.3,1755.0,7281,0,83,81.0,2.0,5.4,2,-0.71
SITE222,1995,34.9,25.3,29.9,1255.3,1760.0,7260,0,83,81.0,2.2,5.4,-11,-0.77
SITE222,1996,34.9,25.3,29.9,1683.1,1745.0,7267,0,83,82.0,2.0,5.4,19,-0.75
SITE222,1997,35.0,25.4,30.0,1498.8,1755.0,7299,0,83,81.0,1.8,5.4,6,-0.67
SITE222,1998,35.1,25.6,30.1,1477.2,1761.0,7349,0,85,80.0,2.2,5.1,5,-0.53
SITE222,1999,35.1,25.5,30.1,1447.3,1760.0,7331,0,84,80.0,2.1,5.3,2,-0.58
SITE222,2000,35.0,25.5,30.0,1119.8,1771.0,7314,0,84,80.0,2.1,5.1,-21,-0.63
SITE222,2001,35.1,25.5,30.1,1394.3,1763.0,7343,0,84,80.0,2.1,5.6,-1,-0.55
SITE222,2002,35.2,25.7,30.3,2134.0,1740.0,7395,0,86,81.0,1.8,5.5,51,-0.41
SITE222,2003,35.3,25.8,30.3,1845.8,1754.0,7424,0,86,80.0,2.3,5.1,31,-0.34
SITE222,2004,35.3,25.8,30.4,1011.0,1786.0,7430,0,87,78.0,1.9,5.5,-28,-0.32
SITE222,2005,35.4,25.9,30.4,1368.5,1776.0,7462,0,87,79.0,1.8,5.2,-3,-0.24
SITE222,2006,35.4,25.9,30.5,2088.5,1750.0,7479,0,88,80.0,2.1,5.1,48,-0.19
SITE222,2007,35.5,26.0,30.5,1675.1,1768.0,7498,0,88,79.0,2.0,5.2,19,-0.14
SITE222,2008,35.6,26.0,30.6,1247.5,1787.0,7529,0,89,78.0,1.7,5.3,-12,-0.06
SITE222,2009,35.7,26.1,30.7,1474.5,1782.0,7566,0,90,78.0,2.1,5.4,4,0.04
SITE222,2010,35.7,26.2,30.7,1603.9,1777.0,7570,0,90,78.0,2.1,5.4,14,0.05
SITE222,2011,35.8,26.3,30.9,2491.0,1748.0,7617,0,91,80.0,2.3,4.8,76,0.18
SITE222,2012,35.9,26.4,31.0,937.4,1812.0,7668,0,92,76.0,2.2,5.7,-34,0.31
SITE222,2013,35.9,26.4,31.0,1058.4,1807.0,7663,0,92,76.0,2.0,5.7,-25,0.3
SITE222,2014,36.1,26.5,31.1,1759.6,1786.0,7719,0,93,77.0,2.1,5.2,25,0.45
SITE222,2015,36.2,26.7,31.3,1522.9,1801.0,7778,0,95,76.0,1.8,5.5,8,0.6
SITE222,2016,36.2,26.7,31.2,1256.4,1810.0,7768,0,95,75.0,2.1,5.5,-11,0.57
SITE222,2017,36.2,26.7,31.3,2080.6,1778.0,7770,0,95,77.0,2.0,5.1,47,0.58
SITE222,2018,36.3,26.8,31.3,1036.2,1822.0,7804,0,95,75.0,2.0,5.7,-27,0.67
SITE222,2019,36.4,26.9,31.5,996.1,1828.0,7855,0,97,74.0,2.0,5.8,-30,0.8
SITE222,2020,36.5,27.0,31.6,1210.0,1823.0,7886,0,97,74.0,2.3,5.7,-14,0.89
SITE222,2021,36.5,27.0,31.6,2640.4,1768.0,7882,0,97,77.0,2.1,4.7,87,0.88
SITE222,2022,36.6,27.1,31.6,1280.9,1824.0,7918,0,98,74.0,1.9,5.3,-9,0.97
SITE222,2023,36.6,27.1,31.6,1847.4,1801.0,7915,0,98,75.0,2.2,5.2,31,0.96
SITE222,2024,36.6,27.1,31.7,1673.3,1810.0,7930,0,98,75.0,2.2,5.1,18,1.01
SITE223,1991,35.5,26.0,30.6,1554.0,1810.0,7502,0,101,80.0,1.9,5.3,-3,-0.58
SITE223,1992,35.6,26.1,30.7,1203.2,1825.0,7532,0,101,79.0,2.2,5.7,-25,-0.5
SITE223,1993,35.6,26.1,30.7,1445.4,1818.0,7541,0,102,80.0,1.9,5.3,-10,-0.47
SITE223,1994,35.6,26.1,30.6,1711.1,1807.0,7522,0,101,80.0,2.0,5.4,7,-0.52
SITE223,1995,35.6,26.0,30.6,1482.6,1814.0,7518,0,101,80.0,1.9,5.2,-7,-0.53
SITE223,1996,35.6,26.1,30.6,1395.2,1818.0,7522,0,101,80.0,2.1,5.2,-13,-0.52
SITE223,1997,35.7,26.2,30.7,1890.9,1805.0,7563,0,102,80.0,1.9,5.6,18,-0.42
SITE223,1998,35.7,26.1,30.7,1928.0,1802.0,7552,0,102,80.0,2.0,5.1,20,-0.45
SITE223,1999,35.8,26.2,30.8,1943.1,1806.0,7591,0,103,80.0,1.7,5.3,21,-0.34
SITE223,2000,35.7,26.2,30.8,1238.5,1829.0,7580,0,103,79.0,2.0,5.4,-23,-0.37
SITE223,2001,35.8,26.3,30.8,1493.4,1822.0,7601,0,103,79.0,1.8,5.5,-7,-0.32
SITE223,2002,35.7,26.2,30.8,1198.4,1829.0,7571,0,103,79.0,2.1,5.6,-25,-0.4
SITE223,2003,35.8,26.2,30.8,1140.0,1833.0,7595,0,103,78.0,2.1,5.6,-29,-0.33
SITE223,2004,35.8,26.3,30.8,1295.6,1828.0,7600,0,103,79.0,2.1,5.4,-19,-0.32
SITE223,2005,35.8,26.3,30.9,1618.1,1819.0,7620,0,104,79.0,2.1,5.1,1,-0.27
SITE223,2006,35.8,26.3,30.8,2350.4,1793.0,7603,0,103,81.0,2.1,4.9,47,-0.31
SITE223,2007,35.9,26.3,30.9,1897.9,1811.0,7634,0,104,79.0,2.1,5.2,19,-0.23
SITE223,2008,36.0,26.4,31.0,2490.7,1794.0,7666,0,105,80.0,1.9,5.0,56,-0.15
SITE223,2009,36.0,26.5,31.1,1026.8,1847.0,7700,0,106,77.0,2.0,5.6,-36,-0.06
SITE223,2010,36.2,26.7,31.3,1649.4,1833.0,7773,0,108,78.0,1.7,5.6,3,0.13
SITE223,2011,36.2,26.7,31.3,1421.5,1841.0,7778,0,108,77.0,1.9,5.3,-11,0.14
SITE223,2012,36.3,26.7,31.3,1053.8,1855.0,7782,0,108,76.0,2.1,5.7,-34,0.15
SITE223,2013,36.4,26.8,31.4,1768.2,1834.0,7821,0,109,77.0,2.1,5.3,11,0.25
SITE223,2014,36.4,26.9,31.4,1870.6,1831.0,7834,0,110,77.0,2.3,5.3,17,0.28
SITE223,2015,36.6,27.0,31.6,1583.4,1847.0,7896,0,111,76.0,2.2,5.5,-1,0.45
SITE223,2016,36.7,27.1,31.7,1384.0,1858.0,7938,0,113,75.0,2.1,5.3,-14,0.55
SITE223,2017,36.7,27.2,31.8,2684.3,1816.0,7963,0,113,78.0,2.1,4.9,68,0.62
SITE223,2018,36.7,27.2,31.8,1914.1,1842.0,7958,0,113,76.0,2.0,5.4,20,0.61
SITE223,2019,36.6,27.1,31.7,1521.0,1853.0,7933,0,112,76.0,1.9,5.5,-5,0.54
SITE223,2020,36.7,27.2,31.8,1714.3,1849.0,7958,0,113,76.0,2.0,5.2,7,0.61
SITE223,2021,36.8,27.3,31.8,1951.0,1843.0,7986,0,114,76.0,2.1,5.0,22,0.68
SITE223,2022,36.8,27.3,31.8,1854.2,1847.0,7986,0,114,76.0,2.0,5.2,16,0.68
SITE223,2023,36.8,27.2,31.8,1637.4,1853.0,7977,0,114,75.0,1.9,5.1,2,0.65
SITE223,2024,36.9,27.4,31.9,1744.7,1854.0,8025,0,115,75.0,2.1,5.3,9,0.78
SITE224,1991,35.5,25.9,30.5,1737.1,1773.0,7483,0,91,81.0,2.0,4.9,56,-0.28
SITE224,1992,35.5,26.0,30.5,724.9,1824.0,7501,0,91,78.0,2.1,5.7,-35,-0.23
SITE224,1993,35.6,26.0,30.6,1090.7,1809.0,7529,0,92,79.0,1.8,5.3,-2,-0.16
SITE224,1994,35.5,26.0,30.6,1433.1,1791.0,7513,0,91,80.0,2.1,5.1,29,-0.2
SITE224,1995,35.6,26.1,30.6,1629.5,1783.0,7533,0,92,80.0,2.3,5.0,47,-0.15
SITE224,1996,35.5,26.0,30.6,1560.6,1785.0,7512,0,91,80.0,2.2,5.1,40,-0.2
SITE224,1997,35.6,26.1,30.7,1461.4,1793.0,7543,0,92,79.0,2.0,5.3,32,-0.12
SITE224,1998,35.6,26.1,30.6,722.1,1828.0,7538,0,92,77.0,2.1,5.5,-35,-0.13
SITE224,1999,35.6,26.1,30.7,889.5,1821.0,7545,0,92,78.0,2.0,5.4,-20,-0.12
SITE224,2000,35.5,25.9,30.5,1259.7,1797.0,7487,0,91,79.0,2.1,5.1,13,-0.27
SITE224,2001,35.6,26.0,30.6,1311.9,1798.0,7525,0,92,79.0,2.2,5.0,18,-0.17
SITE224,2002,35.5,26.0,30.5,1349.2,1793.0,7493,0,91,80.0,2.1,5.2,21,-0.25
SITE224,2003,35.4,25.9,30.5,1174.6,1800.0,7471,0,90,79.0,2.1,5.3,6,-0.31
SITE224,2004,35.5,26.0,30.5,893.0,1816.0,7494,0,91,78.0,1.8,5.5,-20,-0.25
SITE224,2005,35.4,25.9,30.4,752.8,1819.0,7459,0,90,78.0,1.9,5.5,-32,-0.34
SITE224,2006,35.4,25.9,30.5,1480.7,1785.0,7470,0,90,80.0,2.0,5.4,33,-0.31
SITE224,2007,35.5,25.9,30.5,470.1,1835.0,7481,0,91,77.0,1.8,5.9,-58,-0.28
SITE224,2008,35.5,26.0,30.6,880.7,1818.0,7517,0,91,78.0,2.0,5.0,-21,-0.19
SITE224,2009,35.5,26.0,30.5,953.6,1813.0,7500,0,91,79.0,2.2,5.5,-14,-0.23
SITE224,2010,35.6,26.1,30.7,725.9,1830.0,7555,0,92,77.0,2.0,5.7,-35,-0.09
SITE224,2011,35.7,26.2,30.8,1491.7,1796.0,7588,0,93,79.0,2.0,5.1,34,-0.0
SITE224,2012,35.8,26.3,30.8,1084.3,1818.0,7609,0,94,78.0,2.1,5.5,-2,0.05
SITE224,2013,35.8,26.3,30.8,1066.1,1819.0,7614,0,94,78.0,1.9,5.6,-4,0.07
SITE224,2014,35.9,26.4,31.0,1071.2,1823.0,7657,0,95,77.0,2.0,5.3,-4,0.18
SITE224,2015,36.0,26.5,31.1,746.0,1843.0,7694,0,96,76.0,1.9,5.7,-33,0.28
SITE224,2016,36.2,26.6,31.2,1425.7,1815.0,7749,0,97,77.0,1.9,5.1,28,0.42
SITE224,2017,36.0,26.5,31.1,1132.6,1825.0,7708,0,96,77.0,2.0,5.2,2,0.31
SITE224,2018,36.1,26.6,31.1,641.1,1850.0,7720,0,96,75.0,2.0,5.4,-42,0.35
SITE224,2019,36.0,26.5,31.1,1079.1,1827.0,7707,0,96,77.0,2.0,5.4,-3,0.31
SITE224,2020,36.2,26.6,31.2,477.9,1862.0,7753,0,97,75.0,1.8,5.7,-57,0.43
SITE224,2021,36.2,26.6,31.2,849.3,1843.0,7749,0,97,76.0,2.3,5.4,-24,0.42
SITE224,2022,36.2,26.7,31.2,1369.4,1819.0,7766,0,98,77.0,2.2,5.3,23,0.47
SITE224,2023,36.2,26.7,31.3,1090.4,1833.0,7768,0,98,76.0,2.3,5.5,-2,0.47
SITE224,2024,36.3,26.7,31.3,1140.8,1833.0,7795,0,98,76.0,1.9,5.4,3,0.54
SITE225,1991,31.7,22.1,26.7,2375.0,1545.0,6129,0,5,81.0,2.0,5.1,19,-0.49
SITE225,1992,31.7,22.2,26.8,1132.4,1576.0,6145,0,5,78.0,1.9,5.4,-43,-0.44
SITE225,1993,31.7,22.2,26.8,2116.9,1553.0,6150,0,5,80.0,1.9,5.4,6,-0.42
SITE225,1994,31.7,22.2,26.7,1562.9,1565.0,6138,0,5,79.0,2.2,5.5,-22,-0.46
SITE225,1995,31.8,22.2,26.8,2465.2,1546.0,6158,0,5,80.0,2.4,5.2,23,-0.4
SITE225,1996,31.8,22.2,26.8,2034.2,1557.0,6161,0,5,80.0,2.1,5.2,2,-0.39
SITE225,1997,31.9,22.3,26.9,1514.4,1572.0,6186,0,5,78.0,2.1,5.6,-24,-0.31
SITE225,1998,31.9,22.3,26.9,2783.4,1543.0,6195,0,5,80.0,2.0,5.0,39,-0.28
SITE225,1999,31.9,22.3,26.9,2273.8,1554.0,6189,0,5,80.0,2.0,5.5,14,-0.3
SITE225,2000,31.9,22.3,26.9,2088.7,1559.0,6193,0,5,79.0,2.0,5.1,4,-0.28
SITE225,2001,31.9,22.4,26.9,2264.5,1556.0,6202,0,5,79.0,1.9,5.3,13,-0.26
SITE225,2002,32.0,22.4,27.0,2161.1,1561.0,6225,0,5,79.0,2.2,5.4,8,-0.18
SITE225,2003,31.9,22.4,27.0,1876.1,1566.0,6215,0,5,79.0,2.0,5.5,-6,-0.21
SITE225,2004,32.0,22.5,27.1,3009.8,1542.0,6239,0,5,80.0,2.0,5.0,50,-0.14
SITE225,2005,32.1,22.6,27.2,1871.7,1572.0,6270,0,5,78.0,1.8,5.7,-7,-0.04
SITE225,2006,32.2,22.6,27.2,1540.7,1582.0,6282,0,5,77.0,2.0,5.6,-23,-0.0
SITE225,2007,32.3,22.8,27.3,2110.3,1573.0,6324,0,5,78.0,2.3,5.4,5,0.13
SITE225,2008,32.2,22.7,27.2,2071.8,1570.0,6293,0,5,78.0,2.0,5.2,3,0.03
SITE225,2009,32.3,22.7,27.3,2886.5,1553.0,6314,0,5,79.0,1.9,5.0,44,0.1
SITE225,2010,32.3,22.7,27.3,2785.4,1556.0,6318,0,5,79.0,1.9,5.0,39,0.11
SITE225,2011,32.3,22.8,27.3,2107.3,1573.0,6324,0,5,78.0,2.4,5.4,5,0.13
SITE225,2012,32.3,22.7,27.3,2116.3,1572.0,6321,0,5,78.0,2.3,5.4,6,0.12
SITE225,2013,32.1,22.6,27.2,1627.5,1579.0,6280,0,5,77.0,2.1,5.4,-19,-0.01
SITE225,2014,32.2,22.6,27.2,2321.2,1564.0,6288,0,5,78.0,1.9,5.4,16,0.02
SITE225,2015,32.2,22.7,27.2,1655.8,1581.0,6297,0,5,77.0,2.0,5.9,-17,0.05
SITE225,2016,32.3,22.8,27.3,2067.0,1574.0,6328,0,5,78.0,1.9,5.4,3,0.15
SITE225,2017,32.3,22.7,27.3,787.2,1604.0,6321,0,5,76.0,2.1,6.1,-61,0.12
SITE225,2018,32.5,23.0,27.5,2202.9,1578.0,6389,0,5,77.0,1.9,5.2,10,0.34
SITE225,2019,32.6,23.1,27.6,2240.1,1580.0,6420,0,6,77.0,1.9,5.4,12,0.44
SITE225,2020,32.6,23.1,27.7,2315.2,1580.0,6430,0,6,77.0,1.9,4.9,16,0.47
SITE225,2021,32.7,23.2,27.8,1419.4,1605.0,6466,0,6,75.0,2.2,5.3,-29,0.59
SITE225,2022,32.7,23.2,27.8,2053.5,1590.0,6468,0,6,76.0,2.0,5.4,3,0.59
SITE225,2023,32.8,23.2,27.8,2608.4,1578.0,6475,0,6,76.0,2.0,5.4,30,0.61
SITE225,2024,32.7,23.2,27.8,2117.7,1588.0,6464,0,6,76.0,2.0,5.5,6,0.58
SITE226,1991,31.0,21.5,26.1,1172.1,1538.0,5906,0,4,79.0,1.9,5.3,-16,-0.49
SITE226,1992,31.1,21.5,26.1,1175.9,1539.0,5916,0,4,79.0,1.7,5.6,-16,-0.46
SITE226,1993,31.1,21.6,26.1,1385.8,1533.0,5926,0,4,80.0,2.1,5.5,-1,-0.43
SITE226,1994,31.1,21.6,26.2,710.4,1555.0,5927,0,4,78.0,2.5,5.6,-49,-0.42
SITE226,1995,31.1,21.6,26.1,1109.6,1542.0,5923,0,4,79.0,2.1,5.5,-21,-0.44
SITE226,1996,31.1,21.6,26.1,1218.4,1538.0,5924,0,4,79.0,2.3,5.4,-13,-0.43
SITE226,1997,31.3,21.7,26.3,1249.9,1543.0,5971,0,4,79.0,2.1,5.5,-11,-0.28
SITE226,1998,31.4,21.8,26.4,1981.9,1523.0,6006,0,4,80.0,1.9,5.1,41,-0.16
SITE226,1999,31.4,21.9,26.5,1722.9,1533.0,6025,0,4,79.0,2.2,5.2,23,-0.1
SITE226,2000,31.5,21.9,26.5,1207.6,1552.0,6034,0,4,78.0,2.2,5.4,-14,-0.07
SITE226,2001,31.5,22.0,26.5,891.7,1563.0,6041,0,4,77.0,1.9,5.5,-36,-0.05
SITE226,2002,31.5,22.0,26.6,1640.3,1540.0,6054,0,4,79.0,2.3,5.0,17,-0.0
SITE226,2003,31.5,22.0,26.5,1501.2,1543.0,6045,0,4,78.0,2.0,5.4,7,-0.03
SITE226,2004,31.4,21.9,26.5,1760.9,1533.0,6028,0,4,79.0,2.0,5.1,26,-0.09
SITE226,2005,31.5,21.9,26.5,1360.5,1547.0,6040,0,4,78.0,2.1,5.5,-3,-0.05
SITE226,2006,31.6,22.0,26.6,1044.5,1560.0,6063,0,4,77.0,1.9,5.5,-25,0.03
SITE226,2007,31.5,22.0,26.6,1287.0,1552.0,6058,0,4,78.0,1.9,5.5,-8,0.01
SITE226,2008,31.6,22.0,26.6,1132.9,1557.0,6062,0,4,77.0,1.8,5.5,-19,0.02
SITE226,2009,31.6,22.1,26.7,1134.6,1559.0,6078,0,4,77.0,2.1,5.9,-19,0.08
SITE226,2010,31.7,22.1,26.7,566.2,1580.0,6094,0,4,76.0,1.9,5.8,-60,0.13
SITE226,2011,31.8,22.2,26.8,1262.9,1560.0,6127,0,4,77.0,2.0,5.4,-10,0.24
SITE226,2012,31.8,22.3,26.9,1287.3,1561.0,6140,0,4,77.0,1.9,5.5,-8,0.28
SITE226,2013,31.7,22.2,26.7,2097.0,1530.0,6102,0,4,79.0,1.9,5.1,50,0.15
SITE226,2014,31.7,22.2,26.7,656.0,1578.0,6104,0,4,76.0,2.1,5.6,-53,0.16
SITE226,2015,31.8,22.3,26.9,1198.6,1564.0,6140,0,4,76.0,1.9,5.2,-14,0.28
SITE226,2016,31.8,22.3,26.9,1328.3,1561.0,6149,0,4,77.0,2.2,5.8,-5,0.31
SITE226,2017,31.8,22.3,26.9,2000.1,1537.0,6140,0,4,78.0,2.0,5.2,43,0.28
SITE226,2018,31.8,22.3,26.9,2376.5,1526.0,6150,0,4,79.0,2.2,5.0,70,0.31
SITE226,2019,31.8,22.3,26.9,2545.0,1520.0,6145,0,4,79.0,2.1,4.8,82,0.3
SITE226,2020,31.9,22.3,26.9,1145.3,1567.0,6154,0,4,76.0,1.7,5.6,-18,0.33
SITE226,2021,31.8,22.2,26.8,1867.5,1540.0,6127,0,4,78.0,1.8,4.9,33,0.24
SITE226,2022,31.6,22.1,26.7,884.8,1568.0,6086,0,4,76.0,2.0,5.6,-37,0.1
SITE226,2023,31.6,22.1,26.7,1124.0,1560.0,6081,0,4,77.0,2.0,5.4,-20,0.09
SITE226,2024,31.7,22.2,26.8,1488.0,1551.0,6109,0,4,77.0,1.8,5.5,6,0.18
SITE227,1991,34.7,26.7,30.6,2426.2,1676.0,7493,0,78,81.0,1.9,5.4,1,-0.69
SITE227,1992,34.8,26.8,30.6,1667.8,1694.0,7520,0,78,80.0,2.1,5.6,-31,-0.62
SITE227,1993,34.8,26.8,30.6,2598.7,1673.0,7507,0,78,81.0,2.0,5.1,8,-0.65
SITE227,1994,34.8,26.8,30.7,3073.6,1666.0,7533,0,78,81.0,2.0,5.1,28,-0.59
SITE227,1995,34.8,26.8,30.6,1177.6,1705.0,7527,0,78,79.0,1.8,5.7,-51,-0.6
SITE227,1996,34.9,26.9,30.7,2423.4,1681.0,7546,0,79,80.0,2.0,5.4,1,-0.55
SITE227,1997,34.9,26.9,30.7,1799.2,1694.0,7552,0,79,79.0,2.0,5.8,-25,-0.54
SITE227,1998,35.0,27.0,30.9,2949.7,1675.0,7610,0,80,80.0,2.1,5.1,23,-0.39
SITE227,1999,35.0,27.0,30.8,2463.8,1684.0,7590,0,80,80.0,1.9,5.3,3,-0.44
SITE227,2000,35.1,27.1,30.9,2448.1,1687.0,7621,0,80,79.0,2.0,5.3,2,-0.36
SITE227,2001,35.1,27.1,30.9,2683.9,1683.0,7637,0,81,80.0,2.4,5.5,12,-0.32
SITE227,2002,35.2,27.2,31.0,1804.0,1704.0,7664,0,81,78.0,2.3,5.6,-25,-0.25
SITE227,2003,35.2,27.2,31.1,2082.8,1701.0,7696,0,82,78.0,2.0,5.6,-13,-0.17
SITE227,2004,35.2,27.2,31.0,1303.2,1716.0,7674,0,81,78.0,2.0,5.5,-46,-0.22
SITE227,2005,35.3,27.3,31.1,2527.7,1692.0,7700,0,82,79.0,1.7,5.3,5,-0.16
SITE227,2006,35.4,27.4,31.2,2612.6,1694.0,7746,0,83,78.0,2.0,5.3,9,-0.04
SITE227,2007,35.5,27.5,31.3,2139.7,1709.0,7796,0,84,77.0,1.9,5.6,-11,0.09
SITE227,2008,35.5,27.5,31.3,2380.3,1703.0,7784,0,84,78.0,2.1,5.4,-1,0.06
SITE227,2009,35.6,27.6,31.4,3362.4,1685.0,7823,0,85,79.0,2.2,5.2,40,0.16
SITE227,2010,35.6,27.6,31.4,2519.3,1704.0,7831,0,85,77.0,1.9,5.3,5,0.18
SITE227,2011,35.7,27.7,31.5,1428.2,1730.0,7860,0,85,76.0,1.9,5.8,-40,0.26
SITE227,2012,35.7,27.7,31.5,2760.7,1702.0,7863,0,86,77.0,1.9,5.1,15,0.26
SITE227,2013,35.6,27.6,31.5,1942.9,1718.0,7850,0,85,77.0,1.9,5.5,-19,0.23
SITE227,2014,35.7,27.7,31.5,2219.5,1713.0,7862,0,86,77.0,2.0,5.3,-8,0.26
SITE227,2015,35.7,27.7,31.6,3374.4,1691.0,7886,0,86,78.0,1.9,5.1,41,0.32
SITE227,2016,35.8,27.8,31.6,2392.2,1713.0,7904,0,86,77.0,2.1,5.5,0,0.37
SITE227,2017,35.9,27.9,31.7,2386.8,1716.0,7939,0,87,76.0,1.8,5.5,-1,0.46
SITE227,2018,35.9,27.9,31.7,2540.3,1713.0,7936,0,87,76.0,2.3,5.2,6,0.45
SITE227,2019,36.0,28.0,31.8,1971.5,1729.0,7974,0,88,75.0,1.9,5.5,-18,0.55
SITE227,2020,36.0,28.0,31.8,2202.8,1724.0,7975,0,88,76.0,2.0,5.3,-8,0.55
SITE227,2021,36.1,28.1,31.9,1757.7,1737.0,8021,0,89,75.0,1.7,5.4,-27,0.67
SITE227,2022,36.0,28.0,31.8,3299.2,1702.0,7992,0,88,77.0,2.1,5.0,37,0.6
SITE227,2023,35.9,27.9,31.8,2822.1,1710.0,7967,0,88,76.0,2.0,5.1,18,0.53
SITE227,2024,36.0,28.0,31.8,2607.9,1715.0,7980,0,88,76.0,2.2,5.4,9,0.57
SITE228,1991,32.9,24.9,28.7,1905.1,1606.0,6841,0,36,81.0,2.2,5.5,14,-0.75
SITE228,1992,33.0,25.0,28.8,1983.7,1607.0,6874,0,36,81.0,2.1,5.2,19,-0.66
SITE228,1993,33.1,25.1,28.9,1712.5,1618.0,6908,0,36,80.0,2.0,5.1,3,-0.56
SITE228,1994,33.2,25.2,29.1,1876.2,1620.0,6972,0,37,80.0,2.0,5.1,13,-0.38
SITE228,1995,33.3,25.3,29.1,2184.4,1611.0,6977,0,37,80.0,2.0,5.0,31,-0.37
SITE228,1996,33.3,25.3,29.2,885.6,1652.0,7003,0,37,78.0,2.2,5.6,-47,-0.29
SITE228,1997,33.3,25.3,29.2,1406.6,1636.0,7005,0,37,79.0,2.2,5.4,-16,-0.29
SITE228,1998,33.5,25.5,29.3,1540.7,1637.0,7053,0,38,78.0,2.2,5.5,-8,-0.15
SITE228,1999,33.5,25.5,29.3,1453.4,1641.0,7064,0,38,78.0,1.9,5.4,-13,-0.12
SITE228,2000,33.5,25.5,29.3,1573.8,1638.0,7067,0,38,78.0,2.2,5.6,-6,-0.11
SITE228,2001,33.5,25.5,29.3,1284.2,1645.0,7055,0,38,78.0,1.7,5.8,-23,-0.15
SITE228,2002,33.4,25.4,29.2,1591.2,1634.0,7032,0,38,79.0,2.3,5.4,-5,-0.21
SITE228,2003,33.4,25.4,29.3,1877.5,1626.0,7043,0,38,79.0,2.0,5.2,13,-0.18
SITE228,2004,33.4,25.4,29.2,1613.4,1632.0,7021,0,37,79.0,1.9,5.3,-3,-0.24
SITE228,2005,33.4,25.4,29.2,1344.8,1640.0,7027,0,38,78.0,1.9,5.6,-19,-0.22
SITE228,2006,33.5,25.5,29.3,1498.7,1640.0,7067,0,38,78.0,2.1,5.5,-10,-0.11
SITE228,2007,33.5,25.5,29.4,1773.0,1632.0,7072,0,38,79.0,2.5,5.4,6,-0.1
SITE228,2008,33.6,25.6,29.4,1741.7,1636.0,7100,0,38,78.0,1.9,5.7,4,-0.02
SITE228,2009,33.7,25.7,29.5,1896.0,1633.0,7118,0,39,78.0,2.3,5.3,14,0.03
SITE228,2010,33.7,25.7,29.6,1471.3,1649.0,7149,0,39,77.0,1.9,5.5,-12,0.12
SITE228,2011,33.8,25.8,29.7,1964.0,1637.0,7179,0,39,78.0,2.1,5.2,18,0.2
SITE228,2012,33.9,25.9,29.7,1837.0,1642.0,7194,0,39,77.0,2.1,5.1,10,0.24
SITE228,2013,33.9,25.9,29.8,1518.8,1653.0,7212,0,40,77.0,2.2,5.3,-9,0.29
SITE228,2014,34.0,26.0,29.8,2011.5,1642.0,7242,0,40,77.0,1.9,5.1,21,0.38
SITE228,2015,34.0,26.0,29.8,1798.0,1648.0,7241,0,40,77.0,1.8,5.3,8,0.38
SITE228,2016,34.0,26.0,29.9,1808.6,1648.0,7248,0,40,77.0,2.0,5.3,8,0.4
SITE228,2017,33.9,25.9,29.8,1234.0,1663.0,7224,0,40,76.0,1.9,5.5,-26,0.33
SITE228,2018,33.9,25.9,29.8,3005.5,1610.0,7220,0,40,79.0,1.9,4.8,80,0.32
SITE228,2019,34.0,26.0,29.8,1898.4,1644.0,7230,0,40,77.0,1.9,5.2,14,0.35
SITE228,2020,34.0,26.0,29.8,2407.0,1629.0,7231,0,40,78.0,1.7,5.0,44,0.35
SITE228,2021,33.9,25.9,29.8,1246.1,1662.0,7216,0,40,76.0,2.3,5.2,-25,0.31
SITE228,2022,34.0,26.0,29.9,1886.5,1646.0,7247,0,40,77.0,2.0,5.3,13,0.39
SITE228,2023,34.0,26.0,29.9,1527.0,1657.0,7253,0,40,76.0,1.9,5.4,-8,0.41
SITE228,2024,34.0,26.0,29.9,2017.2,1643.0,7259,0,40,77.0,2.1,5.1,21,0.43
SITE229,1991,29.2,17.3,23.0,933.8,1571.0,4837,0,4,64.0,2.6,6.6,-37,-0.74
SITE229,1992,29.2,17.3,23.0,2649.4,1519.0,4846,0,4,67.0,2.6,5.8,78,-0.71
SITE229,1993,29.3,17.4,23.1,1863.0,1546.0,4862,0,4,65.0,2.3,6.4,25,-0.64
SITE229,1994,29.4,17.5,23.2,1460.4,1562.0,4883,0,4,64.0,2.6,6.7,-2,-0.56
SITE229,1995,29.4,17.5,23.2,1658.9,1556.0,4888,0,5,65.0,2.4,6.4,12,-0.54
SITE229,1996,29.4,17.6,23.3,1970.8,1549.0,4903,0,5,65.0,2.3,5.8,33,-0.48
SITE229,1997,29.5,17.6,23.3,1747.5,1557.0,4912,0,5,64.0,2.3,6.2,18,-0.45
SITE229,1998,29.4,17.6,23.3,1446.0,1565.0,4903,0,5,64.0,2.3,6.3,-3,-0.48
SITE229,1999,29.5,17.6,23.3,1646.2,1560.0,4912,0,5,64.0,2.7,6.3,11,-0.45
SITE229,2000,29.6,17.7,23.4,1311.7,1575.0,4936,0,5,63.0,2.6,6.5,-12,-0.35
SITE229,2001,29.7,17.8,23.5,1119.6,1586.0,4969,0,5,62.0,2.7,6.4,-25,-0.22
SITE229,2002,29.7,17.8,23.5,1338.0,1578.0,4965,0,5,63.0,2.5,6.5,-10,-0.24
SITE229,2003,29.7,17.9,23.6,1769.7,1567.0,4980,0,5,63.0,2.4,6.3,19,-0.18
SITE229,2004,29.7,17.8,23.5,1084.0,1588.0,4974,0,5,62.0,2.5,6.4,-27,-0.2
SITE229,2005,29.7,17.8,23.5,799.9,1595.0,4964,0,5,62.0,2.8,6.6,-46,-0.24
SITE229,2006,29.7,17.8,23.5,2050.3,1556.0,4970,0,5,64.0,2.4,6.2,38,-0.22
SITE229,2007,29.8,17.9,23.6,1845.4,1566.0,4992,0,5,63.0,2.4,6.4,24,-0.13
SITE229,2008,29.9,18.0,23.7,1850.8,1570.0,5019,0,5,63.0,2.8,6.1,24,-0.02
SITE229,2009,30.1,18.2,23.9,2192.7,1566.0,5062,0,5,63.0,2.8,6.2,47,0.15
SITE229,2010,30.1,18.2,23.9,1084.8,1602.0,5070,0,5,60.0,2.7,6.3,-27,0.18
SITE229,2011,30.2,18.3,24.0,1538.3,1592.0,5100,0,5,61.0,2.5,6.4,3,0.3
SITE229,2012,30.3,18.4,24.1,1255.2,1605.0,5121,0,5,60.0,2.3,6.4,-16,0.39
SITE229,2013,30.3,18.4,24.1,1343.7,1600.0,5107,0,5,60.0,2.5,6.3,-10,0.33
SITE229,2014,30.3,18.4,24.1,1812.1,1586.0,5114,0,5,61.0,2.5,6.0,22,0.36
SITE229,2015,30.4,18.5,24.2,1004.5,1616.0,5145,0,5,59.0,2.6,6.6,-32,0.48
SITE229,2016,30.4,18.5,24.2,1455.6,1600.0,5135,0,5,60.0,2.3,6.3,-2,0.44
SITE229,2017,30.3,18.4,24.1,1151.4,1608.0,5119,0,5,60.0,2.3,6.6,-23,0.38
SITE229,2018,30.4,18.5,24.2,912.5,1618.0,5136,0,5,59.0,2.6,6.7,-39,0.44
SITE229,2019,30.4,18.5,24.2,1916.4,1588.0,5150,0,5,61.0,2.5,6.3,29,0.5
SITE229,2020,30.4,18.6,24.3,1552.9,1600.0,5157,0,5,60.0,2.4,6.3,4,0.53
SITE229,2021,30.4,18.5,24.2,741.8,1625.0,5143,0,5,59.0,2.9,6.5,-50,0.47
SITE229,2022,30.5,18.6,24.3,965.2,1621.0,5164,0,5,59.0,2.5,6.4,-35,0.56
SITE229,2023,30.5,18.6,24.3,1428.0,1607.0,5175,0,5,59.0,2.9,6.6,-4,0.6
SITE229,2024,30.6,18.7,24.5,2798.8,1567.0,5203,0,5,62.0,2.7,5.8,88,0.71
SITE230,1991,29.8,17.3,23.3,984.2,1613.0,4905,0,10,63.0,2.8,6.4,-6,-0.31
SITE230,1992,29.9,17.3,23.4,852.1,1621.0,4915,0,10,63.0,2.5,6.4,-18,-0.27
SITE230,1993,29.9,17.4,23.4,1156.4,1609.0,4928,0,10,63.0,2.3,6.1,11,-0.22
SITE230,1994,29.9,17.4,23.4,574.0,1636.0,4929,0,10,62.0,2.3,6.6,-45,-0.22
SITE230,1995,29.9,17.4,23.4,1214.7,1605.0,4924,0,10,63.0,2.6,6.2,16,-0.24
SITE230,1996,30.0,17.4,23.5,1068.9,1615.0,4942,0,10,63.0,2.5,6.3,2,-0.16
SITE230,1997,30.1,17.5,23.5,1436.7,1601.0,4963,0,10,63.0,2.4,6.0,38,-0.08
SITE230,1998,30.0,17.5,23.5,1695.5,1587.0,4951,0,10,64.0,2.6,6.1,62,-0.13
SITE230,1999,30.1,17.6,23.6,929.8,1626.0,4974,0,10,62.0,2.3,6.3,-11,-0.04
SITE230,2000,30.1,17.5,23.6,1296.4,1608.0,4967,0,10,63.0,2.6,6.2,24,-0.06
SITE230,2001,30.0,17.5,23.5,1030.3,1619.0,4954,0,10,62.0,2.4,6.2,-1,-0.11
SITE230,2002,30.0,17.5,23.5,798.1,1629.0,4951,0,10,62.0,2.7,6.4,-24,-0.13
SITE230,2003,30.0,17.5,23.5,1280.0,1606.0,4946,0,10,63.0,2.3,6.1,23,-0.15
SITE230,2004,30.0,17.5,23.5,694.6,1633.0,4950,0,10,62.0,2.8,6.4,-33,-0.13
SITE230,2005,30.0,17.5,23.5,1142.5,1612.0,4948,0,10,63.0,2.6,6.1,9,-0.14
SITE230,2006,30.0,17.4,23.5,1614.7,1589.0,4941,0,10,64.0,2.5,5.8,55,-0.17
SITE230,2007,30.1,17.5,23.6,991.7,1622.0,4967,0,10,62.0,2.2,6.3,-5,-0.06
SITE230,2008,30.0,17.5,23.5,979.5,1621.0,4954,0,10,62.0,2.1,6.3,-6,-0.12
SITE230,2009,30.0,17.5,23.5,659.9,1635.0,4946,0,10,61.0,2.6,6.7,-37,-0.15
SITE230,2010,30.0,17.4,23.5,1421.4,1598.0,4941,0,10,64.0,2.3,6.3,36,-0.17
SITE230,2011,30.1,17.5,23.6,1042.5,1620.0,4969,0,10,62.0,2.5,6.3,0,-0.06
SITE230,2012,30.2,17.6,23.6,370.7,1654.0,4983,0,10,60.0,2.5,6.8,-64,0.0
SITE230,2013,30.1,17.5,23.6,1500.1,1598.0,4964,0,10,64.0,2.7,6.2,44,-0.07
SITE230,2014,30.2,17.6,23.6,1026.9,1624.0,4987,0,10,62.0,2.3,6.5,-2,0.02
SITE230,2015,30.2,17.7,23.7,765.1,1638.0,5001,0,10,61.0,2.3,6.6,-27,0.07
SITE230,2016,30.2,17.7,23.7,1480.4,1606.0,5007,0,11,63.0,2.6,6.0,42,0.1
SITE230,2017,30.2,17.7,23.7,571.2,1648.0,5004,0,11,60.0,2.4,6.6,-45,0.09
SITE230,2018,30.3,17.8,23.8,963.7,1633.0,5026,0,11,61.0,2.6,6.3,-8,0.18
SITE230,2019,30.3,17.8,23.8,1210.3,1622.0,5031,0,11,62.0,2.8,6.2,16,0.19
SITE230,2020,30.5,17.9,24.0,867.2,1644.0,5069,0,11,60.0,2.5,6.5,-17,0.35
SITE230,2021,30.6,18.1,24.1,1278.5,1630.0,5099,0,11,61.0,2.2,6.5,22,0.47
SITE230,2022,30.6,18.0,24.1,1085.9,1638.0,5094,0,11,60.0,2.3,6.2,4,0.44
SITE230,2023,30.8,18.2,24.2,759.8,1660.0,5137,0,11,59.0,2.2,6.7,-27,0.62
SITE230,2024,30.8,18.3,24.3,956.9,1653.0,5149,0,11,59.0,2.6,6.3,-8,0.67
SITE231,1991,27.5,8.8,17.8,241.2,1728.0,3105,36,49,40.0,3.5,8.4,22,-0.31
SITE231,1992,27.5,8.8,17.8,233.9,1729.0,3102,36,49,40.0,3.3,8.1,18,-0.32
SITE231,1993,27.4,8.8,17.7,102.4,1762.0,3096,36,49,38.0,3.3,9.0,-48,-0.36
SITE231,1994,27.5,8.8,17.8,223.7,1731.0,3100,36,49,40.0,3.1,8.8,13,-0.34
SITE231,1995,27.4,8.8,17.8,162.3,1747.0,3098,36,49,39.0,2.9,8.5,-18,-0.35
SITE231,1996,27.4,8.8,17.7,175.8,1743.0,3095,36,49,39.0,2.7,8.6,-11,-0.37
SITE231,1997,27.4,8.8,17.7,185.7,1740.0,3095,36,49,39.0,3.5,8.7,-6,-0.37
SITE231,1998,27.4,8.8,17.7,193.0,1738.0,3094,36,49,39.0,2.7,8.8,-3,-0.37
SITE231,1999,27.5,8.9,17.8,278.7,1720.0,3110,35,49,40.0,3.3,8.3,41,-0.27
SITE231,2000,27.6,8.9,17.9,168.9,1752.0,3118,35,50,38.0,3.2,8.5,-15,-0.22
SITE231,2001,27.5,8.9,17.8,261.7,1724.0,3107,36,49,40.0,3.3,8.6,32,-0.3
SITE231,2002,27.5,8.8,17.8,268.2,1720.0,3100,36,49,40.0,2.9,8.3,35,-0.34
SITE231,2003,27.5,8.8,17.8,174.5,1745.0,3102,36,49,39.0,3.0,8.6,-12,-0.33
SITE231,2004,27.6,8.9,17.9,161.3,1753.0,3117,35,50,38.0,3.5,8.8,-19,-0.23
SITE231,2005,27.7,9.0,18.0,101.4,1774.0,3131,35,50,37.0,3.4,8.8,-49,-0.14
SITE231,2006,27.7,9.1,18.0,155.3,1763.0,3143,35,50,38.0,3.6,8.7,-22,-0.07
SITE231,2007,27.8,9.2,18.1,210.2,1753.0,3158,35,51,38.0,3.2,8.6,6,0.03
SITE231,2008,27.8,9.2,18.1,193.2,1756.0,3154,35,51,38.0,3.7,8.7,-2,0.0
SITE231,2009,27.9,9.3,18.2,286.2,1737.0,3173,34,51,39.0,3.1,8.2,45,0.12
SITE231,2010,28.0,9.3,18.3,234.2,1753.0,3178,34,52,38.0,3.4,8.4,18,0.16
SITE231,2011,27.9,9.2,18.2,347.9,1719.0,3166,34,51,40.0,2.8,8.3,76,0.08
SITE231,2012,27.8,9.2,18.2,206.0,1755.0,3161,35,51,38.0,2.9,8.6,4,0.05
SITE231,2013,27.9,9.2,18.2,300.2,1731.0,3163,35,51,39.0,2.9,8.0,52,0.07
SITE231,2014,27.9,9.3,18.2,254.1,1745.0,3169,34,51,38.0,3.2,8.6,28,0.1
SITE231,2015,28.0,9.4,18.3,202.9,1764.0,3188,34,52,37.0,3.3,8.5,2,0.22
SITE231,2016,28.0,9.4,18.3,153.4,1778.0,3190,34,52,36.0,4.1,8.4,-23,0.23
SITE231,2017,28.1,9.5,18.4,159.7,1781.0,3204,34,52,36.0,3.1,8.8,-19,0.32
SITE231,2018,28.2,9.5,18.5,229.4,1765.0,3214,34,53,37.0,3.0,8.4,16,0.39
SITE231,2019,28.2,9.5,18.5,224.4,1767.0,3214,34,53,37.0,3.4,8.5,13,0.39
SITE231,2020,28.2,9.5,18.5,358.2,1730.0,3213,34,53,39.0,3.4,8.0,81,0.38
SITE231,2021,28.2,9.5,18.5,102.7,1798.0,3210,34,53,35.0,2.9,9.0,-48,0.36
SITE231,2022,28.3,9.6,18.6,277.1,1757.0,3229,33,53,37.0,3.6,8.5,40,0.48
SITE231,2023,28.4,9.7,18.7,159.7,1794.0,3246,33,54,35.0,3.1,8.9,-19,0.59
SITE231,2024,28.5,9.9,18.8,138.4,1805.0,3263,33,54,34.0,3.0,9.1,-30,0.7
SITE232,1991,25.4,6.8,15.7,165.0,1640.0,2654,69,35,42.0,3.0,8.5,18,-0.75
SITE232,1992,25.6,6.9,15.9,241.8,1621.0,2677,68,36,42.0,3.5,8.3,73,-0.58
SITE232,1993,25.6,7.0,15.9,98.7,1674.0,2684,68,36,39.0,3.3,8.8,-29,-0.53
SITE232,1994,25.7,7.0,16.0,54.7,1691.0,2687,68,36,38.0,3.3,8.6,-61,-0.5
SITE232,1995,25.7,7.0,16.0,109.4,1672.0,2691,68,36,39.0,2.9,8.7,-22,-0.48
SITE232,1996,25.7,7.1,16.0,146.1,1660.0,2693,67,36,40.0,3.5,8.4,4,-0.46
SITE232,1997,25.8,7.1,16.1,128.8,1670.0,2704,67,36,39.0,3.0,8.6,-8,-0.39
SITE232,1998,25.9,7.2,16.2,132.7,1673.0,2715,67,37,39.0,2.8,8.5,-5,-0.3
SITE232,1999,25.8,7.2,16.2,215.4,1643.0,2714,67,37,41.0,3.4,8.2,54,-0.31
SITE232,2000,25.9,7.2,16.2,102.7,1684.0,2716,67,37,38.0,3.0,8.6,-27,-0.29
SITE232,2001,26.0,7.4,16.3,227.6,1646.0,2736,66,37,40.0,3.3,8.1,63,-0.15
SITE232,2002,26.0,7.4,16.3,176.7,1664.0,2734,66,37,39.0,3.0,8.3,26,-0.17
SITE232,2003,26.0,7.3,16.3,166.3,1666.0,2729,66,37,39.0,3.2,8.2,19,-0.2
SITE232,2004,25.9,7.2,16.2,186.4,1655.0,2717,66,37,40.0,3.3,8.1,33,-0.29
SITE232,2005,25.9,7.2,16.2,221.0,1642.0,2717,67,37,41.0,3.4,8.2,58,-0.29
SITE232,2006,25.9,7.2,16.2,88.8,1688.0,2714,67,37,38.0,3.3,8.6,-37,-0.31
SITE232,2007,25.9,7.3,16.2,147.5,1670.0,2721,66,37,39.0,3.0,8.7,5,-0.26
SITE232,2008,26.0,7.3,16.3,124.9,1681.0,2728,66,37,39.0,3.3,8.6,-11,-0.21
SITE232,2009,26.0,7.4,16.3,161.6,1671.0,2739,66,37,39.0,3.8,8.5,15,-0.13
SITE232,2010,26.1,7.5,16.4,167.0,1673.0,2749,65,37,39.0,2.9,8.4,19,-0.05
SITE232,2011,26.2,7.5,16.5,107.3,1698.0,2759,65,38,37.0,3.3,8.9,-23,0.01
SITE232,2012,26.1,7.5,16.5,212.7,1658.0,2755,65,38,40.0,3.4,8.1,52,-0.02
SITE232,2013,26.2,7.6,16.5,228.8,1656.0,2764,65,38,40.0,3.0,8.2,63,0.05
SITE232,2014,26.3,7.6,16.6,175.0,1677.0,2769,65,38,38.0,3.4,8.3,25,0.09
SITE232,2015,26.5,7.8,16.8,85.0,1720.0,2799,63,39,36.0,3.4,8.6,-39,0.3
SITE232,2016,26.6,7.9,16.9,159.6,1697.0,2811,63,39,37.0,3.3,8.4,14,0.39
SITE232,2017,26.5,7.9,16.8,180.9,1688.0,2807,63,39,37.0,3.1,8.3,29,0.36
SITE232,2018,26.7,8.0,17.0,94.0,1727.0,2826,62,40,35.0,3.3,8.6,-33,0.5
SITE232,2019,26.8,8.1,17.1,143.9,1714.0,2842,62,40,36.0,2.7,8.5,3,0.62
SITE232,2020,26.8,8.2,17.1,113.8,1726.0,2844,62,40,35.0,3.9,8.7,-19,0.63
SITE232,2021,27.0,8.3,17.3,178.1,1712.0,2871,61,41,36.0,3.1,8.5,27,0.83
SITE232,2022,27.1,8.4,17.4,157.7,1723.0,2881,60,41,35.0,3.2,8.3,13,0.9
SITE232,2023,27.1,8.5,17.4,161.0,1723.0,2885,60,41,35.0,3.6,8.5,15,0.93
SITE232,2024,27.2,8.6,17.5,94.8,1753.0,2901,60,42,33.0,3.3,9.0,-32,1.04
SITE233,1991,24.0,5.4,14.3,580.3,1495.0,2302,89,21,41.0,3.1,8.8,5,-0.82
SITE233,1992,24.0,5.4,14.3,293.3,1516.0,2299,89,21,40.0,3.3,9.0,-47,-0.84
SITE233,1993,24.1,5.4,14.4,357.5,1515.0,2307,88,21,40.0,3.2,8.6,-36,-0.78
SITE233,1994,24.1,5.4,14.4,512.1,1502.0,2306,89,21,41.0,3.4,8.4,-8,-0.79
SITE233,1995,24.2,5.5,14.5,386.0,1517.0,2320,88,21,40.0,3.4,8.9,-30,-0.67
SITE233,1996,24.2,5.5,14.5,747.6,1487.0,2318,88,21,42.0,3.6,8.1,35,-0.69
SITE233,1997,24.3,5.6,14.6,884.5,1480.0,2329,87,21,42.0,3.4,8.1,59,-0.59
SITE233,1998,24.3,5.6,14.6,682.3,1497.0,2330,87,22,41.0,3.4,8.7,23,-0.59
SITE233,1999,24.4,5.7,14.7,651.7,1505.0,2343,86,22,40.0,3.1,8.3,17,-0.47
SITE233,2000,24.5,5.9,14.8,351.7,1535.0,2357,86,22,38.0,3.3,8.9,-37,-0.36
SITE233,2001,24.5,5.9,14.8,596.7,1516.0,2361,86,22,40.0,3.1,8.4,8,-0.33
SITE233,2002,24.6,6.0,14.9,648.6,1516.0,2372,85,22,39.0,3.4,8.5,17,-0.23
SITE233,2003,24.7,6.0,15.0,452.2,1534.0,2376,85,22,38.0,3.1,8.9,-19,-0.2
SITE233,2004,24.7,6.0,15.0,615.0,1521.0,2379,84,22,39.0,3.7,8.6,11,-0.18
SITE233,2005,24.7,6.0,15.0,334.7,1544.0,2378,85,22,38.0,3.5,8.8,-40,-0.18
SITE233,2006,24.8,6.1,15.1,632.5,1524.0,2390,84,23,39.0,3.2,8.7,14,-0.08
SITE233,2007,24.8,6.2,15.1,544.5,1534.0,2397,83,23,38.0,3.1,8.5,-2,-0.02
SITE233,2008,24.9,6.2,15.2,507.2,1540.0,2403,83,23,38.0,3.4,8.8,-9,0.03
SITE233,2009,25.0,6.4,15.3,548.8,1543.0,2419,82,23,37.0,3.5,8.4,-1,0.16
SITE233,2010,25.0,6.3,15.3,774.3,1521.0,2412,83,23,39.0,3.5,8.3,40,0.1
SITE233,2011,25.0,6.4,15.3,526.7,1545.0,2422,82,23,37.0,3.2,8.8,-5,0.18
SITE233,2012,25.1,6.5,15.4,777.0,1528.0,2430,82,23,38.0,3.4,8.4,40,0.25
SITE233,2013,25.1,6.5,15.4,395.4,1561.0,2433,81,23,36.0,2.8,9.0,-29,0.27
SITE233,2014,25.3,6.7,15.6,364.3,1572.0,2456,80,24,35.0,2.9,8.8,-34,0.46
SITE233,2015,25.4,6.7,15.7,249.4,1584.0,2461,80,24,34.0,3.3,9.2,-55,0.51
SITE233,2016,25.4,6.8,15.7,729.7,1547.0,2470,79,24,37.0,2.4,8.6,31,0.58
SITE233,2017,25.4,6.8,15.7,739.1,1544.0,2465,80,24,37.0,3.2,8.4,33,0.54
SITE233,2018,25.4,6.7,15.7,680.2,1548.0,2462,80,24,37.0,3.4,8.4,23,0.51
SITE233,2019,25.4,6.7,15.7,471.9,1566.0,2463,80,24,35.0,3.3,8.8,-15,0.53
SITE233,2020,25.4,6.8,15.7,472.0,1568.0,2467,80,24,35.0,2.9,8.3,-15,0.56
SITE233,2021,25.5,6.9,15.8,650.3,1557.0,2478,79,24,36.0,3.7,8.2,17,0.65
SITE233,2022,25.6,7.0,15.9,512.7,1574.0,2491,78,25,35.0,3.5,8.8,-8,0.76
SITE233,2023,25.7,7.0,16.0,418.7,1584.0,2497,78,25,34.0,3.0,8.7,-25,0.81
SITE233,2024,25.8,7.1,16.1,437.9,1587.0,2510,77,25,34.0,3.1,8.6,-21,0.91
SITE234,1991,22.6,3.9,12.9,213.5,1455.0,2064,115,13,40.0,3.1,8.9,-43,-0.75
SITE234,1992,22.6,4.0,12.9,237.3,1454.0,2069,114,13,40.0,3.5,9.0,-37,-0.71
SITE234,1993,22.6,3.9,12.9,205.3,1456.0,2065,115,13,40.0,3.4,9.0,-45,-0.74
SITE234,1994,22.6,4.0,13.0,208.4,1459.0,2072,114,13,39.0,3.4,8.8,-44,-0.68
SITE234,1995,22.7,4.1,13.0,253.6,1456.0,2077,114,13,40.0,3.4,8.9,-32,-0.63
SITE234,1996,22.8,4.1,13.1,262.2,1459.0,2087,113,13,39.0,3.4,8.7,-30,-0.54
SITE234,1997,22.7,4.1,13.0,397.9,1441.0,2081,113,13,41.0,3.0,8.4,6,-0.59
SITE234,1998,22.8,4.2,13.1,177.5,1471.0,2091,112,13,38.0,3.4,8.6,-53,-0.5
SITE234,1999,22.9,4.3,13.2,285.9,1463.0,2101,112,14,39.0,2.9,8.7,-24,-0.41
SITE234,2000,23.0,4.4,13.4,329.2,1464.0,2115,111,14,39.0,3.2,8.6,-12,-0.28
SITE234,2001,23.0,4.4,13.3,401.0,1453.0,2110,111,14,40.0,3.6,8.5,7,-0.32
SITE234,2002,23.0,4.3,13.3,363.9,1456.0,2105,111,14,39.0,3.4,8.5,-3,-0.36
SITE234,2003,23.0,4.3,13.3,449.7,1446.0,2107,111,14,40.0,3.4,8.4,20,-0.35
SITE234,2004,23.2,4.5,13.5,482.9,1451.0,2127,110,14,40.0,2.9,8.5,29,-0.16
SITE234,2005,23.2,4.6,13.5,409.5,1463.0,2135,109,14,39.0,3.3,8.6,9,-0.09
SITE234,2006,23.3,4.7,13.6,269.5,1483.0,2143,108,14,37.0,3.3,8.6,-28,-0.01
SITE234,2007,23.4,4.7,13.7,273.7,1485.0,2147,108,14,37.0,3.2,8.7,-27,0.03
SITE234,2008,23.3,4.7,13.6,392.6,1468.0,2143,108,14,38.0,3.2,8.5,5,-0.02
SITE234,2009,23.4,4.7,13.7,284.7,1484.0,2150,108,14,37.0,3.3,8.6,-24,0.05
SITE234,2010,23.3,4.7,13.6,443.6,1462.0,2142,108,14,39.0,2.7,8.3,18,-0.02
SITE234,2011,23.5,4.9,13.8,643.4,1448.0,2163,107,14,39.0,2.8,8.1,72,0.17
SITE234,2012,23.5,4.8,13.8,351.8,1480.0,2159,107,14,37.0,2.9,8.5,-6,0.13
SITE234,2013,23.5,4.9,13.8,476.4,1470.0,2168,106,14,38.0,2.7,8.4,27,0.22
SITE234,2014,23.5,4.9,13.8,539.2,1461.0,2166,106,14,39.0,2.9,8.2,44,0.2
SITE234,2015,23.7,5.0,14.0,300.1,1497.0,2184,105,15,36.0,3.0,8.6,-20,0.37
SITE234,2016,23.8,5.2,14.2,321.7,1502.0,2201,104,15,35.0,3.0,8.5,-14,0.52
SITE234,2017,23.8,5.2,14.1,334.3,1498.0,2195,104,15,36.0,3.1,8.6,-11,0.47
SITE234,2018,23.8,5.2,14.1,444.8,1487.0,2199,104,15,37.0,3.4,8.4,19,0.51
SITE234,2019,23.9,5.2,14.2,330.0,1503.0,2205,103,15,35.0,3.5,8.7,-12,0.56
SITE234,2020,23.9,5.3,14.2,518.3,1482.0,2209,103,15,37.0,3.6,8.2,38,0.61
SITE234,2021,24.1,5.4,14.4,346.0,1509.0,2223,102,15,35.0,3.3,8.8,-8,0.74
SITE234,2022,24.1,5.5,14.4,403.9,1505.0,2230,101,15,35.0,3.5,8.3,8,0.8
SITE234,2023,24.2,5.6,14.5,233.9,1529.0,2239,101,15,33.0,3.3,8.7,-38,0.88
SITE234,2024,24.2,5.6,14.5,341.1,1518.0,2241,100,15,34.0,3.5,8.6,-9,0.9
SITE235,1991,20.6,2.6,11.2,257.8,1255.0,1567,135,0,57.0,2.8,6.4,-44,-0.08
SITE235,1992,20.5,2.5,11.2,276.8,1249.0,1560,136,0,57.0,2.9,6.3,-40,-0.17
SITE235,1993,20.5,2.5,11.2,361.7,1243.0,1560,136,0,58.0,2.9,6.1,-22,-0.17
SITE235,1994,20.5,2.5,11.1,531.4,1228.0,1558,136,0,59.0,2.9,5.8,15,-0.19
SITE235,1995,20.4,2.4,11.1,416.8,1234.0,1552,137,0,59.0,3.0,5.7,-10,-0.27
SITE235,1996,20.5,2.4,11.1,605.1,1221.0,1556,137,0,60.0,2.8,5.7,31,-0.21
SITE235,1997,20.4,2.4,11.0,395.3,1235.0,1551,137,0,59.0,2.7,5.9,-14,-0.27
SITE235,1998,20.5,2.4,11.1,495.7,1230.0,1556,137,0,59.0,2.3,6.0,8,-0.22
SITE235,1999,20.4,2.4,11.0,293.2,1243.0,1550,137,0,58.0,2.6,6.0,-36,-0.29
SITE235,2000,20.4,2.3,11.0,514.3,1223.0,1547,138,0,60.0,2.6,5.6,12,-0.33
SITE235,2001,20.4,2.4,11.0,471.7,1228.0,1549,138,0,59.0,2.9,5.9,2,-0.3
SITE235,2002,20.5,2.4,11.1,402.6,1236.0,1555,137,0,59.0,2.5,5.8,-13,-0.23
SITE235,2003,20.5,2.4,11.1,511.3,1227.0,1554,137,0,59.0,2.5,5.7,11,-0.24
SITE235,2004,20.5,2.5,11.1,464.9,1234.0,1559,136,0,59.0,2.9,6.0,1,-0.18
SITE235,2005,20.5,2.5,11.1,400.6,1239.0,1559,136,0,58.0,2.6,5.6,-13,-0.18
SITE235,2006,20.6,2.6,11.2,230.6,1256.0,1565,135,0,57.0,2.7,6.3,-50,-0.1
SITE235,2007,20.5,2.5,11.1,473.4,1233.0,1559,136,0,59.0,2.7,5.8,3,-0.18
SITE235,2008,20.6,2.6,11.2,726.6,1216.0,1566,135,0,60.0,2.4,5.5,58,-0.09
SITE235,2009,20.6,2.5,11.2,306.3,1249.0,1563,136,0,57.0,2.9,6.0,-34,-0.12
SITE235,2010,20.6,2.6,11.3,437.5,1241.0,1567,135,0,58.0,2.8,5.8,-5,-0.07
SITE235,2011,20.6,2.6,11.3,305.8,1252.0,1568,135,0,57.0,2.8,6.3,-34,-0.06
SITE235,2012,20.7,2.6,11.3,483.5,1238.0,1569,135,0,58.0,2.7,5.8,5,-0.05
SITE235,2013,20.7,2.6,11.3,860.3,1208.0,1569,135,0,61.0,2.5,5.2,87,-0.05
SITE235,2014,20.7,2.7,11.3,476.7,1241.0,1575,134,0,58.0,2.9,5.8,3,0.02
SITE235,2015,20.8,2.7,11.4,371.9,1253.0,1580,133,0,57.0,2.4,5.9,-19,0.09
SITE235,2016,21.0,2.9,11.6,255.7,1269.0,1593,132,0,56.0,2.4,6.1,-45,0.25
SITE235,2017,20.9,2.9,11.6,511.3,1248.0,1592,132,0,57.0,2.8,5.8,11,0.24
SITE235,2018,21.0,2.9,11.6,665.2,1237.0,1594,131,0,58.0,3.0,5.5,44,0.27
SITE235,2019,21.2,3.1,11.8,541.7,1255.0,1609,129,0,57.0,2.7,5.9,17,0.46
SITE235,2020,21.1,3.0,11.7,296.2,1272.0,1604,130,0,55.0,2.6,6.0,-36,0.39
SITE235,2021,21.1,3.1,11.7,772.5,1234.0,1605,130,0,58.0,2.4,5.4,68,0.41
SITE235,2022,21.3,3.2,11.9,440.8,1267.0,1616,128,0,56.0,3.0,5.9,-4,0.55
SITE235,2023,21.4,3.3,12.0,441.5,1273.0,1627,127,0,55.0,2.8,5.9,-4,0.69
SITE235,2024,21.4,3.3,12.0,294.4,1284.0,1626,127,0,54.0,2.5,5.9,-36,0.67
SITE236,1991,19.3,1.2,9.9,245.6,1197.0,1412,149,0,60.0,2.5,5.9,-23,-0.57
SITE236,1992,19.2,1.2,9.8,526.3,1165.0,1409,149,0,62.0,2.7,5.3,64,-0.61
SITE236,1993,19.3,1.2,9.9,362.9,1185.0,1413,149,0,61.0,2.7,5.8,13,-0.56
SITE236,1994,19.3,1.3,9.9,320.3,1192.0,1417,148,0,60.0,2.5,5.6,0,-0.5
SITE236,1995,19.3,1.3,10.0,425.0,1181.0,1418,148,0,61.0,3.0,5.9,32,-0.49
SITE236,1996,19.5,1.4,10.1,156.2,1217.0,1429,146,0,58.0,2.8,6.2,-51,-0.33
SITE236,1997,19.6,1.5,10.2,243.0,1212.0,1437,145,0,58.0,2.8,6.3,-24,-0.23
SITE236,1998,19.6,1.6,10.2,360.7,1200.0,1439,145,0,59.0,2.5,5.3,12,-0.2
SITE236,1999,19.6,1.5,10.2,531.5,1179.0,1436,145,0,61.0,2.3,5.6,66,-0.24
SITE236,2000,19.6,1.5,10.2,231.6,1212.0,1433,145,0,58.0,2.4,6.0,-28,-0.28
SITE236,2001,19.5,1.5,10.2,131.7,1222.0,1432,146,0,57.0,2.9,6.4,-59,-0.29
SITE236,2002,19.5,1.4,10.1,190.5,1213.0,1429,146,0,58.0,2.6,6.1,-41,-0.34
SITE236,2003,19.6,1.5,10.2,221.9,1214.0,1435,145,0,58.0,2.3,6.1,-31,-0.25
SITE236,2004,19.6,1.5,10.2,362.3,1198.0,1436,145,0,59.0,2.2,5.8,13,-0.24
SITE236,2005,19.6,1.5,10.2,459.9,1188.0,1436,145,0,60.0,2.9,5.8,43,-0.23
SITE236,2006,19.6,1.6,10.3,206.5,1218.0,1440,144,0,58.0,2.6,5.7,-36,-0.19
SITE236,2007,19.7,1.7,10.3,189.0,1223.0,1445,144,0,57.0,2.5,6.3,-41,-0.11
SITE236,2008,19.7,1.6,10.3,207.0,1220.0,1443,144,0,57.0,2.7,5.9,-36,-0.13
SITE236,2009,19.7,1.7,10.4,275.1,1215.0,1447,143,0,58.0,2.6,5.5,-14,-0.08
SITE236,2010,19.8,1.7,10.4,276.1,1217.0,1451,143,0,58.0,3.0,5.9,-14,-0.02
SITE236,2011,19.9,1.8,10.5,466.5,1199.0,1458,142,0,59.0,2.4,5.7,45,0.06
SITE236,2012,20.0,1.9,10.6,351.3,1217.0,1465,141,0,58.0,2.5,6.1,9,0.16
SITE236,2013,20.0,2.0,10.6,377.9,1216.0,1468,140,0,58.0,3.0,5.7,18,0.2
SITE236,2014,20.2,2.1,10.8,567.8,1199.0,1478,138,0,59.0,2.9,5.3,77,0.34
SITE236,2015,20.2,2.1,10.8,384.7,1221.0,1478,138,0,57.0,2.6,6.0,20,0.35
SITE236,2016,20.2,2.1,10.8,272.7,1233.0,1478,138,0,56.0,3.0,6.0,-15,0.34
SITE236,2017,20.3,2.2,10.9,408.9,1222.0,1484,137,0,57.0,2.6,5.5,27,0.43
SITE236,2018,20.3,2.3,10.9,457.5,1218.0,1489,137,0,57.0,2.6,5.6,43,0.49
SITE236,2019,20.3,2.2,10.9,600.9,1199.0,1484,137,0,59.0,2.8,5.6,87,0.43
SITE236,2020,20.3,2.3,10.9,233.8,1245.0,1490,137,0,55.0,2.7,5.9,-27,0.5
SITE236,2021,20.3,2.3,10.9,336.9,1233.0,1490,137,0,56.0,3.1,5.9,5,0.51
SITE236,2022,20.5,2.4,11.1,187.5,1256.0,1500,135,0,54.0,2.4,6.0,-42,0.64
SITE236,2023,20.6,2.5,11.2,316.5,1246.0,1508,134,0,55.0,3.1,5.9,-1,0.75
SITE236,2024,20.5,2.5,11.1,249.1,1252.0,1505,134,0,54.0,2.7,5.8,-22,0.71
SITE237,1991,23.2,9.2,15.9,349.0,1254.0,2309,7,0,62.0,2.5,6.5,-30,-0.17
SITE237,1992,23.3,9.3,16.0,465.4,1249.0,2321,7,0,62.0,2.4,6.3,-7,-0.07
SITE237,1993,23.3,9.2,16.0,542.5,1243.0,2319,7,0,63.0,2.2,6.3,8,-0.09
SITE237,1994,23.3,9.3,16.0,440.8,1252.0,2323,7,0,62.0,2.5,6.4,-12,-0.05
SITE237,1995,23.3,9.3,16.0,455.7,1251.0,2325,7,0,62.0,2.8,6.3,-9,-0.03
SITE237,1996,23.3,9.2,16.0,622.6,1237.0,2318,7,0,63.0,2.6,6.3,24,-0.1
SITE237,1997,23.2,9.2,15.9,777.0,1223.0,2311,7,0,64.0,2.5,6.0,55,-0.16
SITE237,1998,23.2,9.1,15.9,743.3,1224.0,2306,7,0,64.0,2.2,6.0,48,-0.2
SITE237,1999,23.2,9.1,15.9,332.2,1253.0,2303,7,0,62.0,2.5,6.5,-34,-0.23
SITE237,2000,23.2,9.1,15.9,399.5,1249.0,2303,7,0,62.0,3.2,6.5,-20,-0.22
SITE237,2001,23.1,9.0,15.8,349.6,1249.0,2294,7,0,62.0,2.3,6.5,-30,-0.3
SITE237,2002,23.0,9.0,15.7,363.7,1247.0,2289,7,0,63.0,2.7,6.4,-28,-0.34
SITE237,2003,23.0,8.9,15.7,675.4,1222.0,2284,7,0,65.0,2.6,6.1,35,-0.39
SITE237,2004,23.0,9.0,15.7,480.2,1237.0,2285,7,0,63.0,2.9,6.5,-4,-0.38
SITE237,2005,23.0,9.0,15.7,253.4,1255.0,2290,7,0,62.0,2.5,6.8,-50,-0.34
SITE237,2006,23.1,9.1,15.8,436.2,1245.0,2300,7,0,63.0,2.6,6.7,-13,-0.25
SITE237,2007,23.2,9.1,15.9,552.5,1238.0,2307,7,0,63.0,2.5,6.4,10,-0.19
SITE237,2008,23.3,9.2,16.0,645.8,1234.0,2316,7,0,63.0,2.6,6.1,29,-0.11
SITE237,2009,23.2,9.1,15.9,552.9,1238.0,2307,7,0,63.0,2.3,6.4,10,-0.19
SITE237,2010,23.2,9.2,15.9,345.3,1254.0,2309,7,0,62.0,2.7,6.5,-31,-0.17
SITE237,2011,23.3,9.2,16.0,431.2,1250.0,2316,7,0,62.0,2.4,6.3,-14,-0.12
SITE237,2012,23.3,9.3,16.0,760.3,1227.0,2320,7,0,64.0,3.0,5.8,51,-0.08
SITE237,2013,23.4,9.4,16.1,423.5,1257.0,2336,7,0,61.0,2.5,6.4,-16,0.06
SITE237,2014,23.5,9.4,16.2,685.5,1238.0,2338,7,0,63.0,2.4,6.2,37,0.08
SITE237,2015,23.6,9.5,16.3,505.2,1255.0,2349,7,0,61.0,2.7,6.2,1,0.17
SITE237,2016,23.7,9.6,16.4,426.5,1265.0,2362,7,0,60.0,2.4,6.6,-15,0.29
SITE237,2017,23.8,9.7,16.5,508.2,1263.0,2374,7,0,60.0,2.7,6.3,1,0.39
SITE237,2018,23.8,9.8,16.5,291.9,1281.0,2380,7,0,59.0,2.3,6.8,-42,0.44
SITE237,2019,23.7,9.7,16.4,453.3,1266.0,2371,7,0,60.0,2.6,6.5,-10,0.36
SITE237,2020,23.8,9.7,16.5,654.2,1253.0,2376,7,0,61.0,2.4,6.5,30,0.41
SITE237,2021,23.8,9.7,16.5,581.2,1258.0,2377,7,0,61.0,2.4,6.3,16,0.41
SITE237,2022,23.9,9.8,16.6,570.9,1262.0,2385,7,0,60.0,2.6,6.4,14,0.48
SITE237,2023,23.9,9.9,16.6,567.4,1264.0,2391,7,0,60.0,2.4,6.3,13,0.54
SITE237,2024,23.9,9.9,16.6,469.9,1272.0,2393,7,0,60.0,3.0,6.1,-6,0.55
SITE238,1991,21.8,7.0,14.1,501.8,1203.0,1926,41,0,65.0,2.7,5.9,48,-0.47
SITE238,1992,21.8,7.0,14.1,352.3,1218.0,1923,41,0,64.0,2.6,6.4,4,-0.5
SITE238,1993,21.8,7.0,14.1,317.3,1223.0,1926,41,0,64.0,2.2,6.5,-6,-0.47
SITE238,1994,21.8,7.0,14.1,194.7,1235.0,1922,41,0,63.0,2.2,6.5,-42,-0.51
SITE238,1995,21.8,7.0,14.1,155.9,1238.0,1919,41,0,63.0,2.9,6.6,-54,-0.54
SITE238,1996,21.9,7.1,14.2,248.1,1234.0,1934,41,0,63.0,2.4,6.6,-27,-0.39
SITE238,1997,21.9,7.1,14.2,467.9,1211.0,1937,41,0,65.0,2.5,6.1,38,-0.35
SITE238,1998,21.9,7.1,14.2,242.0,1234.0,1933,41,0,63.0,2.5,6.6,-28,-0.39
SITE238,1999,22.0,7.2,14.3,337.2,1229.0,1946,41,0,63.0,2.7,6.6,0,-0.26
SITE238,2000,22.0,7.2,14.3,334.0,1229.0,1945,41,0,63.0,2.4,6.5,-1,-0.27
SITE238,2001,22.0,7.3,14.4,304.4,1233.0,1948,40,0,63.0,2.6,6.5,-10,-0.24
SITE238,2002,22.2,7.4,14.5,228.5,1246.0,1961,40,0,61.0,2.4,6.7,-32,-0.11
SITE238,2003,22.1,7.3,14.4,245.3,1243.0,1957,40,0,62.0,2.4,6.6,-27,-0.16
SITE238,2004,22.0,7.3,14.3,324.5,1230.0,1948,40,0,63.0,2.6,6.3,-4,-0.25
SITE238,2005,22.2,7.4,14.5,320.9,1236.0,1962,40,0,62.0,2.6,6.2,-5,-0.11
SITE238,2006,22.1,7.4,14.5,188.0,1250.0,1959,40,0,61.0,2.6,6.5,-44,-0.14
SITE238,2007,22.2,7.5,14.6,360.1,1235.0,1968,40,0,62.0,2.1,6.4,7,-0.04
SITE238,2008,22.3,7.5,14.6,262.7,1248.0,1976,40,0,61.0,2.3,6.6,-22,0.04
SITE238,2009,22.4,7.6,14.7,290.5,1249.0,1987,39,0,61.0,2.5,6.2,-14,0.15
SITE238,2010,22.4,7.7,14.8,311.3,1247.0,1987,39,0,61.0,2.8,6.4,-8,0.15
SITE238,2011,22.5,7.7,14.8,417.8,1237.0,1991,39,0,62.0,2.3,6.2,24,0.19
SITE238,2012,22.6,7.8,14.9,400.6,1242.0,1998,39,0,62.0,2.5,6.2,19,0.26
SITE238,2013,22.6,7.8,14.9,343.5,1250.0,2003,39,0,61.0,2.6,6.4,2,0.31
SITE238,2014,22.5,7.7,14.8,346.4,1244.0,1989,39,0,61.0,2.9,6.6,2,0.17
SITE238,2015,22.5,7.7,14.8,273.0,1253.0,1991,39,0,61.0,2.6,6.4,-19,0.19
SITE238,2016,22.5,7.8,14.9,263.3,1257.0,1997,39,0,60.0,2.4,6.4,-22,0.25
SITE238,2017,22.6,7.8,14.9,376.4,1246.0,2003,39,0,61.0,2.5,6.2,11,0.31
SITE238,2018,22.7,7.9,15.0,360.6,1252.0,2014,38,0,61.0,3.0,6.1,7,0.42
SITE238,2019,22.8,8.0,15.1,380.9,1252.0,2018,38,0,61.0,2.3,6.5,13,0.46
SITE238,2020,22.7,7.9,15.0,263.2,1264.0,2016,38,0,60.0,2.6,6.6,-22,0.44
SITE238,2021,22.7,7.9,15.0,214.6,1269.0,2014,38,0,59.0,2.2,6.5,-37,0.42
SITE238,2022,22.8,8.0,15.1,227.5,1270.0,2021,38,0,59.0,2.5,6.3,-33,0.49
SITE238,2023,22.8,8.0,15.1,308.5,1260.0,2020,38,0,60.0,2.3,6.6,-9,0.48
SITE238,2024,22.8,8.0,15.1,379.6,1252.0,2019,38,0,60.0,2.5,6.2,12,0.47
SITE239,1991,27.3,14.7,20.8,285.2,1373.0,4033,0,6,41.0,3.0,8.3,28,-0.58
SITE239,1992,27.4,14.8,20.8,223.0,1386.0,4044,0,6,40.0,3.3,8.4,0,-0.53
SITE239,1993,27.4,14.9,20.9,309.3,1373.0,4057,0,6,41.0,3.0,8.4,39,-0.46
SITE239,1994,27.5,14.9,21.0,166.6,1402.0,4072,0,6,39.0,3.7,8.7,-25,-0.39
SITE239,1995,27.4,14.9,20.9,236.4,1386.0,4057,0,6,40.0,3.3,8.7,6,-0.46
SITE239,1996,27.4,14.9,20.9,371.5,1361.0,4057,0,6,42.0,3.1,8.0,67,-0.46
SITE239,1997,27.6,15.0,21.1,412.0,1360.0,4095,0,6,42.0,3.1,8.2,85,-0.28
SITE239,1998,27.7,15.1,21.1,189.6,1404.0,4107,0,6,38.0,2.8,8.6,-15,-0.22
SITE239,1999,27.6,15.0,21.1,135.9,1411.0,4094,0,6,38.0,2.9,8.9,-39,-0.28
SITE239,2000,27.6,15.1,21.1,146.8,1410.0,4099,0,6,38.0,3.4,8.7,-34,-0.26
SITE239,2001,27.6,15.0,21.1,119.4,1415.0,4095,0,6,38.0,3.2,8.7,-46,-0.28
SITE239,2002,27.6,15.1,21.1,123.4,1415.0,4103,0,6,38.0,3.2,8.9,-45,-0.24
SITE239,2003,27.7,15.1,21.1,249.2,1393.0,4108,0,6,39.0,3.5,8.7,12,-0.22
SITE239,2004,27.8,15.2,21.2,246.0,1396.0,4125,0,6,39.0,3.1,8.4,10,-0.13
SITE239,2005,27.8,15.2,21.2,312.9,1385.0,4131,0,6,40.0,3.0,8.4,40,-0.1
SITE239,2006,27.7,15.1,21.2,263.1,1392.0,4117,0,6,39.0,3.4,8.5,18,-0.17
SITE239,2007,27.6,15.1,21.1,136.0,1413.0,4101,0,6,38.0,3.7,9.0,-39,-0.25
SITE239,2008,27.7,15.1,21.2,244.2,1394.0,4113,0,6,39.0,3.3,8.5,9,-0.19
SITE239,2009,27.7,15.2,21.2,263.5,1392.0,4121,0,6,39.0,3.3,8.5,18,-0.15
SITE239,2010,27.8,15.2,21.3,173.0,1412.0,4136,0,6,38.0,3.2,8.6,-22,-0.08
SITE239,2011,27.9,15.3,21.4,246.6,1401.0,4157,0,6,38.0,3.7,8.5,11,0.02
SITE239,2012,28.0,15.4,21.4,252.0,1402.0,4167,0,6,38.0,2.9,8.4,13,0.07
SITE239,2013,28.1,15.5,21.5,164.7,1423.0,4193,0,6,36.0,3.2,8.7,-26,0.19
SITE239,2014,28.2,15.6,21.6,328.8,1395.0,4211,0,6,38.0,3.4,8.1,47,0.28
SITE239,2015,28.3,15.7,21.7,221.8,1420.0,4235,0,7,36.0,2.9,8.4,-1,0.4
SITE239,2016,28.3,15.7,21.8,335.7,1398.0,4238,0,7,38.0,3.3,8.2,51,0.41
SITE239,2017,28.2,15.7,21.7,232.7,1416.0,4224,0,6,37.0,3.1,8.8,4,0.34
SITE239,2018,28.3,15.7,21.8,232.6,1419.0,4242,0,7,36.0,3.4,8.6,4,0.43
SITE239,2019,28.3,15.8,21.8,214.8,1423.0,4245,0,7,36.0,3.4,8.6,-4,0.44
SITE239,2020,28.4,15.8,21.9,194.3,1430.0,4261,0,7,36.0,3.1,8.6,-13,0.52
SITE239,2021,28.4,15.8,21.9,243.6,1419.0,4258,0,7,36.0,3.6,8.6,9,0.51
SITE239,2022,28.5,15.9,22.0,137.2,1444.0,4281,0,7,34.0,3.3,8.9,-38,0.62
SITE239,2023,28.6,16.1,22.1,113.6,1454.0,4311,0,7,33.0,3.1,8.5,-49,0.76
SITE239,2024,28.6,16.1,22.1,219.1,1433.0,4309,0,7,35.0,3.5,8.7,-2,0.75
SITE240,1991,25.5,12.0,18.5,131.0,1352.0,3302,0,1,42.0,3.4,8.7,-6,-1.04
SITE240,1992,25.4,12.0,18.4,179.3,1337.0,3298,0,1,43.0,3.1,8.2,29,-1.07
SITE240,1993,25.6,12.2,18.6,166.9,1347.0,3325,0,1,42.0,3.4,8.3,20,-0.92
SITE240,1994,25.6,12.2,18.7,134.7,1359.0,3337,0,1,41.0,3.3,8.5,-3,-0.85
SITE240,1995,25.7,12.3,18.7,165.1,1352.0,3349,0,1,42.0,3.4,8.8,19,-0.77
SITE240,1996,25.8,12.4,18.8,113.8,1370.0,3360,0,1,40.0,3.6,8.5,-18,-0.71
SITE240,1997,25.9,12.4,18.9,51.9,1391.0,3375,0,1,39.0,3.3,8.8,-63,-0.63
SITE240,1998,26.0,12.6,19.0,61.8,1393.0,3395,0,1,38.0,3.3,8.8,-56,-0.51
SITE240,1999,26.1,12.7,19.1,75.7,1393.0,3414,0,2,38.0,2.7,8.7,-46,-0.4
SITE240,2000,26.1,12.7,19.1,112.9,1381.0,3411,0,2,39.0,3.3,8.3,-19,-0.42
SITE240,2001,26.1,12.7,19.1,92.1,1388.0,3413,0,2,39.0,2.9,8.7,-34,-0.41
SITE240,2002,26.0,12.6,19.1,89.7,1387.0,3406,0,1,39.0,3.6,8.9,-35,-0.45
SITE240,2003,26.2,12.8,19.2,176.5,1367.0,3432,0,2,40.0,3.7,8.6,27,-0.3
SITE240,2004,26.2,12.8,19.3,119.9,1385.0,3439,0,2,39.0,3.6,8.5,-14,-0.26
SITE240,2005,26.2,12.8,19.3,104.5,1390.0,3440,0,2,38.0,3.2,8.8,-25,-0.26
SITE240,2006,26.4,13.0,19.4,119.3,1391.0,3465,0,2,38.0,3.2,8.7,-14,-0.11
SITE240,2007,26.4,13.0,19.4,133.7,1387.0,3466,0,2,38.0,3.1,8.5,-4,-0.1
SITE240,2008,26.4,13.0,19.5,65.5,1409.0,3475,0,2,37.0,3.4,8.9,-53,-0.05
SITE240,2009,26.5,13.1,19.5,290.4,1343.0,3483,0,2,41.0,3.1,7.9,109,-0.0
SITE240,2010,26.7,13.2,19.7,140.8,1394.0,3512,0,2,37.0,3.1,8.8,1,0.16
SITE240,2011,26.7,13.3,19.7,150.3,1394.0,3523,0,2,37.0,3.0,8.4,8,0.22
SITE240,2012,26.8,13.4,19.8,84.6,1418.0,3542,0,2,35.0,3.2,8.7,-39,0.33
SITE240,2013,27.0,13.5,20.0,186.8,1392.0,3565,0,2,37.0,3.2,8.3,34,0.47
SITE240,2014,27.0,13.5,20.0,154.5,1401.0,3565,0,2,36.0,3.5,8.3,11,0.46
SITE240,2015,27.0,13.6,20.1,102.1,1420.0,3578,0,2,35.0,3.3,8.6,-27,0.54
SITE240,2016,27.1,13.7,20.2,169.7,1404.0,3598,0,2,36.0,3.3,8.4,22,0.65
SITE240,2017,27.1,13.7,20.1,153.9,1407.0,3589,0,2,36.0,3.3,8.5,11,0.6
SITE240,2018,27.3,13.9,20.4,219.3,1396.0,3632,0,2,36.0,3.3,8.1,58,0.85
SITE240,2019,27.3,13.9,20.3,108.6,1428.0,3625,0,2,34.0,3.3,8.5,-22,0.81
SITE240,2020,27.4,13.9,20.4,119.9,1427.0,3634,0,2,34.0,3.8,8.6,-14,0.86
SITE240,2021,27.4,13.9,20.4,134.2,1423.0,3635,0,2,34.0,3.3,8.6,-3,0.87
SITE240,2022,27.3,13.9,20.4,202.6,1401.0,3630,0,2,36.0,2.7,8.3,46,0.84
SITE240,2023,27.3,13.9,20.3,123.2,1423.0,3622,0,2,34.0,3.2,8.5,-11,0.79
SITE240,2024,27.3,13.9,20.3,140.3,1418.0,3623,0,2,35.0,3.3,8.5,1,0.8
SITE241,1991,34.8,19.9,27.1,99.5,1998.0,6255,0,131,38.0,3.3,8.7,-13,-0.14
SITE241,1992,34.7,19.9,27.0,85.5,2001.0,6227,0,130,38.0,3.4,8.9,-25,-0.23
SITE241,1993,34.8,19.9,27.1,118.4,1987.0,6249,0,131,39.0,2.9,8.7,4,-0.16
SITE241,1994,34.8,19.9,27.1,53.8,2022.0,6253,0,131,37.0,3.1,9.0,-53,-0.14
SITE241,1995,34.8,20.0,27.1,89.9,2004.0,6263,0,131,38.0,3.3,8.6,-21,-0.11
SITE241,1996,34.9,20.0,27.1,63.4,2020.0,6275,0,132,37.0,3.3,8.8,-44,-0.08
SITE241,1997,35.0,20.1,27.2,127.9,1990.0,6306,0,133,38.0,2.7,8.6,12,0.03
SITE241,1998,34.9,20.1,27.2,104.4,2000.0,6291,0,132,38.0,3.0,8.6,-8,-0.02
SITE241,1999,35.0,20.1,27.2,126.3,1991.0,6303,0,133,38.0,3.2,8.7,11,0.01
SITE241,2000,34.8,19.9,27.1,46.8,2026.0,6257,0,131,37.0,3.2,8.8,-59,-0.13
SITE241,2001,34.8,19.9,27.0,135.2,1978.0,6243,0,130,39.0,3.2,8.6,19,-0.17
SITE241,2002,34.8,19.9,27.0,99.1,1996.0,6242,0,130,38.0,3.1,8.5,-13,-0.18
SITE241,2003,34.8,19.9,27.1,29.5,2034.0,6247,0,131,36.0,3.0,9.1,-74,-0.16
SITE241,2004,34.7,19.8,26.9,57.4,2013.0,6204,0,129,38.0,3.4,8.8,-50,-0.3
SITE241,2005,34.8,19.9,27.0,56.4,2018.0,6238,0,130,37.0,3.0,8.6,-51,-0.19
SITE241,2006,34.9,20.0,27.1,110.5,1994.0,6270,0,131,38.0,3.2,8.3,-3,-0.09
SITE241,2007,34.8,19.9,27.1,244.7,1922.0,6257,0,131,42.0,3.0,7.9,115,-0.13
SITE241,2008,34.8,19.9,27.1,89.3,2003.0,6252,0,131,38.0,3.3,8.6,-22,-0.15
SITE241,2009,34.9,20.0,27.2,26.8,2040.0,6281,0,132,36.0,3.2,8.8,-77,-0.05
SITE241,2010,34.9,20.0,27.2,66.0,2020.0,6288,0,132,37.0,3.3,8.7,-42,-0.03
SITE241,2011,34.9,20.1,27.2,37.9,2035.0,6292,0,132,36.0,3.1,8.9,-67,-0.02
SITE241,2012,35.0,20.1,27.2,104.7,2002.0,6303,0,133,38.0,3.8,8.7,-8,0.02
SITE241,2013,35.0,20.1,27.2,114.1,1996.0,6298,0,133,38.0,3.1,8.5,0,-0.0
SITE241,2014,34.9,20.0,27.2,106.7,1999.0,6287,0,132,38.0,3.0,8.7,-6,-0.04
SITE241,2015,35.0,20.1,27.2,123.0,1993.0,6304,0,133,38.0,3.4,8.5,8,0.02
SITE241,2016,35.0,20.1,27.2,76.3,2017.0,6305,0,133,37.0,3.7,8.6,-33,0.02
SITE241,2017,35.1,20.2,27.4,118.6,2001.0,6345,0,135,38.0,3.5,8.6,4,0.15
SITE241,2018,35.3,20.4,27.6,78.3,2030.0,6404,0,137,36.0,2.7,8.7,-31,0.33
SITE241,2019,35.2,20.3,27.5,46.2,2044.0,6382,0,136,35.0,3.0,8.9,-59,0.27
SITE241,2020,35.3,20.4,27.6,83.5,2027.0,6404,0,137,36.0,3.1,8.7,-27,0.34
SITE241,2021,35.3,20.4,27.5,121.8,2006.0,6393,0,137,37.0,3.5,8.3,7,0.3
SITE241,2022,35.2,20.3,27.5,146.4,1991.0,6380,0,136,38.0,3.5,8.5,28,0.26
SITE241,2023,35.3,20.4,27.6,59.4,2040.0,6405,0,137,35.0,3.3,9.0,-48,0.34
SITE241,2024,35.4,20.5,27.7,193.9,1974.0,6441,0,139,38.0,3.5,8.2,70,0.45
SITE242,1991,34.3,18.8,26.2,58.8,2005.0,5960,0,127,40.0,3.8,8.8,-14,-0.5
SITE242,1992,34.3,18.8,26.2,75.8,1990.0,5960,0,127,40.0,3.1,8.3,11,-0.5
SITE242,1993,34.4,18.9,26.3,131.0,1948.0,5999,0,129,42.0,3.0,8.0,93,-0.37
SITE242,1994,34.5,19.0,26.4,50.2,2022.0,6023,0,130,38.0,3.8,8.8,-26,-0.29
SITE242,1995,34.6,19.0,26.5,57.1,2019.0,6041,0,131,38.0,3.3,8.6,-16,-0.23
SITE242,1996,34.6,19.1,26.5,44.0,2033.0,6055,0,131,38.0,3.3,8.9,-35,-0.18
SITE242,1997,34.7,19.2,26.6,21.7,2058.0,6093,0,133,36.0,3.1,8.9,-68,-0.06
SITE242,1998,34.7,19.2,26.6,34.9,2046.0,6092,0,133,37.0,3.0,8.6,-49,-0.06
SITE242,1999,34.7,19.2,26.6,44.6,2038.0,6093,0,133,37.0,3.3,8.4,-34,-0.06
SITE242,2000,34.8,19.2,26.7,63.9,2023.0,6109,0,134,38.0,3.7,8.6,-6,-0.01
SITE242,2001,34.8,19.3,26.7,44.5,2042.0,6119,0,134,37.0,3.5,8.8,-35,0.03
SITE242,2002,34.7,19.2,26.7,41.8,2041.0,6097,0,133,37.0,3.7,9.1,-38,-0.05
SITE242,2003,34.8,19.2,26.7,68.6,2019.0,6109,0,134,38.0,3.2,8.5,1,-0.01
SITE242,2004,34.8,19.3,26.7,69.4,2019.0,6117,0,134,38.0,3.1,8.5,2,0.02
SITE242,2005,34.8,19.3,26.7,46.5,2040.0,6118,0,134,37.0,3.2,9.0,-32,0.02
SITE242,2006,34.8,19.3,26.7,74.0,2016.0,6120,0,134,38.0,3.2,8.5,9,0.03
SITE242,2007,34.8,19.3,26.8,112.7,1983.0,6131,0,134,40.0,3.5,8.2,66,0.06
SITE242,2008,34.8,19.3,26.8,70.3,2021.0,6131,0,135,38.0,3.9,8.6,3,0.07
SITE242,2009,34.8,19.3,26.8,75.6,2015.0,6126,0,134,38.0,3.2,8.4,11,0.05
SITE242,2010,34.8,19.3,26.7,81.2,2010.0,6124,0,134,38.0,3.1,8.4,19,0.04
SITE242,2011,34.9,19.3,26.8,74.1,2019.0,6139,0,135,38.0,2.8,8.7,9,0.09
SITE242,2012,34.9,19.4,26.8,71.7,2021.0,6145,0,135,38.0,2.9,8.5,5,0.11
SITE242,2013,35.0,19.5,26.9,54.2,2042.0,6179,0,137,36.0,3.1,8.5,-20,0.22
SITE242,2014,35.0,19.4,26.9,87.5,2011.0,6168,0,136,38.0,3.3,8.4,29,0.19
SITE242,2015,35.1,19.5,27.0,57.3,2042.0,6199,0,137,36.0,3.0,8.6,-16,0.29
SITE242,2016,34.9,19.4,26.9,39.7,2052.0,6157,0,136,36.0,3.7,9.1,-42,0.15
SITE242,2017,34.9,19.3,26.8,55.4,2035.0,6141,0,135,37.0,2.6,8.5,-19,0.1
SITE242,2018,35.0,19.4,26.9,78.3,2018.0,6163,0,136,38.0,3.4,8.3,15,0.17
SITE242,2019,34.9,19.4,26.8,44.2,2046.0,6146,0,135,36.0,3.4,8.8,-35,0.12
SITE242,2020,34.9,19.3,26.8,67.5,2023.0,6132,0,135,38.0,3.3,8.6,-1,0.07
SITE242,2021,34.8,19.3,26.7,63.8,2026.0,6124,0,134,38.0,3.4,8.4,-6,0.04
SITE242,2022,34.9,19.4,26.8,41.3,2049.0,6150,0,135,36.0,3.1,8.7,-39,0.13
SITE242,2023,34.9,19.4,26.9,111.8,1988.0,6160,0,136,39.0,3.2,8.3,64,0.16
SITE242,2024,34.9,19.4,26.9,75.0,2021.0,6161,0,136,38.0,3.6,8.6,10,0.16
SITE243,1991,38.1,25.5,31.5,36.8,2043.0,7844,0,179,40.0,3.4,8.7,-34,-0.71
SITE243,1992,38.1,25.5,31.5,72.2,2004.0,7846,0,179,42.0,3.5,8.3,29,-0.7
SITE243,1993,38.2,25.6,31.7,37.3,2048.0,7898,0,181,39.0,3.5,8.9,-33,-0.57
SITE243,1994,38.3,25.7,31.7,81.0,2003.0,7926,0,183,41.0,3.1,8.1,45,-0.5
SITE243,1995,38.2,25.7,31.7,26.2,2060.0,7903,0,182,39.0,3.4,8.7,-53,-0.56
SITE243,1996,38.3,25.7,31.8,84.1,2001.0,7940,0,183,41.0,2.9,8.2,50,-0.47
SITE243,1997,38.4,25.8,31.8,40.2,2052.0,7968,0,185,39.0,3.1,8.4,-28,-0.4
SITE243,1998,38.4,25.8,31.9,35.5,2057.0,7969,0,185,38.0,2.9,8.7,-37,-0.4
SITE243,1999,38.4,25.8,31.9,54.9,2037.0,7981,0,185,39.0,3.1,8.8,-2,-0.37
SITE243,2000,38.5,25.9,32.0,51.2,2045.0,8022,0,187,39.0,3.5,8.5,-9,-0.27
SITE243,2001,38.6,26.0,32.1,38.8,2062.0,8051,0,189,38.0,3.5,8.7,-31,-0.2
SITE243,2002,38.5,25.9,32.0,37.8,2059.0,8015,0,187,38.0,3.3,9.0,-33,-0.29
SITE243,2003,38.5,26.0,32.0,58.6,2037.0,8024,0,187,39.0,3.2,8.7,5,-0.26
SITE243,2004,38.6,26.1,32.1,35.1,2068.0,8076,0,190,37.0,3.1,8.5,-37,-0.14
SITE243,2005,38.6,26.0,32.0,65.7,2032.0,8049,0,189,39.0,3.3,8.2,17,-0.2
SITE243,2006,38.6,26.0,32.0,50.5,2048.0,8040,0,188,39.0,3.1,8.6,-10,-0.22
SITE243,2007,38.8,26.2,32.2,35.6,2072.0,8117,0,192,37.0,3.5,8.9,-36,-0.03
SITE243,2008,38.7,26.1,32.1,24.0,2081.0,8088,0,190,37.0,2.8,8.8,-57,-0.11
SITE243,2009,38.7,26.1,32.2,48.2,2056.0,8096,0,191,38.0,3.1,8.6,-14,-0.09
SITE243,2010,38.8,26.3,32.3,51.4,2058.0,8157,0,194,38.0,3.4,8.4,-8,0.06
SITE243,2011,39.0,26.4,32.4,81.3,2031.0,8208,0,196,39.0,3.0,8.3,45,0.19
SITE243,2012,39.1,26.5,32.5,46.1,2073.0,8242,0,198,36.0,3.0,9.0,-18,0.27
SITE243,2013,39.0,26.5,32.5,72.2,2043.0,8236,0,197,38.0,3.4,8.4,29,0.26
SITE243,2014,39.1,26.5,32.5,42.2,2078.0,8249,0,198,36.0,3.1,8.5,-25,0.29
SITE243,2015,39.1,26.6,32.6,30.3,2094.0,8278,0,199,35.0,2.6,8.7,-46,0.36
SITE243,2016,39.2,26.7,32.7,80.9,2041.0,8309,0,201,38.0,3.1,8.4,44,0.44
SITE243,2017,39.1,26.6,32.6,48.5,2074.0,8277,0,199,36.0,3.3,8.7,-13,0.36
SITE243,2018,39.2,26.7,32.7,38.2,2088.0,8308,0,201,35.0,3.4,9.0,-32,0.44
SITE243,2019,39.3,26.8,32.8,64.3,2064.0,8353,0,203,36.0,3.2,8.5,15,0.55
SITE243,2020,39.4,26.9,32.9,65.7,2067.0,8400,0,205,36.0,3.4,8.6,17,0.66
SITE243,2021,39.4,26.8,32.8,36.8,2096.0,8373,0,204,35.0,3.5,8.7,-34,0.59
SITE243,2022,39.4,26.9,32.9,59.8,2073.0,8394,0,205,36.0,3.3,8.4,7,0.65
SITE243,2023,39.5,26.9,33.0,96.5,2034.0,8416,0,206,37.0,2.9,8.2,72,0.7
SITE243,2024,39.5,26.9,32.9,18.4,2121.0,8408,0,206,33.0,3.5,9.0,-67,0.68
SITE244,1991,38.1,24.8,31.2,40.4,2073.0,7724,0,179,40.0,3.1,8.6,-6,-0.6
SITE244,1992,38.2,24.9,31.3,73.1,2029.0,7759,0,180,42.0,3.4,8.2,70,-0.51
SITE244,1993,38.1,24.9,31.2,40.5,2074.0,7740,0,179,40.0,3.1,8.6,-6,-0.55
SITE244,1994,38.3,25.0,31.4,49.2,2067.0,7792,0,182,40.0,3.7,8.5,14,-0.42
SITE244,1995,38.2,24.9,31.3,41.2,2076.0,7767,0,181,40.0,3.3,8.3,-4,-0.49
SITE244,1996,38.2,24.9,31.3,48.0,2066.0,7762,0,180,40.0,3.1,8.7,12,-0.5
SITE244,1997,38.2,25.0,31.3,93.8,2002.0,7785,0,181,43.0,3.5,8.1,118,-0.44
SITE244,1998,38.4,25.1,31.5,52.5,2067.0,7835,0,184,40.0,3.1,8.4,22,-0.32
SITE244,1999,38.4,25.1,31.5,22.1,2113.0,7854,0,185,38.0,3.3,8.7,-49,-0.27
SITE244,2000,38.5,25.2,31.6,44.1,2084.0,7878,0,186,39.0,3.1,8.5,3,-0.21
SITE244,2001,38.4,25.1,31.5,36.7,2092.0,7856,0,185,39.0,3.3,8.8,-15,-0.26
SITE244,2002,38.4,25.1,31.5,53.8,2067.0,7854,0,185,40.0,3.1,8.6,25,-0.27
SITE244,2003,38.4,25.1,31.5,30.1,2101.0,7852,0,185,38.0,2.9,8.4,-30,-0.27
SITE244,2004,38.4,25.1,31.5,26.2,2106.0,7844,0,184,38.0,2.8,8.7,-39,-0.29
SITE244,2005,38.5,25.2,31.6,38.6,2092.0,7885,0,186,38.0,3.1,8.6,-10,-0.19
SITE244,2006,38.5,25.2,31.6,47.9,2080.0,7896,0,187,39.0,3.4,8.1,11,-0.16
SITE244,2007,38.6,25.3,31.7,27.1,2114.0,7928,0,188,37.0,3.1,9.0,-37,-0.08
SITE244,2008,38.7,25.4,31.8,38.0,2101.0,7962,0,190,38.0,3.1,8.6,-12,0.0
SITE244,2009,38.7,25.4,31.8,59.6,2069.0,7955,0,190,39.0,3.1,8.2,39,-0.01
SITE244,2010,38.7,25.5,31.8,39.8,2101.0,7979,0,191,38.0,3.5,8.6,-7,0.05
SITE244,2011,38.7,25.5,31.8,51.9,2084.0,7986,0,191,38.0,3.4,8.6,21,0.06
SITE244,2012,38.8,25.5,31.9,40.1,2102.0,7993,0,191,37.0,4.1,8.5,-7,0.08
SITE244,2013,38.9,25.6,32.0,12.6,2147.0,8038,0,194,35.0,3.1,8.6,-71,0.2
SITE244,2014,39.0,25.7,32.1,50.8,2095.0,8077,0,195,37.0,2.9,8.6,18,0.29
SITE244,2015,39.1,25.8,32.2,39.8,2114.0,8109,0,197,36.0,3.5,8.6,-7,0.37
SITE244,2016,39.1,25.8,32.2,52.7,2097.0,8123,0,198,37.0,3.0,8.5,23,0.41
SITE244,2017,39.1,25.8,32.2,24.1,2139.0,8119,0,197,35.0,2.9,8.7,-44,0.4
SITE244,2018,39.1,25.8,32.2,38.0,2118.0,8120,0,197,36.0,2.9,8.6,-12,0.4
SITE244,2019,39.2,25.9,32.3,93.6,2041.0,8166,0,200,39.0,3.2,8.0,118,0.51
SITE244,2020,39.2,26.0,32.3,18.2,2154.0,8185,0,201,34.0,3.2,8.9,-58,0.56
SITE244,2021,39.3,26.0,32.4,42.1,2121.0,8204,0,201,35.0,3.7,8.3,-2,0.61
SITE244,2022,39.3,26.0,32.4,68.1,2083.0,8211,0,202,37.0,3.0,8.4,58,0.63
SITE244,2023,39.4,26.1,32.5,41.1,2126.0,8235,0,203,35.0,2.6,8.4,-4,0.69
SITE244,2024,39.3,26.0,32.4,37.9,2126.0,8189,0,201,35.0,3.1,8.7,-12,0.57
SITE245,1991,35.4,23.4,29.2,195.8,1666.0,7005,0,118,42.0,3.1,7.9,85,-0.26
SITE245,1992,35.4,23.5,29.2,136.9,1696.0,7023,0,119,40.0,3.3,8.2,29,-0.21
SITE245,1993,35.3,23.4,29.1,199.7,1663.0,6991,0,118,42.0,3.1,8.1,88,-0.3
SITE245,1994,35.4,23.5,29.2,103.9,1712.0,7024,0,119,39.0,3.1,8.5,-2,-0.2
SITE245,1995,35.4,23.4,29.1,71.6,1726.0,7002,0,118,38.0,3.4,8.8,-32,-0.27
SITE245,1996,35.3,23.3,29.1,139.1,1691.0,6977,0,118,40.0,3.5,8.5,31,-0.34
SITE245,1997,35.3,23.4,29.1,60.9,1729.0,6986,0,118,38.0,3.1,8.9,-43,-0.31
SITE245,1998,35.3,23.4,29.1,243.3,1642.0,6996,0,118,43.0,3.3,7.9,130,-0.28
SITE245,1999,35.4,23.4,29.2,107.8,1709.0,7006,0,119,39.0,3.3,8.6,2,-0.25
SITE245,2000,35.4,23.5,29.2,81.6,1724.0,7027,0,119,38.0,2.8,8.6,-23,-0.19
SITE245,2001,35.5,23.5,29.2,152.4,1690.0,7034,0,119,40.0,3.5,8.4,44,-0.17
SITE245,2002,35.6,23.6,29.3,135.7,1702.0,7069,0,121,39.0,3.1,8.6,28,-0.08
SITE245,2003,35.5,23.6,29.3,92.4,1722.0,7065,0,121,38.0,3.7,8.8,-13,-0.09
SITE245,2004,35.5,23.5,29.3,237.5,1651.0,7052,0,120,42.0,2.9,8.0,124,-0.12
SITE245,2005,35.5,23.6,29.3,54.6,1741.0,7066,0,121,37.0,3.3,8.8,-48,-0.09
SITE245,2006,35.6,23.7,29.4,89.1,1728.0,7102,0,122,37.0,3.3,8.7,-16,0.02
SITE245,2007,35.7,23.7,29.4,113.5,1716.0,7105,0,122,38.0,3.5,8.5,7,0.02
SITE245,2008,35.7,23.7,29.4,76.7,1734.0,7104,0,122,37.0,3.4,8.4,-28,0.02
SITE245,2009,35.7,23.7,29.5,68.5,1739.0,7113,0,122,37.0,3.5,9.0,-35,0.05
SITE245,2010,35.6,23.7,29.4,88.0,1727.0,7093,0,121,38.0,3.7,8.8,-17,-0.01
SITE245,2011,35.6,23.7,29.4,86.8,1729.0,7102,0,122,37.0,3.4,8.7,-18,0.02
SITE245,2012,35.8,23.8,29.5,122.2,1715.0,7139,0,123,38.0,3.0,8.5,15,0.12
SITE245,2013,35.7,23.8,29.5,112.6,1719.0,7129,0,123,38.0,3.5,8.7,6,0.09
SITE245,2014,35.6,23.7,29.4,91.2,1726.0,7098,0,122,38.0,3.0,8.5,-14,0.0
SITE245,2015,35.7,23.8,29.5,70.4,1741.0,7137,0,123,37.0,3.6,8.8,-34,0.12
SITE245,2016,35.7,23.8,29.5,68.5,1741.0,7130,0,123,37.0,3.5,8.7,-35,0.09
SITE245,2017,35.7,23.8,29.5,97.2,1727.0,7135,0,123,37.0,3.2,8.6,-8,0.11
SITE245,2018,35.7,23.8,29.5,248.8,1652.0,7125,0,123,42.0,2.8,7.7,135,0.08
SITE245,2019,35.9,23.9,29.6,90.0,1735.0,7179,0,124,37.0,2.9,8.6,-15,0.23
SITE245,2020,35.9,24.0,29.7,107.0,1729.0,7203,0,125,37.0,3.1,8.6,1,0.3
SITE245,2021,36.1,24.1,29.9,98.4,1739.0,7253,0,127,36.0,2.7,8.2,-7,0.44
SITE245,2022,36.0,24.0,29.8,78.3,1745.0,7217,0,126,36.0,3.0,8.8,-26,0.34
SITE245,2023,36.1,24.1,29.9,98.9,1740.0,7263,0,127,36.0,3.5,9.0,-7,0.47
SITE245,2024,36.3,24.3,30.0,60.3,1764.0,7318,0,129,34.0,3.2,8.7,-43,0.63
SITE246,1991,33.8,20.9,27.1,56.1,1699.0,6273,0,97,41.0,3.1,8.6,0,-0.64
SITE246,1992,33.7,20.9,27.0,17.4,1732.0,6257,0,96,39.0,3.3,9.0,-69,-0.69
SITE246,1993,33.9,21.0,27.2,63.0,1696.0,6299,0,98,41.0,3.4,8.4,12,-0.56
SITE246,1994,33.9,21.0,27.2,56.2,1705.0,6321,0,98,40.0,3.0,8.6,0,-0.49
SITE246,1995,33.9,21.0,27.2,115.7,1650.0,6314,0,98,43.0,3.3,7.9,107,-0.51
SITE246,1996,34.0,21.1,27.3,35.0,1726.0,6338,0,99,39.0,3.0,8.7,-37,-0.44
SITE246,1997,34.0,21.1,27.3,63.1,1702.0,6349,0,99,40.0,3.1,8.5,13,-0.41
SITE246,1998,33.9,21.1,27.2,29.4,1730.0,6327,0,99,38.0,3.3,8.9,-48,-0.47
SITE246,1999,34.0,21.1,27.3,71.0,1694.0,6345,0,99,40.0,3.2,8.3,27,-0.42
SITE246,2000,34.1,21.3,27.4,63.5,1706.0,6392,0,101,40.0,2.9,8.3,13,-0.28
SITE246,2001,34.2,21.3,27.5,60.3,1710.0,6400,0,101,39.0,3.2,8.4,8,-0.25
SITE246,2002,34.1,21.2,27.4,84.1,1686.0,6385,0,100,41.0,3.6,8.4,50,-0.3
SITE246,2003,34.2,21.3,27.5,43.7,1726.0,6408,0,101,38.0,3.3,8.4,-22,-0.23
SITE246,2004,34.2,21.3,27.5,41.0,1730.0,6415,0,101,38.0,3.2,8.8,-27,-0.2
SITE246,2005,34.2,21.3,27.5,73.7,1698.0,6402,0,101,40.0,3.6,8.4,32,-0.24
SITE246,2006,34.2,21.3,27.5,36.4,1734.0,6416,0,101,38.0,3.1,8.6,-35,-0.2
SITE246,2007,34.3,21.4,27.6,67.1,1708.0,6439,0,102,39.0,2.9,8.5,20,-0.13
SITE246,2008,34.4,21.6,27.7,41.9,1737.0,6484,0,104,37.0,3.2,9.0,-25,0.01
SITE246,2009,34.4,21.6,27.7,50.3,1730.0,6488,0,104,38.0,3.7,8.7,-10,0.02
SITE246,2010,34.4,21.5,27.7,52.0,1727.0,6478,0,103,38.0,3.5,8.4,-7,-0.01
SITE246,2011,34.4,21.6,27.8,65.2,1716.0,6491,0,104,38.0,3.3,8.6,17,0.03
SITE246,2012,34.4,21.6,27.7,85.3,1697.0,6489,0,104,39.0,3.3,8.0,52,0.02
SITE246,2013,34.5,21.6,27.8,66.3,1717.0,6504,0,104,38.0,3.2,8.5,18,0.07
SITE246,2014,34.6,21.7,27.9,40.1,1744.0,6532,0,105,37.0,3.2,8.6,-28,0.16
SITE246,2015,34.7,21.8,28.0,95.5,1698.0,6579,0,107,39.0,3.4,8.4,71,0.3
SITE246,2016,34.8,21.9,28.1,88.0,1709.0,6609,0,108,38.0,2.9,7.8,57,0.4
SITE246,2017,34.9,22.1,28.2,32.8,1764.0,6646,0,109,35.0,3.0,8.7,-41,0.51
SITE246,2018,34.9,22.1,28.3,40.4,1758.0,6654,0,109,35.0,3.1,8.7,-28,0.54
SITE246,2019,35.1,22.2,28.4,116.7,1692.0,6695,0,110,39.0,3.3,8.3,108,0.66
SITE246,2020,35.1,22.2,28.4,51.6,1752.0,6693,0,110,35.0,3.6,8.8,-8,0.66
SITE246,2021,35.1,22.2,28.4,46.4,1759.0,6707,0,111,35.0,3.5,9.0,-17,0.7
SITE246,2022,35.1,22.2,28.4,30.3,1774.0,6709,0,111,34.0,3.1,8.7,-46,0.7
SITE246,2023,35.2,22.3,28.5,72.5,1738.0,6735,0,112,36.0,3.1,8.7,29,0.79
SITE246,2024,35.3,22.4,28.6,57.2,1756.0,6768,0,113,35.0,3.3,8.5,2,0.89
SITE247,1991,25.1,10.1,17.3,583.0,1499.0,2802,0,6,64.0,2.6,6.4,-1,-0.58
SITE247,1992,25.1,10.1,17.3,546.2,1503.0,2807,0,6,64.0,3.0,6.2,-8,-0.55
SITE247,1993,25.2,10.3,17.4,413.2,1519.0,2825,0,6,63.0,2.0,6.3,-30,-0.42
SITE247,1994,25.2,10.2,17.4,751.7,1493.0,2825,0,6,65.0,2.4,6.1,27,-0.43
SITE247,1995,25.2,10.3,17.4,673.6,1499.0,2827,0,6,64.0,2.8,6.3,14,-0.42
SITE247,1996,25.2,10.3,17.5,380.1,1522.0,2828,0,6,63.0,2.5,6.5,-36,-0.41
SITE247,1997,25.2,10.2,17.4,469.7,1514.0,2824,0,6,63.0,2.5,6.6,-21,-0.43
SITE247,1998,25.2,10.2,17.4,537.5,1507.0,2819,0,6,64.0,2.4,6.7,-9,-0.47
SITE247,1999,25.2,10.2,17.4,385.8,1518.0,2818,0,6,63.0,2.6,6.7,-35,-0.48
SITE247,2000,25.2,10.2,17.4,592.1,1505.0,2825,0,6,64.0,2.5,6.4,0,-0.43
SITE247,2001,25.2,10.3,17.4,608.4,1504.0,2826,0,6,64.0,2.7,6.5,3,-0.42
SITE247,2002,25.3,10.3,17.5,588.5,1508.0,2836,0,6,63.0,2.5,6.5,0,-0.35
SITE247,2003,25.3,10.3,17.5,598.4,1508.0,2836,0,6,63.0,2.8,6.4,1,-0.35
SITE247,2004,25.4,10.4,17.6,524.3,1519.0,2854,0,7,63.0,2.4,6.5,-11,-0.23
SITE247,2005,25.5,10.5,17.7,436.2,1528.0,2862,0,7,62.0,2.6,6.4,-26,-0.17
SITE247,2006,25.6,10.6,17.8,278.1,1544.0,2875,0,7,61.0,2.3,6.7,-53,-0.08
SITE247,2007,25.6,10.7,17.9,462.2,1533.0,2887,0,7,61.0,2.5,6.6,-22,0.0
SITE247,2008,25.6,10.7,17.9,738.9,1512.0,2887,0,7,63.0,2.5,6.1,25,0.0
SITE247,2009,25.8,10.8,18.0,600.3,1528.0,2906,0,7,62.0,2.3,6.1,2,0.13
SITE247,2010,25.8,10.9,18.1,675.4,1525.0,2915,0,7,62.0,2.2,6.1,14,0.19
SITE247,2011,26.0,11.0,18.2,663.4,1532.0,2936,0,7,61.0,2.6,6.4,12,0.34
SITE247,2012,25.9,11.0,18.2,771.0,1522.0,2929,0,7,62.0,3.1,6.6,30,0.3
SITE247,2013,26.0,11.0,18.2,550.1,1540.0,2934,0,7,60.0,2.3,6.4,-7,0.33
SITE247,2014,26.0,11.0,18.2,636.3,1533.0,2933,0,7,61.0,2.4,6.1,8,0.32
SITE247,2015,25.9,11.0,18.2,706.0,1527.0,2929,0,7,61.0,2.2,6.4,19,0.29
SITE247,2016,26.0,11.0,18.2,456.0,1549.0,2940,0,7,60.0,2.2,6.5,-23,0.37
SITE247,2017,26.1,11.1,18.3,474.6,1550.0,2946,0,7,60.0,2.7,6.4,-20,0.41
SITE247,2018,26.0,11.1,18.2,410.6,1553.0,2941,0,7,60.0,2.5,6.5,-31,0.38
SITE247,2019,26.1,11.1,18.3,765.2,1529.0,2954,0,7,61.0,2.4,6.1,29,0.46
SITE247,2020,26.1,11.2,18.4,529.1,1549.0,2958,0,7,60.0,2.4,6.3,-10,0.49
SITE247,2021,26.1,11.2,18.3,465.9,1554.0,2957,0,7,59.0,2.5,6.3,-21,0.49
SITE247,2022,26.2,11.2,18.4,644.6,1541.0,2960,0,7,60.0,2.2,6.5,9,0.51
SITE247,2023,26.2,11.3,18.5,575.4,1550.0,2973,0,7,60.0,2.5,6.6,-3,0.6
SITE247,2024,26.2,11.3,18.5,399.2,1564.0,2973,0,7,59.0,2.6,6.6,-32,0.6
SITE248,1991,24.4,8.7,16.2,445.9,1491.0,2531,2,6,65.0,2.1,6.3,9,-0.71
SITE248,1992,24.5,8.8,16.3,347.0,1507.0,2546,2,6,64.0,2.2,6.4,-15,-0.59
SITE248,1993,24.5,8.8,16.4,629.8,1477.0,2549,2,6,66.0,2.7,6.1,54,-0.57
SITE248,1994,24.5,8.8,16.3,483.5,1491.0,2542,2,6,65.0,2.8,6.3,18,-0.62
SITE248,1995,24.5,8.8,16.4,404.5,1501.0,2547,2,6,64.0,2.6,6.6,-1,-0.58
SITE248,1996,24.6,8.9,16.5,260.7,1522.0,2561,2,6,63.0,2.8,6.6,-36,-0.48
SITE248,1997,24.5,8.8,16.4,287.7,1515.0,2551,2,6,63.0,2.2,6.5,-30,-0.55
SITE248,1998,24.6,8.9,16.4,475.0,1497.0,2559,2,6,64.0,2.5,6.2,16,-0.49
SITE248,1999,24.7,9.0,16.5,289.5,1521.0,2569,2,6,63.0,2.3,6.6,-29,-0.42
SITE248,2000,24.7,9.0,16.6,374.4,1514.0,2577,2,6,63.0,2.4,6.3,-9,-0.36
SITE248,2001,24.8,9.1,16.6,467.2,1506.0,2583,2,7,64.0,2.7,6.0,14,-0.31
SITE248,2002,24.9,9.2,16.7,378.1,1519.0,2592,2,7,63.0,2.7,6.3,-8,-0.24
SITE248,2003,24.8,9.2,16.7,539.2,1501.0,2591,2,7,64.0,2.4,6.1,32,-0.25
SITE248,2004,24.8,9.1,16.7,403.3,1515.0,2588,2,7,63.0,2.3,6.4,-2,-0.28
SITE248,2005,24.8,9.1,16.7,299.8,1527.0,2590,2,7,62.0,2.5,6.4,-27,-0.26
SITE248,2006,24.9,9.2,16.7,380.1,1519.0,2592,2,7,63.0,2.3,6.3,-7,-0.24
SITE248,2007,24.9,9.2,16.8,293.8,1532.0,2602,2,7,62.0,2.5,6.4,-28,-0.16
SITE248,2008,25.0,9.3,16.9,349.9,1530.0,2616,2,7,62.0,2.7,6.4,-15,-0.06
SITE248,2009,25.1,9.4,16.9,145.6,1554.0,2620,2,7,60.0,2.3,6.8,-64,-0.03
SITE248,2010,25.2,9.5,17.0,343.5,1537.0,2632,2,7,61.0,2.4,6.5,-16,0.06
SITE248,2011,25.2,9.5,17.0,349.3,1536.0,2634,2,7,61.0,3.1,6.3,-15,0.08
SITE248,2012,25.3,9.6,17.1,386.3,1537.0,2647,2,7,61.0,2.3,6.3,-6,0.18
SITE248,2013,25.4,9.7,17.2,831.5,1490.0,2657,2,7,64.0,2.1,5.4,103,0.25
SITE248,2014,25.4,9.7,17.3,228.5,1562.0,2669,2,7,59.0,2.4,6.7,-44,0.34
SITE248,2015,25.5,9.8,17.4,383.1,1548.0,2679,2,7,60.0,2.3,6.6,-7,0.42
SITE248,2016,25.6,9.9,17.4,391.3,1549.0,2684,2,7,60.0,2.6,6.2,-5,0.46
SITE248,2017,25.7,10.0,17.5,483.8,1542.0,2697,2,7,60.0,2.9,6.1,18,0.55
SITE248,2018,25.7,10.0,17.6,366.1,1559.0,2707,2,7,59.0,2.3,6.8,-11,0.64
SITE248,2019,25.8,10.1,17.6,540.1,1541.0,2713,2,7,60.0,2.8,6.1,32,0.68
SITE248,2020,25.8,10.1,17.7,296.8,1571.0,2719,2,7,58.0,2.5,6.6,-28,0.73
SITE248,2021,25.8,10.1,17.7,412.1,1559.0,2721,2,7,59.0,2.6,6.3,1,0.74
SITE248,2022,25.8,10.1,17.6,220.0,1578.0,2713,2,7,58.0,2.2,6.7,-46,0.68
SITE248,2023,25.8,10.1,17.6,418.3,1556.0,2715,2,7,59.0,3.0,6.1,2,0.69
SITE248,2024,25.8,10.1,17.6,319.1,1568.0,2717,2,7,58.0,2.5,6.5,-22,0.71
SITE249,1991,27.8,18.5,23.0,461.5,1346.0,4806,0,0,64.0,2.5,6.2,-14,-0.59
SITE249,1992,27.8,18.5,23.0,416.5,1350.0,4811,0,0,64.0,3.0,6.3,-22,-0.57
SITE249,1993,27.9,18.6,23.0,460.7,1349.0,4826,0,0,64.0,2.8,6.4,-14,-0.51
SITE249,1994,27.8,18.5,23.0,681.2,1330.0,4806,0,0,65.0,2.6,5.8,27,-0.59
SITE249,1995,27.8,18.6,23.0,351.8,1356.0,4819,0,0,63.0,2.8,6.7,-34,-0.54
SITE249,1996,27.9,18.6,23.0,410.9,1353.0,4825,0,0,63.0,2.3,6.3,-23,-0.51
SITE249,1997,27.9,18.7,23.1,390.7,1357.0,4844,0,0,63.0,2.6,6.5,-27,-0.44
SITE249,1998,28.0,18.7,23.2,443.7,1354.0,4855,0,0,63.0,2.2,6.6,-17,-0.39
SITE249,1999,28.0,18.8,23.2,475.3,1354.0,4871,0,0,63.0,2.4,6.4,-11,-0.33
SITE249,2000,28.1,18.8,23.2,384.7,1361.0,4875,0,0,62.0,2.4,6.8,-28,-0.31
SITE249,2001,28.1,18.8,23.3,482.8,1355.0,4879,0,0,63.0,2.7,6.3,-10,-0.3
SITE249,2002,28.1,18.9,23.3,596.2,1348.0,4895,0,0,63.0,2.4,6.4,11,-0.23
SITE249,2003,28.1,18.9,23.3,385.2,1364.0,4891,0,0,62.0,2.8,6.6,-28,-0.25
SITE249,2004,28.2,19.0,23.4,392.2,1367.0,4919,0,0,62.0,2.7,6.5,-27,-0.13
SITE249,2005,28.2,19.0,23.4,528.3,1357.0,4920,0,0,62.0,2.4,6.4,-2,-0.13
SITE249,2006,28.2,18.9,23.4,614.8,1348.0,4904,0,0,63.0,2.4,6.3,14,-0.19
SITE249,2007,28.3,19.0,23.5,238.1,1381.0,4937,0,0,61.0,2.4,6.7,-56,-0.06
SITE249,2008,28.4,19.1,23.5,519.6,1361.0,4949,0,0,62.0,2.9,6.5,-3,-0.01
SITE249,2009,28.5,19.2,23.6,504.9,1366.0,4975,0,0,61.0,2.3,6.6,-6,0.09
SITE249,2010,28.6,19.3,23.8,600.2,1363.0,5010,0,0,61.0,2.6,6.3,12,0.24
SITE249,2011,28.6,19.4,23.8,815.0,1348.0,5017,0,0,63.0,2.7,6.0,52,0.26
SITE249,2012,28.7,19.5,23.9,419.2,1381.0,5042,0,0,60.0,2.4,6.6,-22,0.36
SITE249,2013,28.7,19.4,23.9,750.5,1355.0,5034,0,0,62.0,2.5,6.1,40,0.33
SITE249,2014,28.7,19.5,23.9,839.8,1349.0,5043,0,0,62.0,2.3,6.1,56,0.37
SITE249,2015,28.7,19.4,23.9,593.5,1366.0,5032,0,0,61.0,2.1,6.3,11,0.32
SITE249,2016,28.6,19.4,23.8,550.6,1368.0,5021,0,0,61.0,2.3,6.2,3,0.28
SITE249,2017,28.7,19.4,23.9,609.0,1365.0,5029,0,0,61.0,2.7,6.2,13,0.31
SITE249,2018,28.7,19.4,23.9,696.7,1359.0,5032,0,0,62.0,2.5,6.4,30,0.32
SITE249,2019,28.7,19.4,23.9,538.5,1371.0,5032,0,0,61.0,2.3,6.4,0,0.32
SITE249,2020,28.8,19.6,24.0,512.5,1378.0,5071,0,0,60.0,2.4,6.4,-5,0.48
SITE249,2021,28.9,19.7,24.1,499.0,1382.0,5095,0,0,59.0,2.3,6.3,-7,0.58
SITE249,2022,29.0,19.7,24.1,422.2,1389.0,5099,0,0,59.0,2.3,6.2,-21,0.59
SITE249,2023,29.0,19.7,24.2,483.9,1384.0,5103,0,0,59.0,2.4,6.4,-10,0.61
SITE249,2024,29.0,19.7,24.1,633.0,1372.0,5099,0,0,60.0,2.5,6.4,18,0.59
SITE250,1991,27.3,17.3,22.1,298.7,1378.0,4482,0,0,63.0,2.2,6.7,-25,-0.49
SITE250,1992,27.4,17.4,22.2,202.1,1393.0,4513,0,0,62.0,2.4,6.8,-49,-0.36
SITE250,1993,27.5,17.4,22.3,518.0,1361.0,4523,0,0,64.0,2.9,6.2,30,-0.31
SITE250,1994,27.5,17.5,22.3,362.5,1378.0,4527,0,0,63.0,2.5,6.3,-9,-0.3
SITE250,1995,27.5,17.5,22.3,391.6,1374.0,4523,0,0,63.0,3.0,6.4,-2,-0.31
SITE250,1996,27.5,17.5,22.3,331.8,1382.0,4532,0,0,63.0,2.2,6.5,-17,-0.27
SITE250,1997,27.4,17.4,22.2,321.1,1381.0,4518,0,0,63.0,2.6,6.2,-19,-0.34
SITE250,1998,27.4,17.4,22.2,412.4,1371.0,4514,0,0,64.0,2.5,6.4,4,-0.35
SITE250,1999,27.5,17.5,22.3,320.6,1383.0,4528,0,0,63.0,2.4,6.6,-19,-0.29
SITE250,2000,27.5,17.5,22.3,256.0,1389.0,4527,0,0,62.0,2.5,6.6,-36,-0.3
SITE250,2001,27.5,17.5,22.3,236.5,1391.0,4530,0,0,62.0,2.8,6.5,-41,-0.29
SITE250,2002,27.4,17.4,22.2,425.6,1370.0,4515,0,0,64.0,2.3,6.6,7,-0.35
SITE250,2003,27.5,17.5,22.3,234.6,1393.0,4536,0,0,62.0,2.3,6.7,-41,-0.26
SITE250,2004,27.7,17.7,22.5,305.0,1392.0,4579,0,0,62.0,2.5,6.5,-23,-0.07
SITE250,2005,27.8,17.8,22.6,402.0,1386.0,4610,0,0,62.0,2.8,6.2,1,0.06
SITE250,2006,27.8,17.8,22.6,700.1,1355.0,4611,0,0,64.0,2.5,5.6,76,0.07
SITE250,2007,27.9,17.9,22.7,305.5,1399.0,4630,0,0,61.0,2.8,6.6,-23,0.15
SITE250,2008,27.9,17.9,22.7,403.8,1388.0,4624,0,0,62.0,2.5,6.2,1,0.13
SITE250,2009,28.0,18.0,22.8,270.1,1406.0,4649,0,0,60.0,2.4,6.4,-32,0.23
SITE250,2010,27.9,17.9,22.7,385.1,1391.0,4632,0,0,61.0,2.4,6.4,-3,0.16
SITE250,2011,27.8,17.8,22.6,498.0,1377.0,4612,0,0,62.0,2.8,6.2,25,0.07
SITE250,2012,27.8,17.8,22.6,277.9,1398.0,4599,0,0,61.0,2.6,6.4,-30,0.02
SITE250,2013,27.8,17.8,22.6,370.0,1388.0,4598,0,0,62.0,2.5,6.5,-7,0.01
SITE250,2014,27.8,17.8,22.6,327.7,1394.0,4611,0,0,61.0,2.8,6.4,-18,0.07
SITE250,2015,27.9,17.9,22.7,560.1,1372.0,4628,0,0,63.0,2.3,6.4,41,0.14
SITE250,2016,28.0,18.0,22.8,374.7,1393.0,4638,0,0,61.0,2.7,6.3,-6,0.19
SITE250,2017,27.9,17.9,22.7,586.5,1369.0,4625,0,0,63.0,2.5,6.0,47,0.13
SITE250,2018,28.0,18.0,22.8,443.1,1388.0,4653,0,0,61.0,2.2,6.4,11,0.25
SITE250,2019,28.1,18.0,22.9,663.2,1366.0,4661,0,0,63.0,2.4,6.2,67,0.28
SITE250,2020,28.1,18.1,22.9,677.3,1367.0,4677,0,0,63.0,2.4,5.8,70,0.36
SITE250,2021,28.1,18.1,22.9,480.8,1387.0,4672,0,0,61.0,2.5,6.4,21,0.33
SITE250,2022,28.3,18.2,23.0,344.0,1406.0,4704,0,0,60.0,2.5,6.2,-14,0.47
SITE250,2023,28.3,18.3,23.1,552.8,1388.0,4726,0,0,61.0,2.3,6.0,39,0.57
SITE250,2024,28.4,18.4,23.2,470.7,1397.0,4733,0,0,60.0,2.4,6.1,18,0.6
SITE251,1991,23.9,14.1,18.8,1022.4,1355.0,3360,0,0,64.0,2.2,6.5,-24,-0.75
SITE251,1992,23.9,14.1,18.8,2102.3,1324.0,3365,0,0,67.0,2.0,5.9,55,-0.72
SITE251,1993,24.0,14.2,18.9,1208.6,1353.0,3377,0,0,64.0,2.8,6.7,-11,-0.65
SITE251,1994,24.1,14.4,19.0,1662.7,1345.0,3402,0,0,65.0,2.8,6.2,23,-0.51
SITE251,1995,24.2,14.4,19.1,1061.9,1365.0,3415,0,0,63.0,2.8,6.5,-22,-0.44
SITE251,1996,24.3,14.5,19.2,1223.8,1365.0,3434,0,0,63.0,2.0,6.5,-10,-0.33
SITE251,1997,24.4,14.6,19.3,1525.9,1359.0,3451,0,0,63.0,2.5,6.1,13,-0.23
SITE251,1998,24.4,14.6,19.3,2661.5,1325.0,3453,0,0,66.0,3.0,5.7,97,-0.22
SITE251,1999,24.4,14.6,19.3,1666.5,1354.0,3447,0,0,64.0,2.4,6.2,23,-0.25
SITE251,2000,24.5,14.7,19.4,1549.5,1361.0,3461,0,0,63.0,2.4,6.2,14,-0.17
SITE251,2001,24.4,14.6,19.3,2115.2,1341.0,3450,0,0,65.0,2.5,6.0,56,-0.23
SITE251,2002,24.3,14.6,19.3,751.6,1380.0,3440,0,0,62.0,2.6,6.7,-44,-0.29
SITE251,2003,24.4,14.7,19.3,1141.9,1372.0,3455,0,0,62.0,2.2,6.6,-16,-0.21
SITE251,2004,24.4,14.7,19.3,1184.5,1370.0,3454,0,0,62.0,3.0,6.4,-13,-0.21
SITE251,2005,24.3,14.6,19.3,1345.9,1362.0,3440,0,0,63.0,2.3,6.5,-1,-0.29
SITE251,2006,24.4,14.6,19.3,1298.2,1366.0,3450,0,0,63.0,2.6,6.6,-4,-0.24
SITE251,2007,24.5,14.7,19.4,1199.3,1373.0,3467,0,0,62.0,2.6,6.4,-11,-0.14
SITE251,2008,24.5,14.8,19.4,1032.0,1379.0,3473,0,0,62.0,2.3,6.7,-24,-0.11
SITE251,2009,24.6,14.9,19.5,1364.8,1372.0,3489,0,0,62.0,2.5,6.3,1,-0.01
SITE251,2010,24.7,14.9,19.6,1183.8,1380.0,3503,0,0,61.0,2.2,6.2,-13,0.07
SITE251,2011,24.9,15.1,19.8,684.7,1402.0,3533,0,0,60.0,2.4,6.7,-49,0.24
SITE251,2012,24.9,15.2,19.9,1576.7,1378.0,3547,0,0,61.0,2.6,6.2,16,0.32
SITE251,2013,25.0,15.2,19.9,1279.3,1388.0,3553,0,0,60.0,2.7,6.4,-6,0.36
SITE251,2014,24.9,15.2,19.9,1183.1,1389.0,3544,0,0,60.0,2.5,6.5,-13,0.31
SITE251,2015,24.9,15.1,19.8,1560.6,1376.0,3536,0,0,61.0,2.9,6.3,15,0.26
SITE251,2016,25.0,15.2,19.9,2124.9,1363.0,3555,0,0,62.0,2.4,6.0,57,0.37
SITE251,2017,25.0,15.2,19.9,1108.9,1394.0,3557,0,0,60.0,2.4,6.4,-18,0.38
SITE251,2018,25.0,15.2,19.9,1561.0,1379.0,3548,0,0,61.0,2.4,6.3,15,0.33
SITE251,2019,25.0,15.2,19.9,1844.8,1371.0,3554,0,0,62.0,2.9,6.1,36,0.36
SITE251,2020,25.1,15.4,20.0,623.0,1414.0,3578,0,0,58.0,2.5,7.0,-54,0.5
SITE251,2021,25.2,15.4,20.1,1585.2,1385.0,3584,0,0,60.0,2.6,6.5,17,0.54
SITE251,2022,25.2,15.4,20.1,1942.6,1375.0,3587,0,0,61.0,2.7,5.8,43,0.55
SITE251,2023,25.4,15.6,20.3,1339.1,1400.0,3619,0,0,59.0,2.4,6.1,-1,0.73
SITE251,2024,25.3,15.6,20.3,1103.5,1407.0,3616,0,0,59.0,2.5,6.4,-18,0.72
SITE252,1991,23.9,14.1,18.8,791.5,1353.0,3322,0,0,64.0,2.5,6.4,-17,-0.53
SITE252,1992,23.9,14.1,18.8,995.7,1345.0,3324,0,0,64.0,2.2,6.3,5,-0.52
SITE252,1993,23.9,14.2,18.9,674.4,1361.0,3333,0,0,63.0,2.6,6.8,-29,-0.47
SITE252,1994,24.0,14.3,18.9,1104.2,1345.0,3346,0,0,64.0,2.4,6.2,16,-0.39
SITE252,1995,24.0,14.2,18.9,745.5,1359.0,3340,0,0,63.0,2.6,6.4,-21,-0.43
SITE252,1996,24.0,14.3,18.9,1039.2,1348.0,3347,0,0,64.0,2.5,6.4,10,-0.39
SITE252,1997,24.0,14.2,18.9,644.1,1364.0,3342,0,0,63.0,2.6,6.4,-32,-0.42
SITE252,1998,24.1,14.3,19.0,1132.3,1346.0,3358,0,0,64.0,2.7,6.2,19,-0.32
SITE252,1999,24.0,14.3,18.9,1171.3,1342.0,3345,0,0,64.0,2.7,5.9,24,-0.39
SITE252,2000,24.0,14.2,18.9,914.3,1351.0,3337,0,0,64.0,2.8,6.2,-4,-0.44
SITE252,2001,24.0,14.3,19.0,1363.1,1335.0,3349,0,0,65.0,2.4,5.9,44,-0.37
SITE252,2002,24.1,14.3,19.0,881.2,1357.0,3357,0,0,63.0,2.7,6.3,-7,-0.33
SITE252,2003,24.2,14.5,19.1,834.2,1364.0,3379,0,0,62.0,2.6,6.4,-12,-0.2
SITE252,2004,24.2,14.5,19.2,993.0,1358.0,3382,0,0,63.0,2.3,6.3,5,-0.18
SITE252,2005,24.2,14.5,19.2,1043.9,1356.0,3383,0,0,63.0,2.2,6.5,10,-0.18
SITE252,2006,24.3,14.5,19.2,1053.5,1357.0,3392,0,0,63.0,2.2,6.0,11,-0.12
SITE252,2007,24.4,14.6,19.3,675.0,1378.0,3412,0,0,61.0,2.5,6.7,-29,-0.0
SITE252,2008,24.4,14.7,19.4,1322.6,1351.0,3418,0,0,63.0,2.6,5.9,40,0.03
SITE252,2009,24.5,14.7,19.4,1119.8,1361.0,3425,0,0,62.0,2.7,6.2,18,0.07
SITE252,2010,24.5,14.7,19.4,603.0,1384.0,3424,0,0,61.0,3.0,6.6,-36,0.07
SITE252,2011,24.5,14.8,19.5,1232.7,1359.0,3436,0,0,62.0,2.7,6.0,30,0.13
SITE252,2012,24.7,14.9,19.6,1072.9,1370.0,3456,0,0,61.0,2.6,6.0,13,0.26
SITE252,2013,24.7,15.0,19.7,976.6,1377.0,3468,0,0,61.0,2.4,6.4,3,0.32
SITE252,2014,24.7,14.9,19.6,931.6,1378.0,3463,0,0,61.0,2.6,6.4,-2,0.3
SITE252,2015,24.7,14.9,19.6,853.4,1381.0,3460,0,0,61.0,2.4,6.5,-10,0.28
SITE252,2016,24.7,14.9,19.6,1381.8,1358.0,3461,0,0,62.0,2.6,6.1,46,0.28
SITE252,2017,24.7,15.0,19.6,945.1,1378.0,3465,0,0,61.0,2.6,6.4,0,0.31
SITE252,2018,24.8,15.0,19.7,958.3,1380.0,3478,0,0,60.0,2.3,6.4,1,0.38
SITE252,2019,24.8,15.1,19.7,508.0,1400.0,3482,0,0,59.0,2.3,6.5,-46,0.41
SITE252,2020,24.8,15.1,19.8,981.9,1380.0,3484,0,0,60.0,2.7,6.3,4,0.42
SITE252,2021,24.9,15.2,19.9,838.2,1391.0,3503,0,0,60.0,2.9,6.3,-12,0.53
SITE252,2022,25.0,15.2,19.9,471.8,1408.0,3511,0,0,58.0,2.4,6.8,-50,0.57
SITE252,2023,25.0,15.3,19.9,777.4,1396.0,3517,0,0,59.0,2.5,6.5,-18,0.61
SITE252,2024,25.1,15.4,20.0,961.4,1392.0,3534,0,0,59.0,2.4,6.4,1,0.71
SITE253,1991,27.8,18.0,22.7,517.1,1584.0,4720,0,0,79.0,2.0,5.4,-42,-0.59
SITE253,1992,27.9,18.0,22.8,494.7,1587.0,4729,0,0,79.0,1.9,5.7,-44,-0.55
SITE253,1993,27.9,18.1,22.8,1233.4,1549.0,4741,0,0,81.0,2.1,5.2,39,-0.51
SITE253,1994,28.0,18.1,22.8,1138.6,1555.0,4747,0,0,81.0,2.4,5.0,28,-0.48
SITE253,1995,28.0,18.2,22.9,1226.9,1554.0,4765,0,0,81.0,1.8,5.1,38,-0.4
SITE253,1996,28.1,18.2,22.9,853.1,1575.0,4774,0,0,79.0,2.0,5.4,-4,-0.37
SITE253,1997,28.1,18.2,23.0,962.7,1570.0,4777,0,0,80.0,2.2,5.2,9,-0.35
SITE253,1998,28.2,18.3,23.1,662.1,1590.0,4805,0,0,78.0,2.0,5.7,-25,-0.24
SITE253,1999,28.2,18.3,23.0,873.6,1577.0,4796,0,0,79.0,2.0,5.6,-2,-0.28
SITE253,2000,28.1,18.2,23.0,472.0,1596.0,4777,0,0,78.0,1.8,5.6,-47,-0.35
SITE253,2001,28.1,18.2,23.0,740.3,1582.0,4780,0,0,79.0,2.1,5.5,-17,-0.34
SITE253,2002,28.2,18.3,23.1,450.1,1601.0,4801,0,0,78.0,1.9,5.5,-49,-0.26
SITE253,2003,28.2,18.4,23.1,814.4,1582.0,4809,0,0,79.0,1.9,5.4,-8,-0.22
SITE253,2004,28.2,18.3,23.0,890.4,1577.0,4797,0,0,79.0,2.2,5.4,0,-0.27
SITE253,2005,28.2,18.3,23.1,1046.7,1569.0,4803,0,0,80.0,2.1,5.4,18,-0.25
SITE253,2006,28.2,18.4,23.1,804.2,1584.0,4813,0,0,79.0,2.1,5.6,-9,-0.21
SITE253,2007,28.3,18.4,23.1,956.7,1577.0,4821,0,0,79.0,1.9,5.5,8,-0.18
SITE253,2008,28.4,18.5,23.2,867.4,1586.0,4846,0,0,78.0,2.2,5.4,-2,-0.07
SITE253,2009,28.4,18.5,23.2,873.5,1586.0,4848,0,0,78.0,2.1,5.5,-2,-0.06
SITE253,2010,28.4,18.5,23.3,646.2,1598.0,4849,0,0,77.0,1.8,5.4,-27,-0.06
SITE253,2011,28.4,18.5,23.3,707.0,1595.0,4850,0,0,78.0,2.1,5.5,-20,-0.05
SITE253,2012,28.4,18.5,23.3,1154.7,1571.0,4853,0,0,79.0,1.8,5.1,30,-0.05
SITE253,2013,28.5,18.6,23.3,744.8,1596.0,4871,0,0,77.0,2.0,5.6,-16,0.03
SITE253,2014,28.5,18.7,23.4,661.8,1603.0,4885,0,0,77.0,2.3,5.3,-25,0.09
SITE253,2015,28.6,18.8,23.5,1082.2,1585.0,4917,0,0,78.0,1.8,5.2,22,0.22
SITE253,2016,28.7,18.9,23.6,717.4,1608.0,4934,0,0,76.0,2.0,5.6,-19,0.29
SITE253,2017,28.8,18.9,23.7,879.6,1602.0,4952,0,0,77.0,1.7,5.3,-1,0.36
SITE253,2018,28.9,19.0,23.7,915.2,1602.0,4967,0,0,76.0,1.7,5.2,3,0.42
SITE253,2019,29.0,19.1,23.8,1013.1,1601.0,4992,0,0,76.0,1.6,5.4,14,0.53
SITE253,2020,29.2,19.3,24.0,1196.4,1598.0,5039,0,0,76.0,2.0,5.1,35,0.72
SITE253,2021,29.2,19.3,24.1,777.2,1623.0,5049,0,0,75.0,2.0,5.4,-12,0.76
SITE253,2022,29.2,19.4,24.1,1192.4,1601.0,5058,0,0,76.0,2.1,5.1,34,0.8
SITE253,2023,29.4,19.5,24.2,817.2,1627.0,5089,0,0,74.0,2.0,5.2,-8,0.93
SITE253,2024,29.4,19.6,24.3,1216.1,1607.0,5104,0,0,75.0,2.2,5.3,37,0.99
SITE254,1991,25.9,16.1,20.8,524.9,1499.0,4071,0,0,80.0,1.9,5.4,-18,-0.75
SITE254,1992,26.0,16.2,20.9,597.3,1498.0,4090,0,0,80.0,1.7,5.5,-7,-0.66
SITE254,1993,26.0,16.1,20.8,457.2,1505.0,4074,0,0,80.0,1.9,5.6,-29,-0.74
SITE254,1994,26.0,16.2,20.9,566.7,1499.0,4083,0,0,80.0,2.0,5.3,-11,-0.7
SITE254,1995,26.0,16.1,20.9,353.3,1513.0,4079,0,0,80.0,2.2,5.7,-45,-0.71
SITE254,1996,26.0,16.1,20.9,902.7,1474.0,4077,0,0,82.0,2.1,5.0,41,-0.72
SITE254,1997,26.0,16.1,20.8,572.6,1497.0,4075,0,0,81.0,1.8,5.1,-11,-0.74
SITE254,1998,26.1,16.3,21.0,571.4,1502.0,4104,0,0,80.0,2.0,5.3,-11,-0.6
SITE254,1999,26.1,16.3,21.0,766.5,1490.0,4114,0,0,81.0,1.7,5.4,20,-0.55
SITE254,2000,26.2,16.4,21.1,642.0,1503.0,4136,0,0,80.0,2.0,5.2,0,-0.45
SITE254,2001,26.3,16.4,21.1,479.2,1515.0,4140,0,0,79.0,1.7,5.5,-25,-0.43
SITE254,2002,26.2,16.4,21.1,408.0,1519.0,4132,0,0,79.0,2.1,5.7,-36,-0.46
SITE254,2003,26.3,16.5,21.2,963.0,1484.0,4156,0,0,81.0,2.2,5.2,50,-0.35
SITE254,2004,26.4,16.6,21.3,561.7,1516.0,4173,0,0,79.0,1.7,5.4,-12,-0.27
SITE254,2005,26.5,16.6,21.4,735.8,1506.0,4188,0,0,79.0,2.0,5.4,15,-0.2
SITE254,2006,26.6,16.7,21.5,638.9,1516.0,4208,0,0,78.0,2.1,5.3,0,-0.1
SITE254,2007,26.7,16.9,21.6,822.4,1508.0,4236,0,0,79.0,1.9,5.4,28,0.03
SITE254,2008,26.9,17.0,21.8,308.7,1551.0,4271,0,0,76.0,2.1,5.7,-52,0.19
SITE254,2009,26.8,16.9,21.6,672.9,1520.0,4243,0,0,78.0,2.1,5.3,5,0.06
SITE254,2010,26.8,17.0,21.7,714.8,1521.0,4261,0,0,78.0,2.3,5.4,12,0.14
SITE254,2011,26.9,17.1,21.8,463.5,1542.0,4279,0,0,76.0,2.0,5.4,-28,0.23
SITE254,2012,27.0,17.2,21.9,620.9,1535.0,4304,0,0,77.0,2.0,5.4,-3,0.35
SITE254,2013,27.1,17.3,22.0,555.7,1542.0,4317,0,0,76.0,1.7,5.4,-13,0.41
SITE254,2014,27.2,17.4,22.1,390.5,1559.0,4341,0,0,75.0,2.1,5.4,-39,0.52
SITE254,2015,27.2,17.4,22.1,629.5,1541.0,4340,0,0,76.0,2.1,5.3,-2,0.52
SITE254,2016,27.2,17.3,22.1,475.7,1551.0,4334,0,0,75.0,1.9,5.4,-26,0.49
SITE254,2017,27.3,17.5,22.2,649.8,1543.0,4359,0,0,76.0,2.1,5.3,2,0.61
SITE254,2018,27.3,17.5,22.2,687.4,1542.0,4365,0,0,76.0,2.0,5.4,7,0.64
SITE254,2019,27.3,17.5,22.2,507.5,1555.0,4367,0,0,75.0,1.8,5.6,-21,0.65
SITE254,2020,27.4,17.5,22.2,545.7,1553.0,4372,0,0,75.0,1.9,5.5,-15,0.67
SITE254,2021,27.4,17.5,22.2,712.2,1541.0,4370,0,0,76.0,2.5,5.2,11,0.66
SITE254,2022,27.5,17.6,22.3,623.4,1551.0,4394,0,0,75.0,2.1,5.4,-3,0.77
SITE254,2023,27.4,17.6,22.3,768.2,1539.0,4383,0,0,76.0,1.7,5.1,20,0.72
SITE254,2024,27.5,17.6,22.3,583.1,1554.0,4394,0,0,75.0,2.1,5.4,-9,0.77
SITE255,1991,35.7,25.9,30.6,470.7,1883.0,7524,0,105,79.0,2.0,5.7,-41,-0.47
SITE255,1992,35.7,25.9,30.6,777.6,1861.0,7520,0,105,80.0,2.4,5.7,-2,-0.48
SITE255,1993,35.8,26.0,30.7,1090.5,1843.0,7562,0,106,81.0,1.8,4.9,38,-0.37
SITE255,1994,35.8,26.0,30.7,867.4,1857.0,7545,0,106,80.0,2.1,5.1,10,-0.41
SITE255,1995,35.8,26.0,30.7,752.5,1867.0,7558,0,106,79.0,1.9,5.7,-5,-0.38
SITE255,1996,35.8,25.9,30.7,955.9,1850.0,7536,0,106,80.0,1.9,5.1,21,-0.44
SITE255,1997,35.8,25.9,30.6,427.8,1886.0,7525,0,105,78.0,2.2,5.6,-46,-0.47
SITE255,1998,35.8,26.0,30.7,752.5,1866.0,7552,0,106,79.0,1.9,5.4,-5,-0.39
SITE255,1999,35.9,26.1,30.8,863.8,1862.0,7592,0,107,79.0,2.0,5.3,9,-0.29
SITE255,2000,36.0,26.2,30.9,774.1,1872.0,7627,0,108,79.0,2.1,5.3,-2,-0.2
SITE255,2001,36.0,26.2,30.9,735.0,1876.0,7635,0,109,78.0,1.8,5.4,-7,-0.18
SITE255,2002,36.1,26.3,31.0,557.4,1891.0,7661,0,109,78.0,2.1,5.5,-30,-0.11
SITE255,2003,36.2,26.3,31.1,383.2,1906.0,7690,0,110,77.0,2.2,5.5,-52,-0.04
SITE255,2004,36.3,26.4,31.2,664.4,1890.0,7730,0,111,77.0,2.0,5.5,-16,0.07
SITE255,2005,36.3,26.5,31.2,762.4,1885.0,7745,0,112,77.0,2.0,5.4,-4,0.11
SITE255,2006,36.3,26.4,31.2,512.4,1901.0,7728,0,111,77.0,2.1,5.7,-35,0.06
SITE255,2007,36.3,26.5,31.2,1047.6,1864.0,7740,0,112,79.0,1.7,5.2,32,0.09
SITE255,2008,36.4,26.5,31.3,848.8,1880.0,7765,0,112,78.0,2.0,5.5,7,0.16
SITE255,2009,36.3,26.5,31.2,761.9,1884.0,7743,0,112,77.0,2.2,5.4,-4,0.1
SITE255,2010,36.2,26.4,31.1,700.3,1885.0,7706,0,111,78.0,2.3,5.6,-12,0.01
SITE255,2011,36.2,26.4,31.1,411.8,1906.0,7713,0,111,76.0,1.9,5.5,-48,0.02
SITE255,2012,36.3,26.4,31.2,812.7,1879.0,7728,0,111,78.0,2.0,5.0,3,0.06
SITE255,2013,36.3,26.5,31.2,925.7,1874.0,7752,0,112,78.0,2.0,5.0,17,0.12
SITE255,2014,36.4,26.5,31.2,369.7,1914.0,7762,0,112,76.0,1.9,5.7,-53,0.15
SITE255,2015,36.3,26.5,31.2,562.9,1899.0,7748,0,112,77.0,2.0,5.6,-29,0.11
SITE255,2016,36.4,26.5,31.3,671.4,1893.0,7766,0,112,77.0,1.9,5.5,-15,0.16
SITE255,2017,36.4,26.6,31.3,781.7,1887.0,7783,0,113,77.0,2.0,5.5,-1,0.21
SITE255,2018,36.4,26.6,31.3,850.4,1882.0,7779,0,113,77.0,2.0,5.4,7,0.2
SITE255,2019,36.4,26.6,31.3,880.0,1879.0,7778,0,113,78.0,2.0,5.5,11,0.19
SITE255,2020,36.5,26.7,31.4,591.6,1905.0,7823,0,114,76.0,2.2,5.4,-25,0.31
SITE255,2021,36.7,26.9,31.6,903.8,1890.0,7901,0,116,76.0,2.0,5.4,14,0.51
SITE255,2022,36.7,26.9,31.6,623.5,1910.0,7898,0,116,75.0,2.0,5.3,-21,0.5
SITE255,2023,36.7,26.9,31.6,899.1,1890.0,7897,0,116,76.0,1.8,5.4,14,0.5
SITE255,2024,36.8,26.9,31.7,503.2,1921.0,7922,0,117,75.0,2.0,5.5,-36,0.57
SITE256,1991,35.4,25.6,30.3,632.7,1839.0,7399,0,98,81.0,1.9,5.2,13,-0.64
SITE256,1992,35.4,25.6,30.3,390.2,1863.0,7400,0,98,80.0,2.2,5.4,-30,-0.64
SITE256,1993,35.6,25.7,30.4,217.7,1886.0,7453,0,99,78.0,2.1,5.9,-61,-0.5
SITE256,1994,35.7,25.8,30.5,319.3,1880.0,7494,0,101,78.0,2.0,5.4,-43,-0.4
SITE256,1995,35.6,25.8,30.5,625.6,1849.0,7485,0,100,80.0,2.1,5.3,12,-0.42
SITE256,1996,35.7,25.8,30.5,1011.4,1811.0,7493,0,101,82.0,1.9,4.7,81,-0.4
SITE256,1997,35.7,25.9,30.6,536.5,1862.0,7527,0,101,79.0,2.1,5.6,-4,-0.31
SITE256,1998,35.7,25.8,30.6,570.1,1856.0,7506,0,101,80.0,1.9,5.0,2,-0.36
SITE256,1999,35.7,25.9,30.6,337.3,1882.0,7528,0,101,78.0,2.0,5.7,-40,-0.31
SITE256,2000,35.8,25.9,30.7,443.0,1872.0,7539,0,102,78.0,2.0,5.7,-21,-0.28
SITE256,2001,35.8,26.0,30.7,843.0,1833.0,7548,0,102,81.0,2.1,4.9,51,-0.26
SITE256,2002,35.9,26.0,30.7,756.4,1844.0,7574,0,103,80.0,2.0,5.0,35,-0.19
SITE256,2003,35.9,26.0,30.7,321.8,1888.0,7575,0,103,77.0,2.0,5.3,-43,-0.19
SITE256,2004,36.0,26.2,30.9,1132.2,1812.0,7629,0,104,81.0,2.0,4.9,102,-0.04
SITE256,2005,36.1,26.3,31.0,775.1,1852.0,7669,0,105,79.0,2.2,5.3,38,0.06
SITE256,2006,36.1,26.2,31.0,794.5,1849.0,7661,0,105,79.0,2.3,5.2,42,0.04
SITE256,2007,36.1,26.2,31.0,697.2,1858.0,7655,0,105,79.0,2.0,4.9,24,0.02
SITE256,2008,36.1,26.2,30.9,358.7,1892.0,7651,0,105,77.0,2.0,5.5,-36,0.01
SITE256,2009,36.2,26.3,31.1,480.8,1884.0,7693,0,106,77.0,1.8,5.6,-14,0.12
SITE256,2010,36.1,26.3,31.0,564.4,1874.0,7681,0,106,78.0,1.9,5.4,1,0.09
SITE256,2011,36.2,26.3,31.0,659.0,1865.0,7685,0,106,78.0,2.2,5.4,18,0.1
SITE256,2012,36.1,26.3,31.0,833.9,1846.0,7670,0,105,79.0,2.1,5.3,49,0.06
SITE256,2013,36.1,26.3,31.0,1091.8,1821.0,7681,0,106,80.0,1.9,4.7,95,0.09
SITE256,2014,36.2,26.3,31.0,380.1,1893.0,7685,0,106,77.0,2.0,5.4,-32,0.1
SITE256,2015,36.2,26.4,31.1,432.5,1891.0,7710,0,106,77.0,2.0,5.6,-23,0.17
SITE256,2016,36.2,26.4,31.1,713.9,1863.0,7718,0,107,78.0,1.9,5.5,27,0.19
SITE256,2017,36.3,26.5,31.2,668.1,1870.0,7745,0,107,78.0,2.0,5.3,19,0.26
SITE256,2018,36.4,26.6,31.3,647.4,1877.0,7790,0,109,77.0,2.2,5.1,16,0.38
SITE256,2019,36.5,26.7,31.4,899.9,1854.0,7816,0,109,78.0,2.2,5.1,61,0.45
SITE256,2020,36.6,26.8,31.5,573.6,1891.0,7857,0,110,76.0,2.1,5.2,2,0.55
SITE256,2021,36.7,26.8,31.5,567.8,1894.0,7881,0,111,76.0,2.0,5.5,1,0.61
SITE256,2022,36.6,26.8,31.5,710.5,1878.0,7867,0,111,76.0,2.0,5.0,27,0.58
SITE256,2023,36.6,26.8,31.5,694.0,1879.0,7855,0,110,77.0,2.0,5.2,24,0.55
SITE256,2024,36.5,26.7,31.4,617.0,1884.0,7829,0,110,76.0,2.0,5.3,10,0.48
SITE257,1991,32.0,22.5,27.1,553.7,1653.0,6267,0,29,43.0,3.6,8.4,36,-0.88
SITE257,1992,32.2,22.6,27.2,759.5,1633.0,6316,0,30,44.0,2.6,7.8,87,-0.73
SITE257,1993,32.3,22.7,27.3,403.5,1680.0,6347,0,30,41.0,3.3,8.8,-1,-0.64
SITE257,1994,32.4,22.8,27.4,448.4,1677.0,6371,0,30,41.0,3.1,8.6,10,-0.57
SITE257,1995,32.4,22.9,27.5,449.2,1680.0,6393,0,31,40.0,3.5,8.3,10,-0.5
SITE257,1996,32.4,22.9,27.5,517.9,1672.0,6399,0,31,41.0,3.7,8.5,27,-0.48
SITE257,1997,32.5,23.0,27.5,354.7,1695.0,6424,0,31,39.0,2.8,8.6,-13,-0.4
SITE257,1998,32.6,23.0,27.6,775.5,1645.0,6443,0,31,42.0,3.4,8.2,91,-0.35
SITE257,1999,32.7,23.1,27.7,487.4,1685.0,6485,0,31,39.0,3.2,8.5,20,-0.22
SITE257,2000,32.7,23.1,27.7,344.5,1704.0,6488,0,31,38.0,3.5,8.6,-15,-0.21
SITE257,2001,32.7,23.1,27.7,670.7,1663.0,6489,0,32,41.0,3.0,8.3,65,-0.21
SITE257,2002,32.8,23.2,27.8,453.2,1691.0,6499,0,32,39.0,3.2,8.5,11,-0.17
SITE257,2003,32.8,23.3,27.9,212.1,1725.0,6530,0,32,37.0,2.9,8.9,-48,-0.08
SITE257,2004,32.9,23.3,27.9,626.7,1674.0,6542,0,32,40.0,4.1,8.1,54,-0.04
SITE257,2005,32.9,23.3,27.9,479.2,1694.0,6554,0,32,39.0,3.1,8.6,18,-0.01
SITE257,2006,33.0,23.4,28.0,370.6,1711.0,6581,0,32,37.0,3.1,8.7,-9,0.08
SITE257,2007,33.0,23.4,28.0,318.7,1718.0,6584,0,32,37.0,3.2,8.4,-22,0.08
SITE257,2008,32.9,23.3,27.9,140.4,1737.0,6553,0,32,36.0,3.2,8.8,-65,-0.01
SITE257,2009,33.0,23.4,28.0,383.6,1708.0,6569,0,32,38.0,3.1,8.4,-6,0.04
SITE257,2010,33.0,23.5,28.1,219.2,1731.0,6590,0,32,36.0,3.4,8.7,-46,0.1
SITE257,2011,33.0,23.4,28.0,476.6,1698.0,6585,0,32,38.0,3.0,8.7,17,0.09
SITE257,2012,33.1,23.5,28.1,434.2,1706.0,6608,0,33,38.0,3.1,8.4,7,0.16
SITE257,2013,33.1,23.5,28.1,509.3,1697.0,6608,0,33,38.0,3.2,8.2,25,0.16
SITE257,2014,33.1,23.5,28.1,327.4,1719.0,6602,0,33,37.0,3.2,8.8,-20,0.14
SITE257,2015,33.2,23.7,28.3,780.3,1668.0,6660,0,33,39.0,3.4,8.1,92,0.32
SITE257,2016,33.1,23.6,28.2,537.5,1695.0,6625,0,33,38.0,3.3,8.3,32,0.21
SITE257,2017,33.2,23.6,28.2,339.5,1722.0,6639,0,33,36.0,3.1,8.6,-17,0.25
SITE257,2018,33.3,23.7,28.3,250.7,1737.0,6673,0,33,35.0,2.9,8.9,-38,0.36
SITE257,2019,33.4,23.8,28.4,542.4,1702.0,6696,0,34,37.0,2.9,8.6,33,0.43
SITE257,2020,33.5,23.9,28.5,273.2,1742.0,6749,0,34,35.0,3.4,8.9,-33,0.59
SITE257,2021,33.5,23.9,28.5,382.9,1726.0,6729,0,34,36.0,3.0,9.0,-6,0.53
SITE257,2022,33.5,23.9,28.5,353.0,1730.0,6731,0,34,35.0,3.5,8.8,-13,0.53
SITE257,2023,33.6,24.0,28.6,216.0,1751.0,6761,0,34,34.0,3.1,8.8,-47,0.62
SITE257,2024,33.7,24.2,28.8,483.5,1724.0,6821,0,35,35.0,3.1,8.3,19,0.81
SITE258,1991,31.0,21.4,26.0,263.9,1633.0,5887,0,12,41.0,3.3,8.5,-5,-0.71
SITE258,1992,31.0,21.4,26.0,431.5,1604.0,5887,0,12,43.0,3.3,8.3,55,-0.72
SITE258,1993,30.9,21.4,26.0,386.2,1610.0,5878,0,12,42.0,3.3,8.3,38,-0.74
SITE258,1994,30.9,21.4,26.0,285.5,1628.0,5876,0,12,41.0,3.2,8.8,2,-0.75
SITE258,1995,31.1,21.5,26.1,170.5,1653.0,5920,0,13,39.0,3.1,8.6,-39,-0.61
SITE258,1996,31.3,21.7,26.3,220.2,1651.0,5974,0,13,39.0,3.3,8.8,-21,-0.43
SITE258,1997,31.3,21.7,26.3,185.0,1659.0,5988,0,13,39.0,3.3,8.6,-34,-0.39
SITE258,1998,31.4,21.8,26.4,256.5,1651.0,6023,0,13,39.0,3.5,8.6,-8,-0.27
SITE258,1999,31.5,21.9,26.5,384.9,1630.0,6040,0,13,40.0,3.1,8.4,38,-0.21
SITE258,2000,31.4,21.8,26.4,204.2,1660.0,6019,0,13,38.0,3.8,8.5,-27,-0.28
SITE258,2001,31.5,21.9,26.5,297.3,1646.0,6046,0,13,39.0,3.2,8.6,7,-0.2
SITE258,2002,31.5,21.9,26.5,437.9,1621.0,6039,0,13,41.0,3.6,8.2,57,-0.22
SITE258,2003,31.5,21.9,26.5,293.6,1647.0,6049,0,13,39.0,3.1,8.5,5,-0.18
SITE258,2004,31.6,22.0,26.6,150.0,1676.0,6071,0,13,37.0,2.7,8.8,-46,-0.11
SITE258,2005,31.6,22.0,26.6,395.6,1632.0,6070,0,13,40.0,3.7,8.5,42,-0.11
SITE258,2006,31.6,22.0,26.6,287.7,1650.0,6062,0,13,39.0,3.2,8.4,3,-0.14
SITE258,2007,31.6,22.1,26.7,242.4,1661.0,6087,0,13,38.0,3.4,8.6,-13,-0.06
SITE258,2008,31.7,22.1,26.7,274.9,1656.0,6092,0,13,38.0,3.2,8.6,-1,-0.04
SITE258,2009,31.7,22.1,26.7,238.0,1665.0,6108,0,13,38.0,3.2,8.9,-15,0.01
SITE258,2010,31.9,22.3,26.9,231.5,1671.0,6155,0,14,37.0,3.3,8.6,-17,0.16
SITE258,2011,31.8,22.2,26.8,422.3,1636.0,6141,0,14,39.0,3.7,8.2,51,0.12
SITE258,2012,31.8,22.2,26.8,308.9,1654.0,6126,0,13,38.0,3.3,8.5,11,0.07
SITE258,2013,31.8,22.2,26.8,158.7,1681.0,6125,0,13,36.0,3.1,8.8,-43,0.06
SITE258,2014,31.9,22.3,26.9,325.8,1656.0,6163,0,14,38.0,3.1,8.2,17,0.19
SITE258,2015,31.9,22.3,26.9,427.9,1638.0,6172,0,14,39.0,3.1,8.4,53,0.22
SITE258,2016,32.0,22.4,27.0,293.9,1665.0,6195,0,14,37.0,3.4,8.6,5,0.29
SITE258,2017,32.1,22.5,27.1,328.6,1662.0,6221,0,14,37.0,3.1,8.5,18,0.38
SITE258,2018,32.2,22.6,27.2,186.6,1691.0,6251,0,14,35.0,3.3,8.8,-33,0.48
SITE258,2019,32.1,22.6,27.2,123.7,1702.0,6244,0,14,35.0,3.0,8.8,-56,0.45
SITE258,2020,32.3,22.7,27.3,453.1,1647.0,6278,0,14,38.0,3.6,8.1,62,0.57
SITE258,2021,32.3,22.7,27.3,441.1,1651.0,6293,0,14,37.0,2.8,8.4,58,0.61
SITE258,2022,32.5,22.9,27.5,177.9,1703.0,6337,0,14,34.0,3.4,8.7,-36,0.76
SITE258,2023,32.5,23.0,27.6,521.7,1644.0,6364,0,14,37.0,3.3,8.2,87,0.85
SITE258,2024,32.7,23.1,27.7,328.0,1684.0,6400,0,15,35.0,3.5,8.7,18,0.96
SITE259,1991,35.3,25.7,30.3,525.3,1804.0,7424,0,95,40.0,3.8,8.7,-4,-0.44
SITE259,1992,35.4,25.8,30.4,821.8,1778.0,7454,0,96,41.0,3.3,8.4,51,-0.36
SITE259,1993,35.3,25.7,30.3,833.6,1774.0,7423,0,95,41.0,2.7,8.2,53,-0.44
SITE259,1994,35.4,25.8,30.4,371.9,1821.0,7441,0,96,39.0,3.2,8.7,-32,-0.4
SITE259,1995,35.4,25.9,30.5,794.2,1782.0,7471,0,96,41.0,3.3,8.5,46,-0.32
SITE259,1996,35.4,25.8,30.4,383.3,1821.0,7456,0,96,39.0,3.3,8.8,-30,-0.36
SITE259,1997,35.4,25.8,30.4,384.2,1820.0,7445,0,96,39.0,3.4,8.8,-29,-0.39
SITE259,1998,35.4,25.9,30.5,478.0,1813.0,7465,0,96,39.0,3.5,8.5,-12,-0.33
SITE259,1999,35.5,25.9,30.5,354.2,1828.0,7487,0,97,38.0,3.4,8.8,-35,-0.27
SITE259,2000,35.5,25.9,30.5,329.6,1829.0,7479,0,97,38.0,3.2,8.7,-40,-0.3
SITE259,2001,35.5,25.9,30.5,714.0,1791.0,7477,0,97,40.0,3.0,8.2,31,-0.3
SITE259,2002,35.4,25.9,30.5,406.4,1820.0,7466,0,96,39.0,3.2,8.8,-25,-0.33
SITE259,2003,35.4,25.8,30.4,850.4,1775.0,7455,0,96,41.0,3.2,8.2,56,-0.36
SITE259,2004,35.4,25.9,30.5,546.9,1807.0,7471,0,96,39.0,3.4,8.5,0,-0.32
SITE259,2005,35.6,26.1,30.7,519.4,1817.0,7543,0,98,38.0,3.4,8.2,-5,-0.13
SITE259,2006,35.6,26.0,30.6,667.9,1799.0,7516,0,98,39.0,2.6,8.3,23,-0.2
SITE259,2007,35.6,26.0,30.6,304.3,1837.0,7529,0,98,37.0,3.5,8.8,-44,-0.16
SITE259,2008,35.7,26.2,30.7,601.1,1812.0,7577,0,99,38.0,3.1,8.5,10,-0.04
SITE259,2009,35.8,26.2,30.8,1022.9,1772.0,7597,0,100,41.0,3.0,7.8,88,0.01
SITE259,2010,35.9,26.3,30.9,1025.2,1776.0,7647,0,101,40.0,3.1,8.1,88,0.15
SITE259,2011,35.8,26.2,30.8,734.4,1802.0,7610,0,100,39.0,3.0,8.5,35,0.05
SITE259,2012,35.8,26.3,30.9,903.0,1786.0,7619,0,100,40.0,2.9,8.3,66,0.07
SITE259,2013,35.9,26.3,30.9,840.7,1795.0,7648,0,101,39.0,3.1,8.1,54,0.15
SITE259,2014,35.9,26.4,30.9,491.9,1830.0,7653,0,101,37.0,3.2,8.6,-10,0.16
SITE259,2015,35.9,26.3,30.9,651.5,1814.0,7648,0,101,38.0,2.9,8.4,20,0.15
SITE259,2016,36.0,26.4,31.0,1013.2,1779.0,7667,0,102,40.0,2.9,8.2,86,0.2
SITE259,2017,36.0,26.4,31.0,587.2,1823.0,7674,0,102,37.0,3.7,8.6,8,0.22
SITE259,2018,36.1,26.5,31.1,490.0,1838.0,7728,0,103,36.0,3.0,8.7,-10,0.36
SITE259,2019,36.1,26.5,31.1,741.9,1812.0,7724,0,103,38.0,3.1,8.3,36,0.35
SITE259,2020,36.3,26.7,31.3,443.1,1850.0,7798,0,105,35.0,3.0,8.7,-19,0.54
SITE259,2021,36.4,26.9,31.5,528.0,1846.0,7846,0,106,35.0,3.2,8.6,-3,0.67
SITE259,2022,36.5,26.9,31.5,456.8,1856.0,7877,0,107,35.0,2.9,8.9,-16,0.75
SITE259,2023,36.6,27.0,31.6,768.0,1826.0,7891,0,107,36.0,2.8,8.1,41,0.79
SITE259,2024,36.6,27.0,31.6,602.3,1844.0,7905,0,108,35.0,3.4,8.6,11,0.83
SITE260,1991,35.2,25.6,30.2,344.4,1804.0,7390,0,95,39.0,3.4,8.6,-7,-0.38
SITE260,1992,35.2,25.6,30.2,360.3,1801.0,7384,0,95,40.0,3.3,8.6,-3,-0.4
SITE260,1993,35.3,25.8,30.4,329.6,1811.0,7436,0,96,39.0,2.7,8.6,-11,-0.26
SITE260,1994,35.3,25.8,30.4,228.1,1826.0,7436,0,96,38.0,3.5,8.8,-38,-0.26
SITE260,1995,35.3,25.7,30.3,355.1,1804.0,7407,0,96,39.0,3.1,8.4,-4,-0.34
SITE260,1996,35.2,25.6,30.2,438.8,1789.0,7379,0,95,40.0,3.3,8.3,19,-0.41
SITE260,1997,35.2,25.6,30.2,410.7,1793.0,7381,0,95,40.0,2.6,8.4,11,-0.41
SITE260,1998,35.2,25.6,30.2,326.7,1804.0,7365,0,95,39.0,3.4,8.3,-12,-0.45
SITE260,1999,35.1,25.5,30.1,466.0,1781.0,7338,0,94,41.0,2.8,8.3,26,-0.52
SITE260,2000,35.1,25.5,30.1,428.8,1787.0,7344,0,94,40.0,2.6,8.1,16,-0.51
SITE260,2001,35.1,25.6,30.1,185.3,1824.0,7354,0,94,38.0,3.0,9.0,-50,-0.48
SITE260,2002,35.2,25.6,30.2,209.4,1823.0,7383,0,95,38.0,3.4,9.0,-43,-0.4
SITE260,2003,35.3,25.7,30.3,437.3,1793.0,7417,0,96,40.0,3.1,8.5,18,-0.31
SITE260,2004,35.3,25.7,30.3,407.7,1798.0,7422,0,96,39.0,3.1,8.6,10,-0.3
SITE260,2005,35.4,25.9,30.4,378.5,1807.0,7467,0,97,39.0,3.3,8.2,2,-0.18
SITE260,2006,35.5,25.9,30.5,233.0,1832.0,7501,0,98,37.0,3.2,8.5,-37,-0.09
SITE260,2007,35.6,26.0,30.6,287.6,1826.0,7526,0,99,37.0,3.3,8.7,-22,-0.02
SITE260,2008,35.7,26.1,30.7,286.6,1831.0,7577,0,100,37.0,3.1,8.5,-23,0.11
SITE260,2009,35.7,26.1,30.7,770.2,1760.0,7575,0,100,41.0,3.0,7.7,108,0.11
SITE260,2010,35.7,26.1,30.7,217.3,1841.0,7570,0,100,36.0,3.6,8.8,-41,0.1
SITE260,2011,35.7,26.1,30.7,495.6,1800.0,7570,0,100,39.0,3.4,8.4,34,0.1
SITE260,2012,35.7,26.2,30.8,270.0,1834.0,7584,0,100,37.0,3.0,8.7,-27,0.13
SITE260,2013,35.8,26.2,30.8,238.1,1841.0,7599,0,101,36.0,3.1,8.8,-36,0.17
SITE260,2014,35.8,26.3,30.8,508.3,1803.0,7618,0,101,38.0,3.2,8.4,37,0.22
SITE260,2015,36.0,26.4,31.0,206.5,1852.0,7664,0,102,35.0,3.5,8.6,-44,0.35
SITE260,2016,35.9,26.4,31.0,202.6,1852.0,7663,0,102,35.0,3.4,8.8,-45,0.34
SITE260,2017,36.0,26.4,31.0,479.7,1812.0,7674,0,103,37.0,3.7,8.4,30,0.37
SITE260,2018,36.1,26.5,31.1,491.7,1814.0,7712,0,104,37.0,3.0,8.4,33,0.47
SITE260,2019,36.1,26.5,31.1,109.6,1871.0,7710,0,104,34.0,3.0,9.1,-70,0.47
SITE260,2020,36.1,26.5,31.1,189.0,1858.0,7703,0,103,35.0,2.8,8.8,-49,0.45
SITE260,2021,36.1,26.5,31.1,426.8,1825.0,7727,0,104,36.0,2.9,8.3,15,0.51
SITE260,2022,36.2,26.6,31.2,264.1,1851.0,7742,0,104,35.0,3.0,8.4,-29,0.55
SITE260,2023,36.2,26.7,31.2,218.6,1861.0,7769,0,105,34.0,2.9,8.6,-41,0.62
SITE260,2024,36.2,26.7,31.2,258.1,1855.0,7769,0,105,35.0,3.3,9.0,-30,0.62
SITE261,1991,34.4,18.8,26.3,17.1,2026.0,5986,0,130,39.0,3.1,8.6,-15,-0.4
SITE261,1992,34.4,18.8,26.3,22.6,2010.0,5993,0,130,40.0,3.4,8.7,13,-0.38
SITE261,1993,34.6,19.0,26.5,26.2,2008.0,6054,0,133,40.0,3.1,8.6,31,-0.18
SITE261,1994,34.7,19.1,26.6,17.0,2039.0,6070,0,133,38.0,3.1,8.6,-15,-0.12
SITE261,1995,34.5,18.9,26.4,15.6,2035.0,6016,0,131,39.0,2.9,8.5,-22,-0.3
SITE261,1996,34.5,18.9,26.4,19.3,2023.0,6010,0,131,39.0,3.5,8.4,-4,-0.32
SITE261,1997,34.5,18.9,26.4,13.9,2040.0,6018,0,131,38.0,3.1,8.7,-31,-0.3
SITE261,1998,34.6,18.9,26.4,31.8,1987.0,6024,0,131,41.0,3.5,8.2,59,-0.27
SITE261,1999,34.6,19.0,26.5,10.1,2056.0,6048,0,132,37.0,2.9,8.9,-50,-0.19
SITE261,2000,34.6,19.0,26.5,31.4,1992.0,6053,0,133,40.0,3.3,8.1,57,-0.18
SITE261,2001,34.7,19.1,26.6,14.9,2046.0,6073,0,134,38.0,3.7,8.4,-26,-0.11
SITE261,2002,34.7,19.1,26.6,25.0,2015.0,6077,0,134,39.0,3.3,8.5,25,-0.1
SITE261,2003,34.8,19.1,26.6,23.6,2022.0,6094,0,134,39.0,3.9,8.5,18,-0.05
SITE261,2004,34.8,19.1,26.6,29.3,2004.0,6087,0,134,40.0,3.1,8.3,46,-0.07
SITE261,2005,34.7,19.1,26.6,6.5,2071.0,6073,0,134,36.0,2.9,9.1,-68,-0.11
SITE261,2006,34.8,19.2,26.7,11.7,2059.0,6098,0,135,37.0,3.5,8.7,-42,-0.03
SITE261,2007,34.9,19.3,26.8,16.4,2050.0,6134,0,136,37.0,3.2,8.5,-18,0.09
SITE261,2008,34.9,19.3,26.8,31.4,2004.0,6133,0,136,39.0,3.5,8.2,57,0.08
SITE261,2009,35.1,19.4,26.9,15.0,2061.0,6178,0,138,36.0,2.9,8.9,-25,0.23
SITE261,2010,35.1,19.4,26.9,26.0,2027.0,6178,0,138,38.0,3.4,8.1,30,0.23
SITE261,2011,35.0,19.3,26.8,26.7,2022.0,6155,0,137,38.0,3.2,8.4,33,0.15
SITE261,2012,34.8,19.2,26.7,21.4,2030.0,6103,0,135,38.0,2.9,8.4,7,-0.02
SITE261,2013,34.8,19.2,26.7,20.5,2033.0,6106,0,135,38.0,3.2,8.4,3,-0.01
SITE261,2014,34.9,19.3,26.8,20.2,2038.0,6129,0,136,38.0,3.1,8.6,1,0.07
SITE261,2015,34.9,19.2,26.7,18.8,2041.0,6120,0,136,38.0,3.2,8.4,-6,0.04
SITE261,2016,34.9,19.3,26.8,30.1,2008.0,6134,0,136,39.0,3.2,8.2,50,0.09
SITE261,2017,35.0,19.4,26.9,11.9,2068.0,6163,0,138,36.0,2.9,8.7,-41,0.18
SITE261,2018,34.9,19.3,26.8,33.6,1998.0,6138,0,136,40.0,3.2,8.3,68,0.1
SITE261,2019,34.9,19.3,26.8,18.0,2046.0,6138,0,136,37.0,3.2,8.4,-10,0.1
SITE261,2020,35.0,19.4,26.9,15.4,2059.0,6173,0,138,36.0,3.6,8.7,-23,0.21
SITE261,2021,35.2,19.5,27.0,24.0,2038.0,6212,0,140,37.0,2.8,8.8,20,0.34
SITE261,2022,35.2,19.6,27.1,19.0,2056.0,6224,0,140,36.0,2.6,8.7,-5,0.38
SITE261,2023,35.2,19.6,27.1,17.9,2059.0,6221,0,140,36.0,3.2,8.4,-10,0.37
SITE261,2024,35.3,19.7,27.2,22.4,2050.0,6253,0,142,36.0,2.8,8.7,12,0.48
SITE262,1991,33.9,17.5,25.4,28.1,2007.0,5665,0,125,41.0,3.4,8.6,41,-0.37
SITE262,1992,33.9,17.5,25.4,21.6,2025.0,5655,0,125,40.0,3.0,8.4,8,-0.4
SITE262,1993,33.8,17.5,25.3,18.5,2032.0,5641,0,124,40.0,3.2,8.6,-7,-0.45
SITE262,1994,33.8,17.4,25.3,16.8,2035.0,5624,0,124,40.0,2.8,8.7,-16,-0.51
SITE262,1995,33.8,17.4,25.2,9.5,2056.0,5619,0,123,39.0,2.9,8.9,-52,-0.53
SITE262,1996,33.8,17.4,25.3,6.3,2067.0,5627,0,124,38.0,3.0,9.0,-68,-0.5
SITE262,1997,33.8,17.4,25.3,12.0,2052.0,5637,0,124,39.0,3.0,8.7,-40,-0.47
SITE262,1998,33.9,17.5,25.3,25.9,2011.0,5645,0,124,41.0,3.2,8.5,30,-0.44
SITE262,1999,33.9,17.5,25.4,10.9,2059.0,5663,0,125,38.0,3.2,9.0,-46,-0.37
SITE262,2000,34.0,17.6,25.5,33.1,1996.0,5694,0,127,41.0,3.1,8.0,65,-0.27
SITE262,2001,34.1,17.7,25.6,19.0,2044.0,5722,0,128,39.0,3.2,8.5,-5,-0.17
SITE262,2002,34.2,17.8,25.7,21.8,2039.0,5742,0,129,39.0,3.2,8.3,9,-0.1
SITE262,2003,34.2,17.8,25.7,10.6,2073.0,5744,0,129,37.0,2.9,8.5,-47,-0.1
SITE262,2004,34.1,17.7,25.6,18.9,2045.0,5724,0,128,38.0,3.0,8.6,-5,-0.16
SITE262,2005,34.3,17.9,25.7,14.3,2065.0,5759,0,130,37.0,2.7,8.8,-29,-0.04
SITE262,2006,34.3,17.9,25.8,21.4,2046.0,5781,0,131,38.0,3.2,8.5,7,0.03
SITE262,2007,34.3,17.9,25.7,20.6,2045.0,5760,0,130,38.0,3.1,8.8,3,-0.04
SITE262,2008,34.3,17.9,25.8,8.8,2084.0,5773,0,130,36.0,3.6,8.9,-56,0.01
SITE262,2009,34.4,18.0,25.9,17.8,2060.0,5794,0,131,37.0,3.0,8.3,-11,0.08
SITE262,2010,34.4,18.0,25.9,11.7,2079.0,5798,0,131,36.0,2.9,9.0,-42,0.09
SITE262,2011,34.4,18.0,25.8,14.7,2069.0,5794,0,131,37.0,3.4,8.7,-27,0.08
SITE262,2012,34.4,18.0,25.8,12.9,2074.0,5789,0,131,37.0,3.3,8.9,-36,0.06
SITE262,2013,34.5,18.1,25.9,30.6,2025.0,5822,0,132,39.0,3.1,8.2,53,0.18
SITE262,2014,34.5,18.1,26.0,30.3,2027.0,5834,0,133,39.0,2.9,8.3,52,0.22
SITE262,2015,34.6,18.2,26.1,10.8,2092.0,5862,0,134,35.0,3.0,8.6,-46,0.31
SITE262,2016,34.5,18.2,26.0,8.7,2096.0,5844,0,133,35.0,3.2,8.9,-56,0.25
SITE262,2017,34.6,18.2,26.1,25.9,2047.0,5870,0,135,38.0,2.9,8.5,29,0.34
SITE262,2018,34.7,18.3,26.1,31.7,2030.0,5876,0,135,38.0,2.9,8.2,58,0.36
SITE262,2019,34.7,18.3,26.2,32.7,2030.0,5894,0,136,38.0,3.4,8.2,64,0.43
SITE262,2020,34.7,18.3,26.2,34.0,2025.0,5894,0,136,38.0,2.9,8.2,70,0.43
SITE262,2021,34.7,18.3,26.2,13.1,2088.0,5882,0,135,35.0,2.9,8.8,-34,0.38
SITE262,2022,34.8,18.4,26.2,21.0,2068.0,5908,0,136,36.0,3.4,8.7,5,0.48
SITE262,2023,34.9,18.5,26.4,31.3,2041.0,5939,0,138,37.0,3.5,8.1,57,0.58
SITE262,2024,34.9,18.5,26.4,12.1,2101.0,5940,0,138,34.0,3.2,8.8,-40,0.58
SITE263,1991,37.2,24.7,30.7,90.5,1957.0,7558,0,164,41.0,3.8,8.4,31,-0.54
SITE263,1992,37.3,24.8,30.8,64.0,1983.0,7587,0,166,40.0,3.2,8.5,-7,-0.46
SITE263,1993,37.5,25.0,31.0,49.4,2004.0,7670,0,169,38.0,3.7,8.8,-28,-0.25
SITE263,1994,37.7,25.1,31.1,40.7,2016.0,7716,0,172,37.0,3.2,9.0,-41,-0.13
SITE263,1995,37.6,25.0,31.0,96.9,1964.0,7681,0,170,40.0,3.3,7.9,40,-0.22
SITE263,1996,37.5,25.0,31.0,36.7,2015.0,7666,0,169,38.0,3.1,8.7,-47,-0.26
SITE263,1997,37.5,24.9,31.0,72.4,1983.0,7659,0,169,39.0,2.9,8.4,5,-0.28
SITE263,1998,37.5,24.9,31.0,32.5,2017.0,7658,0,169,38.0,3.3,8.9,-53,-0.28
SITE263,1999,37.5,25.0,31.0,89.1,1970.0,7669,0,169,40.0,3.0,8.1,29,-0.25
SITE263,2000,37.6,25.0,31.0,99.8,1962.0,7682,0,170,40.0,3.5,8.2,45,-0.22
SITE263,2001,37.5,24.9,31.0,69.0,1985.0,7650,0,169,39.0,3.0,8.7,0,-0.3
SITE263,2002,37.4,24.8,30.9,17.5,2026.0,7621,0,167,37.0,3.1,8.7,-75,-0.37
SITE263,2003,37.4,24.8,30.9,77.5,1975.0,7621,0,167,40.0,3.4,8.3,12,-0.37
SITE263,2004,37.5,24.9,31.0,63.1,1991.0,7657,0,169,39.0,2.8,8.7,-8,-0.28
SITE263,2005,37.5,25.0,31.0,72.3,1985.0,7675,0,170,39.0,3.5,8.6,5,-0.24
SITE263,2006,37.5,25.0,31.0,51.0,2002.0,7666,0,169,38.0,3.2,8.8,-26,-0.26
SITE263,2007,37.6,25.0,31.0,119.1,1946.0,7687,0,170,41.0,3.4,8.1,73,-0.2
SITE263,2008,37.7,25.1,31.1,55.7,2004.0,7718,0,172,38.0,3.4,8.9,-19,-0.12
SITE263,2009,37.7,25.2,31.2,74.0,1991.0,7745,0,173,38.0,3.3,8.5,7,-0.05
SITE263,2010,37.7,25.1,31.1,97.2,1969.0,7726,0,172,40.0,2.8,8.5,41,-0.1
SITE263,2011,37.6,25.1,31.1,49.2,2009.0,7710,0,171,38.0,2.9,8.6,-29,-0.14
SITE263,2012,37.7,25.1,31.2,49.4,2010.0,7728,0,172,38.0,3.1,8.4,-28,-0.1
SITE263,2013,37.7,25.2,31.2,50.3,2012.0,7748,0,173,37.0,3.2,8.7,-27,-0.05
SITE263,2014,37.8,25.2,31.2,57.7,2006.0,7756,0,173,38.0,3.2,8.9,-16,-0.03
SITE263,2015,37.9,25.3,31.4,54.3,2015.0,7818,0,176,37.0,3.1,8.8,-21,0.13
SITE263,2016,38.0,25.5,31.5,98.5,1981.0,7860,0,178,38.0,3.1,8.2,43,0.24
SITE263,2017,38.2,25.6,31.6,43.2,2036.0,7919,0,181,35.0,3.7,8.6,-37,0.39
SITE263,2018,38.3,25.7,31.7,90.1,1999.0,7956,0,182,37.0,2.9,8.4,31,0.49
SITE263,2019,38.4,25.8,31.8,110.3,1984.0,7988,0,184,38.0,3.0,8.0,60,0.57
SITE263,2020,38.5,25.9,31.9,34.1,2056.0,8036,0,186,34.0,3.1,8.8,-51,0.69
SITE263,2021,38.5,25.9,31.9,87.2,2010.0,8036,0,186,36.0,3.2,8.4,26,0.69
SITE263,2022,38.5,25.9,32.0,93.3,2005.0,8045,0,186,36.0,3.5,8.5,35,0.72
SITE263,2023,38.5,26.0,32.0,57.3,2038.0,8055,0,187,35.0,3.6,8.6,-17,0.74
SITE263,2024,38.6,26.0,32.1,58.3,2041.0,8089,0,188,34.0,3.1,8.6,-16,0.83
SITE264,1991,37.1,23.8,30.2,45.9,2017.0,7367,0,161,41.0,3.5,8.6,-15,-0.75
SITE264,1992,37.1,23.9,30.2,67.3,1995.0,7382,0,162,42.0,3.1,8.4,25,-0.71
SITE264,1993,37.2,23.9,30.3,55.8,2010.0,7405,0,163,41.0,3.0,8.7,3,-0.65
SITE264,1994,37.3,24.1,30.4,77.8,1990.0,7450,0,165,41.0,3.2,8.0,44,-0.53
SITE264,1995,37.4,24.1,30.5,53.4,2021.0,7477,0,166,40.0,3.1,8.5,-1,-0.46
SITE264,1996,37.3,24.0,30.4,95.3,1970.0,7446,0,165,42.0,2.9,8.0,77,-0.54
SITE264,1997,37.2,24.0,30.3,67.5,1999.0,7426,0,164,41.0,3.0,8.6,25,-0.59
SITE264,1998,37.3,24.1,30.4,39.0,2033.0,7447,0,165,39.0,3.2,8.8,-28,-0.54
SITE264,1999,37.3,24.0,30.4,42.6,2029.0,7445,0,164,40.0,3.2,8.9,-21,-0.54
SITE264,2000,37.4,24.1,30.5,102.4,1966.0,7477,0,166,43.0,3.6,8.1,90,-0.46
SITE264,2001,37.3,24.1,30.4,51.4,2021.0,7464,0,165,40.0,3.4,8.7,-5,-0.49
SITE264,2002,37.4,24.2,30.5,46.0,2031.0,7493,0,167,39.0,3.1,8.3,-15,-0.42
SITE264,2003,37.5,24.3,30.6,51.7,2029.0,7536,0,169,39.0,2.9,8.6,-4,-0.3
SITE264,2004,37.6,24.4,30.7,25.6,2063.0,7578,0,171,37.0,3.3,8.6,-53,-0.19
SITE264,2005,37.6,24.3,30.7,104.8,1971.0,7555,0,169,42.0,3.2,8.1,94,-0.26
SITE264,2006,37.6,24.4,30.8,96.7,1983.0,7584,0,171,41.0,3.6,8.1,79,-0.18
SITE264,2007,37.7,24.5,30.9,37.9,2054.0,7625,0,173,37.0,3.1,8.8,-30,-0.07
SITE264,2008,37.8,24.6,31.0,31.9,2065.0,7661,0,174,37.0,3.3,8.7,-41,0.02
SITE264,2009,38.0,24.7,31.1,51.7,2048.0,7706,0,176,37.0,2.7,8.6,-4,0.14
SITE264,2010,38.0,24.8,31.1,123.0,1969.0,7727,0,177,41.0,2.6,7.7,128,0.2
SITE264,2011,38.0,24.8,31.2,44.5,2059.0,7740,0,178,37.0,3.6,8.7,-18,0.23
SITE264,2012,38.1,24.8,31.2,46.0,2059.0,7751,0,178,37.0,2.8,8.9,-15,0.26
SITE264,2013,38.1,24.9,31.3,32.0,2078.0,7775,0,180,35.0,3.2,8.8,-41,0.32
SITE264,2014,38.2,25.0,31.3,22.3,2092.0,7801,0,181,35.0,3.1,9.1,-59,0.39
SITE264,2015,38.2,25.0,31.3,52.1,2058.0,7808,0,181,36.0,3.1,8.7,-4,0.41
SITE264,2016,38.3,25.1,31.4,71.1,2039.0,7835,0,182,37.0,3.3,8.1,32,0.48
SITE264,2017,38.3,25.1,31.4,81.4,2028.0,7841,0,183,38.0,3.2,8.0,51,0.49
SITE264,2018,38.4,25.2,31.5,56.1,2062.0,7883,0,184,36.0,3.4,8.3,4,0.6
SITE264,2019,38.4,25.2,31.6,63.9,2054.0,7889,0,185,36.0,3.5,8.7,18,0.62
SITE264,2020,38.4,25.2,31.5,65.8,2051.0,7887,0,185,36.0,3.2,8.3,22,0.61
SITE264,2021,38.4,25.1,31.5,24.3,2096.0,7862,0,183,34.0,3.4,9.1,-55,0.55
SITE264,2022,38.5,25.3,31.6,21.6,2106.0,7920,0,186,33.0,3.5,8.9,-60,0.7
SITE264,2023,38.7,25.4,31.8,30.1,2102.0,7977,0,189,33.0,3.0,8.7,-44,0.85
SITE264,2024,38.6,25.4,31.7,63.3,2062.0,7956,0,188,35.0,3.2,8.4,17,0.8
SITE265,1991,14.9,6.1,10.3,522.0,987.0,620,0,0,65.0,2.6,6.5,-6,-0.79
SITE265,1992,14.8,6.0,10.2,389.0,991.0,618,0,0,65.0,2.4,6.6,-30,-0.88
SITE265,1993,14.8,6.0,10.2,642.8,977.0,617,0,0,66.0,2.6,6.1,15,-0.88
SITE265,1994,14.9,6.1,10.3,470.9,990.0,620,0,0,65.0,2.4,6.5,-16,-0.79
SITE265,1995,14.9,6.1,10.3,390.2,995.0,621,0,0,64.0,2.4,6.5,-30,-0.76
SITE265,1996,15.0,6.2,10.5,237.7,1007.0,625,0,0,63.0,2.4,6.8,-57,-0.64
SITE265,1997,15.1,6.3,10.5,606.7,990.0,627,0,0,65.0,2.8,6.1,9,-0.57
SITE265,1998,15.2,6.4,10.6,632.3,991.0,629,0,0,64.0,2.6,6.0,13,-0.51
SITE265,1999,15.1,6.3,10.5,725.2,984.0,628,0,0,65.0,3.2,6.2,30,-0.56
SITE265,2000,15.2,6.4,10.6,511.2,998.0,630,0,0,64.0,2.2,6.5,-8,-0.5
SITE265,2001,15.3,6.5,10.7,592.3,997.0,633,0,0,64.0,2.4,6.2,6,-0.39
SITE265,2002,15.4,6.6,10.8,461.3,1007.0,636,0,0,63.0,2.5,6.6,-17,-0.3
SITE265,2003,15.4,6.6,10.8,488.8,1008.0,638,0,0,63.0,2.2,6.5,-12,-0.25
SITE265,2004,15.6,6.8,11.0,786.2,998.0,644,0,0,64.0,2.4,5.8,41,-0.07
SITE265,2005,15.7,6.9,11.1,703.6,1006.0,647,0,0,63.0,2.3,6.3,26,0.05
SITE265,2006,15.7,6.9,11.1,343.3,1026.0,647,0,0,61.0,2.5,7.0,-38,0.04
SITE265,2007,15.7,6.9,11.2,732.6,1005.0,648,0,0,63.0,2.4,6.0,31,0.06
SITE265,2008,15.8,6.9,11.2,399.7,1024.0,649,0,0,61.0,2.9,6.4,-28,0.09
SITE265,2009,15.8,7.0,11.2,557.7,1017.0,650,0,0,61.0,2.8,6.4,0,0.14
SITE265,2010,15.8,7.0,11.2,804.7,1005.0,651,0,0,63.0,2.4,6.2,44,0.15
SITE265,2011,15.8,7.0,11.2,657.2,1012.0,650,0,0,62.0,2.6,6.4,18,0.13
SITE265,2012,15.9,7.1,11.4,282.5,1037.0,654,0,0,59.0,2.4,6.4,-49,0.26
SITE265,2013,16.0,7.2,11.4,452.3,1029.0,656,0,0,60.0,2.3,6.6,-19,0.31
SITE265,2014,16.1,7.3,11.5,593.6,1025.0,659,0,0,61.0,2.4,6.0,6,0.4
SITE265,2015,16.2,7.4,11.6,405.8,1039.0,662,0,0,59.0,2.9,6.5,-27,0.51
SITE265,2016,16.2,7.4,11.6,750.6,1021.0,663,0,0,61.0,2.3,6.2,35,0.54
SITE265,2017,16.3,7.5,11.7,490.8,1039.0,666,0,0,59.0,2.5,6.3,-12,0.63
SITE265,2018,16.3,7.4,11.7,722.8,1024.0,664,0,0,61.0,2.5,6.1,30,0.57
SITE265,2019,16.3,7.5,11.7,257.2,1052.0,667,0,0,58.0,3.0,6.6,-54,0.65
SITE265,2020,16.3,7.5,11.7,421.1,1043.0,666,0,0,59.0,2.4,6.4,-25,0.64
SITE265,2021,16.3,7.5,11.7,449.1,1042.0,667,0,0,59.0,2.6,6.3,-20,0.65
SITE265,2022,16.4,7.5,11.8,602.7,1034.0,668,0,0,60.0,2.3,6.3,8,0.68
SITE265,2023,16.4,7.6,11.8,412.7,1045.0,668,0,0,58.0,2.4,6.5,-26,0.7
SITE265,2024,16.4,7.6,11.8,777.2,1025.0,669,0,0,60.0,2.5,6.3,39,0.7
SITE266,1991,14.2,4.6,9.2,491.9,976.0,447,15,0,66.0,2.5,6.3,28,-0.69
SITE266,1992,14.4,4.8,9.4,249.2,1003.0,452,14,0,63.0,2.3,6.6,-35,-0.46
SITE266,1993,14.4,4.8,9.4,399.1,990.0,452,14,0,64.0,2.5,6.5,4,-0.49
SITE266,1994,14.4,4.8,9.4,714.7,966.0,452,14,0,66.0,2.9,5.7,86,-0.46
SITE266,1995,14.4,4.8,9.4,304.4,998.0,452,14,0,63.0,2.3,6.5,-21,-0.47
SITE266,1996,14.4,4.8,9.4,484.6,983.0,452,14,0,65.0,2.4,6.3,26,-0.49
SITE266,1997,14.4,4.8,9.4,480.1,986.0,454,14,0,64.0,2.5,6.3,25,-0.41
SITE266,1998,14.5,4.9,9.5,350.4,997.0,454,14,0,63.0,2.4,6.6,-9,-0.39
SITE266,1999,14.5,4.9,9.5,397.3,995.0,455,14,0,64.0,2.3,6.4,3,-0.36
SITE266,2000,14.5,4.9,9.5,646.0,975.0,455,14,0,65.0,2.3,5.7,68,-0.36
SITE266,2001,14.5,4.9,9.5,374.5,996.0,454,14,0,63.0,2.5,6.4,-3,-0.37
SITE266,2002,14.6,5.0,9.6,476.6,991.0,456,14,0,64.0,2.5,6.2,24,-0.29
SITE266,2003,14.6,5.0,9.6,343.8,1001.0,456,14,0,63.0,2.7,6.4,-11,-0.29
SITE266,2004,14.6,5.0,9.6,309.3,1005.0,457,14,0,62.0,2.4,6.5,-20,-0.26
SITE266,2005,14.7,5.1,9.7,243.8,1013.0,459,14,0,62.0,2.3,6.5,-37,-0.18
SITE266,2006,14.7,5.1,9.7,457.7,998.0,460,14,0,63.0,2.6,6.5,19,-0.14
SITE266,2007,14.7,5.1,9.7,191.3,1018.0,460,14,0,61.0,2.7,6.7,-50,-0.15
SITE266,2008,14.7,5.1,9.7,481.5,995.0,459,14,0,63.0,2.5,6.2,25,-0.16
SITE266,2009,14.8,5.2,9.8,261.0,1018.0,463,14,0,61.0,2.7,6.6,-32,-0.02
SITE266,2010,15.0,5.3,10.0,452.6,1007.0,465,14,0,62.0,2.6,6.2,18,0.09
SITE266,2011,15.0,5.4,10.0,398.4,1012.0,466,14,0,62.0,2.6,6.5,3,0.12
SITE266,2012,15.1,5.5,10.1,347.9,1020.0,468,14,0,61.0,2.4,6.5,-10,0.22
SITE266,2013,15.0,5.4,10.0,368.8,1017.0,467,14,0,61.0,2.8,6.7,-4,0.18
SITE266,2014,15.0,5.4,10.0,255.5,1025.0,467,14,0,60.0,2.5,6.5,-34,0.18
SITE266,2015,15.1,5.5,10.1,412.3,1014.0,468,14,0,61.0,2.9,6.5,7,0.21
SITE266,2016,15.2,5.6,10.2,394.3,1020.0,471,14,0,61.0,2.4,6.5,2,0.34
SITE266,2017,15.3,5.7,10.3,255.0,1035.0,473,13,0,59.0,2.4,6.6,-34,0.44
SITE266,2018,15.4,5.8,10.4,429.7,1024.0,475,13,0,60.0,2.6,6.3,12,0.53
SITE266,2019,15.4,5.8,10.4,277.8,1037.0,476,13,0,59.0,2.9,6.6,-28,0.54
SITE266,2020,15.4,5.8,10.4,475.3,1021.0,475,13,0,61.0,2.9,5.9,23,0.54
SITE266,2021,15.5,5.9,10.5,385.8,1032.0,478,13,0,59.0,2.6,6.4,0,0.64
SITE266,2022,15.7,6.0,10.7,310.9,1044.0,481,13,0,58.0,2.3,6.6,-19,0.79
SITE266,2023,15.7,6.1,10.7,575.7,1023.0,482,13,0,60.0,2.6,6.2,50,0.82
SITE266,2024,15.7,6.1,10.7,313.8,1044.0,482,13,0,58.0,2.8,6.6,-19,0.81
SITE267,1991,28.5,18.9,23.5,13.9,1539.0,4993,0,0,39.0,3.2,8.7,-30,-0.53
SITE267,1992,28.4,18.8,23.4,27.7,1504.0,4969,0,0,42.0,3.3,8.1,38,-0.62
SITE267,1993,28.3,18.7,23.3,32.6,1490.0,4949,0,0,43.0,2.8,8.0,63,-0.7
SITE267,1994,28.3,18.8,23.4,15.0,1531.0,4956,0,0,40.0,3.1,8.7,-25,-0.67
SITE267,1995,28.4,18.8,23.4,17.9,1528.0,4977,0,0,40.0,3.3,8.6,-10,-0.59
SITE267,1996,28.5,18.9,23.5,16.4,1534.0,4998,0,0,39.0,3.6,8.8,-18,-0.51
SITE267,1997,28.5,18.9,23.5,21.2,1522.0,4994,0,0,40.0,3.0,8.4,6,-0.53
SITE267,1998,28.5,19.0,23.6,23.9,1518.0,5007,0,0,40.0,3.6,8.7,19,-0.47
SITE267,1999,28.6,19.1,23.7,27.6,1513.0,5032,0,0,41.0,3.2,8.3,38,-0.38
SITE267,2000,28.7,19.1,23.7,11.0,1553.0,5041,0,0,38.0,3.4,8.8,-45,-0.34
SITE267,2001,28.6,19.0,23.6,19.1,1532.0,5028,0,0,39.0,3.0,8.7,-5,-0.39
SITE267,2002,28.7,19.1,23.7,23.0,1526.0,5048,0,0,40.0,3.1,8.6,15,-0.31
SITE267,2003,28.7,19.2,23.8,9.8,1558.0,5060,0,0,38.0,2.9,8.7,-51,-0.27
SITE267,2004,28.8,19.3,23.9,20.3,1537.0,5082,0,0,39.0,3.5,8.6,1,-0.18
SITE267,2005,28.8,19.3,23.9,21.9,1534.0,5083,0,0,39.0,3.1,8.5,10,-0.17
SITE267,2006,28.8,19.2,23.8,18.3,1541.0,5075,0,0,39.0,3.4,8.7,-9,-0.21
SITE267,2007,28.9,19.4,24.0,23.9,1533.0,5111,0,0,39.0,2.8,8.5,20,-0.07
SITE267,2008,29.1,19.5,24.1,25.4,1534.0,5138,0,0,39.0,3.2,8.3,27,0.04
SITE267,2009,29.1,19.6,24.2,29.9,1526.0,5159,0,0,39.0,3.4,8.1,49,0.12
SITE267,2010,29.1,19.6,24.2,11.9,1568.0,5159,0,0,36.0,2.9,8.5,-40,0.12
SITE267,2011,29.2,19.7,24.3,8.6,1579.0,5184,0,0,35.0,3.3,9.0,-57,0.22
SITE267,2012,29.2,19.7,24.3,25.2,1541.0,5186,0,0,38.0,2.8,8.1,26,0.22
SITE267,2013,29.3,19.8,24.4,20.9,1555.0,5213,0,0,37.0,3.3,8.2,5,0.33
SITE267,2014,29.5,19.9,24.5,19.2,1564.0,5250,0,0,36.0,2.8,8.4,-4,0.47
SITE267,2015,29.5,20.0,24.6,21.8,1559.0,5261,0,0,36.0,3.2,8.3,9,0.52
SITE267,2016,29.5,19.9,24.5,24.5,1552.0,5253,0,0,37.0,3.1,8.0,22,0.49
SITE267,2017,29.6,20.0,24.6,31.3,1538.0,5270,0,0,37.0,3.0,8.1,56,0.55
SITE267,2018,29.5,19.9,24.5,28.8,1542.0,5252,0,0,37.0,3.0,8.0,44,0.48
SITE267,2019,29.5,19.9,24.5,21.9,1558.0,5255,0,0,36.0,3.0,8.4,10,0.49
SITE267,2020,29.5,19.9,24.5,21.2,1559.0,5248,0,0,36.0,2.8,8.5,6,0.47
SITE267,2021,29.5,19.9,24.5,28.3,1543.0,5253,0,0,37.0,3.0,8.6,42,0.49
SITE267,2022,29.6,20.1,24.7,13.1,1584.0,5288,0,0,34.0,3.4,8.9,-35,0.62
SITE267,2023,29.6,20.0,24.6,16.9,1574.0,5285,0,0,35.0,3.5,8.6,-16,0.61
SITE267,2024,29.7,20.1,24.7,31.5,1543.0,5305,0,0,37.0,3.0,8.2,57,0.69
SITE268,1991,27.6,18.0,22.6,23.9,1483.0,4676,0,0,41.0,3.3,8.5,20,-0.63
SITE268,1992,27.6,18.0,22.6,11.8,1510.0,4674,0,0,39.0,2.9,8.9,-41,-0.64
SITE268,1993,27.5,17.9,22.5,12.1,1506.0,4651,0,0,40.0,3.2,9.0,-40,-0.73
SITE268,1994,27.5,18.0,22.5,26.3,1477.0,4668,0,0,42.0,3.0,8.2,31,-0.66
SITE268,1995,27.6,18.0,22.6,12.9,1509.0,4682,0,0,39.0,2.6,9.0,-36,-0.6
SITE268,1996,27.7,18.1,22.7,32.8,1467.0,4701,0,0,42.0,3.1,8.2,64,-0.53
SITE268,1997,27.8,18.2,22.8,16.2,1508.0,4724,0,0,39.0,3.5,8.9,-19,-0.43
SITE268,1998,27.9,18.3,22.9,12.8,1520.0,4753,0,0,38.0,2.9,8.7,-36,-0.31
SITE268,1999,28.0,18.5,23.0,11.7,1528.0,4789,0,0,37.0,3.1,8.9,-42,-0.16
SITE268,2000,28.0,18.5,23.1,27.5,1493.0,4793,0,0,40.0,3.6,8.6,38,-0.15
SITE268,2001,28.1,18.5,23.1,9.6,1535.0,4804,0,0,37.0,3.3,8.8,-52,-0.1
SITE268,2002,28.0,18.4,23.0,22.6,1501.0,4775,0,0,39.0,3.6,8.5,13,-0.22
SITE268,2003,28.0,18.4,23.0,13.7,1521.0,4774,0,0,38.0,3.4,8.7,-32,-0.23
SITE268,2004,27.9,18.3,22.9,20.2,1505.0,4761,0,0,39.0,3.5,8.5,1,-0.28
SITE268,2005,28.1,18.5,23.1,15.8,1521.0,4800,0,0,38.0,2.9,8.6,-21,-0.12
SITE268,2006,28.2,18.6,23.2,17.6,1522.0,4834,0,0,38.0,3.6,8.4,-12,0.02
SITE268,2007,28.3,18.7,23.3,23.9,1511.0,4858,0,0,38.0,3.2,8.4,20,0.12
SITE268,2008,28.3,18.8,23.4,13.0,1537.0,4864,0,0,36.0,3.1,8.8,-35,0.15
SITE268,2009,28.2,18.6,23.2,14.8,1528.0,4834,0,0,37.0,2.9,9.0,-26,0.03
SITE268,2010,28.4,18.8,23.4,23.1,1515.0,4871,0,0,38.0,3.3,8.3,16,0.18
SITE268,2011,28.3,18.7,23.3,19.5,1521.0,4860,0,0,37.0,2.9,8.8,-3,0.13
SITE268,2012,28.4,18.8,23.4,13.0,1538.0,4875,0,0,36.0,3.2,8.7,-35,0.19
SITE268,2013,28.3,18.8,23.4,5.6,1553.0,4862,0,0,35.0,3.5,9.1,-72,0.14
SITE268,2014,28.4,18.8,23.4,16.6,1531.0,4877,0,0,37.0,3.7,8.5,-17,0.2
SITE268,2015,28.5,18.9,23.5,21.2,1523.0,4894,0,0,37.0,3.1,8.3,6,0.27
SITE268,2016,28.5,18.9,23.5,19.3,1528.0,4899,0,0,37.0,3.0,8.3,-4,0.29
SITE268,2017,28.4,18.8,23.4,19.3,1525.0,4880,0,0,37.0,2.9,8.8,-4,0.22
SITE268,2018,28.5,19.0,23.5,14.3,1541.0,4910,0,0,36.0,3.5,8.8,-28,0.34
SITE268,2019,28.5,18.9,23.5,13.6,1542.0,4909,0,0,36.0,2.7,8.5,-32,0.33
SITE268,2020,28.7,19.1,23.7,16.6,1541.0,4947,0,0,36.0,3.5,8.8,-17,0.49
SITE268,2021,28.7,19.1,23.7,17.1,1540.0,4949,0,0,36.0,3.1,9.0,-14,0.5
SITE268,2022,28.8,19.3,23.8,16.4,1547.0,4983,0,0,35.0,3.0,8.7,-18,0.64
SITE268,2023,29.0,19.4,24.0,21.6,1540.0,5012,0,0,35.0,3.0,8.7,8,0.76
SITE268,2024,29.0,19.4,24.0,14.9,1556.0,5016,0,0,34.0,3.3,8.8,-25,0.78
SITE269,1991,35.4,25.5,30.2,923.4,1814.0,7383,0,92,80.0,2.1,5.4,8,-0.47
SITE269,1992,35.4,25.5,30.2,1267.1,1792.0,7385,0,92,81.0,1.8,5.0,48,-0.46
SITE269,1993,35.3,25.4,30.2,1455.2,1778.0,7362,0,91,82.0,2.1,5.1,70,-0.52
SITE269,1994,35.3,25.4,30.1,1060.6,1802.0,7351,0,91,81.0,1.9,5.1,24,-0.55
SITE269,1995,35.4,25.6,30.3,797.4,1824.0,7401,0,92,79.0,1.8,5.3,-7,-0.42
SITE269,1996,35.4,25.5,30.2,684.9,1830.0,7388,0,92,79.0,1.8,5.4,-20,-0.45
SITE269,1997,35.4,25.6,30.3,1086.3,1807.0,7418,0,92,80.0,2.1,5.2,27,-0.38
SITE269,1998,35.4,25.5,30.3,569.7,1838.0,7392,0,92,79.0,2.0,5.1,-34,-0.44
SITE269,1999,35.4,25.5,30.3,644.7,1833.0,7390,0,92,79.0,1.9,5.3,-25,-0.45
SITE269,2000,35.4,25.5,30.3,827.1,1822.0,7396,0,92,80.0,2.0,5.2,-4,-0.43
SITE269,2001,35.3,25.5,30.2,594.2,1835.0,7378,0,91,79.0,1.8,5.6,-31,-0.48
SITE269,2002,35.5,25.7,30.4,811.5,1828.0,7452,0,93,79.0,1.9,5.5,-5,-0.29
SITE269,2003,35.5,25.7,30.4,1446.6,1787.0,7447,0,93,81.0,2.2,5.0,69,-0.3
SITE269,2004,35.5,25.7,30.4,1269.7,1799.0,7454,0,93,81.0,1.8,5.2,48,-0.28
SITE269,2005,35.7,25.9,30.6,976.9,1824.0,7518,0,95,79.0,1.9,5.6,14,-0.11
SITE269,2006,35.8,25.9,30.7,538.5,1855.0,7542,0,96,77.0,2.2,5.4,-37,-0.05
SITE269,2007,35.7,25.9,30.6,739.3,1840.0,7519,0,95,78.0,2.0,5.3,-14,-0.11
SITE269,2008,35.7,25.9,30.6,885.8,1831.0,7532,0,95,78.0,2.1,5.2,3,-0.07
SITE269,2009,35.8,25.9,30.6,1236.5,1810.0,7540,0,96,80.0,2.2,5.2,44,-0.05
SITE269,2010,35.9,26.1,30.8,1171.1,1819.0,7595,0,97,79.0,2.0,5.1,36,0.09
SITE269,2011,36.0,26.1,30.9,918.0,1838.0,7622,0,98,78.0,1.9,5.3,7,0.16
SITE269,2012,36.0,26.2,30.9,1611.8,1796.0,7642,0,98,80.0,2.0,4.7,88,0.22
SITE269,2013,36.1,26.3,31.0,1116.4,1831.0,7675,0,99,78.0,1.9,5.0,30,0.31
SITE269,2014,36.2,26.3,31.1,463.4,1875.0,7696,0,100,75.0,2.0,5.9,-46,0.36
SITE269,2015,36.3,26.5,31.2,1248.1,1829.0,7746,0,101,77.0,2.3,5.0,45,0.49
SITE269,2016,36.3,26.5,31.2,671.2,1868.0,7756,0,101,75.0,1.9,5.5,-22,0.52
SITE269,2017,36.3,26.5,31.2,601.1,1872.0,7753,0,101,75.0,2.3,5.6,-30,0.51
SITE269,2018,36.2,26.4,31.1,974.5,1844.0,7715,0,100,77.0,1.9,5.3,14,0.41
SITE269,2019,36.4,26.5,31.2,938.5,1851.0,7761,0,101,76.0,2.1,5.0,9,0.53
SITE269,2020,36.4,26.5,31.3,868.0,1857.0,7776,0,102,76.0,2.2,5.6,1,0.57
SITE269,2021,36.3,26.5,31.2,1445.4,1818.0,7760,0,101,78.0,1.9,4.9,68,0.53
SITE269,2022,36.3,26.5,31.2,1042.7,1844.0,7759,0,101,77.0,1.9,5.3,22,0.53
SITE269,2023,36.3,26.5,31.2,1122.8,1838.0,7756,0,101,77.0,2.0,5.1,31,0.52
SITE269,2024,36.4,26.5,31.3,944.8,1852.0,7772,0,101,76.0,1.9,5.2,10,0.56
SITE270,1991,34.5,24.6,29.4,515.0,1791.0,7070,0,60,79.0,2.1,5.5,-12,-0.37
SITE270,1992,34.4,24.6,29.3,590.0,1782.0,7045,0,59,80.0,2.1,5.3,1,-0.44
SITE270,1993,34.4,24.6,29.3,558.6,1784.0,7044,0,59,80.0,1.8,5.3,-4,-0.44
SITE270,1994,34.5,24.6,29.4,999.7,1747.0,7072,0,60,82.0,2.3,4.9,71,-0.36
SITE270,1995,34.6,24.7,29.5,753.9,1773.0,7107,0,60,80.0,1.9,5.0,29,-0.26
SITE270,1996,34.6,24.7,29.5,802.7,1769.0,7112,0,61,80.0,1.9,5.0,38,-0.25
SITE270,1997,34.7,24.8,29.6,546.8,1796.0,7148,0,61,78.0,1.9,5.6,-6,-0.15
SITE270,1998,34.7,24.9,29.6,358.8,1816.0,7168,0,61,77.0,2.2,5.8,-38,-0.1
SITE270,1999,34.7,24.9,29.6,526.4,1799.0,7152,0,61,78.0,2.3,5.3,-10,-0.14
SITE270,2000,34.7,24.8,29.6,517.1,1799.0,7148,0,61,78.0,1.8,5.6,-11,-0.15
SITE270,2001,34.8,24.9,29.6,479.0,1805.0,7172,0,62,78.0,1.9,5.2,-18,-0.08
SITE270,2002,34.8,25.0,29.7,726.5,1785.0,7197,0,62,79.0,2.5,5.2,25,-0.01
SITE270,2003,34.7,24.9,29.6,692.7,1785.0,7166,0,61,79.0,2.0,5.4,19,-0.1
SITE270,2004,34.7,24.9,29.6,750.8,1779.0,7162,0,61,79.0,2.0,5.4,29,-0.11
SITE270,2005,34.7,24.9,29.6,608.8,1792.0,7164,0,61,79.0,2.2,5.2,4,-0.11
SITE270,2006,34.7,24.8,29.6,438.9,1806.0,7149,0,61,78.0,2.2,5.7,-25,-0.15
SITE270,2007,34.7,24.8,29.5,319.6,1816.0,7134,0,61,77.0,1.9,5.7,-45,-0.19
SITE270,2008,34.7,24.9,29.6,407.2,1811.0,7160,0,61,78.0,1.9,5.7,-30,-0.12
SITE270,2009,34.8,25.0,29.7,701.3,1787.0,7191,0,62,79.0,1.7,5.0,20,-0.03
SITE270,2010,34.8,25.0,29.7,466.9,1808.0,7190,0,62,78.0,2.1,5.7,-20,-0.03
SITE270,2011,34.8,25.0,29.7,692.0,1787.0,7191,0,62,79.0,2.2,5.3,19,-0.03
SITE270,2012,34.8,25.0,29.7,490.5,1807.0,7198,0,62,78.0,2.1,5.6,-16,-0.01
SITE270,2013,34.9,25.1,29.8,627.5,1797.0,7223,0,62,78.0,2.2,5.4,8,0.06
SITE270,2014,34.9,25.1,29.8,485.2,1811.0,7230,0,63,77.0,2.0,5.3,-17,0.08
SITE270,2015,34.9,25.1,29.8,699.5,1791.0,7234,0,63,78.0,1.9,5.1,20,0.09
SITE270,2016,35.0,25.2,29.9,608.6,1803.0,7267,0,63,77.0,2.0,5.3,4,0.18
SITE270,2017,35.1,25.2,30.0,693.0,1798.0,7289,0,64,78.0,1.9,5.4,19,0.24
SITE270,2018,35.0,25.2,29.9,415.1,1821.0,7270,0,63,76.0,1.8,5.6,-29,0.19
SITE270,2019,35.1,25.3,30.0,306.5,1836.0,7310,0,64,75.0,1.8,5.8,-47,0.3
SITE270,2020,35.2,25.4,30.1,383.1,1832.0,7340,0,64,75.0,1.9,5.3,-34,0.38
SITE270,2021,35.3,25.4,30.2,530.9,1820.0,7361,0,65,76.0,2.0,5.3,-9,0.44
SITE270,2022,35.4,25.5,30.2,575.7,1819.0,7389,0,65,76.0,2.0,5.2,-1,0.52
SITE270,2023,35.4,25.5,30.3,626.5,1815.0,7398,0,65,76.0,2.0,5.3,7,0.54
SITE270,2024,35.5,25.6,30.3,598.9,1820.0,7423,0,66,76.0,2.1,5.4,3,0.61
SITE271,1991,31.2,21.4,26.1,610.3,1673.0,5893,0,0,79.0,2.1,5.4,-13,-0.3
SITE271,1992,31.2,21.4,26.1,700.4,1667.0,5893,0,0,79.0,2.0,5.2,0,-0.29
SITE271,1993,31.2,21.3,26.0,550.3,1676.0,5882,0,0,79.0,1.8,5.2,-21,-0.33
SITE271,1994,31.2,21.3,26.0,565.1,1675.0,5879,0,0,79.0,1.7,5.3,-19,-0.34
SITE271,1995,31.1,21.3,26.0,855.0,1653.0,5868,0,0,80.0,1.8,5.2,22,-0.38
SITE271,1996,31.1,21.3,26.0,757.1,1660.0,5876,0,0,80.0,1.8,5.2,8,-0.35
SITE271,1997,31.3,21.4,26.1,453.6,1687.0,5913,0,0,78.0,2.1,5.5,-35,-0.23
SITE271,1998,31.4,21.5,26.2,526.6,1685.0,5938,0,0,78.0,1.7,5.3,-25,-0.14
SITE271,1999,31.3,21.5,26.2,480.0,1687.0,5928,0,0,78.0,1.9,5.5,-32,-0.18
SITE271,2000,31.4,21.6,26.3,959.7,1657.0,5961,0,0,79.0,2.1,4.9,37,-0.07
SITE271,2001,31.4,21.6,26.3,621.1,1682.0,5965,0,0,78.0,2.3,5.5,-11,-0.05
SITE271,2002,31.5,21.7,26.4,772.5,1674.0,5994,0,0,78.0,1.8,5.2,10,0.04
SITE271,2003,31.4,21.5,26.3,825.0,1665.0,5950,0,0,79.0,2.1,5.2,18,-0.11
SITE271,2004,31.4,21.5,26.3,557.4,1684.0,5950,0,0,78.0,2.3,5.4,-20,-0.1
SITE271,2005,31.6,21.7,26.5,623.1,1687.0,6008,0,0,77.0,2.0,5.6,-11,0.09
SITE271,2006,31.7,21.8,26.5,598.9,1692.0,6032,0,0,77.0,2.3,5.4,-15,0.17
SITE271,2007,31.6,21.8,26.5,590.6,1690.0,6013,0,0,77.0,1.9,5.3,-16,0.11
SITE271,2008,31.6,21.8,26.5,503.9,1697.0,6023,0,0,77.0,2.1,5.6,-28,0.14
SITE271,2009,31.6,21.7,26.4,450.3,1699.0,6003,0,0,77.0,1.9,5.4,-36,0.07
SITE271,2010,31.6,21.8,26.5,702.5,1683.0,6019,0,0,77.0,1.8,5.6,0,0.13
SITE271,2011,31.6,21.7,26.5,662.3,1684.0,6008,0,0,77.0,2.1,5.3,-6,0.09
SITE271,2012,31.6,21.7,26.4,464.8,1697.0,6001,0,0,77.0,2.2,5.6,-34,0.07
SITE271,2013,31.6,21.8,26.5,756.0,1678.0,6013,0,0,78.0,1.9,5.3,8,0.11
SITE271,2014,31.5,21.7,26.4,515.1,1693.0,5993,0,0,77.0,2.2,5.1,-27,0.04
SITE271,2015,31.6,21.7,26.4,518.0,1693.0,6000,0,0,77.0,2.3,5.8,-26,0.06
SITE271,2016,31.5,21.7,26.4,327.0,1706.0,5988,0,0,76.0,2.0,5.8,-53,0.02
SITE271,2017,31.5,21.7,26.4,537.5,1690.0,5987,0,0,77.0,2.0,5.6,-23,0.02
SITE271,2018,31.6,21.7,26.5,808.5,1674.0,6010,0,0,78.0,2.1,5.1,15,0.1
SITE271,2019,31.5,21.7,26.4,875.6,1666.0,5989,0,0,79.0,2.1,5.2,25,0.03
SITE271,2020,31.7,21.8,26.6,549.9,1696.0,6036,0,0,77.0,2.0,5.6,-22,0.18
SITE271,2021,31.8,21.9,26.7,625.4,1694.0,6066,0,0,77.0,2.1,5.4,-11,0.28
SITE271,2022,31.8,21.9,26.7,764.2,1684.0,6068,0,0,77.0,1.9,5.2,9,0.29
SITE271,2023,31.9,22.0,26.7,841.8,1682.0,6093,0,0,77.0,2.4,5.3,20,0.37
SITE271,2024,32.0,22.1,26.8,1289.6,1653.0,6122,0,0,79.0,1.9,5.0,84,0.47
SITE272,1991,29.0,19.2,23.9,433.8,1589.0,5167,0,0,82.0,1.9,5.5,-11,-1.01
SITE272,1992,29.2,19.3,24.1,412.2,1597.0,5213,0,0,81.0,1.7,5.4,-16,-0.84
SITE272,1993,29.1,19.3,24.0,528.3,1584.0,5199,0,0,82.0,2.2,5.5,8,-0.89
SITE272,1994,29.2,19.4,24.1,582.8,1582.0,5222,0,0,82.0,2.0,5.0,19,-0.81
SITE272,1995,29.2,19.3,24.1,445.8,1594.0,5213,0,0,81.0,1.8,5.3,-9,-0.84
SITE272,1996,29.2,19.4,24.1,455.8,1595.0,5230,0,0,81.0,2.0,5.3,-7,-0.77
SITE272,1997,29.2,19.3,24.1,424.2,1596.0,5213,0,0,81.0,1.7,5.5,-13,-0.84
SITE272,1998,29.4,19.5,24.2,245.0,1621.0,5265,0,0,79.0,1.8,5.5,-50,-0.65
SITE272,1999,29.5,19.6,24.3,507.4,1598.0,5287,0,0,80.0,2.0,5.5,4,-0.56
SITE272,2000,29.6,19.7,24.4,389.5,1614.0,5318,0,0,79.0,2.0,5.3,-20,-0.45
SITE272,2001,29.5,19.6,24.4,615.3,1589.0,5298,0,0,81.0,2.1,5.3,26,-0.52
SITE272,2002,29.6,19.8,24.5,371.0,1618.0,5332,0,0,79.0,2.2,5.8,-24,-0.4
SITE272,2003,29.7,19.8,24.5,731.7,1584.0,5346,0,0,81.0,2.2,5.0,50,-0.35
SITE272,2004,29.7,19.9,24.6,373.0,1623.0,5367,0,0,78.0,2.0,5.5,-24,-0.27
SITE272,2005,29.8,20.0,24.7,625.5,1601.0,5393,0,0,80.0,1.9,5.4,28,-0.17
SITE272,2006,29.8,20.0,24.7,691.2,1594.0,5391,0,0,80.0,2.0,5.3,41,-0.18
SITE272,2007,30.0,20.1,24.8,391.3,1629.0,5429,0,0,78.0,1.9,5.6,-20,-0.05
SITE272,2008,30.0,20.1,24.9,740.1,1596.0,5436,0,0,80.0,2.1,5.0,51,-0.02
SITE272,2009,30.1,20.3,25.0,628.5,1612.0,5470,0,0,78.0,2.1,5.2,29,0.11
SITE272,2010,30.2,20.4,25.1,384.4,1639.0,5495,0,0,77.0,2.3,5.5,-21,0.2
SITE272,2011,30.3,20.4,25.2,606.8,1620.0,5512,0,0,78.0,2.3,5.1,24,0.26
SITE272,2012,30.3,20.5,25.2,369.7,1644.0,5518,0,0,76.0,1.9,5.5,-24,0.28
SITE272,2013,30.4,20.6,25.3,247.2,1661.0,5553,0,0,75.0,2.0,5.7,-49,0.41
SITE272,2014,30.5,20.7,25.4,739.0,1616.0,5580,0,0,77.0,2.2,5.0,51,0.51
SITE272,2015,30.6,20.8,25.5,380.1,1656.0,5612,0,0,75.0,1.9,5.6,-22,0.63
SITE272,2016,30.6,20.8,25.5,618.1,1632.0,5612,0,0,76.0,2.3,5.1,26,0.63
SITE272,2017,30.8,20.9,25.6,942.0,1604.0,5642,0,0,78.0,2.0,4.8,93,0.74
SITE272,2018,30.8,21.0,25.7,457.3,1655.0,5660,0,0,75.0,1.7,5.3,-6,0.8
SITE272,2019,30.8,20.9,25.6,385.7,1660.0,5646,0,0,74.0,1.8,5.5,-21,0.75
SITE272,2020,30.8,20.9,25.6,609.2,1638.0,5644,0,0,76.0,2.1,5.0,25,0.74
SITE272,2021,30.8,21.0,25.7,671.1,1633.0,5659,0,0,76.0,1.8,5.2,37,0.8
SITE272,2022,30.9,21.1,25.8,533.9,1652.0,5693,0,0,75.0,2.1,5.3,9,0.92
SITE272,2023,30.9,21.1,25.8,532.7,1651.0,5684,0,0,75.0,1.9,5.6,9,0.89
SITE272,2024,31.0,21.1,25.8,559.7,1650.0,5695,0,0,75.0,2.1,5.0,14,0.94
SITE273,1991,31.0,19.6,25.1,887.7,1669.0,5555,0,19,80.0,2.0,5.5,-2,-0.45
SITE273,1992,31.2,19.7,25.2,1694.8,1630.0,5594,0,19,82.0,2.0,4.8,86,-0.32
SITE273,1993,31.1,19.6,25.1,845.6,1672.0,5563,0,19,79.0,2.1,5.0,-7,-0.42
SITE273,1994,31.0,19.6,25.1,1201.6,1650.0,5544,0,18,81.0,2.0,5.2,32,-0.49
SITE273,1995,31.1,19.7,25.2,525.2,1692.0,5575,0,19,78.0,2.4,5.4,-42,-0.39
SITE273,1996,31.2,19.8,25.3,691.4,1686.0,5602,0,19,78.0,1.9,5.5,-24,-0.29
SITE273,1997,31.3,19.9,25.4,708.4,1691.0,5645,0,19,78.0,1.9,5.6,-22,-0.14
SITE273,1998,31.3,19.9,25.4,743.7,1688.0,5639,0,19,78.0,1.9,5.2,-18,-0.16
SITE273,1999,31.3,19.9,25.4,666.1,1693.0,5644,0,19,78.0,1.8,5.4,-27,-0.14
SITE273,2000,31.3,19.9,25.4,1182.3,1663.0,5633,0,19,80.0,2.0,5.0,30,-0.18
SITE273,2001,31.3,19.8,25.3,657.8,1690.0,5618,0,19,78.0,2.0,5.5,-28,-0.23
SITE273,2002,31.2,19.7,25.2,902.6,1673.0,5591,0,19,79.0,2.0,5.2,-1,-0.33
SITE273,2003,31.2,19.8,25.3,1328.2,1652.0,5608,0,19,80.0,2.1,5.2,46,-0.27
SITE273,2004,31.3,19.8,25.3,1372.2,1651.0,5619,0,19,80.0,1.8,5.3,51,-0.23
SITE273,2005,31.3,19.9,25.4,819.2,1683.0,5629,0,19,78.0,2.0,5.6,-10,-0.19
SITE273,2006,31.4,19.9,25.4,1500.6,1648.0,5651,0,19,80.0,2.0,5.1,65,-0.12
SITE273,2007,31.4,20.0,25.4,1011.2,1676.0,5656,0,19,79.0,2.0,5.7,11,-0.1
SITE273,2008,31.5,20.1,25.5,1014.9,1679.0,5682,0,19,78.0,1.9,5.2,12,-0.01
SITE273,2009,31.5,20.1,25.6,931.2,1685.0,5692,0,19,78.0,2.0,5.0,2,0.03
SITE273,2010,31.6,20.2,25.6,883.5,1690.0,5710,0,20,78.0,2.1,5.0,-3,0.09
SITE273,2011,31.5,20.1,25.6,748.3,1696.0,5697,0,19,77.0,2.0,5.3,-18,0.05
SITE273,2012,31.6,20.2,25.6,544.4,1710.0,5712,0,20,76.0,1.8,5.7,-40,0.1
SITE273,2013,31.7,20.2,25.7,707.5,1703.0,5732,0,20,77.0,2.1,5.5,-22,0.17
SITE273,2014,31.7,20.3,25.8,686.2,1706.0,5744,0,20,76.0,2.1,5.4,-25,0.21
SITE273,2015,31.7,20.3,25.8,897.6,1696.0,5756,0,20,77.0,1.9,5.2,-1,0.25
SITE273,2016,31.7,20.3,25.8,869.7,1697.0,5755,0,20,77.0,2.1,5.4,-4,0.25
SITE273,2017,31.7,20.3,25.8,448.1,1721.0,5753,0,20,76.0,2.0,5.9,-51,0.24
SITE273,2018,31.8,20.4,25.9,1147.5,1685.0,5781,0,20,77.0,1.9,5.1,26,0.34
SITE273,2019,31.8,20.4,25.9,960.7,1696.0,5782,0,20,77.0,2.1,5.5,6,0.34
SITE273,2020,31.9,20.5,25.9,592.6,1718.0,5796,0,20,75.0,1.8,5.4,-35,0.39
SITE273,2021,31.9,20.4,25.9,735.1,1710.0,5791,0,20,76.0,1.9,5.7,-19,0.38
SITE273,2022,32.0,20.5,26.0,787.7,1711.0,5822,0,20,76.0,2.2,5.6,-13,0.48
SITE273,2023,32.0,20.6,26.1,924.8,1706.0,5841,0,20,76.0,2.1,5.4,2,0.55
SITE273,2024,32.1,20.6,26.1,1103.4,1697.0,5846,0,20,76.0,1.9,5.3,21,0.57
SITE274,1991,30.8,18.6,24.5,628.8,1693.0,5321,0,19,79.0,2.1,5.5,-1,-0.24
SITE274,1992,30.8,18.6,24.5,787.8,1680.0,5320,0,19,80.0,2.4,4.9,24,-0.24
SITE274,1993,30.8,18.6,24.5,657.0,1692.0,5326,0,19,79.0,2.0,5.5,4,-0.22
SITE274,1994,30.8,18.6,24.5,882.7,1672.0,5312,0,19,80.0,2.0,4.8,39,-0.27
SITE274,1995,30.7,18.5,24.4,543.4,1696.0,5290,0,19,79.0,2.1,5.5,-14,-0.35
SITE274,1996,30.7,18.5,24.4,813.1,1675.0,5299,0,19,80.0,1.9,5.1,28,-0.32
SITE274,1997,30.8,18.6,24.4,684.8,1686.0,5302,0,19,79.0,1.8,5.3,8,-0.31
SITE274,1998,30.7,18.5,24.4,421.4,1705.0,5291,0,19,78.0,1.8,5.6,-33,-0.35
SITE274,1999,30.7,18.5,24.3,325.5,1712.0,5284,0,18,78.0,2.0,5.7,-49,-0.37
SITE274,2000,30.8,18.6,24.4,510.0,1700.0,5304,0,19,79.0,2.2,5.4,-19,-0.3
SITE274,2001,30.8,18.6,24.5,487.7,1704.0,5315,0,19,78.0,1.9,5.5,-23,-0.26
SITE274,2002,30.9,18.7,24.5,452.1,1709.0,5330,0,19,78.0,1.9,5.5,-29,-0.2
SITE274,2003,30.8,18.6,24.5,542.2,1699.0,5313,0,19,79.0,2.1,5.3,-14,-0.26
SITE274,2004,30.8,18.6,24.5,435.4,1708.0,5317,0,19,78.0,1.7,5.6,-31,-0.25
SITE274,2005,31.0,18.8,24.6,398.2,1717.0,5356,0,19,77.0,2.2,5.6,-37,-0.1
SITE274,2006,31.0,18.8,24.7,779.8,1689.0,5374,0,19,79.0,1.9,5.0,23,-0.04
SITE274,2007,31.0,18.8,24.7,709.3,1693.0,5365,0,19,79.0,2.2,5.5,12,-0.07
SITE274,2008,31.1,18.9,24.7,771.8,1691.0,5381,0,19,79.0,2.3,5.2,22,-0.01
SITE274,2009,31.1,18.9,24.8,350.9,1728.0,5406,0,19,76.0,1.8,5.6,-45,0.08
SITE274,2010,31.2,19.0,24.8,527.0,1714.0,5408,0,19,77.0,2.0,5.5,-17,0.09
SITE274,2011,31.1,18.9,24.8,1052.1,1671.0,5399,0,19,80.0,2.0,4.8,66,0.06
SITE274,2012,31.1,18.9,24.7,915.8,1679.0,5382,0,19,79.0,2.1,5.1,45,-0.01
SITE274,2013,31.2,19.0,24.9,507.0,1719.0,5428,0,19,77.0,2.3,5.4,-20,0.16
SITE274,2014,31.3,19.1,25.0,843.6,1695.0,5447,0,20,78.0,1.9,5.2,33,0.23
SITE274,2015,31.3,19.1,24.9,565.4,1717.0,5443,0,20,77.0,2.2,5.3,-11,0.22
SITE274,2016,31.2,19.0,24.9,303.5,1734.0,5419,0,19,76.0,2.0,5.7,-52,0.13
SITE274,2017,31.2,19.0,24.8,453.0,1722.0,5418,0,19,77.0,2.1,5.5,-28,0.13
SITE274,2018,31.3,19.1,24.9,555.4,1717.0,5438,0,20,77.0,2.0,5.3,-12,0.2
SITE274,2019,31.4,19.2,25.0,670.4,1712.0,5472,0,20,77.0,2.1,5.3,6,0.33
SITE274,2020,31.4,19.2,25.1,773.7,1705.0,5478,0,20,77.0,2.2,5.5,22,0.35
SITE274,2021,31.6,19.4,25.2,800.1,1709.0,5519,0,20,77.0,2.1,5.2,26,0.5
SITE274,2022,31.6,19.4,25.3,625.0,1725.0,5534,0,20,76.0,1.9,5.5,-1,0.56
SITE274,2023,31.6,19.4,25.3,503.6,1736.0,5540,0,20,75.0,2.0,5.6,-20,0.58
SITE274,2024,31.6,19.4,25.2,782.9,1711.0,5526,0,20,77.0,1.8,5.2,24,0.53
SITE275,1991,24.4,15.6,19.8,1478.8,1145.0,3696,0,0,65.0,2.4,6.1,35,-0.55
SITE275,1992,24.4,15.6,19.8,1202.1,1153.0,3691,0,0,65.0,2.5,6.7,10,-0.58
SITE275,1993,24.4,15.6,19.8,962.9,1161.0,3693,0,0,64.0,2.3,6.4,-12,-0.57
SITE275,1994,24.4,15.6,19.9,983.9,1162.0,3700,0,0,64.0,2.4,6.4,-10,-0.54
SITE275,1995,24.4,15.6,19.8,961.6,1160.0,3689,0,0,64.0,2.4,6.5,-12,-0.6
SITE275,1996,24.4,15.5,19.8,890.6,1162.0,3684,0,0,64.0,2.7,6.5,-19,-0.62
SITE275,1997,24.4,15.6,19.8,939.7,1162.0,3693,0,0,64.0,2.4,6.7,-14,-0.57
SITE275,1998,24.6,15.8,20.0,1264.5,1157.0,3728,0,0,64.0,2.3,6.0,15,-0.39
SITE275,1999,24.8,15.9,20.2,1677.3,1149.0,3760,0,0,64.0,2.8,5.9,53,-0.22
SITE275,2000,24.8,15.9,20.2,1338.2,1160.0,3762,0,0,64.0,2.5,6.5,22,-0.21
SITE275,2001,24.9,16.1,20.3,1436.1,1161.0,3787,0,0,63.0,2.1,6.1,31,-0.08
SITE275,2002,25.0,16.2,20.4,1000.6,1177.0,3800,0,0,62.0,2.6,6.4,-9,-0.01
SITE275,2003,25.0,16.1,20.4,1451.5,1162.0,3798,0,0,63.0,1.9,6.0,32,-0.02
SITE275,2004,24.9,16.1,20.3,758.0,1184.0,3791,0,0,61.0,2.2,6.5,-31,-0.05
SITE275,2005,24.9,16.0,20.3,713.2,1183.0,3778,0,0,61.0,2.8,6.7,-35,-0.13
SITE275,2006,25.0,16.1,20.4,1071.4,1175.0,3797,0,0,62.0,2.6,6.6,-2,-0.02
SITE275,2007,25.0,16.2,20.4,1541.8,1162.0,3811,0,0,63.0,2.7,6.3,41,0.05
SITE275,2008,25.1,16.3,20.6,917.3,1185.0,3833,0,0,61.0,2.1,6.5,-16,0.16
SITE275,2009,25.1,16.2,20.5,1071.6,1178.0,3819,0,0,62.0,2.4,6.2,-2,0.09
SITE275,2010,25.1,16.3,20.5,1075.9,1179.0,3826,0,0,61.0,2.6,6.2,-2,0.12
SITE275,2011,25.1,16.3,20.6,950.0,1184.0,3832,0,0,61.0,2.6,6.5,-13,0.16
SITE275,2012,25.2,16.3,20.6,848.5,1188.0,3835,0,0,61.0,2.6,6.4,-23,0.17
SITE275,2013,25.2,16.3,20.6,1156.6,1178.0,3835,0,0,61.0,2.5,6.4,5,0.17
SITE275,2014,25.2,16.4,20.7,649.0,1197.0,3851,0,0,60.0,2.5,6.5,-41,0.26
SITE275,2015,25.3,16.4,20.7,714.0,1196.0,3855,0,0,60.0,2.4,6.3,-35,0.28
SITE275,2016,25.2,16.4,20.6,1241.9,1177.0,3845,0,0,61.0,2.7,6.4,13,0.23
SITE275,2017,25.3,16.5,20.7,1072.0,1185.0,3860,0,0,61.0,2.6,6.5,-2,0.31
SITE275,2018,25.3,16.5,20.8,1188.5,1183.0,3870,0,0,61.0,2.4,6.2,8,0.36
SITE275,2019,25.4,16.5,20.8,1212.9,1182.0,3873,0,0,61.0,2.5,6.1,11,0.37
SITE275,2020,25.5,16.6,20.9,1147.5,1187.0,3892,0,0,60.0,2.6,6.2,5,0.47
SITE275,2021,25.4,16.6,20.8,1168.2,1186.0,3885,0,0,60.0,2.6,6.5,6,0.44
SITE275,2022,25.5,16.6,20.9,795.9,1199.0,3893,0,0,59.0,2.9,6.5,-27,0.48
SITE275,2023,25.5,16.7,20.9,1297.4,1184.0,3901,0,0,60.0,2.7,6.2,18,0.52
SITE275,2024,25.5,16.7,20.9,986.4,1194.0,3900,0,0,60.0,2.7,6.4,-10,0.51
SITE276,1991,23.9,14.4,18.9,846.9,1165.0,3401,0,0,65.0,2.4,6.2,12,-0.69
SITE276,1992,23.8,14.4,18.9,719.1,1171.0,3399,0,0,65.0,2.6,6.3,-5,-0.7
SITE276,1993,23.9,14.4,19.0,916.5,1163.0,3404,0,0,65.0,2.8,6.3,21,-0.67
SITE276,1994,24.0,14.5,19.1,866.4,1169.0,3427,0,0,65.0,2.8,6.4,14,-0.54
SITE276,1995,24.1,14.6,19.1,817.4,1173.0,3436,0,0,64.0,2.7,6.4,8,-0.49
SITE276,1996,24.1,14.7,19.2,524.8,1189.0,3448,0,0,63.0,2.4,6.6,-31,-0.42
SITE276,1997,24.2,14.7,19.3,793.7,1178.0,3456,0,0,64.0,2.5,6.5,5,-0.37
SITE276,1998,24.1,14.7,19.2,594.3,1185.0,3447,0,0,63.0,2.2,6.4,-22,-0.43
SITE276,1999,24.1,14.7,19.2,737.2,1180.0,3451,0,0,64.0,2.3,6.4,-3,-0.4
SITE276,2000,24.2,14.8,19.3,654.0,1186.0,3467,0,0,63.0,2.3,6.4,-14,-0.31
SITE276,2001,24.3,14.8,19.4,781.4,1182.0,3474,0,0,63.0,2.9,6.2,3,-0.27
SITE276,2002,24.3,14.8,19.4,606.7,1190.0,3475,0,0,62.0,2.4,6.8,-20,-0.26
SITE276,2003,24.3,14.8,19.4,806.1,1181.0,3477,0,0,63.0,2.6,6.1,6,-0.25
SITE276,2004,24.4,14.9,19.5,1142.4,1168.0,3494,0,0,64.0,2.8,6.0,51,-0.16
SITE276,2005,24.3,14.9,19.4,559.8,1194.0,3483,0,0,62.0,2.9,6.5,-26,-0.22
SITE276,2006,24.3,14.9,19.4,696.1,1187.0,3482,0,0,63.0,2.7,6.2,-8,-0.23
SITE276,2007,24.5,15.0,19.5,592.1,1197.0,3509,0,0,62.0,2.3,6.2,-22,-0.08
SITE276,2008,24.6,15.1,19.7,1136.8,1174.0,3527,0,0,63.0,2.4,6.1,50,0.03
SITE276,2009,24.7,15.2,19.7,576.5,1203.0,3540,0,0,61.0,2.4,6.2,-24,0.1
SITE276,2010,24.8,15.4,19.9,778.4,1200.0,3573,0,0,61.0,2.3,6.2,3,0.29
SITE276,2011,24.9,15.4,20.0,659.6,1207.0,3585,0,0,60.0,2.4,6.6,-13,0.36
SITE276,2012,24.8,15.4,19.9,516.8,1212.0,3575,0,0,60.0,2.7,6.6,-32,0.3
SITE276,2013,24.8,15.4,19.9,736.3,1201.0,3572,0,0,61.0,2.6,6.3,-3,0.28
SITE276,2014,24.9,15.4,20.0,806.1,1200.0,3580,0,0,61.0,2.4,6.3,6,0.33
SITE276,2015,24.9,15.4,19.9,914.3,1194.0,3577,0,0,61.0,2.2,6.1,20,0.31
SITE276,2016,24.9,15.5,20.0,815.6,1200.0,3587,0,0,61.0,2.5,6.2,7,0.37
SITE276,2017,25.0,15.5,20.1,876.9,1199.0,3598,0,0,61.0,2.7,6.2,16,0.43
SITE276,2018,25.0,15.5,20.1,947.2,1197.0,3601,0,0,61.0,2.5,6.3,25,0.45
SITE276,2019,25.0,15.5,20.1,602.2,1214.0,3604,0,0,60.0,2.2,6.4,-21,0.46
SITE276,2020,25.1,15.6,20.1,698.3,1210.0,3610,0,0,60.0,2.4,6.5,-8,0.5
SITE276,2021,25.1,15.6,20.2,964.8,1198.0,3615,0,0,61.0,2.8,6.0,27,0.53
SITE276,2022,25.1,15.6,20.2,802.2,1207.0,3623,0,0,60.0,2.6,6.3,6,0.57
SITE276,2023,25.2,15.7,20.2,557.9,1220.0,3628,0,0,59.0,2.4,6.4,-26,0.6
SITE276,2024,25.1,15.7,20.2,360.9,1229.0,3623,0,0,58.0,2.7,6.7,-52,0.58
SITE277,1991,27.3,14.6,20.7,477.5,1445.0,3959,0,9,63.0,2.3,6.4,-15,-0.32
SITE277,1992,27.3,14.6,20.7,783.5,1422.0,3961,0,9,64.0,2.7,6.0,39,-0.31
SITE277,1993,27.3,14.5,20.6,841.4,1416.0,3953,0,9,65.0,2.6,6.1,49,-0.34
SITE277,1994,27.2,14.5,20.6,587.8,1435.0,3949,0,9,64.0,2.4,6.2,4,-0.37
SITE277,1995,27.2,14.4,20.6,411.5,1446.0,3935,0,9,63.0,2.4,6.5,-27,-0.43
SITE277,1996,27.2,14.4,20.5,515.2,1437.0,3931,0,9,64.0,2.5,6.4,-9,-0.45
SITE277,1997,27.2,14.5,20.6,317.6,1454.0,3945,0,9,62.0,2.7,6.8,-44,-0.39
SITE277,1998,27.3,14.6,20.7,607.9,1435.0,3962,0,9,63.0,2.4,6.5,8,-0.3
SITE277,1999,27.3,14.6,20.7,539.9,1440.0,3958,0,9,63.0,2.4,6.3,-4,-0.32
SITE277,2000,27.3,14.6,20.7,759.7,1424.0,3961,0,9,64.0,2.4,6.1,35,-0.31
SITE277,2001,27.3,14.6,20.7,512.6,1444.0,3967,0,9,63.0,2.7,6.3,-9,-0.27
SITE277,2002,27.5,14.7,20.8,579.4,1443.0,3991,0,9,63.0,2.4,6.3,3,-0.16
SITE277,2003,27.4,14.7,20.8,701.8,1432.0,3980,0,9,64.0,2.1,6.2,24,-0.21
SITE277,2004,27.5,14.7,20.8,644.6,1439.0,3993,0,9,63.0,2.6,6.3,14,-0.14
SITE277,2005,27.5,14.7,20.8,517.2,1448.0,3991,0,9,62.0,2.6,6.4,-8,-0.15
SITE277,2006,27.5,14.8,20.9,367.9,1461.0,4000,0,9,61.0,2.9,6.5,-35,-0.11
SITE277,2007,27.5,14.7,20.9,503.2,1450.0,3996,0,9,62.0,2.7,6.1,-11,-0.13
SITE277,2008,27.5,14.8,20.9,540.2,1448.0,3999,0,9,62.0,2.7,6.5,-4,-0.12
SITE277,2009,27.6,14.8,21.0,770.4,1433.0,4016,0,9,63.0,2.6,6.2,37,-0.03
SITE277,2010,27.6,14.9,21.0,379.3,1465.0,4026,0,9,61.0,2.6,6.9,-33,0.02
SITE277,2011,27.7,14.9,21.1,464.3,1460.0,4036,0,9,61.0,2.7,6.5,-18,0.07
SITE277,2012,27.8,15.0,21.1,782.4,1439.0,4052,0,9,63.0,2.8,6.0,39,0.15
SITE277,2013,27.8,15.1,21.2,527.8,1459.0,4058,0,9,61.0,2.3,6.6,-6,0.18
SITE277,2014,27.7,15.0,21.1,561.1,1455.0,4046,0,9,62.0,2.4,6.5,-1,0.12
SITE277,2015,27.7,15.0,21.1,225.1,1481.0,4046,0,9,60.0,2.2,6.8,-60,0.12
SITE277,2016,27.7,14.9,21.1,497.6,1458.0,4035,0,9,61.0,2.4,6.5,-12,0.06
SITE277,2017,27.8,15.0,21.2,635.4,1451.0,4056,0,9,62.0,2.7,6.3,13,0.17
SITE277,2018,28.0,15.2,21.3,447.5,1472.0,4092,0,10,60.0,2.5,6.5,-21,0.35
SITE277,2019,28.1,15.3,21.4,355.7,1484.0,4115,0,10,59.0,2.3,6.5,-37,0.46
SITE277,2020,28.1,15.3,21.4,671.8,1459.0,4114,0,10,61.0,2.4,6.1,19,0.46
SITE277,2021,28.1,15.3,21.4,606.7,1464.0,4113,0,10,60.0,2.4,6.3,8,0.45
SITE277,2022,28.3,15.5,21.6,390.6,1488.0,4155,0,10,58.0,2.6,6.7,-31,0.66
SITE277,2023,28.4,15.6,21.8,225.4,1505.0,4176,0,10,57.0,2.3,6.4,-60,0.76
SITE277,2024,28.4,15.7,21.8,386.7,1495.0,4189,0,10,58.0,2.5,6.8,-31,0.83
SITE278,1991,26.6,13.1,19.6,307.9,1454.0,3634,0,10,64.0,2.8,6.5,-23,-0.66
SITE278,1992,26.7,13.2,19.7,300.7,1457.0,3647,0,10,64.0,2.3,6.5,-24,-0.59
SITE278,1993,26.7,13.3,19.7,405.1,1447.0,3655,0,10,64.0,2.5,6.3,2,-0.55
SITE278,1994,26.8,13.3,19.8,194.4,1472.0,3662,0,11,63.0,2.4,6.7,-51,-0.51
SITE278,1995,26.7,13.3,19.7,452.6,1443.0,3658,0,10,65.0,2.7,6.3,14,-0.54
SITE278,1996,26.8,13.4,19.8,345.9,1458.0,3676,0,11,63.0,2.6,6.1,-13,-0.44
SITE278,1997,26.8,13.4,19.8,452.0,1447.0,3677,0,11,64.0,2.3,6.4,14,-0.44
SITE278,1998,26.8,13.3,19.8,337.7,1457.0,3666,0,11,64.0,2.2,6.6,-15,-0.49
SITE278,1999,26.8,13.3,19.8,431.6,1448.0,3673,0,11,64.0,2.8,6.6,8,-0.46
SITE278,2000,26.8,13.3,19.8,234.6,1468.0,3664,0,11,63.0,2.8,6.7,-41,-0.5
SITE278,2001,26.7,13.2,19.7,275.9,1460.0,3649,0,10,63.0,2.1,6.8,-31,-0.58
SITE278,2002,26.8,13.3,19.8,317.6,1459.0,3665,0,11,63.0,2.6,6.6,-20,-0.5
SITE278,2003,26.9,13.4,19.9,417.1,1453.0,3689,0,11,64.0,2.8,6.4,5,-0.37
SITE278,2004,27.0,13.5,20.0,368.3,1462.0,3704,0,11,63.0,2.8,6.4,-7,-0.29
SITE278,2005,26.9,13.4,19.9,277.1,1469.0,3690,0,11,63.0,2.3,6.4,-30,-0.37
SITE278,2006,27.0,13.5,20.0,402.7,1457.0,3701,0,11,63.0,2.4,6.5,1,-0.31
SITE278,2007,27.1,13.6,20.1,292.4,1475.0,3727,0,11,62.0,2.5,6.7,-27,-0.17
SITE278,2008,27.2,13.8,20.2,495.6,1457.0,3749,0,11,63.0,2.3,6.2,25,-0.05
SITE278,2009,27.2,13.8,20.2,390.8,1469.0,3755,0,11,62.0,2.5,6.3,-2,-0.02
SITE278,2010,27.4,13.9,20.4,487.8,1463.0,3777,0,11,62.0,2.8,6.2,23,0.1
SITE278,2011,27.5,14.0,20.5,398.1,1477.0,3794,0,11,61.0,2.8,6.4,0,0.19
SITE278,2012,27.6,14.2,20.6,513.0,1471.0,3827,0,11,61.0,2.2,6.2,29,0.36
SITE278,2013,27.7,14.3,20.7,437.9,1483.0,3849,0,12,60.0,2.4,6.4,10,0.48
SITE278,2014,27.7,14.2,20.7,357.6,1491.0,3841,0,12,60.0,2.6,6.4,-10,0.44
SITE278,2015,27.7,14.3,20.7,389.4,1489.0,3849,0,12,60.0,2.5,6.6,-2,0.48
SITE278,2016,27.9,14.5,20.9,372.9,1497.0,3881,0,12,59.0,2.7,6.3,-6,0.65
SITE278,2017,28.0,14.5,21.0,268.4,1511.0,3889,0,12,58.0,2.7,6.5,-33,0.69
SITE278,2018,27.9,14.4,20.9,272.3,1508.0,3877,0,12,59.0,2.7,6.4,-32,0.63
SITE278,2019,27.9,14.5,20.9,390.8,1495.0,3881,0,12,59.0,2.5,6.0,-2,0.65
SITE278,2020,27.9,14.5,20.9,305.6,1506.0,3885,0,12,59.0,3.1,6.4,-23,0.67
SITE278,2021,27.9,14.4,20.9,184.6,1517.0,3872,0,12,58.0,2.4,6.6,-54,0.61
SITE278,2022,27.9,14.4,20.9,105.7,1526.0,3876,0,12,57.0,3.0,6.8,-73,0.62
SITE278,2023,27.9,14.5,20.9,389.6,1496.0,3882,0,12,59.0,2.4,6.4,-2,0.65
SITE278,2024,27.9,14.4,20.9,350.6,1498.0,3871,0,12,59.0,2.6,6.4,-12,0.6
SITE279,1991,16.0,6.2,10.9,1049.8,812.0,943,1,0,66.0,2.4,6.2,11,-0.9
SITE279,1992,16.1,6.3,11.0,950.7,815.0,945,1,0,65.0,2.6,6.3,1,-0.86
SITE279,1993,16.2,6.3,11.1,688.6,825.0,950,1,0,64.0,2.7,6.9,-27,-0.77
SITE279,1994,16.2,6.3,11.0,1153.4,812.0,949,1,0,66.0,3.0,6.2,22,-0.79
SITE279,1995,16.2,6.4,11.1,590.5,828.0,951,1,0,64.0,2.6,6.4,-37,-0.75
SITE279,1996,16.2,6.4,11.1,959.7,819.0,951,1,0,65.0,2.6,6.7,2,-0.73
SITE279,1997,16.3,6.5,11.2,829.5,826.0,958,1,0,64.0,2.6,6.5,-12,-0.59
SITE279,1998,16.5,6.6,11.4,977.1,826.0,964,1,0,64.0,2.7,6.3,4,-0.48
SITE279,1999,16.5,6.7,11.4,930.5,828.0,967,1,0,64.0,2.5,5.9,-1,-0.42
SITE279,2000,16.5,6.7,11.4,696.8,834.0,966,1,0,63.0,2.6,6.4,-26,-0.44
SITE279,2001,16.5,6.7,11.4,955.1,827.0,966,1,0,64.0,2.5,6.3,1,-0.44
SITE279,2002,16.6,6.8,11.5,744.1,836.0,971,1,0,63.0,2.6,6.7,-21,-0.33
SITE279,2003,16.7,6.9,11.6,1189.6,827.0,976,1,0,64.0,2.6,6.0,26,-0.24
SITE279,2004,16.8,7.0,11.7,797.9,840.0,981,1,0,62.0,2.5,6.6,-15,-0.13
SITE279,2005,16.8,7.0,11.7,794.4,840.0,980,1,0,62.0,2.3,6.2,-16,-0.15
SITE279,2006,16.9,7.1,11.8,919.5,839.0,986,1,0,62.0,2.9,6.2,-2,-0.04
SITE279,2007,16.9,7.1,11.8,780.1,844.0,987,1,0,62.0,2.5,6.4,-17,-0.01
SITE279,2008,17.0,7.2,11.9,762.0,848.0,993,1,0,61.0,2.2,6.2,-19,0.11
SITE279,2009,17.3,7.4,12.1,689.1,856.0,1003,1,0,60.0,2.2,6.6,-27,0.31
SITE279,2010,17.3,7.5,12.2,1111.0,846.0,1006,1,0,61.0,2.3,6.4,18,0.37
SITE279,2011,17.4,7.6,12.3,1164.7,848.0,1012,1,0,61.0,2.4,6.1,24,0.5
SITE279,2012,17.4,7.6,12.3,1003.9,851.0,1010,1,0,60.0,2.4,6.3,7,0.46
SITE279,2013,17.4,7.5,12.3,1123.9,847.0,1008,1,0,61.0,2.6,6.1,19,0.42
SITE279,2014,17.4,7.6,12.3,809.1,857.0,1011,1,0,60.0,2.5,6.7,-14,0.48
SITE279,2015,17.4,7.6,12.3,750.9,858.0,1010,1,0,60.0,2.4,6.4,-20,0.45
SITE279,2016,17.4,7.5,12.3,980.0,851.0,1009,1,0,60.0,2.5,6.5,4,0.44
SITE279,2017,17.3,7.5,12.2,745.6,857.0,1007,1,0,60.0,2.2,6.4,-21,0.4
SITE279,2018,17.4,7.5,12.2,950.8,852.0,1008,1,0,60.0,2.6,6.6,1,0.41
SITE279,2019,17.4,7.6,12.3,1212.3,846.0,1011,1,0,61.0,2.6,5.9,29,0.47
SITE279,2020,17.5,7.7,12.4,860.4,858.0,1015,1,0,60.0,2.6,6.6,-9,0.55
SITE279,2021,17.6,7.8,12.5,1097.6,854.0,1019,1,0,60.0,2.2,6.2,17,0.64
SITE279,2022,17.6,7.8,12.5,1489.3,844.0,1020,1,0,61.0,2.3,6.0,58,0.66
SITE279,2023,17.6,7.8,12.5,793.6,864.0,1022,1,0,59.0,2.3,6.4,-16,0.69
SITE279,2024,17.6,7.8,12.5,927.8,860.0,1021,1,0,59.0,2.7,6.5,-2,0.68
SITE280,1991,15.8,5.4,10.4,859.7,827.0,832,22,0,65.0,2.7,6.4,27,-0.51
SITE280,1992,15.8,5.3,10.4,490.7,840.0,831,22,0,63.0,2.8,6.5,-27,-0.54
SITE280,1993,15.8,5.3,10.4,601.9,835.0,830,22,0,64.0,2.1,6.6,-11,-0.55
SITE280,1994,15.8,5.3,10.3,587.1,835.0,830,22,0,64.0,2.3,6.0,-13,-0.57
SITE280,1995,15.8,5.4,10.4,737.7,831.0,831,22,0,64.0,2.8,6.4,9,-0.53
SITE280,1996,16.0,5.5,10.5,865.8,831.0,838,22,0,64.0,2.2,6.1,28,-0.38
SITE280,1997,16.0,5.5,10.5,561.4,842.0,837,22,0,63.0,2.4,6.6,-17,-0.39
SITE280,1998,16.0,5.5,10.6,542.8,844.0,839,22,0,63.0,2.4,6.4,-20,-0.34
SITE280,1999,15.9,5.5,10.5,678.9,836.0,836,22,0,64.0,2.6,6.4,0,-0.43
SITE280,2000,16.0,5.5,10.6,652.9,839.0,839,22,0,63.0,2.6,6.2,-3,-0.35
SITE280,2001,16.2,5.7,10.7,733.9,841.0,846,22,0,63.0,2.9,6.3,9,-0.19
SITE280,2002,16.2,5.8,10.8,617.3,848.0,849,22,0,62.0,2.5,6.5,-9,-0.11
SITE280,2003,16.4,5.9,10.9,535.5,855.0,855,21,0,61.0,2.4,6.3,-21,0.03
SITE280,2004,16.4,6.0,11.0,750.9,849.0,858,21,0,62.0,2.7,5.9,11,0.1
SITE280,2005,16.4,5.9,10.9,876.7,842.0,855,21,0,63.0,2.3,6.4,30,0.02
SITE280,2006,16.5,6.0,11.0,529.6,858.0,860,21,0,61.0,2.3,6.5,-22,0.14
SITE280,2007,16.5,6.0,11.0,484.8,860.0,860,21,0,61.0,2.6,6.5,-28,0.14
SITE280,2008,16.6,6.1,11.2,507.3,863.0,865,21,0,60.0,2.7,6.4,-25,0.26
SITE280,2009,16.7,6.2,11.3,996.8,847.0,869,21,0,62.0,2.4,5.9,47,0.35
SITE280,2010,16.7,6.2,11.3,723.1,858.0,869,21,0,61.0,2.4,6.4,7,0.36
SITE280,2011,16.7,6.3,11.3,442.0,869.0,870,21,0,59.0,2.3,6.5,-35,0.37
SITE280,2012,16.6,6.1,11.1,595.8,858.0,863,21,0,61.0,2.3,6.5,-12,0.22
SITE280,2013,16.5,6.1,11.1,660.6,855.0,862,21,0,61.0,2.8,6.2,-2,0.19
SITE280,2014,16.5,6.0,11.1,869.7,846.0,861,21,0,62.0,2.4,6.2,29,0.16
SITE280,2015,16.6,6.1,11.1,767.3,852.0,863,21,0,62.0,2.4,6.1,14,0.22
SITE280,2016,16.5,6.1,11.1,818.5,849.0,862,21,0,62.0,2.4,5.9,21,0.19
SITE280,2017,16.5,6.0,11.0,530.0,858.0,859,21,0,61.0,2.4,6.7,-22,0.13
SITE280,2018,16.5,6.0,11.1,1111.9,837.0,861,21,0,63.0,2.2,6.0,64,0.16
SITE280,2019,16.6,6.1,11.1,618.8,857.0,863,21,0,61.0,2.4,6.5,-8,0.22
SITE280,2020,16.6,6.1,11.1,1086.5,840.0,863,21,0,63.0,2.5,6.2,61,0.22
SITE280,2021,16.7,6.2,11.2,845.1,852.0,868,21,0,61.0,2.5,6.0,25,0.34
SITE280,2022,16.6,6.1,11.2,940.9,846.0,865,21,0,62.0,2.4,6.1,39,0.25
SITE280,2023,16.7,6.2,11.3,503.3,866.0,869,21,0,60.0,2.4,6.4,-26,0.35
SITE280,2024,16.8,6.4,11.4,821.3,858.0,875,21,0,61.0,2.7,6.2,22,0.5
SITE281,1991,18.1,10.1,13.9,924.5,740.0,1612,0,0,65.0,2.8,6.2,17,-0.66
SITE281,1992,18.0,10.0,13.9,947.2,739.0,1610,0,0,65.0,3.0,6.4,20,-0.68
SITE281,1993,17.9,9.9,13.8,729.4,743.0,1603,0,0,65.0,2.4,6.2,-8,-0.77
SITE281,1994,18.0,10.0,13.8,641.6,747.0,1607,0,0,64.0,2.3,6.9,-19,-0.71
SITE281,1995,18.0,10.0,13.9,910.2,740.0,1609,0,0,65.0,2.5,6.4,15,-0.7
SITE281,1996,18.1,10.1,13.9,851.2,743.0,1613,0,0,65.0,2.4,6.3,8,-0.65
SITE281,1997,18.1,10.1,14.0,868.0,743.0,1617,0,0,65.0,2.7,6.1,10,-0.6
SITE281,1998,18.2,10.2,14.0,809.8,747.0,1624,0,0,64.0,2.3,6.2,3,-0.52
SITE281,1999,18.2,10.2,14.1,591.1,754.0,1627,0,0,63.0,2.3,6.6,-25,-0.48
SITE281,2000,18.3,10.3,14.1,734.2,751.0,1631,0,0,64.0,2.0,6.8,-7,-0.43
SITE281,2001,18.3,10.3,14.2,1053.2,743.0,1636,0,0,64.0,3.1,6.1,33,-0.37
SITE281,2002,18.4,10.4,14.3,921.1,749.0,1645,0,0,64.0,2.3,6.2,17,-0.27
SITE281,2003,18.5,10.5,14.3,1025.1,747.0,1647,0,0,64.0,2.6,6.1,30,-0.24
SITE281,2004,18.5,10.5,14.4,824.6,755.0,1653,0,0,63.0,2.8,6.2,4,-0.17
SITE281,2005,18.5,10.5,14.3,623.2,759.0,1648,0,0,62.0,2.5,6.5,-21,-0.22
SITE281,2006,18.6,10.6,14.4,868.1,754.0,1657,0,0,63.0,2.5,6.2,10,-0.12
SITE281,2007,18.7,10.7,14.6,1025.9,753.0,1669,0,0,63.0,2.5,6.1,30,0.03
SITE281,2008,18.8,10.8,14.6,1275.1,747.0,1673,0,0,64.0,2.6,6.1,61,0.08
SITE281,2009,18.8,10.8,14.7,557.7,769.0,1675,0,0,61.0,2.8,6.6,-29,0.1
SITE281,2010,18.9,10.9,14.7,638.6,768.0,1680,0,0,61.0,2.4,6.3,-19,0.16
SITE281,2011,19.0,11.0,14.8,758.7,766.0,1687,0,0,61.0,2.7,6.4,-4,0.25
SITE281,2012,19.0,11.0,14.8,852.8,765.0,1692,0,0,61.0,2.4,6.4,8,0.3
SITE281,2013,19.1,11.1,14.9,698.6,771.0,1700,0,0,60.0,2.3,6.4,-12,0.4
SITE281,2014,19.1,11.1,14.9,1001.7,762.0,1699,0,0,61.0,2.5,6.4,27,0.39
SITE281,2015,19.2,11.2,15.0,510.4,778.0,1705,0,0,59.0,2.4,6.5,-35,0.46
SITE281,2016,19.2,11.2,15.0,644.4,775.0,1706,0,0,60.0,2.6,6.5,-18,0.46
SITE281,2017,19.1,11.1,14.9,683.0,771.0,1697,0,0,60.0,2.8,6.5,-14,0.36
SITE281,2018,19.2,11.2,15.0,836.8,769.0,1704,0,0,60.0,2.1,6.5,6,0.44
SITE281,2019,19.2,11.2,15.1,967.4,767.0,1711,0,0,61.0,2.8,6.4,22,0.52
SITE281,2020,19.4,11.4,15.2,661.2,778.0,1721,0,0,59.0,2.3,6.5,-16,0.65
SITE281,2021,19.3,11.3,15.2,894.6,771.0,1719,0,0,60.0,2.5,6.1,13,0.63
SITE281,2022,19.4,11.4,15.2,592.4,782.0,1725,0,0,58.0,2.4,6.5,-25,0.69
SITE281,2023,19.5,11.5,15.3,1114.1,768.0,1731,0,0,60.0,2.7,6.0,41,0.76
SITE281,2024,19.6,11.6,15.4,807.0,780.0,1742,0,0,58.0,2.2,6.4,2,0.9
SITE282,1991,17.1,8.4,12.6,507.4,752.0,1224,0,0,65.0,2.4,6.4,-11,-0.81
SITE282,1992,17.1,8.4,12.6,543.5,751.0,1225,0,0,65.0,2.5,6.2,-5,-0.79
SITE282,1993,17.0,8.3,12.5,444.5,752.0,1218,0,0,65.0,2.5,6.7,-22,-0.9
SITE282,1994,17.0,8.4,12.5,516.9,750.0,1221,0,0,65.0,2.6,6.7,-10,-0.85
SITE282,1995,17.0,8.4,12.5,594.1,748.0,1223,0,0,65.0,2.9,6.4,4,-0.82
SITE282,1996,17.1,8.5,12.6,442.3,756.0,1228,0,0,64.0,2.3,6.5,-23,-0.75
SITE282,1997,17.2,8.6,12.7,373.5,761.0,1234,0,0,64.0,2.6,6.5,-35,-0.65
SITE282,1998,17.2,8.6,12.7,474.8,758.0,1235,0,0,64.0,2.5,6.5,-17,-0.63
SITE282,1999,17.3,8.6,12.8,677.5,750.0,1236,0,0,65.0,2.4,6.3,18,-0.62
SITE282,2000,17.4,8.8,12.9,499.0,761.0,1246,0,0,63.0,1.9,6.8,-13,-0.46
SITE282,2001,17.4,8.8,13.0,590.5,758.0,1249,0,0,64.0,2.3,6.3,3,-0.42
SITE282,2002,17.4,8.7,12.9,861.6,745.0,1243,0,0,66.0,2.7,6.1,51,-0.51
SITE282,2003,17.5,8.9,13.1,526.4,763.0,1255,0,0,63.0,2.6,6.4,-8,-0.32
SITE282,2004,17.7,9.0,13.2,688.8,759.0,1262,0,0,63.0,2.4,6.0,20,-0.22
SITE282,2005,17.7,9.0,13.2,317.6,775.0,1264,0,0,61.0,2.5,6.6,-44,-0.18
SITE282,2006,17.7,9.0,13.2,339.7,774.0,1265,0,0,61.0,2.6,6.8,-41,-0.17
SITE282,2007,17.9,9.2,13.4,337.2,778.0,1275,0,0,61.0,2.5,6.7,-41,-0.01
SITE282,2008,17.9,9.2,13.4,448.7,775.0,1278,0,0,61.0,2.3,6.6,-22,0.03
SITE282,2009,17.9,9.2,13.4,553.1,770.0,1275,0,0,62.0,2.6,6.4,-3,-0.02
SITE282,2010,18.1,9.4,13.6,488.2,778.0,1290,0,0,61.0,2.5,6.6,-15,0.23
SITE282,2011,18.1,9.5,13.6,437.7,781.0,1291,0,0,60.0,2.2,6.5,-23,0.25
SITE282,2012,18.0,9.4,13.5,468.5,778.0,1286,0,0,61.0,2.6,6.1,-18,0.17
SITE282,2013,18.1,9.4,13.6,583.2,775.0,1290,0,0,61.0,2.5,6.1,2,0.23
SITE282,2014,18.2,9.6,13.7,485.2,782.0,1299,0,0,60.0,2.3,6.2,-15,0.36
SITE282,2015,18.3,9.7,13.8,554.1,781.0,1305,0,0,60.0,2.7,6.4,-3,0.46
SITE282,2016,18.4,9.7,13.9,503.6,785.0,1310,0,0,60.0,2.4,6.6,-12,0.53
SITE282,2017,18.5,9.9,14.0,525.8,788.0,1318,0,0,59.0,2.4,6.6,-8,0.66
SITE282,2018,18.5,9.9,14.0,580.8,785.0,1318,0,0,59.0,2.5,6.1,2,0.66
SITE282,2019,18.5,9.9,14.0,602.1,784.0,1318,0,0,60.0,2.4,6.1,5,0.66
SITE282,2020,18.6,10.0,14.1,609.3,787.0,1325,0,0,59.0,2.7,6.1,7,0.77
SITE282,2021,18.7,10.1,14.2,584.5,790.0,1331,0,0,59.0,2.5,6.2,2,0.88
SITE282,2022,18.9,10.2,14.4,812.4,784.0,1340,0,0,59.0,2.6,6.0,42,1.01
SITE282,2023,18.9,10.3,14.4,518.9,798.0,1344,0,0,57.0,2.8,6.4,-9,1.08
SITE282,2024,19.0,10.4,14.5,504.5,801.0,1350,0,0,57.0,3.1,6.2,-12,1.17
SITE283,1991,17.9,9.9,13.7,594.2,734.0,1597,0,0,65.0,2.4,6.4,-8,-0.83
SITE283,1992,17.9,9.9,13.7,748.1,729.0,1597,0,0,66.0,2.2,6.1,16,-0.82
SITE283,1993,18.0,10.0,13.8,537.6,738.0,1605,0,0,64.0,2.1,6.3,-16,-0.72
SITE283,1994,18.1,10.1,13.9,957.4,726.0,1612,0,0,66.0,2.6,6.2,49,-0.64
SITE283,1995,18.1,10.1,14.0,630.1,738.0,1616,0,0,64.0,2.9,6.4,-2,-0.59
SITE283,1996,18.1,10.1,14.0,711.4,736.0,1617,0,0,65.0,2.4,6.2,11,-0.59
SITE283,1997,18.2,10.2,14.0,669.3,739.0,1622,0,0,64.0,2.6,6.3,4,-0.52
SITE283,1998,18.3,10.3,14.2,717.5,740.0,1633,0,0,64.0,2.3,6.3,12,-0.4
SITE283,1999,18.3,10.3,14.1,615.7,743.0,1632,0,0,63.0,2.6,6.4,-4,-0.4
SITE283,2000,18.3,10.3,14.2,703.2,741.0,1633,0,0,64.0,2.6,6.1,9,-0.39
SITE283,2001,18.4,10.4,14.2,763.8,740.0,1638,0,0,64.0,2.5,6.3,19,-0.33
SITE283,2002,18.4,10.4,14.3,777.6,741.0,1643,0,0,64.0,2.6,6.4,21,-0.28
SITE283,2003,18.6,10.6,14.4,734.5,745.0,1655,0,0,63.0,2.8,6.2,14,-0.13
SITE283,2004,18.6,10.6,14.4,918.5,739.0,1656,0,0,64.0,2.3,5.8,43,-0.11
SITE283,2005,18.6,10.6,14.4,666.2,748.0,1656,0,0,63.0,2.2,6.4,4,-0.11
SITE283,2006,18.6,10.6,14.5,750.8,746.0,1657,0,0,63.0,2.4,6.2,17,-0.1
SITE283,2007,18.7,10.7,14.5,676.6,750.0,1663,0,0,62.0,3.0,6.3,5,-0.03
SITE283,2008,18.8,10.8,14.7,510.3,759.0,1675,0,0,61.0,2.5,6.6,-21,0.12
SITE283,2009,18.9,10.9,14.7,647.3,755.0,1677,0,0,61.0,2.9,6.4,1,0.14
SITE283,2010,18.9,10.9,14.8,716.4,755.0,1685,0,0,61.0,2.8,6.4,11,0.24
SITE283,2011,19.0,11.0,14.8,496.5,764.0,1690,0,0,60.0,2.3,6.2,-23,0.29
SITE283,2012,19.0,11.0,14.9,678.5,758.0,1693,0,0,61.0,2.4,6.1,6,0.32
SITE283,2013,19.1,11.1,14.9,614.9,761.0,1694,0,0,60.0,2.4,6.4,-4,0.34
SITE283,2014,19.1,11.1,14.9,718.6,757.0,1695,0,0,61.0,2.4,6.3,12,0.36
SITE283,2015,19.0,11.0,14.9,577.1,761.0,1691,0,0,60.0,2.1,6.6,-10,0.3
SITE283,2016,19.1,11.1,15.0,624.5,762.0,1700,0,0,60.0,2.9,6.3,-3,0.41
SITE283,2017,19.2,11.2,15.0,750.1,758.0,1703,0,0,61.0,2.6,6.4,17,0.45
SITE283,2018,19.1,11.1,15.0,675.3,760.0,1701,0,0,60.0,2.5,6.4,5,0.43
SITE283,2019,19.2,11.2,15.1,751.9,760.0,1710,0,0,60.0,2.6,6.2,17,0.53
SITE283,2020,19.3,11.3,15.2,738.6,763.0,1718,0,0,60.0,2.9,6.4,15,0.63
SITE283,2021,19.4,11.4,15.2,619.3,769.0,1723,0,0,59.0,2.3,6.3,-4,0.69
SITE283,2022,19.3,11.3,15.1,597.0,766.0,1712,0,0,60.0,2.6,6.4,-7,0.55
SITE283,2023,19.3,11.3,15.1,736.3,761.0,1712,0,0,60.0,2.7,6.3,15,0.56
SITE283,2024,19.3,11.3,15.2,556.5,769.0,1718,0,0,59.0,2.6,6.2,-13,0.63
SITE284,1991,17.7,9.7,13.6,470.5,732.0,1512,0,0,65.0,2.6,6.4,3,-0.71
SITE284,1992,17.8,9.8,13.6,640.9,726.0,1519,0,0,66.0,2.5,6.2,41,-0.63
SITE284,1993,17.8,9.8,13.7,468.3,735.0,1521,0,0,64.0,2.8,6.5,3,-0.6
SITE284,1994,17.8,9.8,13.7,502.0,733.0,1519,0,0,65.0,2.8,6.1,10,-0.63
SITE284,1995,17.8,9.8,13.7,407.5,738.0,1520,0,0,64.0,2.4,6.3,-11,-0.62
SITE284,1996,17.9,9.9,13.8,365.4,742.0,1528,0,0,63.0,2.7,6.7,-20,-0.51
SITE284,1997,18.0,10.0,13.9,505.8,738.0,1536,0,0,64.0,2.9,6.0,11,-0.41
SITE284,1998,18.0,10.0,13.8,457.1,739.0,1534,0,0,64.0,2.4,6.5,0,-0.43
SITE284,1999,18.1,10.1,13.9,468.7,740.0,1539,0,0,64.0,2.5,6.5,3,-0.37
SITE284,2000,18.1,10.1,14.0,528.1,739.0,1545,0,0,64.0,2.4,6.2,16,-0.3
SITE284,2001,18.2,10.2,14.1,378.9,748.0,1550,0,0,62.0,2.6,6.6,-17,-0.22
SITE284,2002,18.2,10.2,14.1,517.6,741.0,1551,0,0,63.0,2.6,6.2,14,-0.22
SITE284,2003,18.2,10.2,14.1,444.3,745.0,1551,0,0,63.0,3.0,6.3,-3,-0.21
SITE284,2004,18.2,10.2,14.1,376.4,748.0,1550,0,0,62.0,2.7,6.8,-17,-0.22
SITE284,2005,18.3,10.3,14.2,476.3,746.0,1561,0,0,63.0,2.4,6.1,4,-0.09
SITE284,2006,18.4,10.4,14.3,446.0,749.0,1566,0,0,62.0,2.2,6.5,-2,-0.03
SITE284,2007,18.5,10.5,14.3,562.6,746.0,1573,0,0,62.0,2.7,6.1,23,0.06
SITE284,2008,18.7,10.7,14.5,531.4,751.0,1585,0,0,62.0,3.0,6.1,17,0.22
SITE284,2009,18.6,10.6,14.5,491.4,752.0,1582,0,0,62.0,2.4,6.0,8,0.18
SITE284,2010,18.7,10.7,14.5,399.9,757.0,1585,0,0,61.0,2.5,6.5,-12,0.22
SITE284,2011,18.7,10.7,14.5,459.8,756.0,1589,0,0,61.0,2.8,6.3,1,0.27
SITE284,2012,18.7,10.7,14.6,428.1,758.0,1590,0,0,61.0,2.4,6.2,-6,0.28
SITE284,2013,18.8,10.8,14.6,481.2,757.0,1596,0,0,61.0,2.2,6.5,6,0.35
SITE284,2014,18.8,10.8,14.7,380.4,762.0,1599,0,0,60.0,2.5,6.6,-17,0.39
SITE284,2015,18.8,10.8,14.7,306.2,767.0,1600,0,0,59.0,2.4,6.5,-33,0.41
SITE284,2016,18.9,10.9,14.8,363.5,765.0,1606,0,0,59.0,2.6,6.4,-20,0.48
SITE284,2017,18.8,10.8,14.7,441.2,759.0,1598,0,0,60.0,2.5,6.4,-3,0.38
SITE284,2018,18.7,10.7,14.5,500.0,753.0,1588,0,0,61.0,2.3,6.2,10,0.25
SITE284,2019,18.7,10.7,14.6,475.3,755.0,1590,0,0,61.0,2.3,6.3,4,0.28
SITE284,2020,18.9,10.9,14.7,269.8,769.0,1601,0,0,59.0,2.8,6.8,-41,0.42
SITE284,2021,18.9,10.9,14.8,429.6,762.0,1607,0,0,60.0,2.4,6.6,-6,0.49
SITE284,2022,18.9,10.9,14.8,286.5,770.0,1607,0,0,59.0,2.5,6.6,-37,0.49
SITE284,2023,19.0,11.0,14.8,471.7,761.0,1608,0,0,60.0,2.3,6.5,3,0.51
SITE284,2024,18.9,10.9,14.8,364.7,766.0,1607,0,0,59.0,2.6,6.4,-20,0.5
SITE285,1991,20.2,11.2,15.5,643.7,970.0,2128,0,0,63.0,2.3,6.5,-19,-0.4
SITE285,1992,20.2,11.2,15.6,659.6,971.0,2132,0,0,63.0,2.6,6.5,-17,-0.37
SITE285,1993,20.3,11.3,15.6,527.3,978.0,2141,0,0,62.0,2.6,6.5,-33,-0.28
SITE285,1994,20.2,11.2,15.5,703.9,968.0,2130,0,0,63.0,2.2,6.7,-11,-0.39
SITE285,1995,20.3,11.3,15.6,721.8,969.0,2134,0,0,63.0,2.4,6.3,-9,-0.35
SITE285,1996,20.3,11.3,15.6,617.9,973.0,2135,0,0,63.0,2.5,6.5,-22,-0.34
SITE285,1997,20.2,11.2,15.6,582.6,973.0,2132,0,0,63.0,2.6,6.4,-26,-0.37
SITE285,1998,20.3,11.3,15.6,578.6,975.0,2137,0,0,63.0,2.7,6.5,-27,-0.33
SITE285,1999,20.3,11.3,15.6,410.3,981.0,2136,0,0,62.0,2.7,6.7,-48,-0.33
SITE285,2000,20.3,11.3,15.6,707.4,971.0,2142,0,0,63.0,2.7,6.2,-11,-0.28
SITE285,2001,20.3,11.3,15.6,495.4,979.0,2141,0,0,62.0,2.2,6.4,-37,-0.29
SITE285,2002,20.4,11.4,15.7,875.3,967.0,2150,0,0,63.0,2.5,6.0,11,-0.2
SITE285,2003,20.4,11.4,15.8,853.8,969.0,2153,0,0,63.0,2.3,6.0,8,-0.18
SITE285,2004,20.3,11.3,15.6,781.5,968.0,2141,0,0,63.0,2.5,6.3,-1,-0.29
SITE285,2005,20.3,11.4,15.7,1035.6,960.0,2144,0,0,64.0,2.3,6.1,31,-0.26
SITE285,2006,20.4,11.4,15.7,472.4,982.0,2149,0,0,62.0,2.7,6.7,-40,-0.21
SITE285,2007,20.5,11.5,15.9,830.6,973.0,2164,0,0,62.0,2.6,6.6,5,-0.08
SITE285,2008,20.5,11.6,15.9,853.5,972.0,2166,0,0,62.0,2.8,6.7,8,-0.06
SITE285,2009,20.5,11.5,15.8,678.5,978.0,2163,0,0,62.0,2.7,6.2,-14,-0.08
SITE285,2010,20.6,11.6,16.0,1058.1,967.0,2176,0,0,63.0,2.4,6.0,34,0.03
SITE285,2011,20.6,11.6,15.9,1127.2,963.0,2169,0,0,63.0,2.3,6.3,43,-0.03
SITE285,2012,20.6,11.6,15.9,814.5,975.0,2172,0,0,62.0,2.1,6.2,3,-0.0
SITE285,2013,20.8,11.8,16.1,703.3,984.0,2188,0,0,61.0,2.5,6.5,-11,0.15
SITE285,2014,20.8,11.8,16.1,1013.9,973.0,2192,0,0,62.0,2.2,6.0,28,0.18
SITE285,2015,20.8,11.8,16.1,680.4,987.0,2196,0,0,61.0,2.4,6.7,-14,0.22
SITE285,2016,20.8,11.8,16.1,803.6,982.0,2195,0,0,61.0,2.4,6.1,2,0.21
SITE285,2017,20.9,11.9,16.2,873.2,982.0,2204,0,0,61.0,2.4,6.5,10,0.29
SITE285,2018,20.9,12.0,16.3,938.8,981.0,2209,0,0,61.0,2.7,6.4,19,0.34
SITE285,2019,21.1,12.1,16.4,927.3,984.0,2221,0,0,61.0,2.7,6.5,17,0.45
SITE285,2020,21.2,12.2,16.5,938.4,987.0,2233,0,0,60.0,2.8,6.2,19,0.56
SITE285,2021,21.2,12.2,16.5,1282.1,975.0,2236,0,0,62.0,2.5,6.0,62,0.58
SITE285,2022,21.3,12.3,16.6,819.7,995.0,2245,0,0,59.0,2.4,6.0,4,0.67
SITE285,2023,21.3,12.4,16.7,873.3,995.0,2252,0,0,59.0,2.4,6.3,10,0.74
SITE285,2024,21.3,12.3,16.6,403.6,1012.0,2250,0,0,58.0,2.3,6.7,-49,0.72
SITE286,1991,19.0,9.3,13.9,478.2,965.0,1598,0,0,63.0,2.7,6.5,-13,-0.46
SITE286,1992,19.0,9.3,14.0,668.6,957.0,1604,0,0,64.0,2.4,6.1,22,-0.39
SITE286,1993,19.1,9.4,14.1,632.4,961.0,1610,0,0,64.0,2.5,6.4,15,-0.32
SITE286,1994,19.1,9.4,14.0,283.9,978.0,1605,0,0,62.0,2.4,6.6,-48,-0.38
SITE286,1995,19.1,9.4,14.0,565.0,963.0,1606,0,0,64.0,2.4,6.2,3,-0.37
SITE286,1996,19.2,9.5,14.1,556.1,967.0,1614,0,0,63.0,2.4,6.4,1,-0.27
SITE286,1997,19.2,9.5,14.1,470.2,972.0,1615,0,0,63.0,2.3,6.6,-14,-0.25
SITE286,1998,19.0,9.3,14.0,613.6,959.0,1602,0,0,64.0,2.3,6.5,12,-0.42
SITE286,1999,19.0,9.3,14.0,558.1,963.0,1604,0,0,64.0,2.5,6.6,2,-0.39
SITE286,2000,19.0,9.3,14.0,508.5,965.0,1602,0,0,63.0,2.6,6.3,-7,-0.41
SITE286,2001,19.1,9.4,14.1,357.4,976.0,1611,0,0,62.0,2.6,6.3,-35,-0.3
SITE286,2002,19.2,9.5,14.1,312.3,979.0,1614,0,0,62.0,2.5,6.8,-43,-0.27
SITE286,2003,19.2,9.5,14.1,622.9,964.0,1615,0,0,63.0,2.3,6.2,14,-0.25
SITE286,2004,19.4,9.7,14.4,387.6,982.0,1633,0,0,61.0,2.1,6.1,-29,-0.04
SITE286,2005,19.3,9.6,14.3,247.3,988.0,1626,0,0,61.0,2.6,6.8,-55,-0.12
SITE286,2006,19.4,9.7,14.3,429.0,979.0,1630,0,0,62.0,2.6,6.8,-22,-0.08
SITE286,2007,19.4,9.7,14.4,415.2,982.0,1636,0,0,61.0,2.5,6.4,-24,-0.01
SITE286,2008,19.4,9.7,14.3,588.8,971.0,1631,0,0,62.0,2.3,6.2,7,-0.07
SITE286,2009,19.4,9.7,14.4,753.1,965.0,1637,0,0,63.0,2.4,6.0,37,0.01
SITE286,2010,19.5,9.8,14.5,540.0,978.0,1643,0,0,62.0,2.4,6.5,-1,0.08
SITE286,2011,19.5,9.8,14.5,647.8,973.0,1645,0,0,62.0,2.7,6.3,18,0.1
SITE286,2012,19.7,10.0,14.6,288.4,996.0,1656,0,0,60.0,2.7,6.7,-47,0.24
SITE286,2013,19.7,10.0,14.7,275.8,999.0,1660,0,0,59.0,3.1,6.9,-50,0.29
SITE286,2014,19.7,10.0,14.7,489.1,987.0,1660,0,0,61.0,2.4,6.3,-11,0.29
SITE286,2015,19.7,10.0,14.7,440.9,989.0,1658,0,0,60.0,2.9,6.3,-20,0.26
SITE286,2016,19.8,10.1,14.7,433.8,992.0,1664,0,0,60.0,2.6,6.4,-21,0.34
SITE286,2017,19.8,10.1,14.8,655.9,980.0,1666,0,0,61.0,2.7,6.0,20,0.36
SITE286,2018,19.9,10.2,14.9,653.0,984.0,1675,0,0,61.0,2.4,6.3,19,0.47
SITE286,2019,19.8,10.1,14.8,761.9,975.0,1668,0,0,62.0,2.2,6.2,39,0.39
SITE286,2020,19.8,10.1,14.8,636.0,982.0,1666,0,0,61.0,2.4,6.1,16,0.37
SITE286,2021,19.8,10.1,14.8,411.8,994.0,1668,0,0,60.0,2.5,6.5,-25,0.39
SITE286,2022,19.9,10.1,14.8,358.8,998.0,1670,0,0,59.0,2.2,6.8,-35,0.41
SITE286,2023,19.8,10.1,14.8,317.4,999.0,1666,0,0,59.0,2.1,6.6,-42,0.36
SITE286,2024,19.9,10.2,14.8,464.7,993.0,1673,0,0,60.0,2.2,6.5,-15,0.45
SITE287,1991,18.0,7.0,12.3,613.3,898.0,1311,4,0,65.0,2.2,6.1,15,-0.67
SITE287,1992,18.1,7.1,12.4,552.4,903.0,1315,4,0,65.0,2.5,6.4,3,-0.6
SITE287,1993,18.2,7.2,12.4,339.9,915.0,1318,4,0,63.0,2.5,6.6,-36,-0.56
SITE287,1994,18.3,7.3,12.5,547.0,908.0,1326,4,0,64.0,2.4,6.4,2,-0.44
SITE287,1995,18.3,7.3,12.5,927.6,889.0,1326,4,0,66.0,2.4,6.1,73,-0.44
SITE287,1996,18.3,7.3,12.6,574.7,909.0,1331,4,0,64.0,2.5,6.3,7,-0.37
SITE287,1997,18.4,7.4,12.7,491.3,914.0,1333,4,0,63.0,2.3,6.3,-8,-0.33
SITE287,1998,18.4,7.4,12.6,463.9,915.0,1332,4,0,63.0,2.7,6.4,-13,-0.35
SITE287,1999,18.5,7.5,12.8,565.2,914.0,1340,4,0,63.0,2.5,6.4,6,-0.23
SITE287,2000,18.5,7.5,12.8,417.2,921.0,1340,4,0,62.0,2.3,6.4,-22,-0.23
SITE287,2001,18.4,7.4,12.7,397.7,920.0,1335,4,0,62.0,2.6,6.4,-26,-0.3
SITE287,2002,18.4,7.4,12.7,384.4,921.0,1336,4,0,62.0,2.5,6.7,-28,-0.29
SITE287,2003,18.4,7.4,12.7,374.4,920.0,1334,4,0,62.0,2.1,6.4,-30,-0.33
SITE287,2004,18.5,7.5,12.8,667.7,909.0,1341,4,0,64.0,2.6,6.1,25,-0.22
SITE287,2005,18.5,7.5,12.7,516.5,915.0,1339,4,0,63.0,2.4,6.5,-3,-0.25
SITE287,2006,18.4,7.4,12.7,605.2,910.0,1337,4,0,64.0,2.3,6.1,13,-0.28
SITE287,2007,18.6,7.6,12.9,543.3,917.0,1347,4,0,63.0,2.9,6.4,2,-0.13
SITE287,2008,18.7,7.7,12.9,493.1,922.0,1352,4,0,62.0,2.5,6.2,-8,-0.06
SITE287,2009,18.7,7.7,13.0,586.1,920.0,1357,4,0,62.0,2.2,6.2,10,0.02
SITE287,2010,18.8,7.8,13.1,410.0,931.0,1362,4,0,61.0,2.8,6.8,-23,0.09
SITE287,2011,18.8,7.8,13.0,451.2,928.0,1359,4,0,61.0,2.4,6.4,-16,0.05
SITE287,2012,18.9,7.8,13.1,527.3,926.0,1365,4,0,61.0,2.3,6.7,-1,0.14
SITE287,2013,18.9,7.9,13.2,763.8,917.0,1371,4,0,62.0,2.4,6.1,43,0.22
SITE287,2014,18.9,7.9,13.2,672.9,920.0,1369,4,0,62.0,2.4,6.2,26,0.19
SITE287,2015,19.0,8.0,13.3,341.5,942.0,1378,4,0,60.0,2.6,6.8,-36,0.33
SITE287,2016,19.1,8.1,13.4,819.1,920.0,1385,3,0,62.0,2.4,5.8,53,0.43
SITE287,2017,19.2,8.2,13.5,434.6,941.0,1388,3,0,60.0,2.3,6.5,-19,0.47
SITE287,2018,19.2,8.2,13.5,552.5,935.0,1387,3,0,60.0,2.4,6.7,3,0.46
SITE287,2019,19.1,8.1,13.4,416.8,940.0,1384,3,0,60.0,2.5,6.5,-22,0.42
SITE287,2020,19.2,8.2,13.4,580.4,933.0,1386,3,0,60.0,2.3,6.1,8,0.45
SITE287,2021,19.3,8.3,13.6,532.9,940.0,1396,3,0,60.0,2.5,6.4,0,0.59
SITE287,2022,19.4,8.4,13.7,795.4,929.0,1402,3,0,61.0,2.5,6.0,49,0.68
SITE287,2023,19.5,8.5,13.8,518.4,946.0,1409,3,0,59.0,2.8,6.3,-3,0.78
SITE287,2024,19.5,8.5,13.7,454.2,949.0,1407,3,0,59.0,2.9,6.6,-15,0.76
SITE288,1991,17.4,5.8,11.4,327.2,908.0,1165,29,0,64.0,2.5,6.4,-17,-0.6
SITE288,1992,17.5,5.9,11.5,438.5,904.0,1171,29,0,64.0,2.2,6.1,11,-0.49
SITE288,1993,17.5,5.9,11.5,417.9,906.0,1172,29,0,64.0,2.4,6.1,6,-0.48
SITE288,1994,17.6,6.0,11.6,240.9,920.0,1176,29,0,62.0,2.5,6.2,-39,-0.41
SITE288,1995,17.7,6.1,11.7,394.1,914.0,1184,29,0,63.0,2.4,6.4,0,-0.28
SITE288,1996,17.8,6.1,11.7,361.7,917.0,1187,29,0,63.0,2.1,6.8,-9,-0.23
SITE288,1997,17.8,6.2,11.8,233.2,927.0,1189,28,0,62.0,2.9,6.6,-41,-0.19
SITE288,1998,17.8,6.2,11.8,352.8,919.0,1189,28,0,62.0,2.7,6.3,-11,-0.2
SITE288,1999,17.9,6.3,11.9,420.6,918.0,1196,28,0,63.0,2.5,6.3,6,-0.08
SITE288,2000,18.0,6.3,11.9,478.5,915.0,1198,28,0,63.0,2.6,6.4,21,-0.05
SITE288,2001,18.0,6.3,11.9,411.5,919.0,1197,28,0,62.0,2.6,6.6,4,-0.06
SITE288,2002,17.8,6.2,11.8,449.4,913.0,1191,28,0,63.0,2.6,6.2,13,-0.17
SITE288,2003,17.8,6.2,11.8,406.7,915.0,1188,29,0,63.0,2.4,6.4,3,-0.21
SITE288,2004,17.8,6.2,11.7,489.1,909.0,1188,29,0,64.0,2.3,6.4,24,-0.22
SITE288,2005,17.8,6.1,11.7,317.0,919.0,1185,29,0,62.0,2.9,6.5,-20,-0.26
SITE288,2006,17.9,6.3,11.8,340.4,922.0,1194,28,0,62.0,2.5,6.5,-14,-0.12
SITE288,2007,17.9,6.3,11.9,433.4,916.0,1194,28,0,63.0,2.7,6.5,9,-0.11
SITE288,2008,17.9,6.3,11.9,273.5,928.0,1196,28,0,61.0,2.7,6.6,-31,-0.09
SITE288,2009,17.9,6.3,11.9,516.9,911.0,1195,28,0,63.0,2.4,6.1,31,-0.09
SITE288,2010,18.0,6.4,12.0,348.3,925.0,1200,28,0,62.0,2.7,6.4,-12,-0.01
SITE288,2011,18.1,6.4,12.0,470.2,919.0,1205,28,0,62.0,2.7,6.0,19,0.06
SITE288,2012,18.1,6.5,12.0,468.8,919.0,1205,28,0,62.0,2.5,6.2,18,0.08
SITE288,2013,18.1,6.5,12.1,445.7,922.0,1207,28,0,62.0,2.5,6.6,13,0.1
SITE288,2014,18.1,6.5,12.1,401.0,926.0,1208,28,0,62.0,2.6,6.3,1,0.13
SITE288,2015,18.0,6.4,12.0,479.2,917.0,1202,28,0,63.0,2.2,6.2,21,0.02
SITE288,2016,18.1,6.5,12.1,301.3,932.0,1207,28,0,61.0,2.3,6.3,-24,0.1
SITE288,2017,18.1,6.5,12.1,259.5,935.0,1208,28,0,60.0,2.5,6.4,-34,0.12
SITE288,2018,18.2,6.5,12.1,488.8,921.0,1211,28,0,62.0,2.5,6.3,23,0.17
SITE288,2019,18.3,6.7,12.3,488.8,925.0,1220,27,0,61.0,3.0,6.3,23,0.31
SITE288,2020,18.4,6.8,12.3,459.5,929.0,1223,27,0,61.0,2.3,6.2,16,0.37
SITE288,2021,18.5,6.8,12.4,357.5,939.0,1229,27,0,60.0,2.3,6.6,-10,0.47
SITE288,2022,18.7,7.0,12.6,481.6,936.0,1240,27,0,60.0,2.1,6.1,22,0.66
SITE288,2023,18.8,7.2,12.7,287.9,954.0,1247,26,0,58.0,2.3,6.4,-27,0.77
SITE288,2024,19.0,7.4,13.0,438.8,950.0,1260,26,0,58.0,2.3,6.2,11,0.99
SITE289,1991,20.1,8.3,13.9,533.8,1014.0,1724,3,0,63.0,2.4,6.5,-7,-0.32
SITE289,1992,20.1,8.3,13.9,515.0,1015.0,1723,3,0,63.0,2.7,6.3,-10,-0.33
SITE289,1993,20.1,8.3,13.9,418.4,1021.0,1724,3,0,62.0,2.2,6.3,-27,-0.32
SITE289,1994,20.2,8.4,14.0,493.0,1020.0,1733,3,0,62.0,2.5,6.3,-14,-0.21
SITE289,1995,20.2,8.4,14.1,645.3,1014.0,1739,3,0,63.0,2.8,6.5,13,-0.15
SITE289,1996,20.3,8.5,14.2,845.7,1005.0,1744,3,0,64.0,2.3,6.1,48,-0.09
SITE289,1997,20.3,8.5,14.1,475.5,1024.0,1743,3,0,62.0,2.7,6.4,-17,-0.1
SITE289,1998,20.3,8.5,14.1,419.9,1027.0,1741,3,0,62.0,2.5,6.6,-26,-0.13
SITE289,1999,20.4,8.6,14.3,435.7,1030.0,1753,3,0,61.0,2.6,6.3,-24,0.01
SITE289,2000,20.3,8.5,14.2,680.1,1016.0,1749,3,0,63.0,2.9,6.1,19,-0.04
SITE289,2001,20.3,8.5,14.1,550.0,1020.0,1741,3,0,62.0,2.8,6.5,-4,-0.13
SITE289,2002,20.2,8.4,14.1,384.5,1027.0,1736,3,0,62.0,2.4,6.5,-33,-0.18
SITE289,2003,20.2,8.4,14.0,455.6,1022.0,1733,3,0,62.0,2.5,6.7,-20,-0.22
SITE289,2004,20.2,8.4,14.1,471.2,1022.0,1735,3,0,62.0,2.7,6.5,-17,-0.19
SITE289,2005,20.3,8.5,14.1,645.5,1015.0,1742,3,0,63.0,2.5,6.2,13,-0.11
SITE289,2006,20.4,8.5,14.2,388.7,1031.0,1749,3,0,61.0,2.8,6.2,-32,-0.03
SITE289,2007,20.4,8.6,14.2,538.7,1024.0,1751,3,0,62.0,2.4,6.4,-6,-0.01
SITE289,2008,20.4,8.6,14.3,452.3,1030.0,1756,3,0,61.0,3.0,6.4,-21,0.04
SITE289,2009,20.3,8.5,14.2,609.8,1019.0,1748,3,0,62.0,2.6,6.5,7,-0.05
SITE289,2010,20.3,8.5,14.1,496.8,1024.0,1744,3,0,62.0,2.5,6.2,-13,-0.1
SITE289,2011,20.5,8.7,14.3,464.3,1031.0,1760,3,0,61.0,2.7,6.5,-19,0.09
SITE289,2012,20.5,8.7,14.4,600.5,1025.0,1762,3,0,62.0,2.5,6.1,5,0.11
SITE289,2013,20.4,8.6,14.3,380.8,1033.0,1753,3,0,61.0,2.6,6.5,-33,0.01
SITE289,2014,20.4,8.6,14.3,437.9,1031.0,1756,3,0,61.0,2.5,6.3,-23,0.04
SITE289,2015,20.4,8.6,14.3,587.9,1023.0,1756,3,0,62.0,2.7,6.3,3,0.04
SITE289,2016,20.4,8.6,14.2,423.1,1031.0,1752,3,0,61.0,2.5,6.5,-26,-0.0
SITE289,2017,20.5,8.7,14.4,400.7,1036.0,1763,3,0,61.0,2.7,6.6,-30,0.12
SITE289,2018,20.5,8.7,14.3,950.7,1006.0,1761,3,0,64.0,2.6,6.1,66,0.1
SITE289,2019,20.6,8.8,14.5,690.3,1023.0,1770,3,0,62.0,2.4,6.2,21,0.21
SITE289,2020,20.6,8.8,14.5,543.1,1031.0,1771,3,0,61.0,2.8,6.2,-5,0.22
SITE289,2021,20.7,8.9,14.6,554.2,1034.0,1780,3,0,61.0,2.3,6.4,-3,0.32
SITE289,2022,20.7,8.9,14.6,509.4,1038.0,1784,3,0,60.0,2.3,6.7,-11,0.36
SITE289,2023,20.9,9.1,14.7,292.0,1054.0,1796,3,0,59.0,2.3,6.7,-49,0.5
SITE289,2024,20.9,9.1,14.8,526.5,1042.0,1798,3,0,60.0,2.5,6.4,-8,0.52
SITE290,1991,18.3,5.8,11.8,204.8,992.0,1359,38,0,63.0,2.5,6.6,-49,-0.68
SITE290,1992,18.3,5.8,11.8,476.1,972.0,1359,38,0,65.0,2.5,6.2,19,-0.69
SITE290,1993,18.4,5.9,11.9,336.4,985.0,1365,38,0,64.0,2.4,6.5,-16,-0.6
SITE290,1994,18.5,5.9,12.0,383.6,983.0,1368,38,0,64.0,2.4,6.3,-4,-0.56
SITE290,1995,18.6,6.1,12.1,378.0,988.0,1377,38,0,64.0,2.2,6.1,-5,-0.44
SITE290,1996,18.6,6.1,12.1,366.3,988.0,1376,38,0,64.0,2.5,6.5,-8,-0.45
SITE290,1997,18.7,6.2,12.2,333.7,995.0,1386,37,0,63.0,2.5,6.5,-16,-0.31
SITE290,1998,18.7,6.2,12.2,455.9,987.0,1387,37,0,64.0,3.1,6.1,14,-0.29
SITE290,1999,18.7,6.2,12.2,566.7,978.0,1386,37,0,64.0,2.6,6.0,42,-0.31
SITE290,2000,18.7,6.2,12.2,288.4,998.0,1385,37,0,62.0,2.5,6.4,-28,-0.31
SITE290,2001,18.7,6.2,12.2,373.1,993.0,1386,37,0,63.0,2.4,6.5,-6,-0.3
SITE290,2002,18.8,6.2,12.3,347.8,996.0,1389,37,0,63.0,2.3,6.4,-13,-0.26
SITE290,2003,18.8,6.2,12.2,294.4,1000.0,1389,37,0,62.0,2.2,6.3,-26,-0.26
SITE290,2004,18.9,6.4,12.4,374.8,998.0,1397,37,0,62.0,2.3,6.4,-6,-0.15
SITE290,2005,18.9,6.4,12.4,391.6,998.0,1400,37,0,62.0,2.6,6.4,-2,-0.11
SITE290,2006,18.9,6.4,12.4,429.6,996.0,1402,37,0,63.0,2.4,6.3,8,-0.07
SITE290,2007,18.9,6.4,12.4,357.3,1000.0,1399,37,0,62.0,2.5,6.4,-10,-0.12
SITE290,2008,19.0,6.5,12.5,476.6,994.0,1405,36,0,63.0,2.9,5.9,19,-0.04
SITE290,2009,18.9,6.4,12.4,345.2,1001.0,1399,37,0,62.0,2.5,6.6,-13,-0.13
SITE290,2010,19.1,6.6,12.6,409.7,1002.0,1411,36,0,62.0,2.8,6.4,3,0.06
SITE290,2011,19.1,6.6,12.6,417.4,1003.0,1415,36,0,62.0,3.0,6.2,5,0.11
SITE290,2012,19.2,6.7,12.7,233.3,1019.0,1419,36,0,60.0,2.2,6.6,-42,0.17
SITE290,2013,19.3,6.8,12.8,462.2,1006.0,1429,35,0,61.0,2.6,6.5,16,0.3
SITE290,2014,19.3,6.8,12.8,319.3,1016.0,1426,36,0,60.0,2.7,6.7,-20,0.27
SITE290,2015,19.4,6.8,12.8,320.2,1018.0,1431,35,0,60.0,2.8,6.4,-20,0.34
SITE290,2016,19.5,6.9,12.9,280.1,1024.0,1438,35,0,59.0,2.4,6.5,-30,0.44
SITE290,2017,19.5,7.0,13.0,315.6,1024.0,1443,35,0,59.0,2.5,6.7,-21,0.5
SITE290,2018,19.5,7.0,13.0,324.5,1024.0,1445,35,0,59.0,2.4,6.5,-19,0.53
SITE290,2019,19.6,7.0,13.0,252.2,1030.0,1445,35,0,59.0,2.5,6.6,-37,0.54
SITE290,2020,19.5,7.0,13.0,285.2,1024.0,1440,35,0,59.0,2.4,6.4,-29,0.46
SITE290,2021,19.5,7.0,13.0,419.8,1016.0,1444,35,0,60.0,2.8,6.2,5,0.52
SITE290,2022,19.6,7.1,13.1,391.5,1022.0,1452,35,0,59.0,2.5,6.1,-2,0.63
SITE290,2023,19.6,7.1,13.1,484.0,1014.0,1450,35,0,60.0,2.7,6.2,21,0.61
SITE290,2024,19.6,7.1,13.1,579.5,1007.0,1451,35,0,61.0,2.6,6.2,45,0.62
SITE291,1991,21.7,7.8,14.5,399.5,1163.0,2013,17,0,64.0,2.5,6.7,-32,-0.74
SITE291,1992,21.8,7.8,14.5,546.9,1155.0,2014,17,0,65.0,2.3,6.4,-7,-0.72
SITE291,1993,21.7,7.8,14.5,641.3,1149.0,2014,17,0,65.0,2.5,6.2,9,-0.73
SITE291,1994,21.7,7.8,14.5,451.3,1160.0,2013,17,0,64.0,2.5,6.6,-24,-0.73
SITE291,1995,21.8,7.9,14.5,488.5,1159.0,2016,17,0,64.0,2.5,6.5,-17,-0.71
SITE291,1996,21.9,8.0,14.6,442.5,1165.0,2026,17,0,64.0,2.6,6.8,-25,-0.61
SITE291,1997,21.9,8.0,14.6,541.0,1159.0,2026,17,0,64.0,2.4,6.6,-8,-0.61
SITE291,1998,21.9,8.0,14.7,590.0,1159.0,2034,17,0,64.0,2.3,6.3,0,-0.53
SITE291,1999,22.0,8.1,14.8,607.2,1161.0,2041,17,0,64.0,2.7,6.1,3,-0.47
SITE291,2000,22.0,8.1,14.8,769.8,1151.0,2042,16,0,65.0,2.5,6.2,30,-0.46
SITE291,2001,22.1,8.2,14.8,467.2,1171.0,2048,16,0,63.0,2.3,6.6,-21,-0.4
SITE291,2002,22.2,8.2,14.9,692.8,1161.0,2057,16,0,64.0,2.9,6.4,17,-0.32
SITE291,2003,22.2,8.3,15.0,837.8,1154.0,2063,16,0,64.0,2.4,6.2,42,-0.26
SITE291,2004,22.4,8.5,15.1,441.2,1184.0,2079,16,0,62.0,2.4,6.5,-25,-0.1
SITE291,2005,22.3,8.4,15.1,366.5,1187.0,2075,16,0,61.0,2.5,6.5,-38,-0.14
SITE291,2006,22.5,8.6,15.2,604.6,1177.0,2088,16,0,62.0,2.4,6.4,2,-0.02
SITE291,2007,22.6,8.7,15.3,412.7,1192.0,2099,16,0,61.0,2.6,6.7,-30,0.09
SITE291,2008,22.6,8.7,15.3,573.9,1183.0,2100,16,0,62.0,2.5,6.2,-3,0.1
SITE291,2009,22.6,8.7,15.4,740.9,1173.0,2101,16,0,62.0,2.1,6.2,26,0.11
SITE291,2010,22.7,8.8,15.5,443.2,1195.0,2114,16,0,60.0,2.7,6.5,-25,0.23
SITE291,2011,22.7,8.8,15.4,754.2,1176.0,2111,16,0,62.0,2.4,6.1,28,0.2
SITE291,2012,22.7,8.7,15.4,589.2,1185.0,2108,16,0,61.0,2.8,6.3,0,0.17
SITE291,2013,22.8,8.9,15.6,589.4,1191.0,2128,15,0,61.0,2.5,6.3,0,0.36
SITE291,2014,22.8,8.9,15.6,827.0,1177.0,2129,15,0,62.0,2.6,6.1,40,0.37
SITE291,2015,22.8,8.9,15.6,278.7,1210.0,2126,15,0,59.0,2.8,6.5,-53,0.35
SITE291,2016,22.8,8.9,15.6,711.7,1183.0,2125,15,0,61.0,2.2,6.4,21,0.34
SITE291,2017,22.9,9.0,15.7,301.2,1213.0,2139,15,0,59.0,2.3,6.7,-49,0.47
SITE291,2018,22.9,9.0,15.7,319.4,1209.0,2133,15,0,59.0,2.7,6.4,-46,0.41
SITE291,2019,23.1,9.2,15.8,547.1,1202.0,2153,15,0,59.0,2.6,6.3,-7,0.6
SITE291,2020,23.2,9.3,15.9,616.0,1201.0,2161,15,0,59.0,2.6,6.4,4,0.68
SITE291,2021,23.2,9.3,15.9,502.6,1208.0,2162,15,0,59.0,2.4,6.4,-15,0.69
SITE291,2022,23.2,9.3,16.0,459.9,1212.0,2167,15,0,58.0,2.5,6.7,-22,0.73
SITE291,2023,23.3,9.4,16.0,749.3,1197.0,2172,15,0,60.0,2.6,6.2,27,0.79
SITE291,2024,23.3,9.4,16.1,515.6,1214.0,2181,15,0,58.0,2.4,6.3,-13,0.87
SITE292,1991,21.9,7.4,14.4,322.9,1189.0,1980,33,0,63.0,2.6,6.5,-22,-0.52
SITE292,1992,21.8,7.3,14.3,250.2,1192.0,1971,34,0,63.0,2.7,6.9,-40,-0.6
SITE292,1993,21.9,7.4,14.3,389.4,1183.0,1978,33,0,64.0,2.6,6.6,-6,-0.53
SITE292,1994,21.9,7.4,14.3,345.5,1186.0,1978,33,0,64.0,2.5,6.4,-17,-0.53
SITE292,1995,21.9,7.4,14.4,681.3,1159.0,1981,33,0,66.0,2.2,6.0,64,-0.5
SITE292,1996,22.0,7.4,14.4,483.4,1178.0,1988,33,0,64.0,2.6,6.3,16,-0.44
SITE292,1997,22.0,7.5,14.5,368.4,1189.0,1990,33,0,63.0,2.6,6.3,-11,-0.42
SITE292,1998,22.1,7.5,14.5,306.1,1196.0,1994,33,0,63.0,2.4,6.5,-26,-0.38
SITE292,1999,22.2,7.6,14.6,732.2,1163.0,2004,33,0,65.0,2.3,5.8,76,-0.28
SITE292,2000,22.3,7.7,14.7,244.0,1208.0,2013,32,0,62.0,2.5,6.7,-41,-0.18
SITE292,2001,22.1,7.5,14.5,297.4,1198.0,1998,33,0,63.0,2.8,6.6,-28,-0.34
SITE292,2002,22.1,7.5,14.5,343.7,1192.0,1994,33,0,63.0,2.3,6.5,-17,-0.38
SITE292,2003,22.2,7.6,14.6,338.8,1197.0,2006,33,0,62.0,2.9,6.4,-18,-0.26
SITE292,2004,22.3,7.7,14.7,498.0,1187.0,2016,32,0,63.0,2.6,6.1,20,-0.16
SITE292,2005,22.3,7.7,14.7,477.3,1189.0,2016,32,0,63.0,2.8,6.2,15,-0.15
SITE292,2006,22.4,7.8,14.8,327.7,1205.0,2024,32,0,62.0,2.4,6.2,-21,-0.08
SITE292,2007,22.5,8.0,14.9,491.5,1196.0,2039,32,0,62.0,2.5,6.1,18,0.07
SITE292,2008,22.5,8.0,15.0,320.0,1211.0,2040,32,0,61.0,2.4,6.6,-23,0.08
SITE292,2009,22.5,7.9,14.9,309.6,1211.0,2037,32,0,61.0,2.8,6.6,-25,0.05
SITE292,2010,22.4,7.9,14.9,407.3,1201.0,2032,32,0,62.0,2.7,6.1,-2,0.0
SITE292,2011,22.6,8.0,15.0,460.1,1201.0,2047,32,0,62.0,2.4,6.3,11,0.14
SITE292,2012,22.6,8.1,15.1,370.7,1211.0,2051,32,0,61.0,2.5,6.6,-11,0.18
SITE292,2013,22.6,8.1,15.1,474.0,1202.0,2052,31,0,62.0,2.2,6.3,14,0.2
SITE292,2014,22.7,8.2,15.2,311.8,1220.0,2063,31,0,60.0,2.9,6.5,-25,0.3
SITE292,2015,22.7,8.1,15.1,498.4,1202.0,2058,31,0,62.0,2.8,6.2,20,0.25
SITE292,2016,22.9,8.3,15.3,389.9,1217.0,2074,31,0,60.0,2.5,6.4,-6,0.41
SITE292,2017,22.9,8.4,15.3,409.9,1218.0,2080,31,0,60.0,2.4,6.3,-1,0.47
SITE292,2018,22.9,8.4,15.4,383.7,1221.0,2083,31,0,60.0,2.7,6.3,-8,0.5
SITE292,2019,23.0,8.4,15.4,359.9,1225.0,2087,31,0,59.0,2.5,6.5,-13,0.54
SITE292,2020,22.9,8.3,15.3,289.9,1228.0,2078,31,0,59.0,2.8,6.5,-30,0.45
SITE292,2021,22.9,8.4,15.4,420.0,1218.0,2083,31,0,60.0,2.4,6.4,1,0.5
SITE292,2022,23.0,8.4,15.4,529.2,1210.0,2087,31,0,61.0,2.3,6.4,28,0.54
SITE292,2023,22.9,8.3,15.3,411.5,1216.0,2076,31,0,60.0,2.1,6.5,-1,0.43
SITE292,2024,23.1,8.5,15.5,274.0,1236.0,2097,30,0,58.0,3.1,6.3,-34,0.63
SITE293,1991,22.7,8.8,15.5,737.3,1204.0,2243,5,0,65.0,2.6,6.2,26,-0.58
SITE293,1992,22.7,8.8,15.4,591.7,1213.0,2240,5,0,64.0,2.4,6.2,1,-0.6
SITE293,1993,22.7,8.8,15.4,298.5,1231.0,2240,5,0,63.0,2.7,6.6,-49,-0.6
SITE293,1994,22.6,8.7,15.4,706.7,1204.0,2237,5,0,65.0,2.7,6.2,21,-0.64
SITE293,1995,22.7,8.8,15.4,526.9,1216.0,2238,5,0,64.0,2.9,6.6,-10,-0.62
SITE293,1996,22.7,8.7,15.4,363.2,1226.0,2238,5,0,63.0,2.7,6.8,-38,-0.63
SITE293,1997,22.8,8.9,15.5,396.2,1229.0,2252,5,0,63.0,2.4,6.6,-32,-0.5
SITE293,1998,22.9,8.9,15.6,593.8,1219.0,2261,5,0,64.0,2.5,6.4,1,-0.43
SITE293,1999,22.9,9.0,15.7,538.3,1226.0,2271,5,0,63.0,2.5,6.3,-8,-0.33
SITE293,2000,23.1,9.2,15.8,452.9,1236.0,2285,5,0,62.0,2.5,6.5,-23,-0.21
SITE293,2001,23.1,9.2,15.9,525.1,1234.0,2295,5,0,62.0,2.6,6.6,-10,-0.13
SITE293,2002,23.3,9.3,16.0,575.1,1235.0,2307,5,0,62.0,2.5,6.5,-2,-0.03
SITE293,2003,23.2,9.3,16.0,599.3,1233.0,2305,5,0,62.0,2.7,6.0,2,-0.04
SITE293,2004,23.2,9.3,16.0,757.6,1222.0,2304,5,0,63.0,2.6,6.3,29,-0.05
SITE293,2005,23.3,9.4,16.0,692.5,1228.0,2309,5,0,63.0,2.4,6.3,18,-0.01
SITE293,2006,23.3,9.4,16.1,786.1,1223.0,2312,5,0,63.0,2.6,6.3,34,0.02
SITE293,2007,23.3,9.4,16.1,616.3,1234.0,2314,5,0,62.0,2.3,6.4,5,0.04
SITE293,2008,23.2,9.3,16.0,714.8,1225.0,2304,5,0,63.0,2.6,6.4,22,-0.05
SITE293,2009,23.3,9.4,16.1,674.3,1230.0,2311,5,0,62.0,2.0,6.3,15,0.01
SITE293,2010,23.4,9.5,16.1,628.8,1235.0,2320,5,0,62.0,2.8,6.3,7,0.08
SITE293,2011,23.4,9.5,16.1,397.3,1250.0,2320,5,0,61.0,2.3,6.6,-32,0.08
SITE293,2012,23.4,9.4,16.1,387.4,1250.0,2319,5,0,61.0,2.6,6.4,-34,0.08
SITE293,2013,23.4,9.5,16.1,359.7,1253.0,2320,5,0,60.0,2.4,6.6,-39,0.09
SITE293,2014,23.4,9.5,16.2,860.8,1223.0,2328,5,0,63.0,2.6,6.1,47,0.16
SITE293,2015,23.6,9.7,16.3,505.8,1251.0,2343,5,0,60.0,2.4,6.1,-14,0.29
SITE293,2016,23.7,9.8,16.4,855.5,1232.0,2356,5,0,62.0,2.9,6.1,46,0.4
SITE293,2017,23.7,9.8,16.5,750.7,1242.0,2364,5,0,61.0,2.2,6.4,28,0.47
SITE293,2018,23.8,9.9,16.6,628.2,1251.0,2370,5,0,60.0,2.2,6.6,7,0.52
SITE293,2019,23.7,9.8,16.5,751.4,1241.0,2362,5,0,61.0,2.8,6.1,28,0.45
SITE293,2020,23.7,9.8,16.5,556.9,1254.0,2363,5,0,60.0,2.3,6.6,-5,0.46
SITE293,2021,23.8,9.9,16.6,618.3,1253.0,2374,5,0,60.0,2.1,6.2,6,0.55
SITE293,2022,23.8,9.9,16.6,481.7,1261.0,2372,5,0,59.0,2.2,6.4,-18,0.54
SITE293,2023,23.9,10.0,16.6,545.3,1259.0,2378,5,0,59.0,2.6,6.2,-7,0.59
SITE293,2024,23.9,10.0,16.7,356.0,1274.0,2385,5,0,58.0,2.9,6.4,-39,0.65
SITE294,1991,21.7,7.0,14.1,437.8,1202.0,1953,36,0,65.0,2.4,6.4,8,-0.81
SITE294,1992,21.7,7.1,14.1,331.1,1214.0,1960,36,0,64.0,2.6,6.6,-19,-0.74
SITE294,1993,22.0,7.3,14.4,451.5,1212.0,1984,35,0,64.0,2.3,6.4,11,-0.51
SITE294,1994,22.0,7.4,14.4,465.2,1213.0,1989,35,0,64.0,2.6,6.8,14,-0.45
SITE294,1995,22.1,7.5,14.5,406.7,1221.0,1998,35,0,63.0,2.3,6.4,0,-0.37
SITE294,1996,22.1,7.4,14.4,332.1,1226.0,1993,35,0,63.0,2.4,6.5,-18,-0.42
SITE294,1997,22.1,7.4,14.5,596.3,1202.0,1994,35,0,65.0,2.4,6.1,47,-0.41
SITE294,1998,22.0,7.3,14.4,400.1,1217.0,1986,35,0,64.0,2.5,6.5,-2,-0.49
SITE294,1999,21.9,7.3,14.3,286.5,1224.0,1976,35,0,63.0,2.4,6.5,-30,-0.58
SITE294,2000,21.8,7.2,14.2,337.4,1217.0,1971,35,0,64.0,2.5,6.4,-17,-0.64
SITE294,2001,21.9,7.2,14.3,332.8,1219.0,1975,35,0,64.0,2.2,6.3,-18,-0.6
SITE294,2002,22.0,7.3,14.3,357.9,1220.0,1983,35,0,64.0,2.6,6.3,-12,-0.52
SITE294,2003,22.0,7.4,14.4,519.0,1208.0,1990,35,0,65.0,2.6,6.4,28,-0.45
SITE294,2004,22.2,7.5,14.5,275.3,1235.0,2003,35,0,62.0,2.6,6.5,-32,-0.32
SITE294,2005,22.3,7.7,14.7,485.8,1222.0,2019,34,0,63.0,2.4,6.1,19,-0.17
SITE294,2006,22.4,7.8,14.8,435.1,1230.0,2029,34,0,62.0,2.8,6.2,7,-0.06
SITE294,2007,22.5,7.9,14.9,166.5,1258.0,2039,34,0,60.0,2.6,6.9,-59,0.04
SITE294,2008,22.7,8.0,15.1,397.1,1244.0,2057,33,0,61.0,2.1,6.5,-2,0.21
SITE294,2009,22.7,8.1,15.1,342.7,1251.0,2063,33,0,60.0,2.4,6.6,-16,0.27
SITE294,2010,22.8,8.2,15.2,357.3,1252.0,2069,33,0,60.0,2.6,6.6,-12,0.33
SITE294,2011,22.8,8.2,15.2,241.7,1263.0,2070,33,0,59.0,2.7,6.7,-41,0.34
SITE294,2012,22.9,8.2,15.2,375.7,1252.0,2074,33,0,60.0,2.2,6.4,-8,0.38
SITE294,2013,22.9,8.3,15.3,492.2,1243.0,2079,33,0,61.0,2.6,6.0,21,0.42
SITE294,2014,22.9,8.2,15.2,392.8,1251.0,2075,33,0,60.0,2.5,6.3,-3,0.38
SITE294,2015,22.9,8.2,15.3,369.5,1254.0,2077,33,0,60.0,2.3,6.2,-9,0.4
SITE294,2016,22.8,8.2,15.2,526.4,1238.0,2073,33,0,61.0,2.5,6.2,29,0.36
SITE294,2017,22.9,8.2,15.2,358.5,1253.0,2073,33,0,60.0,2.8,6.3,-12,0.37
SITE294,2018,23.0,8.3,15.4,618.4,1234.0,2086,32,0,62.0,2.1,5.9,52,0.5
SITE294,2019,22.9,8.2,15.3,564.4,1236.0,2078,33,0,61.0,2.6,5.9,39,0.42
SITE294,2020,22.9,8.3,15.3,378.1,1255.0,2082,32,0,60.0,2.5,6.4,-7,0.46
SITE294,2021,23.0,8.3,15.4,534.4,1243.0,2088,32,0,61.0,2.3,6.0,31,0.51
SITE294,2022,23.1,8.5,15.5,368.7,1263.0,2103,32,0,59.0,2.6,6.6,-9,0.66
SITE294,2023,23.2,8.5,15.6,422.5,1261.0,2108,32,0,59.0,2.3,6.3,4,0.71
SITE294,2024,23.3,8.6,15.7,453.4,1261.0,2117,32,0,59.0,2.4,6.0,11,0.79
SITE295,1991,23.6,4.9,13.9,422.4,1482.0,2173,95,15,42.0,3.1,8.3,45,-0.77
SITE295,1992,23.6,4.9,13.9,332.2,1497.0,2173,95,15,41.0,3.1,8.6,14,-0.77
SITE295,1993,23.6,4.9,13.9,407.2,1485.0,2172,95,15,42.0,3.2,8.4,40,-0.78
SITE295,1994,23.6,5.0,13.9,151.3,1528.0,2180,94,15,39.0,3.1,8.9,-48,-0.71
SITE295,1995,23.7,5.0,14.0,201.7,1522.0,2185,94,15,40.0,3.2,8.7,-31,-0.66
SITE295,1996,23.8,5.1,14.1,267.3,1517.0,2197,93,15,40.0,3.0,8.5,-8,-0.56
SITE295,1997,23.9,5.3,14.2,373.8,1506.0,2210,93,15,41.0,2.8,8.4,28,-0.44
SITE295,1998,23.9,5.2,14.2,266.8,1520.0,2205,93,15,40.0,3.3,8.8,-8,-0.48
SITE295,1999,23.9,5.3,14.2,162.9,1540.0,2214,92,15,38.0,3.4,9.2,-44,-0.4
SITE295,2000,24.1,5.4,14.4,105.2,1555.0,2228,91,15,37.0,3.0,9.0,-64,-0.29
SITE295,2001,24.1,5.4,14.4,334.4,1520.0,2230,91,15,39.0,3.6,8.5,15,-0.26
SITE295,2002,24.1,5.5,14.4,175.6,1548.0,2237,91,16,38.0,3.0,8.6,-40,-0.21
SITE295,2003,24.2,5.6,14.5,334.6,1526.0,2244,90,16,39.0,3.1,8.6,15,-0.14
SITE295,2004,24.2,5.5,14.5,291.0,1532.0,2241,91,16,39.0,3.2,8.4,0,-0.17
SITE295,2005,24.3,5.6,14.6,273.0,1539.0,2252,90,16,38.0,3.3,8.6,-6,-0.07
SITE295,2006,24.3,5.6,14.6,293.1,1536.0,2254,90,16,38.0,2.9,8.6,1,-0.05
SITE295,2007,24.3,5.7,14.6,315.0,1534.0,2256,90,16,38.0,3.5,8.6,8,-0.04
SITE295,2008,24.3,5.6,14.6,261.0,1541.0,2252,90,16,38.0,3.4,8.2,-10,-0.07
SITE295,2009,24.5,5.8,14.8,260.1,1550.0,2272,89,16,37.0,3.0,8.6,-11,0.11
SITE295,2010,24.5,5.8,14.8,282.3,1547.0,2273,89,16,37.0,3.3,8.8,-3,0.12
SITE295,2011,24.4,5.8,14.7,249.9,1550.0,2270,89,16,37.0,3.1,8.5,-14,0.09
SITE295,2012,24.5,5.8,14.8,358.4,1535.0,2274,88,16,38.0,3.4,8.3,23,0.13
SITE295,2013,24.4,5.8,14.7,210.1,1557.0,2270,89,16,37.0,2.9,8.5,-28,0.09
SITE295,2014,24.5,5.8,14.8,254.2,1551.0,2274,88,16,37.0,3.2,8.4,-13,0.13
SITE295,2015,24.6,6.0,14.9,183.3,1569.0,2288,88,16,36.0,3.8,8.8,-37,0.25
SITE295,2016,24.7,6.1,15.0,425.0,1534.0,2299,87,16,38.0,2.8,8.1,46,0.35
SITE295,2017,24.7,6.1,15.0,194.1,1572.0,2300,87,16,36.0,2.7,8.6,-33,0.36
SITE295,2018,24.8,6.1,15.1,292.8,1560.0,2310,86,17,36.0,3.2,8.6,1,0.45
SITE295,2019,24.8,6.2,15.1,404.8,1545.0,2316,86,17,37.0,3.6,8.1,39,0.5
SITE295,2020,25.0,6.4,15.3,289.1,1571.0,2335,85,17,35.0,3.3,8.7,-1,0.67
SITE295,2021,25.1,6.4,15.4,91.3,1606.0,2341,84,17,33.0,3.4,9.1,-69,0.72
SITE295,2022,25.1,6.5,15.4,223.9,1588.0,2350,84,17,34.0,3.3,8.4,-23,0.8
SITE295,2023,25.4,6.7,15.7,300.8,1586.0,2375,82,18,34.0,2.9,8.8,3,1.02
SITE295,2024,25.4,6.8,15.7,244.3,1598.0,2382,82,18,33.0,3.3,8.5,-16,1.08
SITE296,1991,23.4,4.8,13.7,260.4,1488.0,2190,102,17,42.0,3.4,8.5,26,-0.7
SITE296,1992,23.5,4.8,13.8,219.9,1499.0,2195,102,17,41.0,3.0,8.4,6,-0.66
SITE296,1993,23.4,4.8,13.7,113.8,1519.0,2189,102,17,39.0,3.2,8.7,-45,-0.71
SITE296,1994,23.5,4.8,13.8,159.9,1512.0,2195,102,17,40.0,3.1,8.9,-23,-0.65
SITE296,1995,23.6,4.9,13.9,101.9,1529.0,2205,101,17,39.0,3.3,8.9,-51,-0.57
SITE296,1996,23.6,5.0,13.9,181.2,1513.0,2209,101,17,40.0,3.9,8.7,-12,-0.54
SITE296,1997,23.6,5.0,13.9,371.6,1472.0,2211,101,17,42.0,3.1,7.9,80,-0.51
SITE296,1998,23.7,5.1,14.0,214.7,1512.0,2224,100,17,40.0,3.4,8.6,4,-0.4
SITE296,1999,23.7,5.0,14.0,163.9,1519.0,2215,101,17,39.0,3.7,8.8,-21,-0.48
SITE296,2000,23.7,5.0,14.0,125.2,1529.0,2218,100,17,39.0,3.2,9.1,-40,-0.45
SITE296,2001,23.6,4.9,13.9,177.5,1513.0,2207,101,17,40.0,3.2,8.6,-14,-0.55
SITE296,2002,23.6,5.0,13.9,199.1,1510.0,2211,101,17,40.0,3.1,8.2,-4,-0.52
SITE296,2003,23.7,5.0,14.0,172.3,1518.0,2216,101,17,39.0,2.9,8.8,-17,-0.48
SITE296,2004,23.6,5.0,13.9,179.6,1514.0,2212,101,17,40.0,3.7,8.7,-13,-0.51
SITE296,2005,23.6,5.0,13.9,117.4,1529.0,2213,101,17,39.0,3.1,8.6,-43,-0.5
SITE296,2006,23.9,5.2,14.2,266.1,1508.0,2241,99,18,40.0,3.1,8.3,29,-0.25
SITE296,2007,23.9,5.2,14.2,231.2,1515.0,2241,99,18,39.0,3.5,8.4,12,-0.26
SITE296,2008,24.0,5.3,14.3,103.4,1547.0,2250,98,18,37.0,3.1,8.4,-50,-0.17
SITE296,2009,24.0,5.4,14.4,168.2,1538.0,2261,97,18,38.0,2.7,8.3,-19,-0.08
SITE296,2010,24.2,5.6,14.5,207.0,1537.0,2280,96,18,38.0,3.2,8.6,0,0.09
SITE296,2011,24.3,5.7,14.6,284.0,1523.0,2288,96,18,38.0,3.1,8.4,37,0.16
SITE296,2012,24.4,5.7,14.7,174.2,1552.0,2299,95,18,36.0,3.4,8.8,-16,0.26
SITE296,2013,24.5,5.9,14.8,164.4,1561.0,2313,94,19,36.0,3.1,8.7,-21,0.38
SITE296,2014,24.6,5.9,14.9,147.6,1567.0,2320,93,19,35.0,2.9,8.5,-29,0.45
SITE296,2015,24.6,6.0,14.9,156.5,1567.0,2325,93,19,35.0,3.2,8.7,-24,0.49
SITE296,2016,24.7,6.0,15.0,130.7,1576.0,2332,93,19,35.0,3.1,8.8,-37,0.55
SITE296,2017,24.8,6.1,15.1,102.4,1587.0,2343,92,19,34.0,3.5,9.1,-51,0.65
SITE296,2018,24.9,6.2,15.2,208.7,1568.0,2355,91,19,35.0,3.1,8.5,1,0.76
SITE296,2019,24.9,6.3,15.2,331.2,1543.0,2361,91,19,37.0,3.3,8.1,60,0.8
SITE296,2020,25.0,6.3,15.3,237.2,1567.0,2367,90,20,35.0,3.6,8.4,15,0.86
SITE296,2021,25.0,6.3,15.3,167.5,1582.0,2366,90,20,34.0,3.5,8.6,-19,0.85
SITE296,2022,25.0,6.3,15.3,349.5,1540.0,2365,90,20,37.0,3.4,8.3,69,0.84
SITE296,2023,25.0,6.4,15.3,234.5,1569.0,2371,90,20,35.0,3.0,8.4,13,0.89
SITE296,2024,25.1,6.4,15.4,193.9,1580.0,2376,90,20,34.0,4.2,8.6,-6,0.94
SITE297,1991,37.4,21.3,29.0,123.7,2109.0,6952,0,168,39.0,3.1,8.6,-14,-0.4
SITE297,1992,37.4,21.3,29.0,231.3,2063.0,6963,0,169,41.0,3.0,8.2,61,-0.37
SITE297,1993,37.3,21.2,29.0,185.6,2080.0,6940,0,168,41.0,2.8,7.9,29,-0.44
SITE297,1994,37.3,21.3,29.0,88.0,2124.0,6948,0,168,39.0,3.9,9.2,-39,-0.42
SITE297,1995,37.4,21.3,29.0,150.6,2098.0,6956,0,168,40.0,3.1,8.4,5,-0.39
SITE297,1996,37.4,21.3,29.0,136.0,2105.0,6961,0,169,39.0,3.4,8.6,-6,-0.38
SITE297,1997,37.4,21.3,29.0,204.9,2075.0,6966,0,169,41.0,3.2,8.5,42,-0.37
SITE297,1998,37.4,21.4,29.1,165.7,2095.0,6983,0,170,40.0,3.3,8.5,15,-0.32
SITE297,1999,37.5,21.4,29.1,98.0,2126.0,6996,0,170,38.0,3.2,8.8,-32,-0.28
SITE297,2000,37.6,21.5,29.2,42.4,2156.0,7038,0,172,37.0,3.5,8.9,-71,-0.16
SITE297,2001,37.6,21.6,29.3,159.5,2106.0,7053,0,173,39.0,3.1,8.4,11,-0.12
SITE297,2002,37.6,21.5,29.3,200.6,2087.0,7047,0,173,40.0,3.1,8.4,39,-0.14
SITE297,2003,37.7,21.7,29.4,118.2,2129.0,7090,0,175,38.0,3.4,8.7,-18,-0.02
SITE297,2004,37.8,21.8,29.5,241.9,2079.0,7124,0,177,40.0,3.4,8.1,68,0.08
SITE297,2005,37.8,21.7,29.5,355.8,2027.0,7114,0,176,42.0,3.4,7.4,147,0.05
SITE297,2006,37.8,21.7,29.5,215.2,2090.0,7116,0,176,39.0,3.0,8.3,49,0.06
SITE297,2007,37.8,21.7,29.5,99.3,2141.0,7120,0,177,37.0,3.6,8.6,-31,0.07
SITE297,2008,37.8,21.7,29.5,199.2,2096.0,7115,0,176,39.0,3.0,8.4,38,0.05
SITE297,2009,37.7,21.6,29.3,157.9,2108.0,7063,0,174,39.0,3.1,8.5,10,-0.09
SITE297,2010,37.8,21.7,29.4,237.7,2077.0,7097,0,175,40.0,3.5,8.2,65,0.0
SITE297,2011,37.7,21.6,29.4,83.7,2143.0,7080,0,175,37.0,2.9,8.7,-42,-0.04
SITE297,2012,37.8,21.7,29.5,155.8,2115.0,7114,0,176,38.0,3.4,8.6,8,0.05
SITE297,2013,37.9,21.8,29.5,188.5,2104.0,7135,0,177,38.0,3.3,8.3,31,0.11
SITE297,2014,37.9,21.8,29.5,162.2,2116.0,7143,0,178,38.0,2.8,8.3,13,0.13
SITE297,2015,37.9,21.8,29.5,106.1,2141.0,7143,0,178,37.0,2.7,8.9,-26,0.13
SITE297,2016,38.0,21.9,29.6,104.7,2147.0,7183,0,180,36.0,3.2,8.4,-27,0.25
SITE297,2017,38.0,21.9,29.6,89.0,2151.0,7164,0,179,36.0,3.1,8.8,-38,0.19
SITE297,2018,38.0,21.9,29.6,54.8,2168.0,7177,0,179,35.0,3.0,8.9,-62,0.23
SITE297,2019,38.0,21.9,29.7,121.7,2140.0,7189,0,180,36.0,3.4,8.8,-16,0.26
SITE297,2020,38.1,22.0,29.7,146.2,2132.0,7212,0,181,37.0,3.0,8.4,2,0.33
SITE297,2021,38.1,22.0,29.8,99.0,2154.0,7220,0,182,36.0,3.0,8.8,-31,0.35
SITE297,2022,38.2,22.1,29.8,114.5,2151.0,7247,0,183,36.0,2.8,8.4,-21,0.43
SITE297,2023,38.3,22.2,30.0,134.0,2148.0,7296,0,185,36.0,3.0,8.7,-7,0.57
SITE297,2024,38.4,22.3,30.0,91.3,2169.0,7308,0,186,35.0,3.5,8.8,-37,0.6
SITE298,1991,37.0,20.2,28.3,133.9,2099.0,6699,0,166,41.0,3.3,8.4,44,-0.39
SITE298,1992,37.0,20.2,28.3,144.5,2091.0,6694,0,166,41.0,3.6,8.2,55,-0.4
SITE298,1993,37.0,20.2,28.2,87.1,2129.0,6684,0,165,40.0,3.5,8.7,-6,-0.43
SITE298,1994,37.1,20.3,28.3,83.8,2135.0,6715,0,167,39.0,3.0,8.6,-10,-0.34
SITE298,1995,37.2,20.3,28.4,115.5,2116.0,6736,0,168,40.0,3.2,8.4,24,-0.28
SITE298,1996,37.2,20.4,28.4,117.8,2117.0,6754,0,169,40.0,3.2,8.5,27,-0.23
SITE298,1997,37.2,20.4,28.5,190.9,2069.0,6769,0,170,42.0,2.9,7.9,105,-0.18
SITE298,1998,37.3,20.4,28.5,39.1,2174.0,6770,0,170,37.0,3.2,9.5,-58,-0.18
SITE298,1999,37.3,20.4,28.5,56.4,2162.0,6774,0,170,38.0,3.4,8.8,-39,-0.17
SITE298,2000,37.3,20.4,28.5,59.3,2160.0,6775,0,170,38.0,3.1,9.0,-36,-0.17
SITE298,2001,37.2,20.4,28.4,66.8,2152.0,6753,0,169,38.0,3.3,9.0,-28,-0.23
SITE298,2002,37.2,20.4,28.5,93.6,2136.0,6767,0,170,39.0,3.3,8.4,1,-0.19
SITE298,2003,37.2,20.4,28.5,150.6,2095.0,6756,0,169,41.0,2.9,8.3,62,-0.22
SITE298,2004,37.4,20.5,28.6,164.5,2092.0,6806,0,172,41.0,3.3,8.0,77,-0.08
SITE298,2005,37.3,20.5,28.5,106.7,2129.0,6784,0,171,39.0,3.4,8.5,15,-0.14
SITE298,2006,37.4,20.5,28.6,55.1,2169.0,6814,0,172,37.0,3.4,8.8,-41,-0.05
SITE298,2007,37.4,20.5,28.6,122.1,2121.0,6804,0,172,39.0,3.2,8.6,31,-0.08
SITE298,2008,37.4,20.5,28.6,99.8,2137.0,6808,0,172,38.0,2.9,8.8,7,-0.07
SITE298,2009,37.4,20.5,28.6,167.3,2091.0,6811,0,172,41.0,3.0,8.2,80,-0.06
SITE298,2010,37.4,20.6,28.7,123.1,2124.0,6834,0,173,39.0,3.0,8.1,32,0.01
SITE298,2011,37.4,20.6,28.6,84.9,2149.0,6823,0,173,38.0,3.5,8.6,-9,-0.03
SITE298,2012,37.5,20.6,28.7,41.6,2183.0,6852,0,174,36.0,2.8,8.8,-55,0.06
SITE298,2013,37.5,20.6,28.7,94.1,2147.0,6850,0,174,38.0,3.5,8.5,1,0.05
SITE298,2014,37.6,20.8,28.8,56.5,2178.0,6888,0,176,36.0,3.4,8.8,-39,0.16
SITE298,2015,37.5,20.7,28.8,63.5,2171.0,6871,0,175,37.0,3.0,8.6,-32,0.11
SITE298,2016,37.6,20.7,28.8,195.9,2079.0,6873,0,175,41.0,3.2,7.8,111,0.12
SITE298,2017,37.6,20.7,28.8,57.6,2176.0,6878,0,175,36.0,3.1,8.8,-38,0.13
SITE298,2018,37.6,20.8,28.9,40.1,2192.0,6906,0,177,35.0,3.1,8.7,-57,0.22
SITE298,2019,37.7,20.9,29.0,143.6,2123.0,6933,0,178,38.0,3.1,8.1,54,0.29
SITE298,2020,37.9,21.1,29.1,126.7,2143.0,6989,0,181,37.0,3.2,8.4,36,0.46
SITE298,2021,37.8,21.0,29.1,28.3,2209.0,6969,0,180,34.0,2.9,9.0,-70,0.4
SITE298,2022,37.9,21.1,29.2,50.9,2198.0,7007,0,182,35.0,3.4,8.6,-45,0.51
SITE298,2023,38.1,21.2,29.3,103.6,2168.0,7057,0,184,36.0,2.6,8.5,11,0.66
SITE298,2024,38.2,21.3,29.4,108.0,2169.0,7085,0,186,36.0,3.4,8.7,16,0.74
SITE299,1991,29.6,12.0,20.5,268.2,1836.0,3953,0,71,41.0,3.5,8.2,12,-0.75
SITE299,1992,29.6,12.0,20.5,176.1,1857.0,3954,0,71,40.0,3.4,8.9,-27,-0.74
SITE299,1993,29.7,12.2,20.6,204.9,1858.0,3986,0,72,40.0,3.1,8.6,-15,-0.58
SITE299,1994,29.8,12.3,20.7,330.2,1833.0,4002,0,72,41.0,3.4,8.1,38,-0.51
SITE299,1995,29.7,12.2,20.6,176.1,1865.0,3986,0,72,40.0,3.5,8.8,-27,-0.59
SITE299,1996,29.8,12.3,20.7,178.7,1869.0,4008,0,73,39.0,3.3,8.5,-26,-0.48
SITE299,1997,29.9,12.4,20.8,416.1,1818.0,4023,0,73,42.0,3.2,8.1,73,-0.41
SITE299,1998,30.0,12.4,20.8,209.3,1868.0,4033,0,73,39.0,3.2,8.5,-13,-0.36
SITE299,1999,29.9,12.4,20.8,193.3,1869.0,4022,0,73,39.0,3.4,8.6,-19,-0.41
SITE299,2000,29.9,12.4,20.8,93.2,1893.0,4024,0,73,38.0,3.1,8.6,-61,-0.4
SITE299,2001,29.9,12.3,20.8,148.3,1878.0,4015,0,73,39.0,3.0,8.8,-38,-0.45
SITE299,2002,29.9,12.4,20.8,225.0,1863.0,4025,0,73,39.0,3.4,8.5,-6,-0.4
SITE299,2003,30.0,12.4,20.8,341.5,1837.0,4029,0,73,41.0,3.8,8.4,42,-0.38
SITE299,2004,30.1,12.5,21.0,169.6,1883.0,4057,0,74,38.0,3.3,8.7,-29,-0.24
SITE299,2005,30.1,12.5,20.9,267.2,1859.0,4053,0,74,39.0,3.4,8.7,11,-0.26
SITE299,2006,30.2,12.7,21.1,174.4,1888.0,4084,0,75,38.0,3.4,8.6,-27,-0.11
SITE299,2007,30.3,12.7,21.2,330.0,1855.0,4096,0,76,39.0,2.9,8.2,38,-0.05
SITE299,2008,30.3,12.7,21.2,94.8,1910.0,4098,0,76,36.0,3.1,8.9,-61,-0.04
SITE299,2009,30.4,12.8,21.2,164.2,1898.0,4113,0,76,37.0,3.3,8.8,-32,0.03
SITE299,2010,30.4,12.8,21.3,180.4,1895.0,4119,0,77,37.0,3.1,8.6,-25,0.06
SITE299,2011,30.5,13.0,21.4,130.9,1912.0,4142,0,78,36.0,3.0,9.0,-45,0.17
SITE299,2012,30.6,13.1,21.5,416.2,1850.0,4163,0,78,39.0,2.9,8.3,73,0.27
SITE299,2013,30.7,13.2,21.6,287.2,1886.0,4187,0,79,37.0,3.0,8.4,20,0.39
SITE299,2014,30.7,13.2,21.6,159.7,1916.0,4185,0,79,35.0,2.8,8.8,-33,0.39
SITE299,2015,30.9,13.3,21.7,228.1,1907.0,4218,0,80,36.0,3.6,8.4,-5,0.54
SITE299,2016,30.9,13.4,21.8,292.4,1895.0,4231,0,81,36.0,2.9,8.4,22,0.61
SITE299,2017,31.0,13.4,21.8,235.5,1910.0,4236,0,81,35.0,3.7,8.4,-2,0.63
SITE299,2018,30.9,13.4,21.8,203.5,1915.0,4227,0,81,35.0,2.9,8.6,-15,0.59
SITE299,2019,30.9,13.3,21.8,393.2,1869.0,4221,0,80,38.0,2.8,8.4,64,0.56
SITE299,2020,30.8,13.3,21.7,250.7,1901.0,4212,0,80,36.0,2.9,8.7,4,0.52
SITE299,2021,30.8,13.3,21.7,94.7,1937.0,4211,0,80,34.0,3.2,9.0,-61,0.51
SITE299,2022,31.0,13.5,21.9,161.8,1929.0,4244,0,81,34.0,2.7,8.6,-33,0.67
SITE299,2023,31.0,13.4,21.8,181.9,1923.0,4236,0,81,35.0,3.2,8.7,-24,0.63
SITE299,2024,30.9,13.3,21.8,167.8,1923.0,4222,0,81,35.0,3.0,9.1,-30,0.56
SITE300,1991,29.0,10.8,19.5,115.6,1851.0,3648,1,67,40.0,3.6,8.9,-34,-0.83
SITE300,1992,29.0,10.8,19.6,326.1,1786.0,3650,1,68,44.0,3.5,7.8,85,-0.82
SITE300,1993,29.1,11.0,19.7,158.2,1845.0,3672,1,68,41.0,3.5,8.4,-10,-0.7
SITE300,1994,29.2,11.1,19.8,142.4,1856.0,3698,1,69,40.0,3.1,8.7,-19,-0.57
SITE300,1995,29.3,11.2,19.9,83.8,1878.0,3711,1,70,38.0,3.3,8.7,-52,-0.5
SITE300,1996,29.4,11.2,19.9,205.9,1842.0,3721,1,70,40.0,2.9,8.4,17,-0.45
SITE300,1997,29.4,11.3,20.0,244.5,1834.0,3736,1,71,41.0,3.1,8.2,39,-0.37
SITE300,1998,29.5,11.4,20.1,167.7,1863.0,3754,1,72,39.0,3.0,8.7,-5,-0.28
SITE300,1999,29.5,11.4,20.1,44.7,1901.0,3750,1,71,37.0,3.5,9.0,-75,-0.29
SITE300,2000,29.6,11.4,20.2,136.2,1875.0,3762,1,72,38.0,3.3,9.0,-23,-0.23
SITE300,2001,29.6,11.5,20.2,197.3,1858.0,3772,1,72,39.0,2.9,8.3,12,-0.18
SITE300,2002,29.7,11.6,20.3,248.7,1846.0,3789,1,73,40.0,2.9,8.3,41,-0.09
SITE300,2003,29.7,11.5,20.2,253.3,1842.0,3780,1,73,40.0,3.6,8.2,44,-0.14
SITE300,2004,29.8,11.6,20.3,204.6,1861.0,3794,1,73,39.0,2.8,8.4,16,-0.06
SITE300,2005,29.9,11.7,20.4,176.2,1876.0,3817,1,74,38.0,3.1,8.6,0,0.06
SITE300,2006,29.8,11.7,20.4,127.4,1890.0,3811,1,74,37.0,3.0,8.9,-28,0.02
SITE300,2007,29.8,11.7,20.4,195.6,1869.0,3812,1,74,38.0,3.1,8.4,11,0.03
SITE300,2008,29.9,11.8,20.5,65.6,1913.0,3823,1,74,36.0,3.2,8.6,-63,0.09
SITE300,2009,29.9,11.7,20.4,215.1,1864.0,3816,1,74,38.0,4.2,8.3,22,0.05
SITE300,2010,30.0,11.9,20.6,174.0,1883.0,3841,1,75,37.0,2.7,8.4,-1,0.18
SITE300,2011,30.0,11.8,20.5,157.4,1887.0,3834,1,75,37.0,2.7,8.6,-11,0.15
SITE300,2012,30.0,11.9,20.6,171.6,1886.0,3849,1,75,37.0,2.8,8.4,-3,0.23
SITE300,2013,30.2,12.0,20.7,118.5,1909.0,3872,1,76,36.0,2.9,8.8,-33,0.34
SITE300,2014,30.2,12.0,20.7,154.5,1898.0,3874,1,76,36.0,3.2,8.8,-12,0.36
SITE300,2015,30.2,12.0,20.8,134.4,1905.0,3877,1,76,36.0,3.2,8.5,-24,0.37
SITE300,2016,30.2,12.1,20.8,106.7,1917.0,3888,1,77,35.0,3.2,8.8,-39,0.43
SITE300,2017,30.2,12.1,20.8,62.9,1929.0,3879,1,76,35.0,3.4,9.0,-64,0.38
SITE300,2018,30.2,12.1,20.8,162.2,1899.0,3889,1,77,36.0,3.2,8.6,-8,0.43
SITE300,2019,30.2,12.1,20.8,290.3,1857.0,3884,1,77,38.0,3.8,8.3,65,0.41
SITE300,2020,30.2,12.1,20.8,143.0,1905.0,3887,1,77,36.0,3.4,8.9,-19,0.42
SITE300,2021,30.2,12.1,20.8,86.2,1922.0,3881,1,76,35.0,3.3,9.2,-51,0.39
SITE300,2022,30.2,12.0,20.7,115.7,1910.0,3873,1,76,36.0,3.5,8.9,-34,0.35
SITE300,2023,30.3,12.1,20.8,251.3,1871.0,3891,1,77,37.0,3.1,8.2,43,0.45
SITE300,2024,30.2,12.0,20.7,227.0,1874.0,3873,1,76,37.0,3.1,8.4,29,0.35
