id,domain,indicator,value,unit,source_primary,year,confidence,consumers,action,status
FN-38,مالی,هزینه سرمایه‌ای (CAPEX) — میانگین سناریوی پایه,۳۰۰,دلار در هکتار,فرض طراحی — بی‌لنگرگاه: باید در بند متناظر کتابچه لنگر شود,۱۴۰۵,C,HP-01,تعیین بند متناظر و نوشتن مبنای عدد در همان بند,ثبت شد
SC-10,مقیاس,حجم ذخیره آب قابل دسترس (AWC) در عمق ریشه,۷۵۰ (۷۵ میلی‌متر),مترمکعب در هکتار,فرض طراحی — بی‌لنگرگاه: باید در بند متناظر کتابچه لنگر شود,۱۴۰۵,C,HP-01,تعیین بند متناظر و نوشتن مبنای عدد در همان بند,ثبت شد
TO-21,هدف فنی,ضخامت لایه‌های پروفیل (لایه ۱ تا ۵) — HP-01,۵–۱۰، ۲۰–۳۰، ۱۰–۱۵، ۱۵–۲۰، ۳۰–۵۰,سانتی‌متر,فرض طراحی — بند ۳.۳,۱۴۰۵,C,HP-01,تعیین مبنای عدد و بازبینی در فاز کالیبراسیون,ثبت شد
TO-22,هدف فنی,عمق طراحی بر حسب اقلیم (دیشموک، بهبهان، تالش، یاسوج),۱٫۵–۲٫۰، ۱٫۰–۱٫۵، ۱٫۰–۱٫۵، ۲٫۰–۲٫۵,متر,فرض طراحی — بی‌لنگرگاه: باید در بند متناظر کتابچه لنگر شود,۱۴۰۵,C,HP-01,تعیین بند متناظر و نوشتن مبنای عدد در همان بند,ثبت شد
SC-11,مقیاس,تراکم سلول بر حسب اقلیم (دیشموک، بهبهان، تالش، یاسوج),۲۵، ۳۵، ۱۸، ۲۵,واحد در هکتار,فرض طراحی — بند ۲.۳,۱۴۰۵,C,HP-01,تعیین مبنای عدد و بازبینی در فاز کالیبراسیون,ثبت شد
SC-12,مقیاس,زمان اجرا در هر هکتار — HP-01,۱۰,روز کاری (تیم ۵ نفره),فرض طراحی — بی‌لنگرگاه: باید در بند متناظر کتابچه لنگر شود,۱۴۰۵,C,HP-01,تعیین بند متناظر و نوشتن مبنای عدد در همان بند,ثبت شد
TO-23,هدف فنی,عمر مفید سازه — HP-01,۵۰–۱۰۰+,سال,فرض طراحی — بند ۲.۱,۱۴۰۵,C,HP-01,تعیین مبنای عدد و بازبینی در فاز کالیبراسیون,ثبت شد
FN-39,مالی,هزینه سرمایه‌ای (CAPEX) — کرانه پایین — HP-02,۲۰۰,دلار در هکتار,فرض طراحی — بند ۱.۱,۱۴۰۵,C,HP-02,تعیین مبنای عدد و بازبینی در فاز کالیبراسیون,ثبت شد
FN-40,مالی,هزینه سرمایه‌ای (CAPEX) — کرانه بالا — HP-02,۵۰۰,دلار در هکتار,فرض طراحی — بند ۱.۱,۱۴۰۵,C,HP-02,تعیین مبنای عدد و بازبینی در فاز کالیبراسیون,ثبت شد
FN-41,مالی,هزینه سرمایه‌ای (CAPEX) — مقدار پایه — HP-02,۳۵۰,دلار در هکتار,فرض طراحی — بند ۱.۱,۱۴۰۵,C,HP-02,تعیین مبنای عدد و بازبینی در فاز کالیبراسیون,ثبت شد
FN-42,مالی,هزینه عملیاتی (OPEX) سالانه — HP-02,۱۵,دلار در هکتار در سال,فرض طراحی — بند ۱.۱,۱۴۰۵,C,HP-02,تعیین مبنای عدد و بازبینی در فاز کالیبراسیون,ثبت شد
TO-24,هدف فنی,زمان ماند هیدرولیکی — هدف,۱۶۰ (از ۴۰),ثانیه,فرض طراحی — بی‌لنگرگاه: باید در بند متناظر کتابچه لنگر شود,۱۴۰۵,C,HP-02,تعیین بند متناظر و نوشتن مبنای عدد در همان بند,ثبت شد
TO-25,هدف فنی,نرخ نفوذ — هدف,۴۰ (از ۸),میلی‌متر بر ساعت,تصمیم طراحی — بی‌لنگرگاه: باید در بند متناظر کتابچه لنگر شود,۱۴۰۵,C,HP-02,تعیین بند متناظر و نوشتن مبنای عدد در همان بند,ثبت شد
TO-26,هدف فنی,کیفیت آب (TSS) — هدف,۳۰ (از ۱۵۰),میلی‌گرم بر لیتر,فرض طراحی — بی‌لنگرگاه: باید در بند متناظر کتابچه لنگر شود,۱۴۰۵,C,HP-02,تعیین بند متناظر و نوشتن مبنای عدد در همان بند,ثبت شد
ES-11,خدمات اکوسیستمی,کاهش دبی اوج سیلاب,۵۰,درصد,فرض طراحی — بند ۱.۲,۱۴۰۵,C,HP-02,تعیین مبنای عدد و بازبینی در فاز کالیبراسیون,ثبت شد
ES-12,خدمات اکوسیستمی,تأخیر اوج سیلاب,۴,ساعت,فرض طراحی — بند ۱.۲,۱۴۰۵,C,HP-02,تعیین مبنای عدد و بازبینی در فاز کالیبراسیون,ثبت شد
TO-27,هدف فنی,دبی طراحی سرریز تلسکوپی,۲۹–۵۵ (بسته به تنظیم),لیتر بر ثانیه,فرض طراحی — بند ۱.۳,۱۴۰۵,C,HP-02,تعیین مبنای عدد و بازبینی در فاز کالیبراسیون,ثبت شد
TO-28,هدف فنی,افزایش طول مسیر جریان نسبت به فاصله مستقیم (هندسه مارپیچ),۳–۵ (جدول ۱٫۳: چهار برابر),برابر,فرض طراحی — بی‌لنگرگاه: باید در بند متناظر کتابچه لنگر شود,۱۴۰۵,C,HP-02,تعیین بند متناظر و نوشتن مبنای عدد در همان بند,ثبت شد
TO-29,هدف فنی,سطح اشغال اضافی نسبت به کانال مستقیم,۱٫۵,برابر,فرض طراحی — بی‌لنگرگاه: باید در بند متناظر کتابچه لنگر شود,۱۴۰۵,C,HP-02,تعیین بند متناظر و نوشتن مبنای عدد در همان بند,ثبت شد
TO-42,هدف فنی,کیفیت آب — توربیدیتی هدف,۱۵ (از ۸۰),NTU,فرض طراحی — بی‌لنگرگاه: باید در بند متناظر کتابچه لنگر شود,۱۴۰۵,C,HP-02,تعیین بند متناظر و نوشتن مبنای عدد در همان بند,ثبت شد
TO-43,هدف فنی,کیفیت آب — E. coli هدف,۱٫۵ (از ۴٫۰),log CFU,فرض طراحی — بی‌لنگرگاه: باید در بند متناظر کتابچه لنگر شود,۱۴۰۵,C,HP-02,تعیین بند متناظر و نوشتن مبنای عدد در همان بند,ثبت شد
TO-44,هدف فنی,تعداد لایه‌های بافر زیستی,۳ (زهکش قلوه‌سنگی، بیوچار و ورمی‌کمپوست، مالچ سطحی),لایه,فرض طراحی — بی‌لنگرگاه: باید در بند متناظر کتابچه لنگر شود,۱۴۰۵,C,HP-02,تعیین بند متناظر و نوشتن مبنای عدد در همان بند,ثبت شد
M-02,ماده,عمر اجزا (دیواره خشکه‌چین · قلوه‌سنگ · بیوچار · مالچ · سرریز),۵۰–۱۰۰+ · ۵۰–۱۰۰+ · ۱۰۰–۱۰۰۰+ · ۱–۲ · ۲۰–۵۰,سال,فرض طراحی — بند ۸.۳,۱۴۰۵,C,HP-02,تعیین مبنای عدد و بازبینی در فاز کالیبراسیون,ثبت شد
TO-45,هدف فنی,روند پایش ۱۰ ساله (شکل ۷.۱) — نفوذ، زمان ماند، TSS,۴۰ ← ۵۸ · ۱۶۰ ← ۱۸۸ · ۳۰ ← ۵,میلی‌متر بر ساعت · ثانیه · میلی‌گرم بر لیتر,فرض طراحی — بند ۱.۱,۱۴۰۵,C,HP-02,تعیین مبنای عدد و بازبینی در فاز کالیبراسیون,ثبت شد
TO-46,هدف فنی,دوره تعمیر اساسی,۳ سالانه,تناوب,فرض طراحی — بی‌لنگرگاه: باید در بند متناظر کتابچه لنگر شود,۱۴۰۵,C,HP-02,تعیین بند متناظر و نوشتن مبنای عدد در همان بند,ثبت شد
SC-13,مقیاس,زمان اجرا در هر هکتار — HP-02,۱۰,روز کاری (تیم ۵ نفره),فرض طراحی — بی‌لنگرگاه: باید در بند متناظر کتابچه لنگر شود,۱۴۰۵,C,HP-02,تعیین بند متناظر و نوشتن مبنای عدد در همان بند,ثبت شد
FN-43,مالی,هزینه سرمایه‌ای (CAPEX) — کرانه پایین — HP-03,۱۰۰,دلار در هکتار,فرض طراحی — بند ۱.۱,۱۴۰۵,C,HP-03,تعیین مبنای عدد و بازبینی در فاز کالیبراسیون,ثبت شد
FN-44,مالی,هزینه سرمایه‌ای (CAPEX) — کرانه بالا — HP-03,۳۰۰,دلار در هکتار,فرض طراحی — بند ۱.۱,۱۴۰۵,C,HP-03,تعیین مبنای عدد و بازبینی در فاز کالیبراسیون,ثبت شد
FN-45,مالی,هزینه سرمایه‌ای (CAPEX) — مقدار پایه — HP-03,۲۰۰,دلار در هکتار,فرض طراحی — بند ۱.۱,۱۴۰۵,C,HP-03,تعیین مبنای عدد و بازبینی در فاز کالیبراسیون,ثبت شد
FN-46,مالی,هزینه عملیاتی (OPEX) سالانه — HP-03,۱۰,دلار در هکتار در سال,فرض طراحی — بند ۱.۱,۱۴۰۵,C,HP-03,تعیین مبنای عدد و بازبینی در فاز کالیبراسیون,ثبت شد
TO-47,هدف فنی,حجم ذخیره هر حلقه,۱۴۰۰,لیتر,فرض طراحی — بی‌لنگرگاه: باید در بند متناظر کتابچه لنگر شود,۱۴۰۵,C,HP-03,تعیین بند متناظر و نوشتن مبنای عدد در همان بند,ثبت شد
SC-14,مقیاس,حجم ذخیره کل (۲۵ حلقه در هکتار),۳۵,مترمکعب در هکتار,فرض طراحی — بی‌لنگرگاه: باید در بند متناظر کتابچه لنگر شود,۱۴۰۵,C,HP-03,تعیین بند متناظر و نوشتن مبنای عدد در همان بند,ثبت شد
TO-48,هدف فنی,نرخ نفوذ نهایی هدف (fc) — HP-03,۳۵ (از ۴–۱۰),میلی‌متر بر ساعت,تصمیم طراحی — بی‌لنگرگاه: باید در بند متناظر کتابچه لنگر شود,۱۴۰۵,C,HP-03,تعیین بند متناظر و نوشتن مبنای عدد در همان بند,ثبت شد
TO-49,هدف فنی,کاهش رواناب هدف,۵۰–۷۰,درصد,فرض طراحی — بی‌لنگرگاه: باید در بند متناظر کتابچه لنگر شود,۱۴۰۵,C,HP-03,تعیین بند متناظر و نوشتن مبنای عدد در همان بند,ثبت شد
TO-50,هدف فنی,نرخ بقای نهال — مبنا و هدف,۶۰ → ۹۰,درصد,تصمیم طراحی — بند ۲.۳,۱۴۰۵,C,HP-03,تثبیت مبنای تصمیم و بازبینی در فاز کالیبراسیون,ثبت شد
TO-51,هدف فنی,ضریب پایداری (FS) هدف,۲٫۵–۳,بدون بعد,فرض طراحی — بی‌لنگرگاه: باید در بند متناظر کتابچه لنگر شود,۱۴۰۵,C,HP-03,تعیین بند متناظر و نوشتن مبنای عدد در همان بند,ثبت شد
M-03,ماده,ارتفاع بلندکرده (استوانه سنگی),۱۵–۳۰,سانتی‌متر,فرض طراحی — بند ۸.۱,۱۴۰۵,C,HP-03,تعیین مبنای عدد و بازبینی در فاز کالیبراسیون,ثبت شد
TO-52,هدف فنی,قطر داخلی / خارجی حلقه,۱٫۶ / ۲,متر,فرض طراحی — بی‌لنگرگاه: باید در بند متناظر کتابچه لنگر شود,۱۴۰۵,C,HP-03,تعیین بند متناظر و نوشتن مبنای عدد در همان بند,ثبت شد
FN-47,مالی,هزینه چاپ اولیه,۳٫۵,دلار بر حلقه,فرض طراحی — بی‌لنگرگاه: باید در بند متناظر کتابچه لنگر شود,۱۴۰۵,C,HP-03,تعیین بند متناظر و نوشتن مبنای عدد در همان بند,ثبت شد
M-04,ماده,مقاومت فشاری سنگ‌ها (آهکی، گرانیت، بازالت) — HP-03,۵۵، ۱۲۰، ۱۵۰,مگاپاسکال,فرض طراحی — بند ۱.۳,۱۴۰۵,C,HP-03,تعیین مبنای عدد و بازبینی در فاز کالیبراسیون,ثبت شد
TO-53,هدف فنی,تعداد لایه‌های بافر داخلی حلقه,۴ (قلوه‌سنگ، بیوچار-خاک، کمپوست-خاک، مالچ),لایه,فرض طراحی — بی‌لنگرگاه: باید در بند متناظر کتابچه لنگر شود,۱۴۰۵,C,HP-03,تعیین بند متناظر و نوشتن مبنای عدد در همان بند,ثبت شد
TO-54,هدف فنی,ضخامت لایه‌های داخلی (به ترتیب از پایین) — HP-03,۱۰–۱۵، ۸–۱۲، ۵–۸، ۵–۱۰,سانتی‌متر,فرض طراحی — بند ۱.۲,۱۴۰۵,C,HP-03,تعیین مبنای عدد و بازبینی در فاز کالیبراسیون,ثبت شد
SC-15,مقیاس,تعداد حلقه در هر هکتار (چگالی طراحی),۲۵ (شبکه ۵×۵ یا ۴×۵),حلقه در هکتار,محاسبهٔ فرض طراحی — بی‌لنگرگاه: باید در بند متناظر کتابچه لنگر شود,۱۴۰۵,C,HP-03,تعیین بند متناظر و نوشتن مبنای عدد در همان بند,ثبت شد
TO-55,هدف فنی,فاصله‌گذاری حلقه‌ها,۱۸–۲۰,متر,فرض طراحی — بند ۲.۱,۱۴۰۵,C,HP-03,تعیین مبنای عدد و بازبینی در فاز کالیبراسیون,ثبت شد
TO-56,هدف فنی,عمق حفاری پایه حلقه,۱۵–۲۰,سانتی‌متر,فرض طراحی — بند ۴.۱,۱۴۰۵,C,HP-03,تعیین مبنای عدد و بازبینی در فاز کالیبراسیون,ثبت شد
TO-57,هدف فنی,تخلخل مؤثر محاسبه‌شده (n_eff) — HP-03,۰٫۴۶,بدون بعد,محاسبهٔ فرض طراحی — بند ۱.۲,۱۴۰۵,C,HP-03,تکرار محاسبه در فاز کالیبراسیون,ثبت شد
TO-58,هدف فنی,حجم ذخیره محاسبه‌شده در بخش ۳٫۲٫۴,۷۴۱ (۰٫۷۴۱ مترمکعب),لیتر در هر حلقه,محاسبهٔ فرض طراحی — بند ۱.۲,۱۴۰۵,C,HP-03,تکرار محاسبه در فاز کالیبراسیون,ثبت شد
SC-16,مقیاس,حجم ذخیره کل محاسبه‌شده در بخش ۳٫۲٫۴,۱۸٬۵۲۵ (۱۸٫۵ مترمکعب),مترمکعب در هکتار,محاسبهٔ فرض طراحی — بند ۱.۲,۱۴۰۵,C,HP-03,تکرار محاسبه در فاز کالیبراسیون,ثبت شد
TO-59,هدف فنی,زمان ماند هیدرولیکی محاسبه‌شده (بخش ۳٫۶),۱۰٫۵,ساعت,محاسبهٔ فرض طراحی — بند ۲.۶,۱۴۰۵,C,HP-03,تکرار محاسبه در فاز کالیبراسیون,ثبت شد
ES-13,خدمات اکوسیستمی,ضریب پایداری در شرایط سیلاب (نمونه بخش ۳٫۵),۱٫۱۴,بدون بعد,فرض طراحی — بی‌لنگرگاه: باید در بند متناظر کتابچه لنگر شود,۱۴۰۵,C,HP-03,تعیین بند متناظر و نوشتن مبنای عدد در همان بند,ثبت شد
TO-60,هدف فنی,رواناب خروجی سالانه — هدف — HP-03,۳۰ (از ۱۲۰),میلی‌متر در سال,فرض طراحی — بی‌لنگرگاه: باید در بند متناظر کتابچه لنگر شود,۱۴۰۵,C,HP-03,تعیین بند متناظر و نوشتن مبنای عدد در همان بند,ثبت شد
ES-14,خدمات اکوسیستمی,تغذیه آبخوان — هدف — HP-03,۲۵ (از ۵),میلی‌متر در سال,فرض طراحی — بند ۱.۱,۱۴۰۵,C,HP-03,تعیین مبنای عدد و بازبینی در فاز کالیبراسیون,ثبت شد
M-05,ماده,رطوبت خاک ریشه — هدف — HP-03,۲۸ (از ۱۵),درصد,فرض طراحی — بند ۱.۲,۱۴۰۵,C,HP-03,تعیین مبنای عدد و بازبینی در فاز کالیبراسیون,ثبت شد
M-06,ماده,حجم مصالح سنگ سازه,۲٫۵ (۶۲٫۵ مترمکعب در هر هکتار),مترمکعب در هر حلقه,فرض طراحی — بی‌لنگرگاه: باید در بند متناظر کتابچه لنگر شود,۱۴۰۵,C,HP-03,تعیین بند متناظر و نوشتن مبنای عدد در همان بند,ثبت شد
SC-17,مقیاس,وزن سنگ سازه,حدود ۱۵۰,تن در هکتار,فرض طراحی — بند ۲.۱,۱۴۰۵,C,HP-03,تعیین مبنای عدد و بازبینی در فاز کالیبراسیون,ثبت شد
FN-48,مالی,هزینه نیروی کار اجرا — HP-03,۳۹۰,دلار (تیم ۵ نفره، ۳ روز),فرض طراحی — بی‌لنگرگاه: باید در بند متناظر کتابچه لنگر شود,۱۴۰۵,C,HP-03,تعیین بند متناظر و نوشتن مبنای عدد در همان بند,ثبت شد
FN-49,مالی,هزینه تجهیزات اجرا — HP-03,۱٬۳۸۵,دلار,فرض طراحی — بی‌لنگرگاه: باید در بند متناظر کتابچه لنگر شود,۱۴۰۵,C,HP-03,تعیین بند متناظر و نوشتن مبنای عدد در همان بند,ثبت شد
FN-50,مالی,هزینه آموزش تیم اجرایی,۱۰۰,دلار,فرض طراحی — بی‌لنگرگاه: باید در بند متناظر کتابچه لنگر شود,۱۴۰۵,C,HP-03,تعیین بند متناظر و نوشتن مبنای عدد در همان بند,ثبت شد
TO-61,هدف فنی,عمر چرخه عمر بسته — HP-03,۳۰–۵۰,سال,فرض طراحی — بی‌لنگرگاه: باید در بند متناظر کتابچه لنگر شود,۱۴۰۵,C,HP-03,تعیین بند متناظر و نوشتن مبنای عدد در همان بند,ثبت شد
TO-62,هدف فنی,بازه زمانی اجرای گام اجرایی — HP-03,۱۲–۱۵,روز کاری,فرض طراحی — بی‌لنگرگاه: باید در بند متناظر کتابچه لنگر شود,۱۴۰۵,C,HP-03,تعیین بند متناظر و نوشتن مبنای عدد در همان بند,ثبت شد
FN-51,مالی,هزینه سرمایه‌ای (CAPEX) — کرانه پایین — HP-04,۵۰,دلار در هکتار,فرض طراحی — بند ۱.۱,۱۴۰۵,C,HP-04,تعیین مبنای عدد و بازبینی در فاز کالیبراسیون,ثبت شد
FN-52,مالی,هزینه سرمایه‌ای (CAPEX) — کرانه بالا — HP-04,۱۰۰,دلار در هکتار,فرض طراحی — بند ۱.۱,۱۴۰۵,C,HP-04,تعیین مبنای عدد و بازبینی در فاز کالیبراسیون,ثبت شد
FN-53,مالی,هزینه سرمایه‌ای (CAPEX) — میانگین — HP-04,۷۵,دلار در هکتار,فرض طراحی — بند ۱.۱,۱۴۰۵,C,HP-04,تعیین مبنای عدد و بازبینی در فاز کالیبراسیون,ثبت شد
FN-54,مالی,هزینه عملیاتی (OPEX) سالانه — HP-04,۵,دلار در هکتار در سال,فرض طراحی — بند ۱.۱,۱۴۰۵,C,HP-04,تعیین مبنای عدد و بازبینی در فاز کالیبراسیون,ثبت شد
TO-63,هدف فنی,ظرفیت ذخیره هر چاله (ادعای سرصفحه),۱٫۱۸ (۱۱۸۰ لیتر),مترمکعب,فرض طراحی — بند ۷.۱.۱,۱۴۰۵,C,HP-04,تعیین مبنای عدد و بازبینی در فاز کالیبراسیون,ثبت شد
TO-64,هدف فنی,ظرفیت ذخیره محاسبه‌شده در بخش ۳٫۲٫۴,۰٫۳۲۴ (۳۲۴ لیتر),مترمکعب,محاسبهٔ فرض طراحی — بند ۳٫۲٫۴,۱۴۰۵,C,HP-04,تکرار محاسبه در فاز کالیبراسیون,ثبت شد
SC-18,مقیاس,حجم ذخیره کل (۵۰ چاله در هکتار),۵۹,مترمکعب در هکتار,فرض طراحی — بند ۷.۱.۱,۱۴۰۵,C,HP-04,تعیین مبنای عدد و بازبینی در فاز کالیبراسیون,ثبت شد
TO-65,هدف فنی,نرخ نفوذ نهایی هدف (fc) — HP-04,۴۰ (از ۴–۱۰),میلی‌متر بر ساعت,تصمیم طراحی — بی‌لنگرگاه: باید در بند متناظر کتابچه لنگر شود,۱۴۰۵,C,HP-04,تعیین بند متناظر و نوشتن مبنای عدد در همان بند,ثبت شد
TO-66,هدف فنی,نگهداشت (S) محاسبه‌شده در بخش ۳٫۵,۷۶۲ (از ۶۳٫۵),میلی‌متر,محاسبهٔ فرض طراحی — بند ۱.۱,۱۴۰۵,C,HP-04,تکرار محاسبه در فاز کالیبراسیون,ثبت شد
TO-67,هدف فنی,نرخ بقای نهال — هدف,۹۲,درصد (از ۶۰),تصمیم طراحی — بند ۱.۱۲,۱۴۰۵,C,HP-04,تثبیت مبنای تصمیم و بازبینی در فاز کالیبراسیون,ثبت شد
SP-01,گونه,افزایش بقا و جوانه‌زنی بذر — هدف,۲۵,درصد,فرض طراحی — بند ۷.۱.۱,۱۴۰۵,C,HP-04,تعیین مبنای عدد و بازبینی در فاز کالیبراسیون,ثبت شد
ES-17,خدمات اکوسیستمی,تغذیه آبخوان — هدف — HP-04,۳۰۰,درصد افزایش,فرض طراحی — بند ۷.۱.۱,۱۴۰۵,C,HP-04,تعیین مبنای عدد و بازبینی در فاز کالیبراسیون,ثبت شد
TO-68,هدف فنی,قطر / عمق چاله,۱٫۲ / ۱,متر,فرض طراحی — بی‌لنگرگاه: باید در بند متناظر کتابچه لنگر شود,۱۴۰۵,C,HP-04,تعیین بند متناظر و نوشتن مبنای عدد در همان بند,ثبت شد
M-07,ماده,نفوذپذیری خاک هدف (K),۱٫۰ۻ⁴–۱٫۰ۻ⁳,متر بر ثانیه,فرض طراحی — بند ۳.۱۰,۱۴۰۵,C,HP-04,تعیین مبنای عدد و بازبینی در فاز کالیبراسیون,ثبت شد
M-08,ماده,مقاومت فشاری سنگ‌ها (آهکی، گرانیت، بازالت) — HP-04,۵۵، ۱۲۰، ۱۵۰,مگاپاسکال,فرض طراحی — بند ۲.۱,۱۴۰۵,C,HP-04,تعیین مبنای عدد و بازبینی در فاز کالیبراسیون,ثبت شد
ST-16,استاندارد,قطر و عمق استاندارد چاله (جدول‌های ۳٫۱ و ۴٫۲),۰٫۸ / ۱٫۵,متر,فرض طراحی — بی‌لنگرگاه: باید در بند متناظر کتابچه لنگر شود,۱۴۰۵,C,HP-04,تعیین بند متناظر و نوشتن مبنای عدد در همان بند,ثبت شد
SC-19,مقیاس,تعداد چاله در هر هکتار (چگالی طراحی),۵۰ (شبکه ۵×۱۰، فاصله ۱۴ متر),چاله در هکتار,محاسبهٔ فرض طراحی — بی‌لنگرگاه: باید در بند متناظر کتابچه لنگر شود,۱۴۰۵,C,HP-04,تعیین بند متناظر و نوشتن مبنای عدد در همان بند,ثبت شد
TO-69,هدف فنی,تعداد لایه‌های داخلی چاله,۵ (قلوه‌سنگ درشت، قلوه‌سنگ ریز، بیوچار-خاک، کمپوست-خاک، مالچ),لایه,فرض طراحی — بی‌لنگرگاه: باید در بند متناظر کتابچه لنگر شود,۱۴۰۵,C,HP-04,تعیین بند متناظر و نوشتن مبنای عدد در همان بند,ثبت شد
TO-70,هدف فنی,ضخامت لایه‌های داخلی (به ترتیب از پایین) — HP-04,۳۰–۴۰، ۲۰–۳۰، ۱۵–۲۰، ۱۰–۱۵، ۵–۱۰,سانتی‌متر,فرض طراحی — بند ۱۰٫۹,۱۴۰۵,C,HP-04,تعیین مبنای عدد و بازبینی در فاز کالیبراسیون,ثبت شد
TO-71,هدف فنی,تخلخل مؤثر محاسبه‌شده (n_eff) — HP-04,۰٫۴۳,بدون بعد,محاسبهٔ فرض طراحی — بند ۳٫۲٫۴,۱۴۰۵,C,HP-04,تکرار محاسبه در فاز کالیبراسیون,ثبت شد
M-09,ماده,دبی خروجی از کف چاله در خاک لومی-شنی (K=۱۰⁻⁵),۱۸,لیتر بر ساعت,تصمیم طراحی — بند ۷.۱.۱,۱۴۰۵,C,HP-04,تثبیت مبنای تصمیم و بازبینی در فاز کالیبراسیون,ثبت شد
M-10,ماده,زمان ماند هیدرولیکی محاسبه‌شده (خاک لومی-شنی),۱۷٫۸,ساعت,محاسبهٔ فرض طراحی — بند ۱.۲,۱۴۰۵,C,HP-04,تکرار محاسبه در فاز کالیبراسیون,ثبت شد
M-11,ماده,زمان ماند هیدرولیکی در خاک لومی (K=۱۰⁻۶),۱۷۸ (۷٫۴ روز),ساعت,محاسبهٔ فرض طراحی — بند ۱.۲,۱۴۰۵,C,HP-04,تکرار محاسبه در فاز کالیبراسیون,ثبت شد
M-12,ماده,پارامترهای Van Genuchten خاک لومی-شنی دیشموک,۰٫۰۳۹، ۰٫۳۹۰، ۰٫۰۳۴۷، ۱٫۴۹,θr، θs، α بر حسب ۱/cm، n,فرض طراحی — بند ۳.۱,۱۴۰۵,C,HP-04,تعیین مبنای عدد و بازبینی در فاز کالیبراسیون,ثبت شد
PL-08,پایلوت,عمق سطح ایستابی پایلوت‌ها (دیشموک، بهبهان، تالش، یاسوج),۵–۸، ۸–۱۲، ۱–۳، ۴–۶,متر,فرض طراحی — بند ۳.۱۰,۱۴۰۵,C,HP-04,تعیین مبنای عدد و بازبینی در فاز کالیبراسیون,ثبت شد
TO-72,هدف فنی,رواناب خروجی سالانه — هدف — HP-04,۲۰ (از ۱۲۰),میلی‌متر در سال,فرض طراحی — بند ۷.۱.۱,۱۴۰۵,C,HP-04,تعیین مبنای عدد و بازبینی در فاز کالیبراسیون,ثبت شد
M-13,ماده,رطوبت خاک ریشه — هدف — HP-04,۳۰ (از ۱۵),درصد,فرض طراحی — بند ۱.۲,۱۴۰۵,C,HP-04,تعیین مبنای عدد و بازبینی در فاز کالیبراسیون,ثبت شد
TO-73,هدف فنی,شیب دیواره چاله در حین اجرا,۱۰:۱ یا کمتر,بدون بعد,فرض طراحی — بند ۱۰٫۱,۱۴۰۵,C,HP-04,تعیین مبنای عدد و بازبینی در فاز کالیبراسیون,ثبت شد
TO-74,هدف فنی,شیب کانال اتصال ورودی,۱–۲,درصد,فرض طراحی — بند ۱.۱,۱۴۰۵,C,HP-04,تعیین مبنای عدد و بازبینی در فاز کالیبراسیون,ثبت شد
TO-75,هدف فنی,سوراخ فیلتر ورودی,۵,میلی‌متر,فرض طراحی — بند ۳٫۹٫۲,۱۴۰۵,C,HP-04,تعیین مبنای عدد و بازبینی در فاز کالیبراسیون,ثبت شد
TO-76,هدف فنی,عمر چرخه عمر بسته — HP-04,۲۰–۴۰,سال,فرض طراحی — بی‌لنگرگاه: باید در بند متناظر کتابچه لنگر شود,۱۴۰۵,C,HP-04,تعیین بند متناظر و نوشتن مبنای عدد در همان بند,ثبت شد
FN-55,مالی,هزینه نیروی کار اجرا — HP-04,۵۸۰,دلار (تیم ۵ نفره، ۴ روز),فرض طراحی — بی‌لنگرگاه: باید در بند متناظر کتابچه لنگر شود,۱۴۰۵,C,HP-04,تعیین بند متناظر و نوشتن مبنای عدد در همان بند,ثبت شد
FN-56,مالی,هزینه تجهیزات اجرا — HP-04,۱٬۲۸۵,دلار,فرض طراحی — بی‌لنگرگاه: باید در بند متناظر کتابچه لنگر شود,۱۴۰۵,C,HP-04,تعیین بند متناظر و نوشتن مبنای عدد در همان بند,ثبت شد
TO-77,هدف فنی,بازه زمانی اجرای گام اجرایی — HP-04,۱۲–۱۵,روز کاری,فرض طراحی — بی‌لنگرگاه: باید در بند متناظر کتابچه لنگر شود,۱۴۰۵,C,HP-04,تعیین بند متناظر و نوشتن مبنای عدد در همان بند,ثبت شد
FN-57,مالی,هزینه سرمایه‌ای (CAPEX) — کرانه پایین — HP-05,۳۰۰,دلار در هکتار,فرض طراحی — بند ۸.۳,۱۴۰۵,C,HP-05,تعیین مبنای عدد و بازبینی در فاز کالیبراسیون,ثبت شد
FN-58,مالی,هزینه سرمایه‌ای (CAPEX) — کرانه بالا — HP-05,۶۰۰,دلار در هکتار,فرض طراحی — بند ۸.۳,۱۴۰۵,C,HP-05,تعیین مبنای عدد و بازبینی در فاز کالیبراسیون,ثبت شد
FN-59,مالی,هزینه سرمایه‌ای (CAPEX) — میانگین — HP-05,۴۵۰,دلار در هکتار,فرض طراحی — بند ۸.۳,۱۴۰۵,C,HP-05,تعیین مبنای عدد و بازبینی در فاز کالیبراسیون,ثبت شد
FN-71,مالی,هزینه عملیاتی (OPEX) سالانه — HP-05,۲۰,دلار در هکتار در سال,فرض طراحی — بند ۱.۱,۱۴۰۵,C,HP-05,تعیین مبنای عدد و بازبینی در فاز کالیبراسیون,ثبت شد
TO-78,هدف فنی,تله‌اندازی رسوب (η_trap) — هدف,۸۵ (از ۶۰),درصد,فرض طراحی — بند ۸.۳,۱۴۰۵,C,HP-05,تعیین مبنای عدد و بازبینی در فاز کالیبراسیون,ثبت شد
ES-18,خدمات اکوسیستمی,کاهش دبی اوج سیلاب — هدف,۶۲,درصد,فرض طراحی — بند ۸.۳,۱۴۰۵,C,HP-05,تعیین مبنای عدد و بازبینی در فاز کالیبراسیون,ثبت شد
ES-19,خدمات اکوسیستمی,تأخیر اوج سیلاب — هدف,۴,ساعت,فرض طراحی — بند ۸.۳,۱۴۰۵,C,HP-05,تعیین مبنای عدد و بازبینی در فاز کالیبراسیون,ثبت شد
ES-20,خدمات اکوسیستمی,کاهش خسارت سیلاب شهری — هدف,۷۰,درصد,فرض طراحی — بند ۱.۲,۱۴۰۵,C,HP-05,تعیین مبنای عدد و بازبینی در فاز کالیبراسیون,ثبت شد
TO-79,هدف فنی,افزایش سطح ایستایی — هدف,۴۰–۶۰ (افق ۲ سال),سانتی‌متر,فرض طراحی — بند ۱.۲,۱۴۰۵,C,HP-05,تعیین مبنای عدد و بازبینی در فاز کالیبراسیون,ثبت شد
ES-21,خدمات اکوسیستمی,افزایش تغذیه آبخوان — هدف,۳۰۰,درصد,فرض طراحی — بند ۸.۳,۱۴۰۵,C,HP-05,تعیین مبنای عدد و بازبینی در فاز کالیبراسیون,ثبت شد
TO-80,هدف فنی,افزایش بقا و رشد نهال — هدف,۸۵,درصد,فرض طراحی — بند ۸.۳,۱۴۰۵,C,HP-05,تعیین مبنای عدد و بازبینی در فاز کالیبراسیون,ثبت شد
TO-81,هدف فنی,ارتفاع و طول بندک,۲–۳ / ۳۰–۵۰,متر,فرض طراحی — بند ۸.۳,۱۴۰۵,C,HP-05,تعیین مبنای عدد و بازبینی در فاز کالیبراسیون,ثبت شد
TO-82,هدف فنی,نسبت ملات آهکی,۱:۳,نسبت,فرض طراحی — بند ۸.۳,۱۴۰۵,C,HP-05,تعیین مبنای عدد و بازبینی در فاز کالیبراسیون,ثبت شد
TO-83,هدف فنی,دبی سرریز تلسکوپی (میانگین),۱٫۸,مترمکعب بر ثانیه,فرض طراحی — بند ۸.۳,۱۴۰۵,C,HP-05,تعیین مبنای عدد و بازبینی در فاز کالیبراسیون,ثبت شد
TO-84,هدف فنی,ضریب اطمینان (FS) — هدف,۱٫۵,بدون بعد,تصمیم طراحی — بند ۸.۳,۱۴۰۵,C,HP-05,تثبیت مبنای تصمیم و بازبینی در فاز کالیبراسیون,ثبت شد
TO-85,هدف فنی,عرض تاج بندک,۳–۴,متر,فرض طراحی — بی‌لنگرگاه: باید در بند متناظر کتابچه لنگر شود,۱۴۰۵,C,HP-05,تعیین بند متناظر و نوشتن مبنای عدد در همان بند,ثبت شد
SC-20,مقیاس,تعداد بندک در هر ۵۰ هکتار (چگالی طراحی),۴–۵ (زنجیره ۴–۶ بندک),بندک,فرض طراحی — بند ۸.۳,۱۴۰۵,C,HP-05,تعیین مبنای عدد و بازبینی در فاز کالیبراسیون,ثبت شد
TO-86,هدف فنی,فاصله بندک‌ها بر اساس شیب آبراهه,۵۰–۱۵۰,متر,فرض طراحی — بند ۸.۳,۱۴۰۵,C,HP-05,تعیین مبنای عدد و بازبینی در فاز کالیبراسیون,ثبت شد
TO-87,هدف فنی,شیب مجاز آبراهه محل اجرا,۲–۱۵,درصد,فرض طراحی — بند ۸.۳,۱۴۰۵,C,HP-05,تعیین مبنای عدد و بازبینی در فاز کالیبراسیون,ثبت شد
TO-88,هدف فنی,طول بندک واحد در مقطع عرضی,۶,متر,فرض طراحی — بی‌لنگرگاه: باید در بند متناظر کتابچه لنگر شود,۱۴۰۵,C,HP-05,تعیین بند متناظر و نوشتن مبنای عدد در همان بند,ثبت شد
TO-89,هدف فنی,عمق پی (تا بستر سخت),۰٫۵–۱,متر,فرض طراحی — بی‌لنگرگاه: باید در بند متناظر کتابچه لنگر شود,۱۴۰۵,C,HP-05,تعیین بند متناظر و نوشتن مبنای عدد در همان بند,ثبت شد
TO-90,هدف فنی,شیب دیواره حفاری پی,۱:۱,بدون بعد,فرض طراحی — بند ۸.۳,۱۴۰۵,C,HP-05,تعیین مبنای عدد و بازبینی در فاز کالیبراسیون,ثبت شد
ST-17,استاندارد,معیار توقف حفاری با آزمون SPT,بیش از ۲۰ ضربه,ضربه,فرض طراحی — بند ۸.۱,۱۴۰۵,C,HP-05,تعیین مبنای عدد و بازبینی در فاز کالیبراسیون,ثبت شد
TO-91,هدف فنی,زمان انتظار گیرش اولیه ملات آهکی بین ردیف‌ها,۲۴,ساعت,فرض طراحی — بند ۱.۶,۱۴۰۵,C,HP-05,تعیین مبنای عدد و بازبینی در فاز کالیبراسیون,ثبت شد
TO-92,هدف فنی,زمان رسیدن ملات آهکی به ۷۰ درصد مقاومت نهایی,۲۸,روز,فرض طراحی — بند ۱.۱,۱۴۰۵,C,HP-05,تعیین مبنای عدد و بازبینی در فاز کالیبراسیون,ثبت شد
TO-93,هدف فنی,زمان رسیدن ملات آهکی به ۱۰۰ درصد مقاومت,۱–۳,سال,فرض طراحی — بند ۱.۱,۱۴۰۵,C,HP-05,تعیین مبنای عدد و بازبینی در فاز کالیبراسیون,ثبت شد
ES-22,خدمات اکوسیستمی,ترسیب دی‌اکسید کربن ملات آهکی,۲–۴,کیلوگرم در مترمکعب در سال,فرض طراحی — بند ۸.۳,۱۴۰۵,C,HP-05,تعیین مبنای عدد و بازبینی در فاز کالیبراسیون,ثبت شد
TO-94,هدف فنی,ضریب پایداری محاسبه‌شده (نمونه بخش ۳٫۲),۳٫۹,بدون بعد,محاسبهٔ فرض طراحی — بند ۸.۳,۱۴۰۵,C,HP-05,تکرار محاسبه در فاز کالیبراسیون,ثبت شد
TO-95,هدف فنی,ظرفیت ذخیره پشت بندک (نمونه بخش ۳٫۴),۵۶٫۲۵,مترمکعب,فرض طراحی — بند ۳.۲,۱۴۰۵,C,HP-05,تعیین مبنای عدد و بازبینی در فاز کالیبراسیون,ثبت شد
MD-09,مدل شبیه‌سازی,راندمان تله‌اندازی رسوب محاسبه‌شده با مدل Brune,۰٫۰۰۵۶,درصد,محاسبهٔ فرض طراحی — بند ۳.۲,۱۴۰۵,C,HP-05,تکرار محاسبه در فاز کالیبراسیون,ثبت شد
ES-23,خدمات اکوسیستمی,زمان ماند هیدرولیکی (اوج سیلاب / شرایط عادی),۱۷ دقیقه / ۱۳ روز,—,فرض طراحی — بند ۲.۵,۱۴۰۵,C,HP-05,تعیین مبنای عدد و بازبینی در فاز کالیبراسیون,ثبت شد
TO-96,هدف فنی,دبی سرریز محاسبه‌شده در سه تنظیم (H=۰٫۱، ۰٫۱۵، ۰٫۲),۲۹، ۵۳٫۵، ۸۲,لیتر بر ثانیه,محاسبهٔ فرض طراحی — بند ۲.۴,۱۴۰۵,C,HP-05,تکرار محاسبه در فاز کالیبراسیون,ثبت شد
TO-97,هدف فنی,مقاومت فشاری ملات آهکی ۲۸ روزه,۲٫۵–۵,مگاپاسکال,فرض طراحی — بند ۱.۱,۱۴۰۵,C,HP-05,تعیین مبنای عدد و بازبینی در فاز کالیبراسیون,ثبت شد
TO-98,هدف فنی,عمر مفید سازه — HP-05,۵۰+,سال,فرض طراحی — بند ۸.۳,۱۴۰۵,C,HP-05,تعیین مبنای عدد و بازبینی در فاز کالیبراسیون,ثبت شد
TO-99,هدف فنی,دوره پاکسازی رسوب پشت بندک,۱۰–۱۵,سال,فرض طراحی — بند ۳.۴.۲,۱۴۰۵,C,HP-05,تعیین مبنای عدد و بازبینی در فاز کالیبراسیون,ثبت شد
TO-100,هدف فنی,زمان اجرا در هر بندک,۹٫۵,روز کاری (تیم ۶ نفره),فرض طراحی — بند ۸.۳,۱۴۰۵,C,HP-05,تعیین مبنای عدد و بازبینی در فاز کالیبراسیون,ثبت شد
TO-101,هدف فنی,بازه زمانی اجرای گام اجرایی — HP-05,۱۲–۱۵,روز کاری,فرض طراحی — بند ۸.۳,۱۴۰۵,C,HP-05,تعیین مبنای عدد و بازبینی در فاز کالیبراسیون,ثبت شد
FN-72,مالی,هزینه سرمایه‌ای (CAPEX) — کرانه پایین — HP-06,۳۰۰,دلار در هکتار,فرض طراحی — بی‌لنگرگاه: باید در بند متناظر کتابچه لنگر شود,۱۴۰۵,C,HP-06,تعیین بند متناظر و نوشتن مبنای عدد در همان بند,ثبت شد
FN-73,مالی,هزینه سرمایه‌ای (CAPEX) — کرانه بالا — HP-06,۵۰۰,دلار در هکتار,فرض طراحی — بی‌لنگرگاه: باید در بند متناظر کتابچه لنگر شود,۱۴۰۵,C,HP-06,تعیین بند متناظر و نوشتن مبنای عدد در همان بند,ثبت شد
FN-74,مالی,هزینه سرمایه‌ای (CAPEX) — میانگین — HP-06,۴۰۰,دلار در هکتار,فرض طراحی — بی‌لنگرگاه: باید در بند متناظر کتابچه لنگر شود,۱۴۰۵,C,HP-06,تعیین بند متناظر و نوشتن مبنای عدد در همان بند,ثبت شد
FN-75,مالی,هزینه عملیاتی (OPEX) سالانه — HP-06,۲۵,دلار در هکتار در سال,فرض طراحی — بند ۱.۱,۱۴۰۵,C,HP-06,تعیین مبنای عدد و بازبینی در فاز کالیبراسیون,ثبت شد
TO-102,هدف فنی,آب قابل دسترس (AWC) — هدف,۰٫۱۵ (از ۰٫۰۸),حجمی,فرض طراحی — بی‌لنگرگاه: باید در بند متناظر کتابچه لنگر شود,۱۴۰۵,C,HP-06,تعیین بند متناظر و نوشتن مبنای عدد در همان بند,ثبت شد
SC-21,مقیاس,ظرفیت ذخیره آب در عمق ریشه (۵۰ سانتی‌متر),۷۵۰ (از ۴۰۰),مترمکعب در هکتار,فرض طراحی — بند ۱.۲,۱۴۰۵,C,HP-06,تعیین مبنای عدد و بازبینی در فاز کالیبراسیون,ثبت شد
TO-103,هدف فنی,نرخ نفوذ نهایی هدف (fc) — HP-06,۴۰ (از ۸),میلی‌متر بر ساعت,تصمیم طراحی — بی‌لنگرگاه: باید در بند متناظر کتابچه لنگر شود,۱۴۰۵,C,HP-06,تعیین بند متناظر و نوشتن مبنای عدد در همان بند,ثبت شد
TO-104,هدف فنی,S-index (Dexter) — هدف,۰٫۰۵۰ (از ۰٫۰۲۵),بدون بعد، افق سال ۲,فرض طراحی — بی‌لنگرگاه: باید در بند متناظر کتابچه لنگر شود,۱۴۰۵,C,HP-06,تعیین بند متناظر و نوشتن مبنای عدد در همان بند,ثبت شد
M-14,ماده,چگالی ظاهری خاک — هدف,۱٫۲۵ (از ۱٫۵۵),تن بر مترمکعب,فرض طراحی — بند ۲.۱,۱۴۰۵,C,HP-06,تعیین مبنای عدد و بازبینی در فاز کالیبراسیون,ثبت شد
ES-24,خدمات اکوسیستمی,کاهش نیترات آبخوان — هدف,۶۰,درصد,فرض طراحی — بند ۱.۲,۱۴۰۵,C,HP-06,تعیین مبنای عدد و بازبینی در فاز کالیبراسیون,ثبت شد
SP-02,گونه,افزایش پوشش گیاهی مرتع — هدف,۲۵ → ۶۵ (افق ۲ سال),درصد,فرض طراحی — بی‌لنگرگاه: باید در بند متناظر کتابچه لنگر شود,۱۴۰۵,C,HP-06,تعیین بند متناظر و نوشتن مبنای عدد در همان بند,ثبت شد
TO-105,هدف فنی,تعداد لایه‌های پروفیل,۶ (مالچ، خاک سطحی، بیوچار، ماسه، خاک رس، بستر طبیعی),لایه,فرض طراحی — بی‌لنگرگاه: باید در بند متناظر کتابچه لنگر شود,۱۴۰۵,C,HP-06,تعیین بند متناظر و نوشتن مبنای عدد در همان بند,ثبت شد
TO-106,هدف فنی,ضخامت لایه‌های پروفیل (لایه ۱ تا ۵) — HP-06,۵–۱۰، ۲۰–۳۰، ۱۰–۱۵، ۱۵–۲۰، ۳۰–۵۰,سانتی‌متر,فرض طراحی — بی‌لنگرگاه: باید در بند متناظر کتابچه لنگر شود,۱۴۰۵,C,HP-06,تعیین بند متناظر و نوشتن مبنای عدد در همان بند,ثبت شد
TO-107,هدف فنی,عمق کل پروفیل (لایه ۱ تا ۶),۸۰–۱۲۵ (اجرا تا عمق ۱٫۵–۲ متر),سانتی‌متر,فرض طراحی — بی‌لنگرگاه: باید در بند متناظر کتابچه لنگر شود,۱۴۰۵,C,HP-06,تعیین بند متناظر و نوشتن مبنای عدد در همان بند,ثبت شد
TO-108,هدف فنی,عمق کل HP-06 بر حسب اقلیم (دیشموک، بهبهان، تالش، یاسوج),۲٫۰، ۱٫۸، ۱٫۵، ۱٫۸,متر,فرض طراحی — بی‌لنگرگاه: باید در بند متناظر کتابچه لنگر شود,۱۴۰۵,C,HP-06,تعیین بند متناظر و نوشتن مبنای عدد در همان بند,ثبت شد
TO-109,هدف فنی,درصد بیوچار در لایه بافر,۵,درصد وزنی,فرض طراحی — بی‌لنگرگاه: باید در بند متناظر کتابچه لنگر شود,۱۴۰۵,C,HP-06,تعیین بند متناظر و نوشتن مبنای عدد در همان بند,ثبت شد
M-15,ماده,درصد کمپوست در لایه خاک سطحی,۵–۱۵ (استاندارد ۱۰),درصد وزنی,فرض طراحی — بی‌لنگرگاه: باید در بند متناظر کتابچه لنگر شود,۱۴۰۵,C,HP-06,تعیین بند متناظر و نوشتن مبنای عدد در همان بند,ثبت شد
TO-110,هدف فنی,تخلخل هدف پس از تراکم,۰٫۳۰,بدون بعد,فرض طراحی — بند ۲.۱,۱۴۰۵,C,HP-06,تعیین مبنای عدد و بازبینی در فاز کالیبراسیون,ثبت شد
TO-111,هدف فنی,تعداد پاس غلتک در تراکم لایه رسی,۴–۶,پاس,فرض طراحی — بی‌لنگرگاه: باید در بند متناظر کتابچه لنگر شود,۱۴۰۵,C,HP-06,تعیین بند متناظر و نوشتن مبنای عدد در همان بند,ثبت شد
TO-112,هدف فنی,ضخامت هر پاس تراکم,۱۰,سانتی‌متر,فرض طراحی — بند ۱.۱,۱۴۰۵,C,HP-06,تعیین مبنای عدد و بازبینی در فاز کالیبراسیون,ثبت شد
SC-22,مقیاس,تعداد نمونه مرکب خاک پیش از اجرا,۱۰,نمونه در هر هکتار,فرض طراحی — بی‌لنگرگاه: باید در بند متناظر کتابچه لنگر شود,۱۴۰۵,C,HP-06,تعیین بند متناظر و نوشتن مبنای عدد در همان بند,ثبت شد
M-16,ماده,عمق نمونه‌برداری خاک,۰–۳۰، ۳۰–۶۰، ۶۰–۱۰۰، ۱۰۰–۱۵۰,سانتی‌متر,فرض طراحی — بند ۲.۱,۱۴۰۵,C,HP-06,تعیین مبنای عدد و بازبینی در فاز کالیبراسیون,ثبت شد
SC-23,مقیاس,حجم خاکبرداری در هر هکتار,۱۰۰–۱۵۰,مترمکعب,فرض طراحی — بند ۴.۱,۱۴۰۵,C,HP-06,تعیین مبنای عدد و بازبینی در فاز کالیبراسیون,ثبت شد
TO-113,هدف فنی,شیب دیواره حفاری,۱:۱ (خاک پایدار) تا ۱٫۵:۱ (خاک ناپایدار),بدون بعد,فرض طراحی — بند ۴.۱,۱۴۰۵,C,HP-06,تعیین مبنای عدد و بازبینی در فاز کالیبراسیون,ثبت شد
M-17,ماده,pH و EC هدف خاک سطحی,۶٫۵–۷٫۵ و کمتر از ۲,pH و dS/m,فرض طراحی — بند ۱.۲,۱۴۰۵,C,HP-06,تعیین مبنای عدد و بازبینی در فاز کالیبراسیون,ثبت شد
M-18,ماده,CEC هدف خاک سطحی,بیش از ۱۵,centimol بر کیلوگرم,فرض طراحی — بند ۱.۲,۱۴۰۵,C,HP-06,تعیین مبنای عدد و بازبینی در فاز کالیبراسیون,ثبت شد
SC-24,مقیاس,ظرفیت چرایی مرتع پس از احیا,۱ ← ۲٫۵,گوسفند در هکتار,فرض طراحی — بند ۱.۲,۱۴۰۵,C,HP-06,تعیین مبنای عدد و بازبینی در فاز کالیبراسیون,ثبت شد
TO-114,هدف فنی,S-index (Dexter) — طبقه‌بندی معیار,کمتر از ۰٫۰۲۰ ضعیف · ۰٫۰۲۰–۰٫۰۳۵ متوسط · ۰٫۰۳۵–۰٫۰۵۰ خوب · ۰٫۰۵۰ و بالاتر عالی,بدون بعد,فرض طراحی — بی‌لنگرگاه: باید در بند متناظر کتابچه لنگر شود,۱۴۰۵,C,HP-06,تعیین بند متناظر و نوشتن مبنای عدد در همان بند,ثبت شد
M-19,ماده,عمر مفید لایه‌های پروفیل (مالچ · خاک سطحی · بیوچار · ماسه · رس · بستر),۱ · ۲۰ · ۱۰ · ۵۰+ · ۵۰+ · دائمی,سال,فرض طراحی — بی‌لنگرگاه: باید در بند متناظر کتابچه لنگر شود,۱۴۰۵,C,HP-06,تعیین بند متناظر و نوشتن مبنای عدد در همان بند,ثبت شد
TO-115,هدف فنی,پایداری کل بسته,۵۰+,سال,فرض طراحی — بند ۱.۱,۱۴۰۵,C,HP-06,تعیین مبنای عدد و بازبینی در فاز کالیبراسیون,ثبت شد
FN-76,مالی,هزینه بسته آزمون خاک پیش از اجرا,۱۱۰,دلار در هر هکتار,فرض طراحی — بی‌لنگرگاه: باید در بند متناظر کتابچه لنگر شود,۱۴۰۵,C,HP-06,تعیین بند متناظر و نوشتن مبنای عدد در همان بند,ثبت شد
SC-25,مقیاس,زمان اجرا در هر هکتار — HP-06,۹٫۵,روز کاری (تیم ۶ نفره),فرض طراحی — بی‌لنگرگاه: باید در بند متناظر کتابچه لنگر شود,۱۴۰۵,C,HP-06,تعیین بند متناظر و نوشتن مبنای عدد در همان بند,ثبت شد
M-20,ماده,تعداد لایه‌های مالچ,۵ (مجموع ضخامت ۳–۱۰),لایه,فرض طراحی — بی‌لنگرگاه: باید در بند متناظر کتابچه لنگر شود,۱۴۰۵,C,HP-07,تعیین بند متناظر و نوشتن مبنای عدد در همان بند,ثبت شد
M-21,ماده,گروه‌های ماده اولیه,۶ (بقایای زراعی، برگ درختان، کود حیوانی، کمپوست، بیوچار، کود سبز),گروه,فرض طراحی — بی‌لنگرگاه: باید در بند متناظر کتابچه لنگر شود,۱۴۰۵,C,HP-07,تعیین بند متناظر و نوشتن مبنای عدد در همان بند,ثبت شد
M-22,ماده,تعداد کاربرد سالانه مالچ,۴ (بهار، تابستان، پاییز، زمستان),کاربرد در سال,فرض طراحی — بی‌لنگرگاه: باید در بند متناظر کتابچه لنگر شود,۱۴۰۵,C,HP-07,تعیین بند متناظر و نوشتن مبنای عدد در همان بند,ثبت شد
M-23,ماده,ضخامت مالچ در اقلیم مرطوب (تالش),۳–۵,سانتی‌متر,فرض طراحی — بند ۱.۱,۱۴۰۵,C,HP-07,تعیین مبنای عدد و بازبینی در فاز کالیبراسیون,ثبت شد
M-24,ماده,زمان تجزیه مالچ,۳–۶,ماه,فرض طراحی — بند ۱.۲,۱۴۰۵,C,HP-07,تعیین مبنای عدد و بازبینی در فاز کالیبراسیون,ثبت شد
TO-116,هدف فنی,آستانه نیاز به تثبیت مالج در باد شدید,۴۰,کیلومتر بر ساعت,فرض طراحی — بند ۳.۳.۴,۱۴۰۵,C,HP-07,تعیین مبنای عدد و بازبینی در فاز کالیبراسیون,ثبت شد
M-25,ماده,آستانه EC خاک برای ترکیب ویژه,بیش از ۸,dS/m,فرض طراحی — بند ۳.۳.۴,۱۴۰۵,C,HP-07,تعیین مبنای عدد و بازبینی در فاز کالیبراسیون,ثبت شد
M-26,ماده,آستانه رس خاک شنی برای افزایش بیوچار,کمتر از ۵,درصد,فرض طراحی — بند ۳.۳.۴,۱۴۰۵,C,HP-07,تعیین مبنای عدد و بازبینی در فاز کالیبراسیون,ثبت شد
M-27,ماده,درصد بیوچار مورد نیاز در خاک شنی یا شور,۱۵,درصد وزنی,فرض طراحی — بی‌لنگرگاه: باید در بند متناظر کتابچه لنگر شود,۱۴۰۵,C,HP-07,تعیین بند متناظر و نوشتن مبنای عدد در همان بند,ثبت شد
TO-117,هدف فنی,مدت زمان کار نگهداری سالانه,۴٫۲۵,روز در سال,فرض طراحی — بی‌لنگرگاه: باید در بند متناظر کتابچه لنگر شود,۱۴۰۵,C,HP-07,تعیین بند متناظر و نوشتن مبنای عدد در همان بند,ثبت شد
TO-118,هدف فنی,زمان تولید کمپوست مزرعه‌ای,۶۰–۹۰,روز,فرض طراحی — بی‌لنگرگاه: باید در بند متناظر کتابچه لنگر شود,۱۴۰۵,C,HP-07,تعیین بند متناظر و نوشتن مبنای عدد در همان بند,ثبت شد
TO-119,هدف فنی,تنوع زیستی — هدف,افزایش ۳۰,درصد,فرض طراحی — بی‌لنگرگاه: باید در بند متناظر کتابچه لنگر شود,۱۴۰۵,C,HP-07,تعیین بند متناظر و نوشتن مبنای عدد در همان بند,ثبت شد
M-28,ماده,کاهش آلودگی آب و خاک — هدف,۶۰,درصد,فرض طراحی — بند ۱.۳,۱۴۰۵,C,HP-07,تعیین مبنای عدد و بازبینی در فاز کالیبراسیون,ثبت شد
GV-10,حکمرانی,سهم آب ذخیره‌شده که بدون HP-07 از دست می‌رود,۳۰,درصد,فرض طراحی — بند ۱.۱,۱۴۰۵,C,HP-07,تعیین مبنای عدد و بازبینی در فاز کالیبراسیون,ثبت شد
TO-120,هدف فنی,پایداری بسته,۵۰+,سال,فرض طراحی — بند ۱.۳,۱۴۰۵,C,HP-07,تعیین مبنای عدد و بازبینی در فاز کالیبراسیون,ثبت شد
FN-77,مالی,هزینه سرمایه‌ای (CAPEX) — کرانه پایین — HP-07,۱۰۰,دلار در هکتار,فرض طراحی — بند ۱.۱,۱۴۰۵,C,HP-07,تعیین مبنای عدد و بازبینی در فاز کالیبراسیون,ثبت شد
FN-78,مالی,هزینه سرمایه‌ای (CAPEX) — کرانه بالا — HP-07,۲۰۰,دلار در هکتار,فرض طراحی — بند ۱.۱,۱۴۰۵,C,HP-07,تعیین مبنای عدد و بازبینی در فاز کالیبراسیون,ثبت شد
FN-79,مالی,هزینه سرمایه‌ای (CAPEX) — میانگین — HP-07,۱۵۰,دلار در هکتار,فرض طراحی — بند ۱.۱,۱۴۰۵,C,HP-07,تعیین مبنای عدد و بازبینی در فاز کالیبراسیون,ثبت شد
FN-80,مالی,هزینه عملیاتی (OPEX) سالانه — HP-07,۲۰,دلار در هکتار در سال,فرض طراحی — بند ۱.۱,۱۴۰۵,C,HP-07,تعیین مبنای عدد و بازبینی در فاز کالیبراسیون,ثبت شد
M-29,ماده,نوسان دمای خاک — هدف,۱۲ → ۶,درجه سانتی‌گراد,فرض طراحی — بند ۳.۷,۱۴۰۵,C,HP-07,تعیین مبنای عدد و بازبینی در فاز کالیبراسیون,ثبت شد
M-30,ماده,رطوبت خاک — هدف,۱۵ → ۱۸,درصد حجمی,فرض طراحی — بند ۱.۱,۱۴۰۵,C,HP-07,تعیین مبنای عدد و بازبینی در فاز کالیبراسیون,ثبت شد
TO-121,هدف فنی,فعالیت میکروبی — هدف,۲۰ → ۵۵,میلی‌گرم CO₂ بر کیلوگرم در ۲۴ ساعت,فرض طراحی — بند ۱.۱,۱۴۰۵,C,HP-07,تعیین مبنای عدد و بازبینی در فاز کالیبراسیون,ثبت شد
SP-03,گونه,پوشش گیاهی مرتع — هدف,۲۵ → ۵۵ (افق ۲ سال),درصد,فرض طراحی — بند ۳.۷,۱۴۰۵,C,HP-07,تعیین مبنای عدد و بازبینی در فاز کالیبراسیون,ثبت شد
TO-122,هدف فنی,ضریب کاهش تبخیر (α),۰٫۰۶,بر سانتی‌متر ضخامت,فرض طراحی — بی‌لنگرگاه: باید در بند متناظر کتابچه لنگر شود,۱۴۰۵,C,HP-07,تعیین بند متناظر و نوشتن مبنای عدد در همان بند,ثبت شد
TO-123,هدف فنی,ضریب کاهش دما (β),۰٫۰۸,بر سانتی‌متر ضخامت,فرض طراحی — بند ۱.۲,۱۴۰۵,C,HP-07,تعیین مبنای عدد و بازبینی در فاز کالیبراسیون,ثبت شد
SC-26,مقیاس,تثبیت نیتروژن (ماش، شبدر، یونجه),۲۰۰–۴۰۰,کیلوگرم N در هکتار در سال,فرض طراحی — بند ۲.۱,۱۴۰۵,C,HP-07,تعیین مبنای عدد و بازبینی در فاز کالیبراسیون,ثبت شد
SC-27,مقیاس,زمان اجرا در هر هکتار — HP-07,۲–۳,روز کاری (تیم ۴ نفر),فرض طراحی — بی‌لنگرگاه: باید در بند متناظر کتابچه لنگر شود,۱۴۰۵,C,HP-07,تعیین بند متناظر و نوشتن مبنای عدد در همان بند,ثبت شد
FN-81,مالی,هزینه سرمایه‌ای (CAPEX) — HP-08,۹۵۰ (دامنه ۴۰۰ تا ۱٬۵۰۰),دلار در هکتار,فرض طراحی — بند ۱.۱,۱۴۰۵,C,HP-08,تعیین مبنای عدد و بازبینی در فاز کالیبراسیون,ثبت شد
FN-82,مالی,هزینه عملیاتی (OPEX) — HP-08,۱۲۰,دلار در هکتار در سال,فرض طراحی — بند ۱.۱,۱۴۰۵,C,HP-08,تعیین مبنای عدد و بازبینی در فاز کالیبراسیون,ثبت شد
SP-04,گونه,تعداد لایه گیاهی,۵,لایه,فرض طراحی — بند ۱.۱,۱۴۰۵,A,HP-08,تعیین مبنای عدد و بازبینی در فاز کالیبراسیون,ثبت شد
SC-28,مقیاس,تعداد گونه در هکتار,۲۵ به بالا,گونه,فرض طراحی — بند ۱.۱,۱۴۰۵,C,HP-08,تعیین مبنای عدد و بازبینی در فاز کالیبراسیون,ثبت شد
TO-124,هدف فنی,تعداد عمق ریشه متمایز,۴,عمق,فرض طراحی — بند ۱.۳,۱۴۰۵,C,HP-08,تعیین مبنای عدد و بازبینی در فاز کالیبراسیون,ثبت شد
TO-125,هدف فنی,بهره‌وری آب (WUE),۱٫۵ (پایه ۰٫۸),کیلوگرم بر مترمکعب,فرض طراحی — بند ۹.۲,۱۴۰۵,C,HP-08,تعیین مبنای عدد و بازبینی در فاز کالیبراسیون,ثبت شد
SC-29,مقیاس,عملکرد کل,۵٬۰۰۰ (پایه ۳٬۰۰۰),کیلوگرم در هکتار,فرض طراحی — بند ۳.۶.۲,۱۴۰۵,C,HP-08,تعیین مبنای عدد و بازبینی در فاز کالیبراسیون,ثبت شد
TO-126,هدف فنی,افزایش عملکرد — HP-08,۶۷,درصد,فرض طراحی — بند ۹.۲,۱۴۰۵,C,HP-08,تعیین مبنای عدد و بازبینی در فاز کالیبراسیون,ثبت شد
FN-83,مالی,درآمد سالانه کشاورز,۲٬۵۰۰ (پایه ۶۰۰),دلار در هکتار در سال,فرض طراحی — بند ۱.۳,۱۴۰۵,C,HP-08,تعیین مبنای عدد و بازبینی در فاز کالیبراسیون,ثبت شد
TO-127,هدف فنی,شاخص تنوع شانون — HP-08,۰.۵ به ۱٫۶۸ تا ۲٫۱۹,بیت,فرض طراحی — بند ۳.۶.۲,۱۴۰۵,C,HP-08,تعیین مبنای عدد و بازبینی در فاز کالیبراسیون,ثبت شد
SC-35,مقیاس,ترسیب کربن — HP-08,۴.۲ به ۲۰.۲,تن CO₂e در هکتار در ۱۰ سال,فرض طراحی — بند ۳.۶.۲,۱۴۰۵,C,HP-08,تعیین مبنای عدد و بازبینی در فاز کالیبراسیون,ثبت شد
TO-128,هدف فنی,تاب‌آوری در برابر خشکسالی,۱ به ۳,برابر,فرض طراحی — بند ۱.۱,۱۴۰۵,C,HP-08,تعیین مبنای عدد و بازبینی در فاز کالیبراسیون,ثبت شد
FN-84,مالی,هزینه جایگزینی نهال تلف,۶۰,دلار در هکتار (دوساله),فرض طراحی — بند ۳.۶.۲,۱۴۰۵,C,HP-08,تعیین مبنای عدد و بازبینی در فاز کالیبراسیون,ثبت شد
FN-85,مالی,هزینه سرمایه‌ای (CAPEX) — HP-09,۱۲۰,دلار در هکتار,فرض طراحی — بی‌لنگرگاه: باید در بند متناظر کتابچه لنگر شود,۱۴۰۵,C,HP-09,تعیین بند متناظر و نوشتن مبنای عدد در همان بند,ثبت شد
FN-86,مالی,هزینه عملیاتی (OPEX) — HP-09,۴۰,دلار در هکتار در سال,فرض طراحی — بند ۱.۱,۱۴۰۵,C,HP-09,تعیین مبنای عدد و بازبینی در فاز کالیبراسیون,ثبت شد
FN-87,مالی,نسبت هزینه-فایده (B/C) — HP-09,۶٫۸,نسبت,فرض طراحی — بی‌لنگرگاه: باید در بند متناظر کتابچه لنگر شود,۱۴۰۵,C,HP-09,تعیین بند متناظر و نوشتن مبنای عدد در همان بند,ثبت شد
TO-129,هدف فنی,نرخ بازده داخلی (IRR) — HP-09,۳۱۲,درصد,تصمیم طراحی — بی‌لنگرگاه: باید در بند متناظر کتابچه لنگر شود,۱۴۰۵,C,HP-09,تعیین بند متناظر و نوشتن مبنای عدد در همان بند,ثبت شد
ST-18,استاندارد,تعداد جفت آزمون سازگاری در ماتریس ۱۲×۱۲,۶۶ (= ۱۲ × ۱۱ ÷ ۲),جفت,محاسبهٔ فرض طراحی — بی‌لنگرگاه: باید در بند متناظر کتابچه لنگر شود,۱۴۰۵,A,HP-09,تعیین بند متناظر و نوشتن مبنای عدد در همان بند,ثبت شد
TO-130,هدف فنی,بازمحاسبهٔ B/C پنج‌ساله از جدول‌های ۹.۱ و ۹.۲ — HP-09,(۵۵۰ + ۴×۷۵۰) ÷ (۲۴۲ + ۴×۷۲) = ۳٬۵۵۰ ÷ ۵۳۰ = ۶٫۷۰,نسبت,محاسبهٔ فرض طراحی — بند ۱.۱,۱۴۰۵,A,HP-09,تکرار محاسبه در فاز کالیبراسیون,ثبت شد
TO-131,هدف فنی,تعداد سویه,۱۲,سویه در ۳ گروه عملکردی,فرض طراحی — بند ۱.۱,۱۴۰۵,C,HP-09,تعیین مبنای عدد و بازبینی در فاز کالیبراسیون,ثبت شد
TO-132,هدف فنی,تعداد گروه عملکردی,۳,گروه,فرض طراحی — بی‌لنگرگاه: باید در بند متناظر کتابچه لنگر شود,۱۴۰۵,A,HP-09,تعیین بند متناظر و نوشتن مبنای عدد در همان بند,ثبت شد
M-31,ماده,تعداد ماده حامل بررسی‌شده,۶,ماده,فرض طراحی — بند ۱.۱,۱۴۰۵,C,HP-09,تعیین مبنای عدد و بازبینی در فاز کالیبراسیون,ثبت شد
SC-36,مقیاس,تثبیت نیتروژن,۸۰-۲۲۰,کیلوگرم N در هکتار در سال,فرض طراحی — بی‌لنگرگاه: باید در بند متناظر کتابچه لنگر شود,۱۴۰۵,C,HP-09,تعیین بند متناظر و نوشتن مبنای عدد در همان بند,ثبت شد
SC-37,مقیاس,انحلال فسفر,۳۰-۸۰,کیلوگرم P در هکتار در سال,فرض طراحی — بی‌لنگرگاه: باید در بند متناظر کتابچه لنگر شود,۱۴۰۵,C,HP-09,تعیین بند متناظر و نوشتن مبنای عدد در همان بند,ثبت شد
TO-133,هدف فنی,افزایش عملکرد — HP-09,۲۵-۴۰,درصد,فرض طراحی — بی‌لنگرگاه: باید در بند متناظر کتابچه لنگر شود,۱۴۰۵,C,HP-09,تعیین بند متناظر و نوشتن مبنای عدد در همان بند,ثبت شد
TO-134,هدف فنی,کنترل بیماری,۶۰-۸۰,درصد کاهش,فرض طراحی — بی‌لنگرگاه: باید در بند متناظر کتابچه لنگر شود,۱۴۰۵,C,HP-09,تعیین بند متناظر و نوشتن مبنای عدد در همان بند,ثبت شد
SC-38,مقیاس,کاهش انتشار گازهای گلخانه‌ای,۸۶ (۷۳۰ کیلوگرم CO₂e),درصد (کیلوگرم CO₂e در هکتار),فرض طراحی — بند ۶.۱,۱۴۰۵,C,HP-09,تعیین مبنای عدد و بازبینی در فاز کالیبراسیون,ثبت شد
SC-39,مقیاس,صرفه‌جویی آب آبیاری — HP-09,۱٬۴۰۰,مترمکعب در هکتار در سال,فرض طراحی — بند ۴.۲,۱۴۰۵,C,HP-09,تعیین مبنای عدد و بازبینی در فاز کالیبراسیون,ثبت شد
SC-40,مقیاس,ترسیب کربن — HP-09,۱٫۵,تن کربن در هکتار در سال,فرض طراحی — بند ۱.۲,۱۴۰۵,C,HP-09,تعیین مبنای عدد و بازبینی در فاز کالیبراسیون,ثبت شد
SC-41,مقیاس,ترسیب کربن معادل CO₂e,۵٫۵,تن CO₂e در هکتار,فرض طراحی — بند ۱.۲,۱۴۰۵,C,HP-09,تعیین مبنای عدد و بازبینی در فاز کالیبراسیون,ثبت شد
M-32,ماده,شاخص تنوع شانون خاک,۲٫۵ به ۳٫۲,بیت,فرض طراحی — بند ۶.۱,۱۴۰۵,C,HP-09,تعیین مبنای عدد و بازبینی در فاز کالیبراسیون,ثبت شد
FN-88,مالی,هزینه جایگزینی سویه — HP-09,۵۰,دلار در هکتار,فرض طراحی — بی‌لنگرگاه: باید در بند متناظر کتابچه لنگر شود,۱۴۰۵,C,HP-09,تعیین بند متناظر و نوشتن مبنای عدد در همان بند,ثبت شد
FN-89,مالی,هزینه سرمایه‌ای (CAPEX) — HP-10,۲۵۰,دلار در هکتار,فرض طراحی — بی‌لنگرگاه: باید در بند متناظر کتابچه لنگر شود,۱۴۰۵,C,HP-10,تعیین بند متناظر و نوشتن مبنای عدد در همان بند,ثبت شد
FN-90,مالی,هزینه عملیاتی (OPEX) — HP-10,۸۰,دلار در هکتار در سال,فرض طراحی — بند ۱.۱,۱۴۰۵,C,HP-10,تعیین مبنای عدد و بازبینی در فاز کالیبراسیون,ثبت شد
FN-91,مالی,نسبت هزینه-فایده (B/C) — HP-10,۵٫۲ — برچسب بسته‌ای، تک‌هکتاری، افق ۵ ساله، بدون خدمات اکوسیستمی — عدد سرصفحهٔ محافظت‌شده؛ بازمحاسبهٔ همین کتابچه ۶٫۳,نسبت,محاسبهٔ فرض طراحی — بی‌لنگرگاه: باید در بند متناظر کتابچه لنگر شود,۱۴۰۵,C,HP-10,تعیین بند متناظر و نوشتن مبنای عدد در همان بند,ثبت شد
TO-135,هدف فنی,نرخ بازده داخلی (IRR) — HP-10,۱۸۷,درصد,تصمیم طراحی — بی‌لنگرگاه: باید در بند متناظر کتابچه لنگر شود,۱۴۰۵,C,HP-10,تعیین بند متناظر و نوشتن مبنای عدد در همان بند,ثبت شد
TO-136,هدف فنی,تعداد لایه‌های کنترل,۶,لایه,فرض طراحی — بند ۱.۱,۱۴۰۵,A,HP-10,تعیین مبنای عدد و بازبینی در فاز کالیبراسیون,ثبت شد
TO-137,هدف فنی,تعداد عوامل بیولوژیک,۱۸,عامل (۶+۶+۶),فرض طراحی — بی‌لنگرگاه: باید در بند متناظر کتابچه لنگر شود,۱۴۰۵,C,HP-10,تعیین بند متناظر و نوشتن مبنای عدد در همان بند,ثبت شد
SP-05,گونه,تعداد گیاهان حشره‌کش بومی,۸,گونه,فرض طراحی — بی‌لنگرگاه: باید در بند متناظر کتابچه لنگر شود,۱۴۰۵,C,HP-10,تعیین بند متناظر و نوشتن مبنای عدد در همان بند,ثبت شد
SC-42,مقیاس,کاهش مصرف آفت‌کش شیمیایی,۹۱ (از ۳٫۵ به ۰٫۳),درصد (کیلوگرم ماده فعال در هکتار),فرض طراحی — بی‌لنگرگاه: باید در بند متناظر کتابچه لنگر شود,۱۴۰۵,C,HP-10,تعیین بند متناظر و نوشتن مبنای عدد در همان بند,ثبت شد
TO-138,هدف فنی,حفظ حشرات مفید,۲۸,برابر,فرض طراحی — بی‌لنگرگاه: باید در بند متناظر کتابچه لنگر شود,۱۴۰۵,C,HP-10,تعیین بند متناظر و نوشتن مبنای عدد در همان بند,ثبت شد
TO-139,هدف فنی,کاهش خسارت محصول,۶۰-۷۰,درصد,فرض طراحی — بی‌لنگرگاه: باید در بند متناظر کتابچه لنگر شود,۱۴۰۵,C,HP-10,تعیین بند متناظر و نوشتن مبنای عدد در همان بند,ثبت شد
TO-140,هدف فنی,افزایش عملکرد — HP-10,۲۲,درصد,فرض طراحی — بی‌لنگرگاه: باید در بند متناظر کتابچه لنگر شود,۱۴۰۵,C,HP-10,تعیین بند متناظر و نوشتن مبنای عدد در همان بند,ثبت شد
TO-141,هدف فنی,شاخص تنوع شانون — HP-10,۲٫۰ به ۳٫۵,بیت,فرض طراحی — بند ۶.۱,۱۴۰۵,C,HP-10,تعیین مبنای عدد و بازبینی در فاز کالیبراسیون,ثبت شد
M-33,ماده,بهبود سلامت خاک,+۲۵,درصد فعالیت میکروبی,فرض طراحی — بند ۱.۱,۱۴۰۵,C,HP-10,تعیین مبنای عدد و بازبینی در فاز کالیبراسیون,ثبت شد
SC-43,مقیاس,صرفه‌جویی آب آبیاری — HP-10,۱٬۲۰۰,مترمکعب در هکتار در سال,فرض طراحی — بند ۹.۲,۱۴۰۵,C,HP-10,تعیین مبنای عدد و بازبینی در فاز کالیبراسیون,ثبت شد
SP-06,گونه,LD₅₀ حشره‌کش‌های گیاهی,بیش از ۱۰۰۰,میلی‌گرم بر کیلوگرم,فرض طراحی — بی‌لنگرگاه: باید در بند متناظر کتابچه لنگر شود,۱۴۰۵,C,HP-10,تعیین بند متناظر و نوشتن مبنای عدد در همان بند,ثبت شد
TO-142,هدف فنی,بازمحاسبهٔ B/C پنج‌ساله از جدول‌های ۹.۱ و ۹.۲ — HP-10,(۶۸۰ + ۴×۸۵۰) ÷ (۳۳۰ + ۴×۸۰) = ۴٬۰۸۰ ÷ ۶۵۰ = ۶٫۲۸,نسبت,محاسبهٔ فرض طراحی — بند ۱.۱,۱۴۰۵,A,HP-10,تکرار محاسبه در فاز کالیبراسیون,ثبت شد
FN-92,مالی,هزینه جایگزینی سویه — HP-10,۵۰,دلار در هکتار,فرض طراحی — بند ۲.۴,۱۴۰۵,C,HP-10,تعیین مبنای عدد و بازبینی در فاز کالیبراسیون,ثبت شد
FN-93,مالی,هزینه سرمایه‌ای (CAPEX) — سرصفحه,۸۰۰,دلار در هکتار,فرض طراحی — بی‌لنگرگاه: باید در بند متناظر کتابچه لنگر شود,۱۴۰۵,C,HP-11,تعیین بند متناظر و نوشتن مبنای عدد در همان بند,ثبت شد
SC-44,مقیاس,مغایرت حل‌نشده — تعداد نهال با فاصلهٔ ۲ × ۱.۵ متر,۳٬۳۳۳ در برابر ۲٬۵۰۰ (اختلاف ۸۳۳ نهال در هکتار),نهال در هکتار,محاسبهٔ فرض طراحی — بند ۹.۱,۱۴۰۵,C,HP-11,تکرار محاسبه در فاز کالیبراسیون,ثبت شد
TO-143,هدف فنی,کاهش سرعت باد,۶۰-۹۰,درصد,فرض طراحی — بی‌لنگرگاه: باید در بند متناظر کتابچه لنگر شود,۱۴۰۵,C,HP-11,تعیین بند متناظر و نوشتن مبنای عدد در همان بند,ثبت شد
TO-144,هدف فنی,کاهش سرعت باد,۶۰-۹۰ هدف طراحی · ۳۳ خروجی فرمول در ۵H,درصد,فرض طراحی — بی‌لنگرگاه: باید در بند متناظر کتابچه لنگر شود,۱۴۰۵,C,HP-11,تعیین بند متناظر و نوشتن مبنای عدد در همان بند,ثبت شد
TO-145,هدف فنی,افزایش عملکرد محصول,۲۰-۳۰,درصد,فرض طراحی — بی‌لنگرگاه: باید در بند متناظر کتابچه لنگر شود,۱۴۰۵,C,HP-11,تعیین بند متناظر و نوشتن مبنای عدد در همان بند,ثبت شد
SC-45,مقیاس,صرفه‌جویی آب آبیاری — HP-11,۲۲۵,مترمکعب در هکتار در سال,فرض طراحی — بی‌لنگرگاه: باید در بند متناظر کتابچه لنگر شود,۱۴۰۵,C,HP-11,تعیین بند متناظر و نوشتن مبنای عدد در همان بند,ثبت شد
SC-46,مقیاس,ترسیب کربن — HP-11,۲,تن کربن در هکتار در سال,فرض طراحی — بی‌لنگرگاه: باید در بند متناظر کتابچه لنگر شود,۱۴۰۵,C,HP-11,تعیین بند متناظر و نوشتن مبنای عدد در همان بند,ثبت شد
TO-146,هدف فنی,کاهش روزهای طوفان گرد و غبار,۶۰,درصد,فرض طراحی — بند ۱.۲,۱۴۰۵,C,HP-11,تعیین مبنای عدد و بازبینی در فاز کالیبراسیون,ثبت شد
TO-147,هدف فنی,شاخص تنوع شانون (حشرات),۱٫۶ به ۲٫۹,بیت,فرض طراحی — بند ۹.۱,۱۴۰۵,C,HP-11,تعیین مبنای عدد و بازبینی در فاز کالیبراسیون,ثبت شد
TO-148,هدف فنی,تخلخل بهینه نظری,۰٫۶۳۲,بی‌بعد,فرض طراحی — بی‌لنگرگاه: باید در بند متناظر کتابچه لنگر شود,۱۴۰۵,A,HP-11,تعیین بند متناظر و نوشتن مبنای عدد در همان بند,ثبت شد
FN-94,مالی,هزینه سرمایه‌ای حالت کامل شش زیرسازه,۱٬۱۳۱,دلار در هکتار سطح تیمارشده,فرض طراحی — بی‌لنگرگاه: باید در بند متناظر کتابچه لنگر شود,۱۴۰۵,C,HP-13,تعیین بند متناظر و نوشتن مبنای عدد در همان بند,ثبت شد
FN-95,مالی,بهای زیرسازهٔ `1a`,۱۸۰,دلار,فرض طراحی — بی‌لنگرگاه: باید در بند متناظر کتابچه لنگر شود,۱۴۰۵,C,HP-13,تعیین بند متناظر و نوشتن مبنای عدد در همان بند,ثبت شد
FN-96,مالی,بهای زیرسازهٔ `1b`,۳۶۰,دلار,فرض طراحی — بی‌لنگرگاه: باید در بند متناظر کتابچه لنگر شود,۱۴۰۵,C,HP-13,تعیین بند متناظر و نوشتن مبنای عدد در همان بند,ثبت شد
FN-97,مالی,بهای زیرسازهٔ `1c`,۱۰۵,دلار,فرض طراحی — بی‌لنگرگاه: باید در بند متناظر کتابچه لنگر شود,۱۴۰۵,C,HP-13,تعیین بند متناظر و نوشتن مبنای عدد در همان بند,ثبت شد
FN-98,مالی,بهای زیرسازهٔ `1d`,۲۴۰,دلار,فرض طراحی — بی‌لنگرگاه: باید در بند متناظر کتابچه لنگر شود,۱۴۰۵,C,HP-13,تعیین بند متناظر و نوشتن مبنای عدد در همان بند,ثبت شد
FN-99,مالی,بهای زیرسازهٔ `1e`,۹۶,دلار,فرض طراحی — بی‌لنگرگاه: باید در بند متناظر کتابچه لنگر شود,۱۴۰۵,C,HP-13,تعیین بند متناظر و نوشتن مبنای عدد در همان بند,ثبت شد
FN-100,مالی,بهای زیرسازهٔ `1f`,۱۵۰,دلار,فرض طراحی — بی‌لنگرگاه: باید در بند متناظر کتابچه لنگر شود,۱۴۰۵,C,HP-13,تعیین بند متناظر و نوشتن مبنای عدد در همان بند,ثبت شد
FN-101,مالی,بهای دو زیرسازهٔ ضدگودی,۳۳۶,دلار,فرض طراحی — بی‌لنگرگاه: باید در بند متناظر کتابچه لنگر شود,۱۴۰۵,C,HP-13,تعیین بند متناظر و نوشتن مبنای عدد در همان بند,ثبت شد
FN-102,مالی,حالت چهار زیرسازه از تفریق مستقیم,۷۹۵,دلار,فرض طراحی — بی‌لنگرگاه: باید در بند متناظر کتابچه لنگر شود,۱۴۰۵,C,HP-13,تعیین بند متناظر و نوشتن مبنای عدد در همان بند,ثبت شد
FN-103,مالی,هزینه عملیاتی سال ۱,۱۸,دلار در هکتار سطح تیمارشده در سال,فرض طراحی — بند ۱٫۱,۱۴۰۵,C,HP-13,تعیین مبنای عدد و بازبینی در فاز کالیبراسیون,ثبت شد
FN-104,مالی,هزینه عملیاتی سال ۲,۱۲,دلار در هکتار سطح تیمارشده در سال,فرض طراحی — بند ۱٫۱,۱۴۰۵,C,HP-13,تعیین مبنای عدد و بازبینی در فاز کالیبراسیون,ثبت شد
FN-105,مالی,هزینه عملیاتی سال ۲ تا ۵,۱۰,دلار در هکتار سطح تیمارشده در سال,فرض طراحی — بند ۱٫۱,۱۴۰۵,C,HP-13,تعیین مبنای عدد و بازبینی در فاز کالیبراسیون,ثبت شد
FN-106,مالی,هزینه عملیاتی سال ۵ به بعد,۵,دلار در هکتار سطح تیمارشده در سال,فرض طراحی — بند ۱٫۱,۱۴۰۵,C,HP-13,تعیین مبنای عدد و بازبینی در فاز کالیبراسیون,ثبت شد
FN-107,مالی,هزینه سرمایه‌ای — کرانهٔ پایین,۵۵۰,دلار در هکتار,فرض طراحی — بند ۱.۱,۱۴۰۵,C,HP-15,تعیین مبنای عدد و بازبینی در فاز کالیبراسیون,ثبت شد
FN-108,مالی,هزینه سرمایه‌ای — کرانهٔ بالا,۸۴۰,دلار در هکتار,فرض طراحی — بند ۱.۱,۱۴۰۵,C,HP-15,تعیین مبنای عدد و بازبینی در فاز کالیبراسیون,ثبت شد
SC-47,مقیاس,زمان اجرا در هر واحد,۱۲,روز کاری بر هکتار,فرض طراحی — بی‌لنگرگاه: باید در بند متناظر کتابچه لنگر شود,۱۴۰۵,C,HP-15,تعیین بند متناظر و نوشتن مبنای عدد در همان بند,ثبت شد
SC-48,مقیاس,زمان نگهداری سالانه — HP-15,۰٫۴۳,روز کاری بر هکتار در سال,فرض طراحی — بی‌لنگرگاه: باید در بند متناظر کتابچه لنگر شود,۱۴۰۵,C,HP-15,تعیین بند متناظر و نوشتن مبنای عدد در همان بند,ثبت شد
SC-49,مقیاس,هدف کمی کاهش بار ورودی نمک,۱۹٫۷,تن نمک بر هکتار در سال,فرض طراحی — بند ۱.۱,۱۴۰۵,C,HP-15,تعیین مبنای عدد و بازبینی در فاز کالیبراسیون,ثبت شد
SC-50,مقیاس,ورودی نمک به واحد — کران پایین,۱۰,تن بر هکتار در سال,فرض طراحی — بند ۱.۱,۱۴۰۵,C,HP-15,تعیین مبنای عدد و بازبینی در فاز کالیبراسیون,ثبت شد
SC-51,مقیاس,ورودی نمک به واحد — کران بالا,۳۰,تن بر هکتار در سال,فرض طراحی — بند ۱.۱,۱۴۰۵,C,HP-15,تعیین مبنای عدد و بازبینی در فاز کالیبراسیون,ثبت شد
SC-52,مقیاس,خروجی زه‌آب,۱۸,تن بر هکتار در سال,فرض طراحی — بی‌لنگرگاه: باید در بند متناظر کتابچه لنگر شود,۱۴۰۵,C,HP-15,تعیین بند متناظر و نوشتن مبنای عدد در همان بند,ثبت شد
SC-53,مقیاس,نسبت هم‌مقیاس بازده برداشت,۱٫۷۴ تا ۲٫۱۲,نسبت,فرض طراحی — بی‌لنگرگاه: باید در بند متناظر کتابچه لنگر شود,۱۴۰۵,C,HP-15,تعیین بند متناظر و نوشتن مبنای عدد در همان بند,ثبت شد
TO-149,هدف فنی,کران حداکثری نسبت برداشت,۳٫۴۶,نسبت,فرض طراحی — بند ۱,۱۴۰۵,C,HP-15,تعیین مبنای عدد و بازبینی در فاز کالیبراسیون,ثبت شد
SC-54,مقیاس,حذف سدیم توسط هالوفیت,۳٫۰ تا ۳٫۸,تن سدیم بر هکتار,فرض طراحی — بند ۶.۴,۱۴۰۵,C,HP-15,تعیین مبنای عدد و بازبینی در فاز کالیبراسیون,ثبت شد
SC-55,مقیاس,ظرفیت استخراج نمک توسط هالوفیت,۳٫۷۵ تا ۳٫۹۱,تن بر هکتار در سال,فرض طراحی — بند ۱.۱,۱۴۰۵,C,HP-15,تعیین مبنای عدد و بازبینی در فاز کالیبراسیون,ثبت شد
TO-150,هدف فنی,کارایی حجمی تزریق,حدود ۱۹,درصد,فرض طراحی — بند ۶.۴,۱۴۰۵,B,HP-15,تعیین مبنای عدد و بازبینی در فاز کالیبراسیون,ثبت شد
GV-11,حکمرانی,سهم خارج‌شده جانبی,۸۱,درصد,فرض طراحی — بند ۳.۷,۱۴۰۵,C,HP-15,تعیین مبنای عدد و بازبینی در فاز کالیبراسیون,ثبت شد
TO-151,هدف فنی,کارایی ظاهری زیرسطحی همان سایت,حدود ۸۸,درصد,فرض طراحی — بند ۱.۱,۱۴۰۵,C,HP-15,تعیین مبنای عدد و بازبینی در فاز کالیبراسیون,ثبت شد
FN-109,مالی,نرخ روز کاری کارگر عادی,۲۰,دلار بر روز,تصمیم طراحی — بند ۴.۱۲,۱۴۰۵,C,HP-15,تثبیت مبنای تصمیم و بازبینی در فاز کالیبراسیون,ثبت شد
FN-110,مالی,نسبت نرخ هدف طراحی به بنچمارک هزینهٔ کامل,۱۳٫۳,برابر,تصمیم طراحی — بند ۵.۲,۱۴۰۵,C,HP-15,تثبیت مبنای تصمیم و بازبینی در فاز کالیبراسیون,ثبت شد
SC-56,مقیاس,نرخ کمپوست مزرعه‌ای,حدود ۳,تن بر هکتار,تصمیم طراحی — بند ۶.۴,۱۴۰۵,C,HP-15,تثبیت مبنای تصمیم و بازبینی در فاز کالیبراسیون,ثبت شد
TO-152,هدف فنی,شوری سطح C2,۶ تا ۱۰ به‌علاوهٔ,دسی‌زیمنس بر متر,فرض طراحی — بی‌لنگرگاه: باید در بند متناظر کتابچه لنگر شود,۱۴۰۵,C,HP-15,تعیین بند متناظر و نوشتن مبنای عدد در همان بند,ثبت شد
TO-153,هدف فنی,شوری سطح C7,۱٫۵ تا ۳,دسی‌زیمنس بر متر,فرض طراحی — بی‌لنگرگاه: باید در بند متناظر کتابچه لنگر شود,۱۴۰۵,C,HP-15,تعیین بند متناظر و نوشتن مبنای عدد در همان بند,ثبت شد
FN-111,مالی,هزینهٔ گچ در C10,۲۹۰,دلار بر هکتار,فرض طراحی — بند ۱.۱,۱۴۰۵,C,HP-15,تعیین مبنای عدد و بازبینی در فاز کالیبراسیون,ثبت شد
FN-112,مالی,هزینهٔ آزمایشگاه خاک و آب,تأییدنشده — قصر ۱-۶-۱ ماتریس,دلار,فرض طراحی — بند ۱.۱,۱۴۰۵,C,HP-15,تعیین مبنای عدد و بازبینی در فاز کالیبراسیون,ثبت شد
ST-19,استاندارد,شمارهٔ استاندارد لولهٔ زهکش افقی,تأییدنشده — ISO 4422 فقط خانواده را پوشش می‌دهد,—,فرض طراحی — بی‌لنگرگاه: باید در بند متناظر کتابچه لنگر شود,۱۴۰۵,C,HP-15,تعیین بند متناظر و نوشتن مبنای عدد در همان بند,ثبت شد
TO-154,هدف فنی,تعداد بندهای بسته‌شدن,۲۵,بند,فرض طراحی — بی‌لنگرگاه: باید در بند متناظر کتابچه لنگر شود,۱۴۰۵,C,HP-15,تعیین بند متناظر و نوشتن مبنای عدد در همان بند,ثبت شد
R-01,ریسک,تعداد حالت خرابی در رجیستری — HP-15,۱۴,حالت,فرض طراحی — بی‌لنگرگاه: باید در بند متناظر کتابچه لنگر شود,۱۴۰۵,C,HP-15,تعیین بند متناظر و نوشتن مبنای عدد در همان بند,ثبت شد
FN-113,مالی,مغایرت: عدد ۲۹۰ دلار بر هکتار برای هزینهٔ گچ در C10 در بند ۶-۵-ج خودِ سند آن را کاملاً ساختهٔ همین سند خوانده و هیچ شناسهٔ رجیستری ندارد، ولی در همان بند در جدول شاخص هزینه نوشته شده,۲۹۰ در برابر تأییدنشده,دلار بر هکتار,فرض طراحی — بی‌لنگرگاه: باید در بند متناظر کتابچه لنگر شود,۱۴۰۵,C,HP-15,تعیین بند متناظر و نوشتن مبنای عدد در همان بند,ثبت شد
TO-155,هدف فنی,هدف طراحی تنوع پایه‌ای,۱٫۹,نات,فرض طراحی — بی‌لنگرگاه: باید در بند متناظر کتابچه لنگر شود,۱۴۰۵,C,HP-16,تعیین بند متناظر و نوشتن مبنای عدد در همان بند,ثبت شد
TO-156,هدف فنی,کد بسته — HP-17,HP-17,بدون واحد,فرض طراحی — بی‌لنگرگاه: باید در بند متناظر کتابچه لنگر شود,۱۴۰۵,C,HP-17,تعیین بند متناظر و نوشتن مبنای عدد در همان بند,ثبت شد
TO-157,هدف فنی,اقلیم قابل اجرا,C4 سرد و برف‌گیر,بدون واحد,فرض طراحی — بی‌لنگرگاه: باید در بند متناظر کتابچه لنگر شود,۱۴۰۵,C,HP-17,تعیین بند متناظر و نوشتن مبنای عدد در همان بند,ثبت شد
FN-114,مالی,هزینه سرمایه‌ای سال ۱,۴۹۱,دلار در هکتار,فرض طراحی — بی‌لنگرگاه: باید در بند متناظر کتابچه لنگر شود,۱۴۰۵,C,HP-17,تعیین بند متناظر و نوشتن مبنای عدد در همان بند,ثبت شد
FN-115,مالی,هزینه حصار برف,۱۲۶,دلار در هکتار,فرض طراحی — بی‌لنگرگاه: باید در بند متناظر کتابچه لنگر شود,۱۴۰۵,C,HP-17,تعیین بند متناظر و نوشتن مبنای عدد در همان بند,ثبت شد
FN-116,مالی,هزینه پخش‌کنندهٔ چالهٔ برف,۲۴۰,دلار در هکتار,فرض طراحی — بی‌لنگرگاه: باید در بند متناظر کتابچه لنگر شود,۱۴۰۵,C,HP-17,تعیین بند متناظر و نوشتن مبنای عدد در همان بند,ثبت شد
FN-117,مالی,هزینه نیروی کار سال ۱,۹۰,دلار در هکتار,فرض طراحی — بی‌لنگرگاه: باید در بند متناظر کتابچه لنگر شود,۱۴۰۵,C,HP-17,تعیین بند متناظر و نوشتن مبنای عدد در همان بند,ثبت شد
FN-118,مالی,هزینه نگهداری سال ۲ تا ۴,۲۵,دلار در هکتار در سال,فرض طراحی — بی‌لنگرگاه: باید در بند متناظر کتابچه لنگر شود,۱۴۰۵,C,HP-17,تعیین بند متناظر و نوشتن مبنای عدد در همان بند,ثبت شد
FN-119,مالی,هزینه نگهداری از سال ۵ به بعد,۴۰,دلار در هکتار در سال,فرض طراحی — بی‌لنگرگاه: باید در بند متناظر کتابچه لنگر شود,۱۴۰۵,C,HP-17,تعیین بند متناظر و نوشتن مبنای عدد در همان بند,ثبت شد
FN-120,مالی,دوره بازگشت بازمحاسبه‌شده,۳٫۹۸,سال,محاسبهٔ فرض طراحی — بی‌لنگرگاه: باید در بند متناظر کتابچه لنگر شود,۱۴۰۵,C,HP-17,تعیین بند متناظر و نوشتن مبنای عدد در همان بند,ثبت شد
FN-121,مالی,نسبت منفعت به هزینه بدون خدمات اکوسیستمی,۰٫۰۰,نسبت,فرض طراحی — بی‌لنگرگاه: باید در بند متناظر کتابچه لنگر شود,۱۴۰۵,C,HP-17,تعیین بند متناظر و نوشتن مبنای عدد در همان بند,ثبت شد
TO-158,هدف فنی,معادل آب برف فصل انباشت,۱۵۰,کیلوگرم بر متر مربع,فرض طراحی — بند ۳.۳.۳,۱۴۰۵,C,HP-17,تعیین مبنای عدد و بازبینی در فاز کالیبراسیون,ثبت شد
TO-159,هدف فنی,چگالی برف توده,۲۵۰,کیلوگرم بر متر مکعب,فرض طراحی — بی‌لنگرگاه: باید در بند متناظر کتابچه لنگر شود,۱۴۰۵,C,HP-17,تعیین بند متناظر و نوشتن مبنای عدد در همان بند,ثبت شد
TO-160,هدف فنی,چگالی تودهٔ فرورسته برای بار,۳۵۰,کیلوگرم بر متر مکعب,فرض طراحی — بند ۷.۱,۱۴۰۵,C,HP-17,تعیین مبنای عدد و بازبینی در فاز کالیبراسیون,ثبت شد
TO-161,هدف فنی,تخلخل نوری حصار,۴۰ تا ۶۰,درصد,فرض طراحی — بند ۲.۲,۱۴۰۵,C,HP-17,تعیین مبنای عدد و بازبینی در فاز کالیبراسیون,ثبت شد
TO-162,هدف فنی,ارتفاع لازم حصار,۱٫۹۵,متر,فرض طراحی — بی‌لنگرگاه: باید در بند متناظر کتابچه لنگر شود,۱۴۰۵,C,HP-17,تعیین بند متناظر و نوشتن مبنای عدد در همان بند,ثبت شد
TO-163,هدف فنی,بازهٔ ارتفاع لازم بدون دادهٔ معادل,۰٫۹۴ تا ۳٫۲۲,متر,فرض طراحی — بی‌لنگرگاه: باید در بند متناظر کتابچه لنگر شود,۱۴۰۵,C,HP-17,تعیین بند متناظر و نوشتن مبنای عدد در همان بند,ثبت شد
TO-164,هدف فنی,انتقال برف در فصل انباشت,۳۷٬۰۰۰,کیلوگرم بر متر خط,فرض طراحی — بی‌لنگرگاه: باید در بند متناظر کتابچه لنگر شود,۱۴۰۵,C,HP-17,تعیین بند متناظر و نوشتن مبنای عدد در همان بند,ثبت شد
TO-165,هدف فنی,ظرفیت ذخیره در ارتفاع لازم,۳۶٬۹۷۵,کیلوگرم بر متر,فرض طراحی — بی‌لنگرگاه: باید در بند متناظر کتابچه لنگر شود,۱۴۰۵,C,HP-17,تعیین بند متناظر و نوشتن مبنای عدد در همان بند,ثبت شد
TO-166,هدف فنی,نسبت رسوب برف,۹۹٫۸,درصد,فرض طراحی — بی‌لنگرگاه: باید در بند متناظر کتابچه لنگر شود,۱۴۰۵,C,HP-17,تعیین بند متناظر و نوشتن مبنای عدد در همان بند,ثبت شد
TO-167,هدف فنی,طول تودهٔ برف,۶۵٫۶,متر,فرض طراحی — بی‌لنگرگاه: باید در بند متناظر کتابچه لنگر شود,۱۴۰۵,C,HP-17,تعیین بند متناظر و نوشتن مبنای عدد در همان بند,ثبت شد
TO-168,هدف فنی,طول حفاظت بادپناه,۱۹٫۵,متر,فرض طراحی — بند ۲.۱,۱۴۰۵,C,HP-17,تعیین مبنای عدد و بازبینی در فاز کالیبراسیون,ثبت شد
TO-169,هدف فنی,بازهٔ زاویهٔ حاد باد سازگار,۸٫۴ تا ۱۷٫۰,درجه,فرض طراحی — بند ۶.۱,۱۴۰۵,C,HP-17,تعیین مبنای عدد و بازبینی در فاز کالیبراسیون,ثبت شد
TO-170,هدف فنی,فشار جانبی دریفت,۴٫۱۲۰,پاسکال,فرض طراحی — بند ۹.۱,۱۴۰۵,C,HP-17,تعیین مبنای عدد و بازبینی در فاز کالیبراسیون,ثبت شد
TO-171,هدف فنی,گشتاور واژگونی,۱٬۴۸۳,نیوتن‌متر بر متر,فرض طراحی — بند ۹.۱,۱۴۰۵,C,HP-17,تعیین مبنای عدد و بازبینی در فاز کالیبراسیون,ثبت شد
TO-172,هدف فنی,بار قائم هر پایه,۴۶٫۶,نیوتن,فرض طراحی — بند ۹.۱,۱۴۰۵,C,HP-17,تعیین مبنای عدد و بازبینی در فاز کالیبراسیون,ثبت شد
TO-173,هدف فنی,فشار برف روی پخش‌کننده,۲٬۲۸۹,پاسکال,فرض طراحی — بی‌لنگرگاه: باید در بند متناظر کتابچه لنگر شود,۱۴۰۵,C,HP-17,تعیین بند متناظر و نوشتن مبنای عدد در همان بند,ثبت شد
TO-174,هدف فنی,نسبت سطح به حجم هدف,۱٫۵,متر مربع بر متر مکعب,فرض طراحی — بی‌لنگرگاه: باید در بند متناظر کتابچه لنگر شود,۱۴۰۵,C,HP-17,تعیین بند متناظر و نوشتن مبنای عدد در همان بند,ثبت شد
TO-175,هدف فنی,نسبت سطح به حجم تودهٔ پخش‌شده,۱٫۶۷,متر مربع بر متر مکعب,فرض طراحی — بی‌لنگرگاه: باید در بند متناظر کتابچه لنگر شود,۱۴۰۵,C,HP-17,تعیین بند متناظر و نوشتن مبنای عدد در همان بند,ثبت شد
TO-176,هدف فنی,نسبت سطح به حجم تودهٔ متمرکز,۰٫۵۲,متر مربع بر متر مکعب,فرض طراحی — بند ۱۰.۳,۱۴۰۵,C,HP-17,تعیین مبنای عدد و بازبینی در فاز کالیبراسیون,ثبت شد
TO-177,هدف فنی,دبی رهاسازی,۰٫۶۹۴,لیتر بر ثانیه,فرض طراحی — بی‌لنگرگاه: باید در بند متناظر کتابچه لنگر شود,۱۴۰۵,C,HP-17,تعیین بند متناظر و نوشتن مبنای عدد در همان بند,ثبت شد
TO-178,هدف فنی,کمینهٔ پنجرهٔ رهاسازی,۱۳٫۹,روز,فرض طراحی — بی‌لنگرگاه: باید در بند متناظر کتابچه لنگر شود,۱۴۰۵,C,HP-17,تعیین بند متناظر و نوشتن مبنای عدد در همان بند,ثبت شد
TO-179,هدف فنی,شاخص کفایت داده — آستانهٔ دروازه,۹۰,از ۱۰۰,فرض طراحی — بی‌لنگرگاه: باید در بند متناظر کتابچه لنگر شود,۱۴۰۵,C,HP-17,تعیین بند متناظر و نوشتن مبنای عدد در همان بند,ثبت شد
SC-57,مقیاس,تعداد واحد پخش‌کننده,۲,واحد در هکتار,فرض طراحی — بند ۱۰.۷,۱۴۰۵,C,HP-17,تعیین مبنای عدد و بازبینی در فاز کالیبراسیون,ثبت شد
SC-58,مقیاس,طول خط حصار,۷,متر در هکتار,فرض طراحی — بی‌لنگرگاه: باید در بند متناظر کتابچه لنگر شود,۱۴۰۵,C,HP-17,تعیین بند متناظر و نوشتن مبنای عدد در همان بند,ثبت شد
TO-180,هدف فنی,قطر پایه,۱۲,سانتی‌متر,فرض طراحی — بی‌لنگرگاه: باید در بند متناظر کتابچه لنگر شود,۱۴۰۵,C,HP-17,تعیین بند متناظر و نوشتن مبنای عدد در همان بند,ثبت شد
SC-59,مقیاس,زمان اجرا با روش دستی,۴٫۵,روز-کارگر در هکتار,فرض طراحی — بی‌لنگرگاه: باید در بند متناظر کتابچه لنگر شود,۱۴۰۵,C,HP-17,تعیین بند متناظر و نوشتن مبنای عدد در همان بند,ثبت شد
SC-60,مقیاس,زمان اجرا با روش ماشینی,۲٫۷,روز-کارگر در هکتار,فرض طراحی — بی‌لنگرگاه: باید در بند متناظر کتابچه لنگر شود,۱۴۰۵,C,HP-17,تعیین بند متناظر و نوشتن مبنای عدد در همان بند,ثبت شد
FN-122,مالی,نرخ روز کاری,۲۰,دلار بر روز-کارگر,تصمیم طراحی — بند ۸.۱,۱۴۰۵,C,HP-17,تثبیت مبنای تصمیم و بازبینی در فاز کالیبراسیون,ثبت شد
TO-181,هدف فنی,شعاع ممنوعیت منبع حرارتی,۵۰,متر,فرض طراحی — بند ۴,۱۴۰۵,C,HP-17,تعیین مبنای عدد و بازبینی در فاز کالیبراسیون,ثبت شد
TO-182,هدف فنی,فاصلهٔ حداقلی کارگر تا خط حصار,۵,متر,فرض طراحی — بی‌لنگرگاه: باید در بند متناظر کتابچه لنگر شود,۱۴۰۵,C,HP-17,تعیین بند متناظر و نوشتن مبنای عدد در همان بند,ثبت شد
TO-183,هدف فنی,افق تحلیل این بسته,۵,سال,فرض طراحی — بی‌لنگرگاه: باید در بند متناظر کتابچه لنگر شود,۱۴۰۵,C,HP-17,تعیین بند متناظر و نوشتن مبنای عدد در همان بند,ثبت شد
TO-184,هدف فنی,ضریب گرادیان چگالی k,۳,بدون بعد,فرض طراحی — بند ۱۰.۶,۱۴۰۵,C,HP-17,تعیین مبنای عدد و بازبینی در فاز کالیبراسیون,ثبت شد
TO-185,هدف فنی,توان گرادیان m,۰٫۵,بدون بعد,فرض طراحی — بند ۱۰.۶,۱۴۰۵,C,HP-17,تعیین مبنای عدد و بازبینی در فاز کالیبراسیون,ثبت شد
TO-186,هدف فنی,چگالی میانگین عمقی ρ,۳۰۰,کیلوگرم بر متر مکعب,فرض طراحی — بند ۳.۳.۳,۱۴۰۵,C,HP-17,تعیین مبنای عدد و بازبینی در فاز کالیبراسیون,ثبت شد
TO-187,هدف فنی,معادل آب برف با پروفیل,۱۸۰,کیلوگرم بر متر مربع,فرض طراحی — بی‌لنگرگاه: باید در بند متناظر کتابچه لنگر شود,۱۴۰۵,C,HP-17,تعیین بند متناظر و نوشتن مبنای عدد در همان بند,ثبت شد
TO-188,هدف فنی,ارتفاع لازم با پروفیل تصحیح‌شده,۲٫۱۸,متر,فرض طراحی — بی‌لنگرگاه: باید در بند متناظر کتابچه لنگر شود,۱۴۰۵,C,HP-17,تعیین بند متناظر و نوشتن مبنای عدد در همان بند,ثبت شد
TO-189,هدف فنی,بازده تله‌گیری ε,۰٫۴۵,بدون بعد,فرض طراحی — بند ۳.۱۹,۱۴۰۵,C,HP-17,تعیین مبنای عدد و بازبینی در فاز کالیبراسیون,ثبت شد
TO-190,هدف فنی,بازده گردآوری η,۰٫۷۲۵,بدون بعد,فرض طراحی — بی‌لنگرگاه: باید در بند متناظر کتابچه لنگر شود,۱۴۰۵,C,HP-17,تعیین بند متناظر و نوشتن مبنای عدد در همان بند,ثبت شد
TO-191,هدف فنی,ارتفاع لازم تصحیح‌شده با بازده,۱٫۷۳,متر,فرض طراحی — بی‌لنگرگاه: باید در بند متناظر کتابچه لنگر شود,۱۴۰۵,C,HP-17,تعیین بند متناظر و نوشتن مبنای عدد در همان بند,ثبت شد
TO-192,هدف فنی,دامنهٔ ارتفاع با بازده فرض,۱٫۶۲ تا ۱٫۸۱,متر,فرض طراحی — بی‌لنگرگاه: باید در بند متناظر کتابچه لنگر شود,۱۴۰۵,C,HP-17,تعیین بند متناظر و نوشتن مبنای عدد در همان بند,ثبت شد
TO-193,هدف فنی,مقاومت برشی لایهٔ ضعیف,۶۰۰,پاسکال,فرض طراحی — بند ۳.۱۵,۱۴۰۵,C,HP-17,تعیین مبنای عدد و بازبینی در فاز کالیبراسیون,ثبت شد
TO-194,هدف فنی,نسبت برشی SR,۱٫۹۶,بدون بعد,فرض طراحی — بی‌لنگرگاه: باید در بند متناظر کتابچه لنگر شود,۱۴۰۵,C,HP-17,تعیین بند متناظر و نوشتن مبنای عدد در همان بند,ثبت شد
TO-195,هدف فنی,نسبت برشی با صفحهٔ ضخیم‌تر,۲٫۹۴,بدون بعد,فرض طراحی — بی‌لنگرگاه: باید در بند متناظر کتابچه لنگر شود,۱۴۰۵,C,HP-17,تعیین بند متناظر و نوشتن مبنای عدد در همان بند,ثبت شد
TO-196,هدف فنی,مدول برشی صفحه,۱٫۰,مگاپاسکال,فرض طراحی — بند ۱۰.۴,۱۴۰۵,C,HP-17,تعیین مبنای عدد و بازبینی در فاز کالیبراسیون,ثبت شد
TO-197,هدف فنی,کرنش برشی γ,۰٫۰۰۲۹۴,بدون بعد,فرض طراحی — بند ۱۰.۴,۱۴۰۵,C,HP-17,تعیین مبنای عدد و بازبینی در فاز کالیبراسیون,ثبت شد
TO-198,هدف فنی,شیب بحرانی گسترش عرضی β_c,۲۸,درجه,فرض طراحی — بند ۳.۹,۱۴۰۵,C,HP-17,تعیین مبنای عدد و بازبینی در فاز کالیبراسیون,ثبت شد
TO-199,هدف فنی,فشار باد سطحی q_w,۱۴۱٫۷۵,پاسکال,فرض طراحی — بند ۳.۱۲.۲,۱۴۰۵,C,HP-17,تعیین مبنای عدد و بازبینی در فاز کالیبراسیون,ثبت شد
TO-200,هدف فنی,نیروی باد روی یک دهانه,۸۲۹٫۲,نیوتن,فرض طراحی — بی‌لنگرگاه: باید در بند متناظر کتابچه لنگر شود,۱۴۰۵,C,HP-17,تعیین بند متناظر و نوشتن مبنای عدد در همان بند,ثبت شد
TO-201,هدف فنی,ضریب اطمینان در برابر بار برف,۹٫۰۸,بدون بعد,تصمیم طراحی — بی‌لنگرگاه: باید در بند متناظر کتابچه لنگر شود,۱۴۰۵,C,HP-17,تعیین بند متناظر و نوشتن مبنای عدد در همان بند,ثبت شد
TO-202,هدف فنی,نسبت بار باد حدی به بار برف,۰٫۹۳,بدون بعد,فرض طراحی — بی‌لنگرگاه: باید در بند متناظر کتابچه لنگر شود,۱۴۰۵,C,HP-17,تعیین بند متناظر و نوشتن مبنای عدد در همان بند,ثبت شد
TO-203,هدف فنی,نرخ ذوب درجه‌روز,۲۰,میلی‌متر بر روز,تصمیم طراحی — بند ۷.۱,۱۴۰۵,C,HP-17,تثبیت مبنای تصمیم و بازبینی در فاز کالیبراسیون,ثبت شد
TO-204,هدف فنی,پنجرهٔ طبیعی ذوب,۱۰,روز,فرض طراحی — بند ۲.۱,۱۴۰۵,C,HP-17,تعیین مبنای عدد و بازبینی در فاز کالیبراسیون,ثبت شد
TO-205,هدف فنی,کسری پنجرهٔ طبیعی نسبت به کمینه,۳٫۹,روز,فرض طراحی — بند ۲.۱,۱۴۰۵,C,HP-17,تعیین مبنای عدد و بازبینی در فاز کالیبراسیون,ثبت شد
TO-206,هدف فنی,دمای هوای لازم برای پنجرهٔ قابل دفاع,۱۰٫۷۹,درجه,فرض طراحی — بند ۲.۱,۱۴۰۵,C,HP-17,تعیین مبنای عدد و بازبینی در فاز کالیبراسیون,ثبت شد
TO-207,هدف فنی,غلظت نمک در برف انباشته,۲,میلی‌گرم بر لیتر,فرض طراحی — بند ۱.۱۱,۱۴۰۵,C,HP-17,تعیین مبنای عدد و بازبینی در فاز کالیبراسیون,ثبت شد
TO-208,هدف فنی,نسبت تمرکز جریان R,۲٫۰,بدون بعد,فرض طراحی — بند ۱۰.۳,۱۴۰۵,C,HP-17,تعیین مبنای عدد و بازبینی در فاز کالیبراسیون,ثبت شد
TO-209,هدف فنی,افزایش شوری خروجی,۲,درصد,فرض طراحی — بی‌لنگرگاه: باید در بند متناظر کتابچه لنگر شود,۱۴۰۵,C,HP-17,تعیین بند متناظر و نوشتن مبنای عدد در همان بند,ثبت شد
TO-210,هدف فنی,بار نمک افزوده,۲٫۴,کیلوگرم,فرض طراحی — بی‌لنگرگاه: باید در بند متناظر کتابچه لنگر شود,۱۴۰۵,C,HP-17,تعیین بند متناظر و نوشتن مبنای عدد در همان بند,ثبت شد
TO-211,هدف فنی,انرژی خالص لکهٔ برف,۲۵۰,وات بر متر مربع,فرض طراحی — بند ۱۰.۶,۱۴۰۵,C,HP-17,تعیین مبنای عدد و بازبینی در فاز کالیبراسیون,ثبت شد
TO-212,هدف فنی,نرخ ذوب لکهٔ نازک,۶۴٫۷,میلی‌متر بر روز,تصمیم طراحی — بی‌لنگرگاه: باید در بند متناظر کتابچه لنگر شود,۱۴۰۵,C,HP-17,تعیین بند متناظر و نوشتن مبنای عدد در همان بند,ثبت شد
TO-213,هدف فنی,اختلاف زمان ذوب بدون سایه,۱٫۵۵,روز,فرض طراحی — بند ۳٫۳٫۳,۱۴۰۵,C,HP-17,تعیین مبنای عدد و بازبینی در فاز کالیبراسیون,ثبت شد
TO-214,هدف فنی,اختلاف زمان ذوب با سایهٔ توده,۲٫۲۱,روز,فرض طراحی — بند ۳٫۳٫۳,۱۴۰۵,C,HP-17,تعیین مبنای عدد و بازبینی در فاز کالیبراسیون,ثبت شد
TO-215,هدف فنی,ضریب ماندگاری برف k_r,۰٫۳۰,بدون بعد,فرض طراحی — بند ۷.۴,۱۴۰۵,C,HP-17,تعیین مبنای عدد و بازبینی در فاز کالیبراسیون,ثبت شد
TO-216,هدف فنی,برف قابل گردآوری در آبخیز,۲٫۵۲۰,متر مکعب,فرض طراحی — بی‌لنگرگاه: باید در بند متناظر کتابچه لنگر شود,۱۴۰۵,C,HP-17,تعیین بند متناظر و نوشتن مبنای عدد در همان بند,ثبت شد
TO-217,هدف فنی,ضریب افت سالانهٔ ظرفیت λ,۰٫۱۶,بر سال,فرض طراحی — بی‌لنگرگاه: باید در بند متناظر کتابچه لنگر شود,۱۴۰۵,C,HP-17,تعیین بند متناظر و نوشتن مبنای عدد در همان بند,ثبت شد
TO-218,هدف فنی,آستانهٔ خروج از سرویس C_min,۵۰,درصد,فرض طراحی — بند ۹.۸.۳,۱۴۰۵,C,HP-17,تعیین مبنای عدد و بازبینی در فاز کالیبراسیون,ثبت شد
TO-219,هدف فنی,عمر طراحی با کسری نگهداری ۰٫۷۵,۵٫۴,سال,فرض طراحی — بی‌لنگرگاه: باید در بند متناظر کتابچه لنگر شود,۱۴۰۵,C,HP-17,تعیین بند متناظر و نوشتن مبنای عدد در همان بند,ثبت شد
TO-220,هدف فنی,ظرفیت پس از پنج سال با کسری ۰٫۷۵,۵۲٫۸,درصد,فرض طراحی — بی‌لنگرگاه: باید در بند متناظر کتابچه لنگر شود,۱۴۰۵,C,HP-17,تعیین بند متناظر و نوشتن مبنای عدد در همان بند,ثبت شد
FN-123,مالی,سقف مجاز هزینهٔ داده برای حفظ نسبت یک,۱۰۴,دلار در هکتار,تصمیم طراحی — بی‌لنگرگاه: باید در بند متناظر کتابچه لنگر شود,۱۴۰۵,C,HP-17,تعیین بند متناظر و نوشتن مبنای عدد در همان بند,ثبت شد
FN-124,مالی,هزینهٔ بازسازی یک‌بارهٔ سناریوی کسری,۶۳٫۳,دلار در هکتار,فرض طراحی — بند ۲.۹,۱۴۰۵,C,HP-17,تعیین مبنای عدد و بازبینی در فاز کالیبراسیون,ثبت شد
FN-125,مالی,هزینهٔ بازسازی کف پخش‌کننده,۴۰,دلار در هکتار,تصمیم طراحی — بند ۲.۹,۱۴۰۵,C,HP-17,تثبیت مبنای تصمیم و بازبینی در فاز کالیبراسیون,ثبت شد
FN-126,مالی,هزینهٔ بازسازی در سناریوی تجمعی,۱۰۳٫۳,دلار در هکتار,فرض طراحی — بند ۲.۹,۱۴۰۵,C,HP-17,تعیین مبنای عدد و بازبینی در فاز کالیبراسیون,ثبت شد
FN-127,مالی,سرمایهٔ افزودهٔ دو واحد پخش‌کننده,۲۴۰,دلار در هکتار,فرض طراحی — بی‌لنگرگاه: باید در بند متناظر کتابچه لنگر شود,۱۴۰۵,C,HP-17,تعیین بند متناظر و نوشتن مبنای عدد در همان بند,ثبت شد
TO-221,هدف فنی,نسبت منفعت به هزیده در پایهٔ محافظه‌کارانه,۰٫۵۶,نسبت,فرض طراحی — بند ۹.۸.۱,۱۴۰۵,C,HP-17,تعیین مبنای عدد و بازبینی در فاز کالیبراسیون,ثبت شد
TO-222,هدف فنی,نسبت منفعت به هزیده در ده سال با همان مفروضات,۰٫۸۵,نسبت,فرض طراحی — بند ۹.۸.۱,۱۴۰۵,C,HP-17,تعیین مبنای عدد و بازبینی در فاز کالیبراسیون,ثبت شد
TO-223,هدف فنی,نسبت منفعت به هزیده در سناریوی تودهٔ جامانده,۰٫۸۴,نسبت,فرض طراحی — بند ۱.۵,۱۴۰۵,C,HP-17,تعیین مبنای عدد و بازبینی در فاز کالیبراسیون,ثبت شد
TO-224,هدف فنی,دامنهٔ نسبت منفعت به هزیده در شش سناریو,۰٫۰۰ تا ۱٫۱۷,نسبت,فرض طراحی — بی‌لنگرگاه: باید در بند متناظر کتابچه لنگر شود,۱۴۰۵,C,HP-17,تعیین بند متناظر و نوشتن مبنای عدد در همان بند,ثبت شد
FN-128,مالی,نرخ مجاز متری برای حفظ نسبت یک,۲۶,دلار بر متر,تصمیم طراحی — بند ۶.۱,۱۴۰۵,C,HP-17,تثبیت مبنای تصمیم و بازبینی در فاز کالیبراسیون,ثبت شد
TO-225,هدف فنی,اندازهٔ نمونهٔ برف برای چگالی,۱۰,سانتی‌متر مکعب,فرض طراحی — بند ۲.۱,۱۴۰۵,C,HP-17,تعیین مبنای عدد و بازبینی در فاز کالیبراسیون,ثبت شد
TO-226,هدف فنی,اختلاف آستانهٔ له‌شدگی توری,۱۰,واحد درصد,فرض طراحی — بند ۹.۸.۳,۱۴۰۵,C,HP-17,تعیین مبنای عدد و بازبینی در فاز کالیبراسیون,ثبت شد
TO-227,هدف فنی,اختلاف تخلخل نوری دو ارتفاع,بیشتر از ۱۰,واحد درصد,فرض طراحی — بند ۳٫۳٫۳,۱۴۰۵,C,HP-17,تعیین مبنای عدد و بازبینی در فاز کالیبراسیون,ثبت شد
SC-61,مقیاس,زمان اجرا با روش ماشینی,۲٫۷,روز-کارگر در هکتار,فرض طراحی — بی‌لنگرگاه: باید در بند متناظر کتابچه لنگر شود,۱۴۰۵,C,HP-17,تعیین بند متناظر و نوشتن مبنای عدد در همان بند,ثبت شد
FN-129,مالی,هزینهٔ پنج خطای اجرایی,۱۲٫۳,دلار در هکتار,فرض طراحی — بی‌لنگرگاه: باید در بند متناظر کتابچه لنگر شود,۱۴۰۵,C,HP-17,تعیین بند متناظر و نوشتن مبنای عدد در همان بند,ثبت شد
SC-62,مقیاس,تعداد واحد پخش‌کنندهٔ بیشینه در زمستان پر‌برف,۴,واحد در هکتار,فرض طراحی — بی‌لنگرگاه: باید در بند متناظر کتابچه لنگر شود,۱۴۰۵,C,HP-17,تعیین بند متناظر و نوشتن مبنای عدد در همان بند,ثبت شد
TO-228,هدف فنی,سال از کار افتادن در سناریوی تجمعی,۴,سال,فرض طراحی — بند ۱.۵,۱۴۰۵,C,HP-17,تعیین مبنای عدد و بازبینی در فاز کالیبراسیون,ثبت شد
FN-130,مالی,هزینهٔ سرمایه‌ای (CAPEX) — زیرسازهٔ پوشش گیاهی متحرک,۲۶۰,دلار در هکتار,فرض طراحی — بی‌لنگرگاه: باید در بند متناظر کتابچه لنگر شود,۱۴۰۵,C,HP-18,تعیین بند متناظر و نوشتن مبنای عدد در همان بند,ثبت شد
FN-131,مالی,هزینهٔ سرمایه‌ای (CAPEX) — زیرسازهٔ کمربند تلمبار,۱۴۰,دلار در هکتار,فرض طراحی — بی‌لنگرگاه: باید در بند متناظر کتابچه لنگر شود,۱۴۰۵,C,HP-18,تعیین بند متناظر و نوشتن مبنای عدد در همان بند,ثبت شد
FN-132,مالی,هزینهٔ سرمایه‌ای (CAPEX) — تجهیزات و حمل مشترک,۲۵۹,دلار در هکتار,فرض طراحی — بی‌لنگرگاه: باید در بند متناظر کتابچه لنگر شود,۱۴۰۵,C,HP-18,تعیین بند متناظر و نوشتن مبنای عدد در همان بند,ثبت شد
FN-133,مالی,هزینهٔ سرمایه‌ای (CAPEX) — جمع,۶۵۹,دلار در هکتار,فرض طراحی — بی‌لنگرگاه: باید در بند متناظر کتابچه لنگر شود,۱۴۰۵,C,HP-18,تعیین بند متناظر و نوشتن مبنای عدد در همان بند,ثبت شد
FN-134,مالی,هزینهٔ عملیاتی سال ۲ تا ۵,۱۰۴,دلار در هکتار در سال,فرض طراحی — بی‌لنگرگاه: باید در بند متناظر کتابچه لنگر شود,۱۴۰۵,C,HP-18,تعیین بند متناظر و نوشتن مبنای عدد در همان بند,ثبت شد
FN-135,مالی,هزینهٔ عملیاتی سال ۶ تا ۱۰,۵۶,دلار در هکتار در سال,فرض طراحی — بی‌لنگرگاه: باید در بند متناظر کتابچه لنگر شود,۱۴۰۵,C,HP-18,تعیین بند متناظر و نوشتن مبنای عدد در همان بند,ثبت شد
FN-136,مالی,هزینهٔ کل افق ده ساله,۱٬۳۵۵,دلار در هکتار,فرض طراحی — بی‌لنگرگاه: باید در بند متناظر کتابچه لنگر شود,۱۴۰۵,C,HP-18,تعیین بند متناظر و نوشتن مبنای عدد در همان بند,ثبت شد
FN-137,مالی,منفعت مستقیم افق ده ساله,۲۳۲,دلار در هکتار,فرض طراحی — بند ۱۰٫۵,۱۴۰۵,C,HP-18,تعیین مبنای عدد و بازبینی در فاز کالیبراسیون,ثبت شد
TO-229,هدف فنی,نسبت بسته‌ای مالی خالص,۰٫۱۷,نسبت,فرض طراحی — بی‌لنگرگاه: باید در بند متناظر کتابچه لنگر شود,۱۴۰۵,C,HP-18,تعیین بند متناظر و نوشتن مبنای عدد در همان بند,ثبت شد
FN-138,مالی,هزینهٔ اجتناب‌شدهٔ لازم برای بازگشت,۱۴۰,دلار در هکتار در سال,فرض طراحی — بی‌لنگرگاه: باید در بند متناظر کتابچه لنگر شود,۱۴۰۵,C,HP-18,تعیین بند متناظر و نوشتن مبنای عدد در همان بند,ثبت شد
FN-139,مالی,نرخ روز کاری کارگر ساده,۱۴,دلار بر روز-کارگر,تصمیم طراحی — بند ۱٫۷٫۱۰,۱۴۰۵,C,HP-18,تثبیت مبنای تصمیم و بازبینی در فاز کالیبراسیون,ثبت شد
FN-140,مالی,نرخ روز کاری کارگر ماهر,۲۲,دلار بر روز-کارگر,تصمیم طراحی — بند ۱٫۷٫۱۰,۱۴۰۵,C,HP-18,تثبیت مبنای تصمیم و بازبینی در فاز کالیبراسیون,ثبت شد
FN-141,مالی,نرخ روز کاری سرکارگر فنی,۳۰,دلار بر روز-کارگر,تصمیم طراحی — بند ۱۰٫۱,۱۴۰۵,C,HP-18,تثبیت مبنای تصمیم و بازبینی در فاز کالیبراسیون,ثبت شد
SC-63,مقیاس,کارگری سال ۱ — زیرسازهٔ ۶a,۱۰,روز-کار در هکتار,فرض طراحی — بند ۸۰٫۵,۱۴۰۵,C,HP-18,تعیین مبنای عدد و بازبینی در فاز کالیبراسیون,ثبت شد
SC-64,مقیاس,کارگری سال ۱ — زیرسازهٔ ۶b,۶,روز-کار در هکتار,فرض طراحی — بند ۸۰٫۵,۱۴۰۵,C,HP-18,تعیین مبنای عدد و بازبینی در فاز کالیبراسیون,ثبت شد
SC-65,مقیاس,کارگری کل سال ۱,۱۶,نفر-روز در هکتار,فرض طراحی — بند ۸۰٫۵,۱۴۰۵,C,HP-18,تعیین مبنای عدد و بازبینی در فاز کالیبراسیون,ثبت شد
TO-230,هدف فنی,زمان کل اجرا,۴,روز کاری با ۴ نفر,فرض طراحی — بی‌لنگرگاه: باید در بند متناظر کتابچه لنگر شود,۱۴۰۵,C,HP-18,تعیین بند متناظر و نوشتن مبنای عدد در همان بند,ثبت شد
SC-66,مقیاس,تراکم لکهٔ کاشت,۲۰۰,مترمربع در هکتار,فرض طراحی — بند ۱۰٫۵,۱۴۰۵,C,HP-18,تعیین مبنای عدد و بازبینی در فاز کالیبراسیون,ثبت شد
SC-67,مقیاس,طول کمربند تلمبار,۴۰,متر در هکتار,فرض طراحی — بی‌لنگرگاه: باید در بند متناظر کتابچه لنگر شود,۱۴۰۵,C,HP-18,تعیین بند متناظر و نوشتن مبنای عدد در همان بند,ثبت شد
TO-231,هدف فنی,عرض مبنای کمربند تلمبار,۱۰,متر,تصمیم طراحی — بی‌لنگرگاه: باید در بند متناظر کتابچه لنگر شود,۱۴۰۵,C,HP-18,تعیین بند متناظر و نوشتن مبنای عدد در همان بند,ثبت شد
TO-232,هدف فنی,ارتفاع کمربند تلمبار,۱٫۰,متر,فرض طراحی — بند ۱٫۷٫۱۰,۱۴۰۵,C,HP-18,تعیین مبنای عدد و بازبینی در فاز کالیبراسیون,ثبت شد
SC-68,مقیاس,حجم خاک تلمبار,۴۰۰,مترمکعب در هکتار,فرض طراحی — بی‌لنگرگاه: باید در بند متناظر کتابچه لنگر شود,۱۴۰۵,C,HP-18,تعیین بند متناظر و نوشتن مبنای عدد در همان بند,ثبت شد
SC-69,مقیاس,مصرف پسماند دامی,۴٫۵,تن در هکتار,فرض طراحی — بی‌لنگرگاه: باید در بند متناظر کتابچه لنگر شود,۱۴۰۵,C,HP-18,تعیین بند متناظر و نوشتن مبنای عدد در همان بند,ثبت شد
M-34,ماده,مادهٔ آلی لازم خاک تلمبار,۳٫۲,درصد وزنی,فرض طراحی — بی‌لنگرگاه: باید در بند متناظر کتابچه لنگر شود,۱۴۰۵,C,HP-18,تعیین بند متناظر و نوشتن مبنای عدد در همان بند,ثبت شد
SC-70,مقیاس,کسری مادهٔ آلی در نمونهٔ محاسبه,۰٫۵۹,تن در هکتار,محاسبهٔ فرض طراحی — بند ۱٫۱,۱۴۰۵,C,HP-18,تکرار محاسبه در فاز کالیبراسیون,ثبت شد
M-35,ماده,ترکیب خاک تلمبار — شن,۷۸,درصد وزنی,فرض طراحی — بی‌لنگرگاه: باید در بند متناظر کتابچه لنگر شود,۱۴۰۵,C,HP-18,تعیین بند متناظر و نوشتن مبنای عدد در همان بند,ثبت شد
M-36,ماده,ترکیب خاک تلمبار — سیلت,۱۶,درصد وزنی,فرض طراحی — بی‌لنگرگاه: باید در بند متناظر کتابچه لنگر شود,۱۴۰۵,C,HP-18,تعیین بند متناظر و نوشتن مبنای عدد در همان بند,ثبت شد
M-37,ماده,ترکیب خاک تلمبار — رس,۶,درصد وزنی,فرض طراحی — بی‌لنگرگاه: باید در بند متناظر کتابچه لنگر شود,۱۴۰۵,C,HP-18,تعیین بند متناظر و نوشتن مبنای عدد در همان بند,ثبت شد
SP-07,گونه,نرخ بذر بادرو و گونه‌کاه,۲٫۵,گرم در مترمربع,تصمیم طراحی — بند ۲٫۲,۱۴۰۵,C,HP-18,تثبیت مبنای تصمیم و بازبینی در فاز کالیبراسیون,ثبت شد
TO-233,هدف فنی,تراکم حصیره,۲۵۰,شاخه در مترمربع,فرض طراحی — بند ۱۰٫۵,۱۴۰۵,C,HP-18,تعیین مبنای عدد و بازبینی در فاز کالیبراسیون,ثبت شد
SC-71,مقیاس,تعداد چوب مهار,۶۰,عدد در هکتار,فرض طراحی — بند ۱۰٫۵,۱۴۰۵,C,HP-18,تعیین مبنای عدد و بازبینی در فاز کالیبراسیون,ثبت شد
TO-234,هدف فنی,ضریب بی‌بعد باغنولد,۰٫۱,بدون بُعد,فرض طراحی — بند ۱۰٫۱,۱۴۰۵,B,HP-18,تعیین مبنای عدد و بازبینی در فاز کالیبراسیون,ثبت شد
TO-235,هدف فنی,ضریب تبدیل به سرعت باد ۱۰ متری,۰٫۰۴,بدون بُعد,فرض طراحی — بند ۱٫۳,۱۴۰۵,C,HP-18,تعیین مبنای عدد و بازبینی در فاز کالیبراسیون,ثبت شد
TO-236,هدف فنی,سرعت تنش برشی آستانه,۰٫۲۳۳,متر بر ثانیه,فرض طراحی — بی‌لنگرگاه: باید در بند متناظر کتابچه لنگر شود,۱۴۰۵,C,HP-18,تعیین بند متناظر و نوشتن مبنای عدد در همان بند,ثبت شد
TO-237,هدف فنی,سرعت باد آستانه در ارتفاع ۱۰ متری,۵٫۸,متر بر ثانیه,فرض طراحی — بی‌لنگرگاه: باید در بند متناظر کتابچه لنگر شود,۱۴۰۵,C,HP-18,تعیین بند متناظر و نوشتن مبنای عدد در همان بند,ثبت شد
TO-238,هدف فنی,ضریب بی‌بعد لتو,۰٫۰۴,بدون بُعد,فرض طراحی — بند ۳٫۱۴,۱۴۰۵,B,HP-18,تعیین مبنای عدد و بازبینی در فاز کالیبراسیون,ثبت شد
TO-239,هدف فنی,ظرفیت انتقال شن در نمونهٔ محاسبه,۰٫۶۴۰,کیلوگرم بر متر بر ثانیه,محاسبهٔ فرض طراحی — بی‌لنگرگاه: باید در بند متناظر کتابچه لنگر شود,۱۴۰۵,C,HP-18,تعیین بند متناظر و نوشتن مبنای عدد در همان بند,ثبت شد
TO-240,هدف فنی,نرخ پیشروی تپهٔ شنی بدون پوشش,۴۲۰,متر در سال,تصمیم طراحی — بی‌لنگرگاه: باید در بند متناظر کتابچه لنگر شود,۱۴۰۵,C,HP-18,تعیین بند متناظر و نوشتن مبنای عدد در همان بند,ثبت شد
TO-241,هدف فنی,ضریب اطمینان شیب تلمبار در نمونهٔ محاسبه,۱٫۴۵,بدون بُعد,تصمیم طراحی — بند ۱٫۱,۱۴۰۵,C,HP-18,تثبیت مبنای تصمیم و بازبینی در فاز کالیبراسیون,ثبت شد
TO-242,هدف فنی,زاویهٔ حد بحرانی تلمبار,۲۷٫۵,درجه,فرض طراحی — بند ۵٫۷,۱۴۰۵,C,HP-18,تعیین مبنای عدد و بازبینی در فاز کالیبراسیون,ثبت شد
TO-243,هدف فنی,کاهش بار گردوغبار با پوشش,۵۵,درصد,فرض طراحی — بند ۱٫۲,۱۴۰۵,C,HP-18,تعیین مبنای عدد و بازبینی در فاز کالیبراسیون,ثبت شد
TO-244,هدف فنی,تراکم پوشش هدف,۰٫۱۸ تا ۰٫۲۴,نسبت پوشش سطح,فرض طراحی — بند ۱۰٫۵,۱۴۰۵,C,HP-18,تعیین مبنای عدد و بازبینی در فاز کالیبراسیون,ثبت شد
TO-245,هدف فنی,نرخ بقای استقرار لکه — سال ۱,۶۰ تا ۷۰,درصد,تصمیم طراحی — بند ۱٫۲,۱۴۰۵,C,HP-18,تثبیت مبنای تصمیم و بازبینی در فاز کالیبراسیون,ثبت شد
TO-246,هدف فنی,نرخ بقای استقرار لکه — سال ۳ نسبت به سال ۱,۸۰,درصد,تصمیم طراحی — بند ۱٫۲,۱۴۰۵,C,HP-18,تثبیت مبنای تصمیم و بازبینی در فاز کالیبراسیون,ثبت شد
SC-72,مقیاس,زمان نگهداری سالانه — HP-18,۴٫۸,روز کاری در هکتار,فرض طراحی — بی‌لنگرگاه: باید در بند متناظر کتابچه لنگر شود,۱۴۰۵,C,HP-18,تعیین بند متناظر و نوشتن مبنای عدد در همان بند,ثبت شد
FN-142,مالی,هزینهٔ مواد مصرفی نگهداری,۸,دلار در هکتار در سال,فرض طراحی — بی‌لنگرگاه: باید در بند متناظر کتابچه لنگر شود,۱۴۰۵,C,HP-18,تعیین بند متناظر و نوشتن مبنای عدد در همان بند,ثبت شد
ES-25,خدمات اکوسیستمی,نسبت بسته‌ای با خدمات اکوسیستمی — یادداشت غیرنقدی,۱٫۶۰,نسبت,فرض طراحی — بند ۹٫۱,۱۴۰۵,C,HP-18,تعیین مبنای عدد و بازبینی در فاز کالیبراسیون,ثبت شد
FN-143,مالی,نسبت استقرار بستهٔ HP-18 به هزینهٔ کامل,۱۴٫۵,درصد,فرض طراحی — بند ۱٫۲,۱۴۰۵,C,HP-18,تعیین مبنای عدد و بازبینی در فاز کالیبراسیون,ثبت شد
SC-73,مقیاس,کاهش فرسایش سالانه — هدف این بسته,زیر ۵,تن در هکتار در سال,فرض طراحی — بی‌لنگرگاه: باید در بند متناظر کتابچه لنگر شود,۱۴۰۵,C,HP-18,تعیین بند متناظر و نوشتن مبنای عدد در همان بند,ثبت شد
TO-247,هدف فنی,حداقل بارش مؤثر لازم برای استقرار در C9,۶۸,میلی‌متر در سال,فرض طراحی — بند ۱٫۲,۱۴۰۵,C,HP-18,تعیین مبنای عدد و بازبینی در فاز کالیبراسیون,ثبت شد
TO-248,هدف فنی,حداقل بارش مؤثر لازم برای استقرار در C6,۱۰۲,میلی‌متر در سال,فرض طراحی — بند ۱٫۲,۱۴۰۵,C,HP-18,تعیین مبنای عدد و بازبینی در فاز کالیبراسیون,ثبت شد
TO-249,هدف فنی,کسری بارش مؤثر در C9,۱۸,میلی‌متر در سال,فرض طراحی — بند ۳٫۱۴,۱۴۰۵,C,HP-18,تعیین مبنای عدد و بازبینی در فاز کالیبراسیون,ثبت شد
TO-250,هدف فنی,کسری بارش مؤثر در C6,۶۲,میلی‌متر در سال,فرض طراحی — بند ۳٫۱۴,۱۴۰۵,C,HP-18,تعیین مبنای عدد و بازبینی در فاز کالیبراسیون,ثبت شد
TO-251,هدف فنی,معادل باد آستانه با پوشش پوسته‌دار,۱۱٫۲,متر بر ثانیه,فرض طراحی — بی‌لنگرگاه: باید در بند متناظر کتابچه لنگر شود,۱۴۰۵,C,HP-18,تعیین بند متناظر و نوشتن مبنای عدد در همان بند,ثبت شد
TO-252,هدف فنی,ضریب حفاظتی فرض طراحی,۰٫۳۰,بدون بُعد,فرض طراحی — بند ۳٫۱۴,۱۴۰۵,C,HP-18,تعیین مبنای عدد و بازبینی در فاز کالیبراسیون,ثبت شد
TO-253,هدف فنی,ظرفیت انتقال با ضریب حفاظتی در نمونهٔ محاسبه,۰٫۱۹۲,کیلوگرم بر متر بر ثانیه,محاسبهٔ فرض طراحی — بی‌لنگرگاه: باید در بند متناظر کتابچه لنگر شود,۱۴۰۵,C,HP-18,تعیین بند متناظر و نوشتن مبنای عدد در همان بند,ثبت شد
TO-254,هدف فنی,نرخ پیشروی تپه با ضریب حفاظتی,۱۲۶,متر در سال,تصمیم طراحی — بی‌لنگرگاه: باید در بند متناظر کتابچه لنگر شود,۱۴۰۵,C,HP-18,تعیین بند متناظر و نوشتن مبنای عدد در همان بند,ثبت شد
TO-255,هدف فنی,نرخ نفوذ با پوستهٔ آب‌گریز,۴٫۵۳,میلی‌متر در ساعت,تصمیم طراحی — بند ۲٫۳,۱۴۰۵,C,HP-18,تثبیت مبنای تصمیم و بازبینی در فاز کالیبراسیون,ثبت شد
TO-256,هدف فنی,کاهش نرخ نفوذ بر اثر پوستهٔ آب‌گریز,۶۲,درصد,تصمیم طراحی — بند ۲٫۳,۱۴۰۵,C,HP-18,تثبیت مبنای تصمیم و بازبینی در فاز کالیبراسیون,ثبت شد
TO-257,هدف فنی,شاخص آب‌گریزی فرض,۰٫۷۰,بدون بُعد,فرض طراحی — بند ۳٫۱۴,۱۴۰۵,C,HP-18,تعیین مبنای عدد و بازبینی در فاز کالیبراسیون,ثبت شد
TO-258,هدف فنی,ضریب آب‌بندی فرض,۰٫۳۵,بدون بُعد,فرض طراحی — بند ۳٫۱۴,۱۴۰۵,C,HP-18,تعیین مبنای عدد و بازبینی در فاز کالیبراسیون,ثبت شد
SC-74,مقیاس,بار سوخت سطحی در نمونهٔ محاسبه,۵٫۲۸,تن در هکتار,محاسبهٔ فرض طراحی — بند ۱٫۱,۱۴۰۵,C,HP-18,تکرار محاسبه در فاز کالیبراسیون,ثبت شد
SC-75,مقیاس,معادل بار سوخت برای ضخامت ۵ سانتی‌متری بقایا,۴٫۴,تن در هکتار,فرض طراحی — بند ۱۰٫۲,۱۴۰۵,C,HP-18,تعیین مبنای عدد و بازبینی در فاز کالیبراسیون,ثبت شد
TO-259,هدف فنی,کسر پنجرهٔ مجاز سوزاندن تجویزی,۰٫۲۵,بدون بُعد,فرض طراحی — بند ۳٫۱۴,۱۴۰۵,C,HP-18,تعیین مبنای عدد و بازبینی در فاز کالیبراسیون,ثبت شد
TO-260,هدف فنی,طول پنجرهٔ سوزاندن تجویزی,۹۰,روز,فرض طراحی — بند ۳٫۱۴,۱۴۰۵,C,HP-18,تعیین مبنای عدد و بازبینی در فاز کالیبراسیون,ثبت شد
SC-76,مقیاس,تراکم تمرکز دام پیش از پاسخ حکمرانی,۶۰۰,دام در هکتار,فرض طراحی — بند ۱٫۱,۱۴۰۵,C,HP-18,تعیین مبنای عدد و بازبینی در فاز کالیبراسیون,ثبت شد
SC-77,مقیاس,تراکم تمرکز دام پس از دو پاسخ حکمرانی,۶۷,دام در هکتار,فرض طراحی — بند ۱٫۱,۱۴۰۵,C,HP-18,تعیین مبنای عدد و بازبینی در فاز کالیبراسیون,ثبت شد
SC-78,مقیاس,تراکم مرجع تحمل دام,۴۰۰,دام در هکتار,فرض طراحی — بند ۱۰٫۵,۱۴۰۵,C,HP-18,تعیین مبنای عدد و بازبینی در فاز کالیبراسیون,ثبت شد
SC-79,مقیاس,اندازهٔ سطح پناه‌دار هدف,۱٫۲,هکتار,فرض طراحی — بند ۲٫۴,۱۴۰۵,C,HP-18,تعیین مبنای عدد و بازبینی در فاز کالیبراسیون,ثبت شد
SC-80,مقیاس,بار گردوغبار معلق با پوشش,۹٫۷,کیلوگرم در هکتار در سال,فرض طراحی — بند ۱٫۲,۱۴۰۵,C,HP-18,تعیین مبنای عدد و بازبینی در فاز کالیبراسیون,ثبت شد
SC-81,مقیاس,بار گردوغبار معلق سطح لخت,۳۲٫۳,کیلوگرم در هکتار در سال,فرض طراحی — بند ۱٫۲,۱۴۰۵,C,HP-18,تعیین مبنای عدد و بازبینی در فاز کالیبراسیون,ثبت شد
TO-261,هدف فنی,کاهش انتشار گردوغبار با پوشش,۷۰,درصد,فرض طراحی — بند ۱٫۲,۱۴۰۵,C,HP-18,تعیین مبنای عدد و بازبینی در فاز کالیبراسیون,ثبت شد
TO-262,هدف فنی,نرخ بقای استقرار — سناریوی بدبینانه,۳۵,درصد,تصمیم طراحی — بند ۱٫۲,۱۴۰۵,C,HP-18,تثبیت مبنای تصمیم و بازبینی در فاز کالیبراسیون,ثبت شد
FN-144,مالی,بازده سالانه — سناریوی خوش‌بینانه,۴۵,دلار در هکتار در سال,فرض طراحی — بند ۱٫۷٫۱۰,۱۴۰۵,C,HP-18,تعیین مبنای عدد و بازبینی در فاز کالیبراسیون,ثبت شد
FN-145,مالی,هزینهٔ سرمایه‌ای با شوک دستمزد,۸۱۹,دلار در هکتار,فرض طراحی — بی‌لنگرگاه: باید در بند متناظر کتابچه لنگر شود,۱۴۰۵,C,HP-18,تعیین بند متناظر و نوشتن مبنای عدد در همان بند,ثبت شد
FN-146,مالی,هزینهٔ سرمایه‌ای با شوک آب در C10,۸۵۹,دلار در هکتار,فرض طراحی — بی‌لنگرگاه: باید در بند متناظر کتابچه لنگر شود,۱۴۰۵,C,HP-18,تعیین بند متناظر و نوشتن مبنای عدد در همان بند,ثبت شد
FN-147,مالی,هزینهٔ ده‌ساله در سناریوی رهاسازی,۹۷۱,دلار در هکتار,فرض طراحی — بند ۹٫۸٫۶,۱۴۰۵,C,HP-18,تعیین مبنای عدد و بازبینی در فاز کالیبراسیون,ثبت شد
FN-148,مالی,منفعت ده‌ساله در سناریوی رهاسازی,۹۲,دلار در هکتار,فرض طراحی — بند ۹٫۸٫۶,۱۴۰۵,C,HP-18,تعیین مبنای عدد و بازبینی در فاز کالیبراسیون,ثبت شد
TO-263,هدف فنی,نسبت بسته‌ای در سناریوی رهاسازی,۰٫۰۹,نسبت,فرض طراحی — بند ۹٫۸٫۶,۱۴۰۵,C,HP-18,تعیین مبنای عدد و بازبینی در فاز کالیبراسیون,ثبت شد
FN-149,مالی,شرط بازگشت در سناریوی رهاسازی,۱۱۰,دلار در هکتار در سال,فرض طراحی — بند ۹٫۸٫۶,۱۴۰۵,C,HP-18,تعیین مبنای عدد و بازبینی در فاز کالیبراسیون,ثبت شد
TO-264,هدف فنی,سال بازنشستگی فنی در سناریوی رهاسازی,۷,سال,فرض طراحی — بند ۸٫۳,۱۴۰۵,C,HP-18,تعیین مبنای عدد و بازبینی در فاز کالیبراسیون,ثبت شد
TO-265,هدف فنی,حداقل عمر عملکردی قابل قبول,۳,سال,فرض طراحی — بی‌لنگرگاه: باید در بند متناظر کتابچه لنگر شود,۱۴۰۵,C,HP-18,تعیین بند متناظر و نوشتن مبنای عدد در همان بند,ثبت شد
TO-266,هدف فنی,افت عمر به ازای هر واحد کسری نگهداری,۲٫۵,سال بر واحد,فرض طراحی — بی‌لنگرگاه: باید در بند متناظر کتابچه لنگر شود,۱۴۰۵,C,HP-18,تعیین بند متناظر و نوشتن مبنای عدد در همان بند,ثبت شد
FN-150,مالی,هزینهٔ کل با پاسخ سناریوی تجمعی S-M1,۱٬۴۳۱,دلار در هکتار,فرض طراحی — بند ۹٫۸٫۶,۱۴۰۵,C,HP-18,تعیین مبنای عدد و بازبینی در فاز کالیبراسیون,ثبت شد
FN-151,مالی,هزینهٔ کل با پاسخ سناریوی تجمعی S-M2,۱٬۴۲۵,دلار در هکتار,فرض طراحی — بند ۹٫۸٫۶,۱۴۰۵,C,HP-18,تعیین مبنای عدد و بازبینی در فاز کالیبراسیون,ثبت شد
FN-152,مالی,هزینهٔ کل با پاسخ سناریوی تجمعی S-M3,۱٬۴۲۱,دلار در هکتار,فرض طراحی — بند ۹٫۸٫۶,۱۴۰۵,C,HP-18,تعیین مبنای عدد و بازبینی در فاز کالیبراسیون,ثبت شد
FN-153,مالی,سهم مواد از هزینهٔ کل افق ده ساله,۰٫۰۷,نسبت,فرض طراحی — بی‌لنگرگاه: باید در بند متناظر کتابچه لنگر شود,۱۴۰۵,C,HP-18,تعیین بند متناظر و نوشتن مبنای عدد در همان بند,ثبت شد
TO-267,هدف فنی,ظرفیت روزانهٔ تیم چهار نفره,۳۲,نفر-ساعت,فرض طراحی — بند ۴٫۲,۱۴۰۵,C,HP-18,تعیین مبنای عدد و بازبینی در فاز کالیبراسیون,ثبت شد
TO-268,هدف فنی,زمان تقویمی روش دستی خالص,۶٫۵,روز تقویمی,فرض طراحی — بند ۱٫۱,۱۴۰۵,C,HP-18,تعیین مبنای عدد و بازبینی در فاز کالیبراسیون,ثبت شد
TO-269,هدف فنی,اختلاف ظرفیت دستی و پذیرش بسته,۱۰,نفر-روز,فرض طراحی — بند ۱۰٫۵,۱۴۰۵,C,HP-18,تعیین مبنای عدد و بازبینی در فاز کالیبراسیون,ثبت شد
FN-154,مالی,هزینهٔ نگهداری تجهیزات,۱۴,دلار در هکتار در سال,فرض طراحی — بی‌لنگرگاه: باید در بند متناظر کتابچه لنگر شود,۱۴۰۵,C,HP-18,تعیین بند متناظر و نوشتن مبنای عدد در همان بند,ثبت شد
FN-155,مالی,معادل بازدهی پایه بازگشت,۱٬۱۲۳,دلار در هکتار,فرض طراحی — بند ۸٫۱,۱۴۰۵,C,HP-18,تعیین مبنای عدد و بازبینی در فاز کالیبراسیون,ثبت شد
MD-10,مدل شبیه‌سازی,تعداد مدل‌های محاسباتی,۱۲,مدل,فرض طراحی — بی‌لنگرگاه: باید در بند متناظر کتابچه لنگر شود,۱۴۰۵,A,HP-18,تعیین بند متناظر و نوشتن مبنای عدد در همان بند,ثبت شد
R-02,ریسک,تعداد حالت خرابی در رجیستری — HP-18,۱۵,حالت,فرض طراحی — بی‌لنگرگاه: باید در بند متناظر کتابچه لنگر شود,۱۴۰۵,A,HP-18,تعیین بند متناظر و نوشتن مبنای عدد در همان بند,ثبت شد
TO-270,هدف فنی,تعداد سناریوی اقتصادی,۶,سناریو,فرض طراحی — بند ۹٫۸٫۶,۱۴۰۵,A,HP-18,تعیین مبنای عدد و بازبینی در فاز کالیبراسیون,ثبت شد
TO-271,هدف فنی,تعداد سناریوی اقلیمی,۳,سناریو,فرض طراحی — بند ۹٫۸٫۶,۱۴۰۵,A,HP-18,تعیین مبنای عدد و بازبینی در فاز کالیبراسیون,ثبت شد
TO-272,هدف فنی,تعداد نمونهٔ شکست مستند,۳,نمونه,فرض طراحی — بند ۱٫۱,۱۴۰۵,A,HP-18,تعیین مبنای عدد و بازبینی در فاز کالیبراسیون,ثبت شد
TO-273,هدف فنی,تعداد الزام با وضعیت برآورده,۴,ردیف,فرض طراحی — بند ۹٫۱,۱۴۰۵,A,HP-18,تعیین مبنای عدد و بازبینی در فاز کالیبراسیون,ثبت شد
TO-274,هدف فنی,تعداد الزام با وضعیت برآورده با قید,۱۲,ردیف,فرض طراحی — بند ۹٫۱,۱۴۰۵,A,HP-18,تعیین مبنای عدد و بازبینی در فاز کالیبراسیون,ثبت شد
TO-275,هدف فنی,تعداد الزام با وضعیت برآورده نشده,۴,ردیف,فرض طراحی — بند ۹٫۱,۱۴۰۵,A,HP-18,تعیین مبنای عدد و بازبینی در فاز کالیبراسیون,ثبت شد
TO-276,هدف فنی,سطر مغایرت,کاهش بار باد: مدل ۴ در تراکم پوشش ۰٫۲۰ کاهش ۵۵ درصد می‌دهد در برابر کاهش ۷۰ درصدی مدل ۱۱ در همان تراکم,درصد,فرض طراحی — بند ۳٫۳,۱۴۰۵,C,HP-18,تعیین مبنای عدد و بازبینی در فاز کالیبراسیون,ثبت شد
TO-277,هدف فنی,سطر مغایرت,نرخ کارگری زیرسازهٔ ۶a: ۰٫۱ روز-کار در مترمربع در سند بستهٔ بهینهٔ هر اقلیم در برابر ۰٫۰۵ روز-کار در مترمربع بازمحاسبه‌شده در این کتابچه,روز-کار در مترمربع,تصمیم طراحی — بند ۳٫۳,۱۴۰۵,C,HP-18,تثبیت مبنای تصمیم و بازبینی در فاز کالیبراسیون,ثبت شد
FN-156,مالی,سطر مغایرت,هزینهٔ زیرسازهٔ ۶a: ۲۶۰ دلار در سند بستهٔ بهینهٔ هر اقلیم در برابر ۵۲۰ دلار بازمحاسبه‌شده از نرخ واحد ۲٫۶۰ دلار در مترمربع,دلار در هکتار,تصمیم طراحی — بند ۳٫۳,۱۴۰۵,C,HP-18,تثبیت مبنای تصمیم و بازبینی در فاز کالیبراسیون,ثبت شد
FN-157,مالی,سطر مغایرت,هزینهٔ زیرسازهٔ ۶b: ۱۴۰ دلار در سند بستهٔ بهینهٔ هر اقلیم در برابر ۹۸ دلار بازمحاسبه‌شده از نرخ ۰٫۱ روز-کار در متر,دلار در هکتار,تصمیم طراحی — بند ۳٫۳,۱۴۰۵,C,HP-18,تثبیت مبنای تصمیم و بازبینی در فاز کالیبراسیون,ثبت شد
FN-158,مالی,سطر مغایرت,هزینهٔ جمع دو زیرسازه: ۴۰۰ دلار در سند بستهٔ بهینهٔ هر اقلیم در برابر ۶۵۹ دلار با افزوده‌شدن تجهیزات و حمل در این کتابچه,دلار در هکتار,فرض طراحی — بند ۳٫۳,۱۴۰۵,C,HP-18,تعیین مبنای عدد و بازبینی در فاز کالیبراسیون,ثبت شد
FN-159,مالی,سطر مغایرت,هزینهٔ یکسان زیرسازهٔ ۶a در دو جدول اقلیمی سند بستهٔ بهینهٔ هر اقلیم: ۲۶۰ دلار برای C6 و ۳۱۰ دلار برای C9، در حالی که زیرسازه و تراکم آن یکسان است,دلار در هکتار,فرض طراحی — بند ۳٫۳,۱۴۰۵,C,HP-18,تعیین مبنای عدد و بازبینی در فاز کالیبراسیون,ثبت شد
TO-278,هدف فنی,ضریب طراحی عرض کریدور k_w,۲٫۰,بدون بعد,فرض طراحی — بی‌لنگرگاه: باید در بند متناظر کتابچه لنگر شود,۱۴۰۵,C,HP-19,تعیین بند متناظر و نوشتن مبنای عدد در همان بند,ثبت شد
TO-279,هدف فنی,شعاع جست‌وجوی مؤثر کلنه R_f,۴۰۰,متر,فرض طراحی — بند ۱۰٫۸,۱۴۰۵,C,HP-19,تعیین مبنای عدد و بازبینی در فاز کالیبراسیون,ثبت شد
TO-280,هدف فنی,کف ماه‌های هم‌پوشان m_target,۸,ماه,تصمیم طراحی — بند ۳٫۱,۱۴۰۵,C,HP-19,تثبیت مبنای تصمیم و بازبینی در فاز کالیبراسیون,ثبت شد
TO-281,هدف فنی,سقف نمایهٔ شکاف غذایی k_GI,۰٫۳۰,بدون بعد,تصمیم طراحی — بند ۱٫۱,۱۴۰۵,C,HP-19,تثبیت مبنای تصمیم و بازبینی در فاز کالیبراسیون,ثبت شد
TO-282,هدف فنی,دب روزانهٔ هدف Q_d,۰٫۰۰۲,متر مکعب بر روز,فرض طراحی — بند ۷٫۲,۱۴۰۵,C,HP-19,تعیین مبنای عدد و بازبینی در فاز کالیبراسیون,ثبت شد
TO-283,هدف فنی,ضریب اطمینان ذخیره k_s,۱٫۵,بدون بعد,تصمیم طراحی — بی‌لنگرگاه: باید در بند متناظر کتابچه لنگر شود,۱۴۰۵,C,HP-19,تعیین بند متناظر و نوشتن مبنای عدد در همان بند,ثبت شد
TO-284,هدف فنی,ضریب هدررفت تبخیری k_evap,۰٫۲۰,بدون بعد,فرض طراحی — بند ۳٫۳,۱۴۰۵,C,HP-19,تعیین مبنای عدد و بازبینی در فاز کالیبراسیون,ثبت شد
TO-285,هدف فنی,ضریب هدررفت نشتی k_seep,۰٫۱۰,بدون بعد,فرض طراحی — بند ۳٫۳,۱۴۰۵,C,HP-19,تعیین مبنای عدد و بازبینی در فاز کالیبراسیون,ثبت شد
SC-82,مقیاس,زمان نگهداری سالانه — HP-19,۰٫۱۹,روز کاری بر هکتار در سال,فرض طراحی — بی‌لنگرگاه: باید در بند متناظر کتابچه لنگر شود,۱۴۰۵,C,HP-19,تعیین بند متناظر و نوشتن مبنای عدد در همان بند,ثبت شد
TO-286,هدف فنی,مغایرت: دستور بسته C6 را در دامنهٔ اقلیمی نیاورده اما اقلیم‌های کاربرد را C3 و C7 اعلام کرده,بخش تالابی C6 — کارکرد آن به HP-15 منتقل شده,—,فرض طراحی — بند ۴۸۶,۱۴۰۵,C,HP-19,تعیین مبنای عدد و بازبینی در فاز کالیبراسیون,ثبت شد
TO-287,هدف فنی,بهره‌وری کل آبیاری ایران,۵۷,درصد,فرض طراحی — بی‌لنگرگاه: باید در بند متناظر کتابچه لنگر شود,۱۴۰۵,B,HP-20,تعیین بند متناظر و نوشتن مبنای عدد در همان بند,ثبت شد
TO-288,هدف فنی,نیاز ناخالص آبیاری کشور,۱۰۵,میلیارد متر مکعب در سال,فرض طراحی — بند ۱٫۲,۱۴۰۵,B,HP-20,تعیین مبنای عدد و بازبینی در فاز کالیبراسیون,ثبت شد
TO-289,هدف فنی,نیاز خالص آبیاری کشور,۴۷,میلیارد متر مکعب در سال,فرض طراحی — بی‌لنگرگاه: باید در بند متناظر کتابچه لنگر شود,۱۴۰۵,B,HP-20,تعیین بند متناظر و نوشتن مبنای عدد در همان بند,ثبت شد
TO-290,هدف فنی,نسبت برداشت به نیاز خالص,۲٫۲۳,نسبت,فرض طراحی — بی‌لنگرگاه: باید در بند متناظر کتابچه لنگر شود,۱۴۰۵,B,HP-20,تعیین بند متناظر و نوشتن مبنای عدد در همان بند,ثبت شد
TO-291,هدف فنی,برداشت نسبت به منبع تجدیدپذیر,۲٫۲,برابر,فرض طراحی — بند ۴٫۱,۱۴۰۵,B,HP-20,تعیین مبنای عدد و بازبینی در فاز کالیبراسیون,ثبت شد
TO-292,هدف فنی,بهره‌وری کاربرد آبیاری در خط پایه ملی,۰٫۷۴,بدون بُعد,فرض طراحی — بی‌لنگرگاه: باید در بند متناظر کتابچه لنگر شود,۱۴۰۵,C,HP-20,تعیین بند متناظر و نوشتن مبنای عدد در همان بند,ثبت شد
TO-293,هدف فنی,بهره‌وری انتقال و توزیع در خط پایه ملی,۰٫۷۷,بدون بُعد,فرض طراحی — بند ۱٫۳,۱۴۰۵,C,HP-20,تعیین مبنای عدد و بازبینی در فاز کالیبراسیون,ثبت شد
TO-294,هدف فنی,بهره‌وری کل آبیاری هدف این بسته,۰٫۷۶۵,بدون بُعد,فرض طراحی — بی‌لنگرگاه: باید در بند متناظر کتابچه لنگر شود,۱۴۰۵,C,HP-20,تعیین بند متناظر و نوشتن مبنای عدد در همان بند,ثبت شد
TO-295,هدف فنی,بهره‌وری انتقال و توزیع هدف این بسته,۰٫۹۰,بدون بُعد,فرض طراحی — بند ۱٫۳,۱۴۰۵,C,HP-20,تعیین مبنای عدد و بازبینی در فاز کالیبراسیون,ثبت شد
TO-296,هدف فنی,بهره‌وری کاربرد هدف این بسته,۰٫۸۵,بدون بُعد,فرض طراحی — بی‌لنگرگاه: باید در بند متناظر کتابچه لنگر شود,۱۴۰۵,C,HP-20,تعیین بند متناظر و نوشتن مبنای عدد در همان بند,ثبت شد
TO-297,هدف فنی,عمق ناحیهٔ ریشه باغ پسته,۰٫۸,متر,فرض طراحی — بی‌لنگرگاه: باید در بند متناظر کتابچه لنگر شود,۱۴۰۵,C,HP-20,تعیین بند متناظر و نوشتن مبنای عدد در همان بند,ثبت شد
TO-298,هدف فنی,رطوبت در نقطهٔ ظرفیت زراعی,۰٫۲۸,سانتی‌متر بر سانتی‌متر,فرض طراحی — بی‌لنگرگاه: باید در بند متناظر کتابچه لنگر شود,۱۴۰۵,C,HP-20,تعیین بند متناظر و نوشتن مبنای عدد در همان بند,ثبت شد
TO-299,هدف فنی,رطوبت در نقطهٔ پژمردگی دائم,۰٫۱۲,سانتی‌متر بر سانتی‌متر,فرض طراحی — بند ۳٫۲,۱۴۰۵,C,HP-20,تعیین مبنای عدد و بازبینی در فاز کالیبراسیون,ثبت شد
TO-300,هدف فنی,ظرفیت ذخیرهٔ ناحیهٔ ریشه,۱۲۸,میلی‌متر,فرض طراحی — بند ۱٫۹,۱۴۰۵,C,HP-20,تعیین مبنای عدد و بازبینی در فاز کالیبراسیون,ثبت شد
TO-301,هدف فنی,تبخیر-تعرق مرجع فرضی بند ۳٫۲,۶٫۸,میلی‌متر بر روز,فرض طراحی — بی‌لنگرگاه: باید در بند متناظر کتابچه لنگر شود,۱۴۰۵,C,HP-20,تعیین بند متناظر و نوشتن مبنای عدد در همان بند,ثبت شد
TO-302,هدف فنی,تبخیر-تعرق مرجع محاسبه‌شده,۵٫۸,میلی‌متر بر روز,محاسبهٔ فرض طراحی — بی‌لنگرگاه: باید در بند متناظر کتابچه لنگر شود,۱۴۰۵,C,HP-20,تعیین بند متناظر و نوشتن مبنای عدد در همان بند,ثبت شد
SP-08,گونه,تبخیر-تعرق گیاه محاسبه‌شده,۲٫۵,میلی‌متر بر روز,محاسبهٔ فرض طراحی — بی‌لنگرگاه: باید در بند متناظر کتابچه لنگر شود,۱۴۰۵,C,HP-20,تعیین بند متناظر و نوشتن مبنای عدد در همان بند,ثبت شد
TO-303,هدف فنی,فاصلهٔ نوبت هدف در کلاس C2,۲۵,روز,فرض طراحی — بند ۱٫۲,۱۴۰۵,C,HP-20,تعیین مبنای عدد و بازبینی در فاز کالیبراسیون,ثبت شد
TO-304,هدف فنی,عمق نوبت هدف,۲۵,میلی‌متر,فرض طراحی — بی‌لنگرگاه: باید در بند متناظر کتابچه لنگر شود,۱۴۰۵,C,HP-20,تعیین بند متناظر و نوشتن مبنای عدد در همان بند,ثبت شد
TO-305,هدف فنی,تعداد نوبت در هر چرخهٔ کلاس C2,۵,نوبت,فرض طراحی — بند ۲٫۶,۱۴۰۵,C,HP-20,تعیین مبنای عدد و بازبینی در فاز کالیبراسیون,ثبت شد
TO-306,هدف فنی,پراکندگی فشار مجاز هر زیربخش,کمتر از ۵,درصد,فرض طراحی — بند ۱٫۶,۱۴۰۵,C,HP-20,تعیین مبنای عدد و بازبینی در فاز کالیبراسیون,ثبت شد
SC-83,مقیاس,تعداد گردانک در واحد هکتار,۱٬۲۰۰,عدد,فرض طراحی — بند ۸٫۶,۱۴۰۵,C,HP-20,تعیین مبنای عدد و بازبینی در فاز کالیبراسیون,ثبت شد
TO-307,هدف فنی,حجم مخزن,۲,متر مکعب,فرض طراحی — بی‌لنگرگاه: باید در بند متناظر کتابچه لنگر شود,۱۴۰۵,C,HP-20,تعیین بند متناظر و نوشتن مبنای عدد در همان بند,ثبت شد
TO-308,هدف فنی,آستانهٔ شاخص نشت,کمتر از ۵,درصد,فرض طراحی — بی‌لنگرگاه: باید در بند متناظر کتابچه لنگر شود,۱۴۰۵,C,HP-20,تعیین بند متناظر و نوشتن مبنای عدد در همان بند,ثبت شد
TO-309,هدف فنی,آستانهٔ یکنواختی توزیع,دست‌کم ۹۰,درصد,فرض طراحی — بند ۱٫۲,۱۴۰۵,C,HP-20,تعیین مبنای عدد و بازبینی در فاز کالیبراسیون,ثبت شد
SC-84,مقیاس,الزام آبشویی سالانه در نمونهٔ کلاس C2,۲۴۳,متر مکعب بر هکتار در سال,فرض طراحی — بند ۱٫۹,۱۴۰۵,C,HP-20,تعیین مبنای عدد و بازبینی در فاز کالیبراسیون,ثبت شد
TO-310,هدف فنی,غلظت نمک در نوار خیس,۳٫۱۲,برابر آب آبیاری,فرض طراحی — بند ۱٫۲,۱۴۰۵,C,HP-20,تعیین مبنای عدد و بازبینی در فاز کالیبراسیون,ثبت شد
TO-311,هدف فنی,عمر سامانه در نگهداری کامل,۶٫۷,سال,فرض طراحی — بی‌لنگرگاه: باید در بند متناظر کتابچه لنگر شود,۱۴۰۵,C,HP-20,تعیین بند متناظر و نوشتن مبنای عدد در همان بند,ثبت شد
TO-312,هدف فنی,عمر سامانه در کسریابی نیم,۳٫۳,سال,فرض طراحی — بند ۷٫۱,۱۴۰۵,C,HP-20,تعیین مبنای عدد و بازبینی در فاز کالیبراسیون,ثبت شد
FN-160,مالی,هزینهٔ جایگزینی در کسریابی نیم,۲۴,دلار بر هکتار در سال,فرض طراحی — بند ۲٫۶,۱۴۰۵,C,HP-20,تعیین مبنای عدد و بازبینی در فاز کالیبراسیون,ثبت شد
TO-313,هدف فنی,دبی مورد نیاز هر گردانک در نمونهٔ طراحی,۲,لیتر بر ساعت,فرض طراحی — بند ۸٫۶,۱۴۰۵,C,HP-20,تعیین مبنای عدد و بازبینی در فاز کالیبراسیون,ثبت شد
TO-314,هدف فنی,قطر داخلی خط جانبی,۲۰,میلی‌متر,فرض طراحی — بند ۱٫۱,۱۴۰۵,C,HP-20,تعیین مبنای عدد و بازبینی در فاز کالیبراسیون,ثبت شد
TO-315,هدف فنی,قطر داخلی خط فروریز,۱۱۰,میلی‌متر,فرض طراحی — بند ۴٫۴,۱۴۰۵,C,HP-20,تعیین مبنای عدد و بازبینی در فاز کالیبراسیون,ثبت شد
FN-161,مالی,هزینه سرمایه‌ای — سطح S1 پایلوت,۱٬۲۴۰,دلار بر هکتار,فرض طراحی — بی‌لنگرگاه: باید در بند متناظر کتابچه لنگر شود,۱۴۰۵,C,HP-20,تعیین بند متناظر و نوشتن مبنای عدد در همان بند,ثبت شد
FN-162,مالی,هزینه عملیاتی — سطح S1 پایلوت,۹۶,دلار بر هکتار در سال,فرض طراحی — بی‌لنگرگاه: باید در بند متناظر کتابچه لنگر شود,۱۴۰۵,C,HP-20,تعیین بند متناظر و نوشتن مبنای عدد در همان بند,ثبت شد
FN-163,مالی,نسبت منفعت به هزینه,۱٫۵۲,نسبت,فرض طراحی — بی‌لنگرگاه: باید در بند متناظر کتابچه لنگر شود,۱۴۰۵,C,HP-20,تعیین بند متناظر و نوشتن مبنای عدد در همان بند,ثبت شد
TO-316,هدف فنی,ضریب ارزش سالانهٔ ده‌ساله با نرخ ۱۰ درصد,۶٫۱۴۵,ضریب,تصمیم طراحی — بند ۹٫۷,۱۴۰۵,C,HP-20,تثبیت مبنای تصمیم و بازبینی در فاز کالیبراسیون,ثبت شد
FN-164,مالی,هزینهٔ لولهٔ فروریز اصلی,۸۲,دلار بر هکتار,فرض طراحی — بی‌لنگرگاه: باید در بند متناظر کتابچه لنگر شود,۱۴۰۵,C,HP-20,تعیین بند متناظر و نوشتن مبنای عدد در همان بند,ثبت شد
FN-165,مالی,هزینهٔ لولهٔ توزیع روی ردیف,۲۴۲,دلار بر هکتار,فرض طراحی — بی‌لنگرگاه: باید در بند متناظر کتابچه لنگر شود,۱۴۰۵,C,HP-20,تعیین بند متناظر و نوشتن مبنای عدد در همان بند,ثبت شد
FN-166,مالی,هزینهٔ گردانک,۱۰۸,دلار بر هکتار,فرض طراحی — بی‌لنگرگاه: باید در بند متناظر کتابچه لنگر شود,۱۴۰۵,C,HP-20,تعیین بند متناظر و نوشتن مبنای عدد در همان بند,ثبت شد
FN-167,مالی,هزینهٔ شیر هوشمند و کنترلر,۹۰,دلار بر هکتار,فرض طراحی — بی‌لنگرگاه: باید در بند متناظر کتابچه لنگر شود,۱۴۰۵,C,HP-20,تعیین بند متناظر و نوشتن مبنای عدد در همان بند,ثبت شد
FN-168,مالی,هزینهٔ فلومتر و جعبهٔ پیش‌سنجش,۱۵۰,دلار بر هکتار,فرض طراحی — بی‌لنگرگاه: باید در بند متناظر کتابچه لنگر شود,۱۴۰۵,C,HP-20,تعیین بند متناظر و نوشتن مبنای عدد در همان بند,ثبت شد
FN-169,مالی,هزینهٔ حسگر رطوبت و پیکربندی,۱۵۰,دلار بر هکتار,فرض طراحی — بند ۲٫۵,۱۴۰۵,C,HP-20,تعیین مبنای عدد و بازبینی در فاز کالیبراسیون,ثبت شد
FN-170,مالی,هزینهٔ فیلتر و مخزن,۷۵,دلار بر هکتار,فرض طراحی — بی‌لنگرگاه: باید در بند متناظر کتابچه لنگر شود,۱۴۰۵,C,HP-20,تعیین بند متناظر و نوشتن مبنای عدد در همان بند,ثبت شد
FN-171,مالی,هزینهٔ اجرا و نصب,۳۴۳,دلار بر هکتار,فرض طراحی — بی‌لنگرگاه: باید در بند متناظر کتابچه لنگر شود,۱۴۰۵,C,HP-20,تعیین بند متناظر و نوشتن مبنای عدد در همان بند,ثبت شد
FN-172,مالی,هزینهٔ نگهداری و مصرفی سالانه,۳۸,دلار بر هکتار در سال,فرض طراحی — بی‌لنگرگاه: باید در بند متناظر کتابچه لنگر شود,۱۴۰۵,C,HP-20,تعیین بند متناظر و نوشتن مبنای عدد در همان بند,ثبت شد
FN-173,مالی,هزینهٔ انرژی پمپاژ,۴۲,دلار بر هکتار در سال,فرض طراحی — بی‌لنگرگاه: باید در بند متناظر کتابچه لنگر شود,۱۴۰۵,C,HP-20,تعیین بند متناظر و نوشتن مبنای عدد در همان بند,ثبت شد
FN-174,مالی,هزینهٔ کنترل و نشت‌یاب,۱۶,دلار بر هکتار در سال,فرض طراحی — بی‌لنگرگاه: باید در بند متناظر کتابچه لنگر شود,۱۴۰۵,C,HP-20,تعیین بند متناظر و نوشتن مبنای عدد در همان بند,ثبت شد
FN-175,مالی,سرمایهٔ جایگزینی حسگر و شیر,۱۲,دلار بر هکتار در سال,فرض طراحی — بند ۲٫۶,۱۴۰۵,C,HP-20,تعیین مبنای عدد و بازبینی در فاز کالیبراسیون,ثبت شد
FN-176,مالی,منفعت نقدی سالانهٔ بسته,۴۵۲,دلار بر هکتار در سال,فرض طراحی — بند ۹٫۷,۱۴۰۵,C,HP-20,تعیین مبنای عدد و بازبینی در فاز کالیبراسیون,ثبت شد
FN-177,مالی,سهم خدمات اکوسیستمی بسته,۱۲۰,دلار بر هکتار در سال,فرض طراحی — بند ۹٫۴,۱۴۰۵,C,HP-20,تعیین مبنای عدد و بازبینی در فاز کالیبراسیون,ثبت شد
TO-317,هدف فنی,عمق ناحیهٔ ریشه در کلاس C2,۰٫۸,متر,فرض طراحی — بی‌لنگرگاه: باید در بند متناظر کتابچه لنگر شود,۱۴۰۵,C,HP-20,تعیین بند متناظر و نوشتن مبنای عدد در همان بند,ثبت شد
TO-318,هدف فنی,عمق ناحیهٔ ریشه در کلاس C4,۰٫۶,متر,فرض طراحی — بی‌لنگرگاه: باید در بند متناظر کتابچه لنگر شود,۱۴۰۵,C,HP-20,تعیین بند متناظر و نوشتن مبنای عدد در همان بند,ثبت شد
TO-319,هدف فنی,عمق نوبت هدف,۱۵ تا ۳۰,میلی‌متر,فرض طراحی — بی‌لنگرگاه: باید در بند متناظر کتابچه لنگر شود,۱۴۰۵,C,HP-20,تعیین بند متناظر و نوشتن مبنای عدد در همان بند,ثبت شد
TO-320,هدف فنی,فاصلهٔ نوبت در کلاس C2,۱۳ تا ۱۷,روز,فرض طراحی — بند ۱٫۲,۱۴۰۵,C,HP-20,تعیین مبنای عدد و بازبینی در فاز کالیبراسیون,ثبت شد
TO-321,هدف فنی,فاصلهٔ نوبت در کلاس C4,۱۰ تا ۱۴,روز,فرض طراحی — بند ۱٫۲,۱۴۰۵,C,HP-20,تعیین مبنای عدد و بازبینی در فاز کالیبراسیون,ثبت شد
TO-322,هدف فنی,دبی نامی گردانک,۲,لیتر بر ساعت,فرض طراحی — بند ۸٫۶,۱۴۰۵,C,HP-20,تعیین مبنای عدد و بازبینی در فاز کالیبراسیون,ثبت شد
M-38,ماده,قطر اسمی لولهٔ فروریز,۶۳ تا ۱۱۰,میلی‌متر,فرض طراحی — بند ۴٫۴,۱۴۰۵,C,HP-20,تعیین مبنای عدد و بازبینی در فاز کالیبراسیون,ثبت شد
M-39,ماده,قطر اسمی لولهٔ توزیع,۱۶ تا ۳۲,میلی‌متر,فرض طراحی — بی‌لنگرگاه: باید در بند متناظر کتابچه لنگر شود,۱۴۰۵,C,HP-20,تعیین بند متناظر و نوشتن مبنای عدد در همان بند,ثبت شد
SC-85,مقیاس,تعداد حسگر رطوبت در واحد هکتار,۶,عدد,فرض طراحی — بند ۲٫۶,۱۴۰۵,C,HP-20,تعیین مبنای عدد و بازبینی در فاز کالیبراسیون,ثبت شد
SC-86,مقیاس,زمان اجرا در هر واحد هکتار,۱۲,روز کاری,فرض طراحی — بی‌لنگرگاه: باید در بند متناظر کتابچه لنگر شود,۱۴۰۵,C,HP-20,تعیین بند متناظر و نوشتن مبنای عدد در همان بند,ثبت شد
TO-323,هدف فنی,کل نفر-روز اجرا,۲۲,نفر-روز,فرض طراحی — بی‌لنگرگاه: باید در بند متناظر کتابچه لنگر شود,۱۴۰۵,C,HP-20,تعیین بند متناظر و نوشتن مبنای عدد در همان بند,ثبت شد
FN-178,مالی,هزینهٔ تجهیزات سرمایهٔ تیم,۶۳۲,دلار,فرض طراحی — بی‌لنگرگاه: باید در بند متناظر کتابچه لنگر شود,۱۴۰۵,C,HP-20,تعیین بند متناظر و نوشتن مبنای عدد در همان بند,ثبت شد
R-03,ریسک,تعداد رجیستری ریسک و پاسخ,۷,مدخل,فرض طراحی — بی‌لنگرگاه: باید در بند متناظر کتابچه لنگر شود,۱۴۰۵,C,HP-20,تعیین بند متناظر و نوشتن مبنای عدد در همان بند,ثبت شد
R-04,ریسک,تعداد راهکار مستقل ریسک,۱۸,راهکار,فرض طراحی — بند ۱٫۸,۱۴۰۵,C,HP-20,تعیین مبنای عدد و بازبینی در فاز کالیبراسیون,ثبت شد
TO-324,هدف فنی,مغایرت — بهره‌وری آبیاری ایران,۵۷ درصد در برابر ۶۰ درصد,درصد,فرض طراحی — بند ۱٫۱,۱۴۰۵,C,HP-20,تعیین مبنای عدد و بازبینی در فاز کالیبراسیون,ثبت شد
TO-325,هدف فنی,مغایرت — عمق نوبت محاسبهٔ نمونه,۳۹ میلی‌متر در برابر بازهٔ ۱۵ تا ۳۰,میلی‌متر,محاسبهٔ فرض طراحی — بند ۱٫۱,۱۴۰۵,C,HP-20,تکرار محاسبه در فاز کالیبراسیون,ثبت شد
TO-326,هدف فنی,مغایرت — نسبت برداشت,۲٫۲ در برابر ۲٫۲۳,برابر,فرض طراحی — بند ۱٫۱,۱۴۰۵,C,HP-20,تعیین مبنای عدد و بازبینی در فاز کالیبراسیون,ثبت شد
TO-327,هدف فنی,نسخهٔ سند,v3.0,نسخه,فرض طراحی — بند ۲٫۴,۱۴۰۵,C,HP-23,تعیین مبنای عدد و بازبینی در فاز کالیبراسیون,ثبت شد
TO-328,هدف فنی,کد سند,HP-23-ENG-v3.0,کد,فرض طراحی — بی‌لنگرگاه: باید در بند متناظر کتابچه لنگر شود,۱۴۰۵,C,HP-23,تعیین بند متناظر و نوشتن مبنای عدد در همان بند,ثبت شد
TO-329,هدف فنی,کد بسته — HP-23,HP-23,کد,فرض طراحی — بی‌لنگرگاه: باید در بند متناظر کتابچه لنگر شود,۱۴۰۵,C,HP-23,تعیین بند متناظر و نوشتن مبنای عدد در همان بند,ثبت شد
TO-330,هدف فنی,تاریخ تدوین,۱۴۰۵,سال,فرض طراحی — بی‌لنگرگاه: باید در بند متناظر کتابچه لنگر شود,۱۴۰۵,C,HP-23,تعیین بند متناظر و نوشتن مبنای عدد در همان بند,ثبت شد
TO-331,هدف فنی,نرخ پایش مشارکتی — هدف,۷۵,درصد,تصمیم طراحی — بی‌لنگرگاه: باید در بند متناظر کتابچه لنگر شود,۱۴۰۵,C,HP-23,تعیین بند متناظر و نوشتن مبنای عدد در همان بند,ثبت شد
TO-332,هدف فنی,تعداد تصمیم اصلاحی — شرط اعتبار,دست‌کم ۱ در هر پایلوت,تصمیم,تصمیم طراحی — بند ۳٫۱٫۴,۱۴۰۵,C,HP-23,تثبیت مبنای تصمیم و بازبینی در فاز کالیبراسیون,ثبت شد
TO-333,هدف فنی,تعداد تصمیم اصلاحی — ساختار سالم,۳ و بیشتر,تصمیم در سال,تصمیم طراحی — بند ۳٫۱٫۴,۱۴۰۵,C,HP-23,تثبیت مبنای تصمیم و بازبینی در فاز کالیبراسیون,ثبت شد
TO-334,هدف فنی,تعداد جلسات تصمیم در سال,۴,جلسه,تصمیم طراحی — بند ۳٫۱٫۴,۱۴۰۵,C,HP-23,تثبیت مبنای تصمیم و بازبینی در فاز کالیبراسیون,ثبت شد
TO-335,هدف فنی,حداقل نمایندهٔ رسمی در هر جلسه,۲,نفر,فرض طراحی — بند ۴٫۱,۱۴۰۵,C,HP-23,تعیین مبنای عدد و بازبینی در فاز کالیبراسیون,ثبت شد
TO-336,هدف فنی,تعداد جلسات مدرسهٔ مزرعه‌ای در سال,۲۰,جلسه,فرض طراحی — بی‌لنگرگاه: باید در بند متناظر کتابچه لنگر شود,۱۴۰۵,C,HP-23,تعیین بند متناظر و نوشتن مبنای عدد در همان بند,ثبت شد
PL-09,پایلوت,تقاضای نیروی کار بسته,۲۰۰,نفر-روز در سال در هر پایلوت,فرض طراحی — بند ۳٫۵,۱۴۰۵,C,HP-23,تعیین مبنای عدد و بازبینی در فاز کالیبراسیون,ثبت شد
TO-337,هدف فنی,تقاضای نیروی کار گام چهارم,۷۰,نفر-روز,فرض طراحی — بند ۳٫۵,۱۴۰۵,C,HP-23,تعیین مبنای عدد و بازبینی در فاز کالیبراسیون,ثبت شد
TO-338,هدف فنی,تقاضای نیروی کار گام پنجم,۷۲,نفر-روز,فرض طراحی — بند ۳٫۵,۱۴۰۵,C,HP-23,تعیین مبنای عدد و بازبینی در فاز کالیبراسیون,ثبت شد
TO-339,هدف فنی,نفر-ساعت کل بسته به روش دستی,۱٬۶۰۰,نفر-ساعت,فرض طراحی — بند ۳٫۱٫۴,۱۴۰۵,C,HP-23,تعیین مبنای عدد و بازبینی در فاز کالیبراسیون,ثبت شد
TO-340,هدف فنی,نفر-ساعت گام چهارم به روش ماشینی,۴۸۰,نفر-ساعت,فرض طراحی — بند ۴٫۶,۱۴۰۵,C,HP-23,تعیین مبنای عدد و بازبینی در فاز کالیبراسیون,ثبت شد
TO-341,هدف فنی,ساعت کاری در روز کاری,۸,ساعت,فرض طراحی — بند ۳٫۱٫۴,۱۴۰۵,C,HP-23,تعیین مبنای عدد و بازبینی در فاز کالیبراسیون,ثبت شد
TO-342,هدف فنی,روز کاری در سال,۲۴۰,روز,فرض طراحی — بند ۱۱٫۴.,۱۴۰۵,C,HP-23,تعیین مبنای عدد و بازبینی در فاز کالیبراسیون,ثبت شد
PL-10,پایلوت,شغل تمام‌وقت معادل هر پایلوت,۰٫۸۳,شغل,فرض طراحی — بی‌لنگرگاه: باید در بند متناظر کتابچه لنگر شود,۱۴۰۵,C,HP-23,تعیین بند متناظر و نوشتن مبنای عدد در همان بند,ثبت شد
PL-11,پایلوت,نگهداری سالانهٔ بسته,۵۴,روز کاری در هر پایلوت,فرض طراحی — بی‌لنگرگاه: باید در بند متناظر کتابچه لنگر شود,۱۴۰۵,C,HP-23,تعیین بند متناظر و نوشتن مبنای عدد در همان بند,ثبت شد
SC-87,مقیاس,مقیاس سطح ریسک,احتمال و شدت هر یک از ۱ تا ۵,مقیاس,فرض طراحی — بی‌لنگرگاه: باید در بند متناظر کتابچه لنگر شود,۱۴۰۵,C,HP-23,تعیین بند متناظر و نوشتن مبنای عدد در همان بند,ثبت شد
R-05,ریسک,باند سطح ریسک,۱ تا ۴ کم و ۵ تا ۹ متوسط و ۱۰ تا ۱۵ بالا و ۱۶ تا ۲۵ بحرانی,باند,فرض طراحی — بند ۳٫۱۴,۱۴۰۵,C,HP-23,تعیین مبنای عدد و بازبینی در فاز کالیبراسیون,ثبت شد
TO-343,هدف فنی,کمترین تعداد رأیدهندهٔ مستقل,۵,نفر,فرض طراحی — بند ۷٫۲,۱۴۰۵,C,HP-23,تعیین مبنای عدد و بازبینی در فاز کالیبراسیون,ثبت شد
TO-344,هدف فنی,سقف نفر-روز هر نقش,۲۰۰,نفر-روز در سال,تصمیم طراحی — بی‌لنگرگاه: باید در بند متناظر کتابچه لنگر شود,۱۴۰۵,C,HP-23,تعیین بند متناظر و نوشتن مبنای عدد در همان بند,ثبت شد
GV-12,حکمرانی,سهم کشاورز بهره‌بردار — مقدار بازنشسته,۲۰ درصد در برابر ۴۵ درصد,درصد,فرض طراحی — بی‌لنگرگاه: باید در بند متناظر کتابچه لنگر شود,۱۴۰۵,C,HP-23,تعیین بند متناظر و نوشتن مبنای عدد در همان بند,ثبت شد
FN-179,مالی,سقف خدمات اکوسیستمی — مقدار بازنشسته,۹۰۷ در برابر ۶۲۹٫۹۵,دلار در هکتار در سال,تصمیم طراحی — بند ۹٫۵,۱۴۰۵,C,HP-23,تثبیت مبنای تصمیم و بازبینی در فاز کالیبراسیون,ثبت شد
FN-180,مالی,شکاف میان هزینهٔ نیروی کار و شمار شغل,تأییدنشده در برابر ۰٫۸۳ شغل,دلار و شغل,فرض طراحی — بند ۱٫۵,۱۴۰۵,C,HP-23,تعیین مبنای عدد و بازبینی در فاز کالیبراسیون,ثبت شد
TO-345,هدف فنی,زمان ماند در وضعیت — فرض طراحی,۵ تا ۱۲۰,دقیقه,فرض طراحی — بی‌لنگرگاه: باید در بند متناظر کتابچه لنگر شود,۱۴۰۵,C,HP-23,تعیین بند متناظر و نوشتن مبنای عدد در همان بند,ثبت شد
TO-346,هدف فنی,زمان چرخهٔ کامل پیشنهاد — فرض طراحی,۱۷ تا ۲۱۰,دقیقه,فرض طراحی — بی‌لنگرگاه: باید در بند متناظر کتابچه لنگر شود,۱۴۰۵,C,HP-23,تعیین بند متناظر و نوشتن مبنای عدد در همان بند,ثبت شد
TO-347,هدف فنی,ظرفیت جلسه — سقف پیشنهاد,۴,پیشنهاد در هر جلسه,تصمیم طراحی — بند ۵٫۱,۱۴۰۵,C,HP-23,تثبیت مبنای تصمیم و بازبینی در فاز کالیبراسیون,ثبت شد
GV-13,حکمرانی,سهم بار کاری بسته‌های شریک از کارگروه,۵۶٫۵,درصد,فرض طراحی — بی‌لنگرگاه: باید در بند متناظر کتابچه لنگر شود,۱۴۰۵,C,HP-23,تعیین بند متناظر و نوشتن مبنای عدد در همان بند,ثبت شد
TO-348,هدف فنی,شاخص تصاحب نخبگان — آستانهٔ تصاحب آشکار,۰٫۷۵,بدون بعد,فرض طراحی — بند ۳٫۶,۱۴۰۵,C,HP-23,تعیین مبنای عدد و بازبینی در فاز کالیبراسیون,ثبت شد
TO-349,هدف فنی,شاخص تصاحب نخبگان — آستانهٔ توقف,۰٫۵,بدون بعد,فرض طراحی — بند ۳٫۶,۱۴۰۵,C,HP-23,تعیین مبنای عدد و بازبینی در فاز کالیبراسیون,ثبت شد
TO-350,هدف فنی,کف رأیدهندهٔ مستقل در هر رأی,۵,نفر,تصمیم طراحی — بند ۷٫۲,۱۴۰۵,C,HP-23,تثبیت مبنای تصمیم و بازبینی در فاز کالیبراسیون,ثبت شد
TO-351,هدف فنی,شاخص حضور مؤثر زنان — آستانهٔ هشدار,۸۰,درصد,فرض طراحی — بی‌لنگرگاه: باید در بند متناظر کتابچه لنگر شود,۱۴۰۵,C,HP-23,تعیین بند متناظر و نوشتن مبنای عدد در همان بند,ثبت شد
TO-352,هدف فنی,شکاف مشارکت جنسیتی — نمونهٔ محاسبه,۵۴٫۳,درصد,محاسبهٔ فرض طراحی — بی‌لنگرگاه: باید در بند متناظر کتابچه لنگر شود,۱۴۰۵,C,HP-23,تعیین بند متناظر و نوشتن مبنای عدد در همان بند,ثبت شد
TO-353,هدف فنی,تناژ شکایت — نمونهٔ محاسبه,۱٫۵,پرونده در هفته,محاسبهٔ فرض طراحی — بی‌لنگرگاه: باید در بند متناظر کتابچه لنگر شود,۱۴۰۵,C,HP-23,تعیین بند متناظر و نوشتن مبنای عدد در همان بند,ثبت شد
TO-354,هدف فنی,ظرفیت پاسخ‌گویی ماهانهٔ میانجی — نمونهٔ محاسبه,۲٫۲,پرونده در ماه,محاسبهٔ فرض طراحی — بند ۸٫۱,۱۴۰۵,C,HP-23,تکرار محاسبه در فاز کالیبراسیون,ثبت شد
TO-355,هدف فنی,ضریب اشباع کانال — نمونهٔ محاسبه,۲٫۹۵,بدون بعد,محاسبهٔ فرض طراحی — بند ۳٫۳,۱۴۰۵,C,HP-23,تکرار محاسبه در فاز کالیبراسیون,ثبت شد
TO-356,هدف فنی,شاخص امنیت مالکیت — نمونهٔ محاسبه,۶۲٫۵,درصد,محاسبهٔ فرض طراحی — بند ۳٫۱٫۱.,۱۴۰۵,C,HP-23,تکرار محاسبه در فاز کالیبراسیون,ثبت شد
TO-357,هدف فنی,نرخ جابه‌جایی کار فصلی — نمونهٔ محاسبه,۴۰,درصد,تصمیم طراحی — بند ۱٫۴٫۶,۱۴۰۵,C,HP-23,تثبیت مبنای تصمیم و بازبینی در فاز کالیبراسیون,ثبت شد
TO-358,هدف فنی,ضریب رقابت بر سر بهره‌بردار — نمونهٔ محاسبه,۴۰,درصد,محاسبهٔ فرض طراحی — بند ۱٫۴٫۶,۱۴۰۵,C,HP-23,تکرار محاسبه در فاز کالیبراسیون,ثبت شد
GV-14,حکمرانی,ضریب جینی سهم دریافتی — توزیع مصوب,۰٫۲۵,بدون بعد,فرض طراحی — بند ۹٫۲,۱۴۰۵,C,HP-23,تعیین مبنای عدد و بازبینی در فاز کالیبراسیون,ثبت شد
GV-15,حکمرانی,ضریب جینی سهم دریافتی — توزیع تک‌سهمی,۰٫۶۸,بدون بعد,فرض طراحی — بند ۹٫۲,۱۴۰۵,C,HP-23,تعیین مبنای عدد و بازبینی در فاز کالیبراسیون,ثبت شد
TO-359,هدف فنی,ضریب بازتوزیع درون بهره‌برداران — نمونهٔ محاسبه,۲۶٫۷,درصد,محاسبهٔ فرض طراحی — بند ۹٫۲,۱۴۰۵,C,HP-23,تکرار محاسبه در فاز کالیبراسیون,ثبت شد
GV-16,حکمرانی,شاخص تداوم کارگروه — نمونهٔ محاسبه,۳۳٫۶,درصد,محاسبهٔ فرض طراحی — بی‌لنگرگاه: باید در بند متناظر کتابچه لنگر شود,۱۴۰۵,C,HP-23,تعیین بند متناظر و نوشتن مبنای عدد در همان بند,ثبت شد
TO-360,هدف فنی,ضریب کسری نگهداری سالانهٔ ساختار,۰٫۲,بدون بعد در سال,فرض طراحی — بی‌لنگرگاه: باید در بند متناظر کتابچه لنگر شود,۱۴۰۵,C,HP-23,تعیین بند متناظر و نوشتن مبنای عدد در همان بند,ثبت شد
TO-361,هدف فنی,سال آستانهٔ بازنگری ساختار — نمونهٔ محاسبه,۲٫۲۵,سال,محاسبهٔ فرض طراحی — بند ۴٫۸.,۱۴۰۵,C,HP-23,تکرار محاسبه در فاز کالیبراسیون,ثبت شد
TO-362,هدف فنی,تعداد حالت خراب در رجیستری فصل ۱۰,۱۷,حالت,فرض طراحی — بی‌لنگرگاه: باید در بند متناظر کتابچه لنگر شود,۱۴۰۵,C,HP-23,تعیین بند متناظر و نوشتن مبنای عدد در همان بند,ثبت شد
TO-363,هدف فنی,تعداد پاسخ مستقل هر حالت خراب,۲,پاسخ,فرض طراحی — بند ۳٫۱٫۴,۱۴۰۵,C,HP-23,تعیین مبنای عدد و بازبینی در فاز کالیبراسیون,ثبت شد
R-06,ریسک,بالاترین سطح ریسک پیش از پاسخ,۲۰,عدد,فرض طراحی — بند ۱۰٫۵,۱۴۰۵,C,HP-23,تعیین مبنای عدد و بازبینی در فاز کالیبراسیون,ثبت شد
TO-364,هدف فنی,حالت خراب با بالاترین سطح,`RR-23-07` و `RR-23-14`,حالت,فرض طراحی — بند ۱۰٫۵,۱۴۰۵,C,HP-23,تعیین مبنای عدد و بازبینی در فاز کالیبراسیون,ثبت شد
TO-365,هدف فنی,تعداد نمونهٔ مستند مطالعهٔ شکست,۳,نمونه,فرض طراحی — بند ۱۱٫۴.,۱۴۰۵,C,HP-23,تعیین مبنای عدد و بازبینی در فاز کالیبراسیون,ثبت شد
TO-366,هدف فنی,تعداد نهاد بومی تحلیل‌شده,۷,نهاد,فرض طراحی — بند ۳٫۱٫۴,۱۴۰۵,C,HP-23,تعیین مبنای عدد و بازبینی در فاز کالیبراسیون,ثبت شد
TO-367,هدف فنی,تعداد جزء زنده از نهادهای بومی,۳,جزء,فرض طراحی — بند ۱٫۴٫۶,۱۴۰۵,C,HP-23,تعیین مبنای عدد و بازبینی در فاز کالیبراسیون,ثبت شد
TO-368,هدف فنی,تعداد جزء کنارگذاشته‌شده از نهادهای بومی,۴,جزء,فرض طراحی — بند ۱٫۶٫۱,۱۴۰۵,C,HP-23,تعیین مبنای عدد و بازبینی در فاز کالیبراسیون,ثبت شد
TO-369,هدف فنی,تعداد سناریوی اقلیمی فصل ۶,۳,سناریو,فرض طراحی — بند ۳٫۱۲,۱۴۰۵,C,HP-23,تعیین مبنای عدد و بازبینی در فاز کالیبراسیون,ثبت شد
TO-370,هدف فنی,تعداد سناریوی اقتصادی فصل ۹,۵,سناریو,فرض طراحی — بند ۳٫۱۲,۱۴۰۵,C,HP-23,تعیین مبنای عدد و بازبینی در فاز کالیبراسیون,ثبت شد
TO-371,هدف فنی,نرخ پایش مشارکتی در سناریوی تصاحب,۱۰۰,درصد,تصمیم طراحی — بی‌لنگرگاه: باید در بند متناظر کتابچه لنگر شود,۱۴۰۵,C,HP-23,تعیین بند متناظر و نوشتن مبنای عدد در همان بند,ثبت شد
TO-372,هدف فنی,پرچم اعتبار در سناریوی تصاحب,۱,پرچم,فرض طراحی — بند ۳٫۱۲,۱۴۰۵,C,HP-23,تعیین مبنای عدد و بازبینی در فاز کالیبراسیون,ثبت شد
TO-373,هدف فنی,نرخ پایش مشارکتی در سناریوی کاهش مشارکت,۷۵,درصد,تصمیم طراحی — بی‌لنگرگاه: باید در بند متناظر کتابچه لنگر شود,۱۴۰۵,C,HP-23,تعیین بند متناظر و نوشتن مبنای عدد در همان بند,ثبت شد
TO-374,هدف فنی,تقاضای نیروی کار در سناریوی رشد,۴۰۰,نفر-روز در سال,فرض طراحی — بند ۳٫۱۲,۱۴۰۵,C,HP-23,تعیین مبنای عدد و بازبینی در فاز کالیبراسیون,ثبت شد
TO-375,هدف فنی,شغل تمام‌وقت معادل در سناریوی رشد,۱٫۶۶,شغل,فرض طراحی — بند ۳٫۱۲,۱۴۰۵,C,HP-23,تعیین مبنای عدد و بازبینی در فاز کالیبراسیون,ثبت شد
TO-376,هدف فنی,تعداد مسیر شکست گام,۶,مسیر,فرض طراحی — بند ۳٫۱٫۴,۱۴۰۵,C,HP-23,تعیین مبنای عدد و بازبینی در فاز کالیبراسیون,ثبت شد
R-07,ریسک,تعداد مسیر خرابی تجمعی,۳,مسیر,فرض طراحی — بند ۳٫۱٫۴,۱۴۰۵,C,HP-23,تعیین مبنای عدد و بازبینی در فاز کالیبراسیون,ثبت شد
TO-377,هدف فنی,تعداد مسیر پایان افق,۳,مسیر,فرض طراحی — بند ۳٫۱٫۴,۱۴۰۵,C,HP-23,تعیین مبنای عدد و بازبینی در فاز کالیبراسیون,ثبت شد
TO-378,هدف فنی,تراز آب زیرزمینی — HP-01,هدف کمّی: افزایش تغذیهٔ آبخوان از ۱۵ به ۶۰ میلی‌متر در سال — تقریباً چهار برابر (هدف طراحی، افق پنج ساله),ردیف S-01 رجیستری که باید تراز آبخوان را نگه دارد، خالی است؛ یعنی نه تراز ثبت شده، نه عمق، نه انحراف معیار — و بدون انحراف معیار، آستانهٔ ۰٫۹۸ مترِ تشخیص سیگنال قابل محاسبه نیست,— باید در بند متناظر نوشته شود,۱۴۰۵,C,HP-01,نوشتن مبنای عدد در بند متناظر — فعلاً بدون لنگرگاه (سطر 770),ثبت شد
FN-181,مالی,هزینه سرمایه‌ای (CAPEX) — کرانه پایین — HP-02,۲۰۰,دلار در هکتار,— باید در بند متناظر نوشته شود,۱۴۰۵,C,HP-02,نوشتن مبنای عدد در بند متناظر — فعلاً بدون لنگرگاه (سطر 493),ثبت شد
FN-182,مالی,هزینه سرمایه‌ای (CAPEX) — کرانه بالا — HP-02,۵۰۰,دلار در هکتار,— باید در بند متناظر نوشته شود,۱۴۰۵,C,HP-02,نوشتن مبنای عدد در بند متناظر — فعلاً بدون لنگرگاه (سطر 494),ثبت شد
FN-183,مالی,هزینه سرمایه‌ای (CAPEX) — مقدار پایه — HP-02,۳۵۰,دلار در هکتار,— باید در بند متناظر نوشته شود,۱۴۰۵,C,HP-02,نوشتن مبنای عدد در بند متناظر — فعلاً بدون لنگرگاه (سطر 495),ثبت شد
FN-184,مالی,هزینه عملیاتی (OPEX) سالانه — HP-02,۱۵,دلار در هکتار در سال,— باید در بند متناظر نوشته شود,۱۴۰۵,C,HP-02,نوشتن مبنای عدد در بند متناظر — فعلاً بدون لنگرگاه (سطر 496),ثبت شد
FN-185,مالی,دوره بازگشت سرمایه — HP-02,۲,سال,— باید در بند متناظر نوشته شود,۱۴۰۵,C,HP-02,نوشتن مبنای عدد در بند متناظر — فعلاً بدون لنگرگاه (سطر 497),ثبت شد
SC-88,مقیاس,ارزش سالانه خدمات اکوسیستمی بسته — HP-02,۲۷۵,دلار بر هکتار در سال,— باید در بند متناظر نوشته شود,۱۴۰۵,C,HP-02,نوشتن مبنای عدد در بند متناظر — فعلاً بدون لنگرگاه (سطر 499),ثبت شد
TO-379,هدف فنی,زمان ماند هیدرولیکی — هدف,۱۶۰ (از ۴۰),ثانیه,— باید در بند متناظر نوشته شود,۱۴۰۵,C,HP-02,نوشتن مبنای عدد در بند متناظر — فعلاً بدون لنگرگاه (سطر 500),ثبت شد
FN-186,مالی,نرخ نفوذ — هدف,۴۰ (از ۸),میلی‌متر بر ساعت,— باید در بند متناظر نوشته شود,۱۴۰۵,C,HP-02,نوشتن مبنای عدد در بند متناظر — فعلاً بدون لنگرگاه (سطر 501),ثبت شد
TO-380,هدف فنی,کیفیت آب (TSS) — هدف,۳۰ (از ۱۵۰),میلی‌گرم بر لیتر,— باید در بند متناظر نوشته شود,۱۴۰۵,C,HP-02,نوشتن مبنای عدد در بند متناظر — فعلاً بدون لنگرگاه (سطر 502),ثبت شد
TO-381,هدف فنی,کنترل فرسایش — هدف — HP-02,۵۰–۷۰,درصد,— باید در بند متناظر نوشته شود,۱۴۰۵,C,HP-02,نوشتن مبنای عدد در بند متناظر — فعلاً بدون لنگرگاه (سطر 503),ثبت شد
TO-382,هدف فنی,کاهش دبی اوج سیلاب,۵۰,درصد,— باید در بند متناظر نوشته شود,۱۴۰۵,C,HP-02,نوشتن مبنای عدد در بند متناظر — فعلاً بدون لنگرگاه (سطر 504),ثبت شد
TO-383,هدف فنی,تأخیر اوج سیلاب,۴,ساعت,— باید در بند متناظر نوشته شود,۱۴۰۵,C,HP-02,نوشتن مبنای عدد در بند متناظر — فعلاً بدون لنگرگاه (سطر 505),ثبت شد
SC-89,مقیاس,ترسیب کربن — هدف — HP-02,۲۵۰,کیلوگرم در هکتار در سال,— باید در بند متناظر نوشته شود,۱۴۰۵,C,HP-02,نوشتن مبنای عدد در بند متناظر — فعلاً بدون لنگرگاه (سطر 506),ثبت شد
TO-384,هدف فنی,بهره‌وری آب (WUE) — هدف — HP-02,۱۵,درصد,— باید در بند متناظر نوشته شود,۱۴۰۵,C,HP-02,نوشتن مبنای عدد در بند متناظر — فعلاً بدون لنگرگاه (سطر 507),ثبت شد
TO-385,هدف فنی,دبی طراحی سرریز تلسکوپی,۲۹–۵۵ (بسته به تنظیم),لیتر بر ثانیه,— باید در بند متناظر نوشته شود,۱۴۰۵,C,HP-02,نوشتن مبنای عدد در بند متناظر — فعلاً بدون لنگرگاه (سطر 509),ثبت شد
FN-187,مالی,افزایش طول مسیر جریان نسبت به فاصله مستقیم (هندسه مارپیچ),۳–۵ (جدول ۱٫۳: چهار برابر),برابر,— باید در بند متناظر نوشته شود,۱۴۰۵,C,HP-02,نوشتن مبنای عدد در بند متناظر — فعلاً بدون لنگرگاه (سطر 511),ثبت شد
FN-188,مالی,سطح اشغال اضافی نسبت به کانال مستقیم,۱٫۵,برابر,— باید در بند متناظر نوشته شود,۱۴۰۵,C,HP-02,نوشتن مبنای عدد در بند متناظر — فعلاً بدون لنگرگاه (سطر 512),ثبت شد
TO-386,هدف فنی,کیفیت آب — توربیدیتی هدف,۱۵ (از ۸۰),NTU,— باید در بند متناظر نوشته شود,۱۴۰۵,C,HP-02,نوشتن مبنای عدد در بند متناظر — فعلاً بدون لنگرگاه (سطر 513),ثبت شد
TO-387,هدف فنی,کیفیت آب — E. coli هدف,۱٫۵ (از ۴٫۰),log CFU,— باید در بند متناظر نوشته شود,۱۴۰۵,C,HP-02,نوشتن مبنای عدد در بند متناظر — فعلاً بدون لنگرگاه (سطر 514),ثبت شد
TO-388,هدف فنی,تعداد لایه‌های بافر زیستی,۳ (زهکش قلوه‌سنگی، بیوچار و ورمی‌کمپوست، مالچ سطحی),لایه,— باید در بند متناظر نوشته شود,۱۴۰۵,C,HP-02,نوشتن مبنای عدد در بند متناظر — فعلاً بدون لنگرگاه (سطر 515),ثبت شد
M-40,مواد,عمر اجزا (دیواره خشکه‌چین · قلوه‌سنگ · بیوچار · مالچ · سرریز),۵۰–۱۰۰+ · ۵۰–۱۰۰+ · ۱۰۰–۱۰۰۰+ · ۱–۲ · ۲۰–۵۰,سال,— باید در بند متناظر نوشته شود,۱۴۰۵,C,HP-02,نوشتن مبنای عدد در بند متناظر — فعلاً بدون لنگرگاه (سطر 516),ثبت شد
TO-389,هدف فنی,روند پایش ۱۰ ساله (شکل ۷.۱) — نفوذ، زمان ماند، TSS,۴۰ ← ۵۸ · ۱۶۰ ← ۱۸۸ · ۳۰ ← ۵,میلی‌متر بر ساعت · ثانیه · میلی‌گرم بر لیتر,— باید در بند متناظر نوشته شود,۱۴۰۵,C,HP-02,نوشتن مبنای عدد در بند متناظر — فعلاً بدون لنگرگاه (سطر 517),ثبت شد
TO-390,هدف فنی,دوره تعمیر اساسی,۳ سالانه,تناوب,— باید در بند متناظر نوشته شود,۱۴۰۵,C,HP-02,نوشتن مبنای عدد در بند متناظر — فعلاً بدون لنگرگاه (سطر 519),ثبت شد
SC-90,مقیاس,زمان اجرا در هر هکتار — HP-02,۱۰,روز کاری (تیم ۵ نفره),— باید در بند متناظر نوشته شود,۱۴۰۵,C,HP-02,نوشتن مبنای عدد در بند متناظر — فعلاً بدون لنگرگاه (سطر 530),ثبت شد
FN-189,مالی,هزینه سرمایه‌ای (CAPEX) — کرانه پایین — HP-03,۱۰۰,دلار در هکتار,— باید در بند متناظر نوشته شود,۱۴۰۵,C,HP-03,نوشتن مبنای عدد در بند متناظر — فعلاً بدون لنگرگاه (سطر 739),ثبت شد
FN-190,مالی,هزینه سرمایه‌ای (CAPEX) — کرانه بالا — HP-03,۳۰۰,دلار در هکتار,— باید در بند متناظر نوشته شود,۱۴۰۵,C,HP-03,نوشتن مبنای عدد در بند متناظر — فعلاً بدون لنگرگاه (سطر 740),ثبت شد
FN-191,مالی,هزینه سرمایه‌ای (CAPEX) — مقدار پایه — HP-03,۲۰۰,دلار در هکتار,— باید در بند متناظر نوشته شود,۱۴۰۵,C,HP-03,نوشتن مبنای عدد در بند متناظر — فعلاً بدون لنگرگاه (سطر 741),ثبت شد
FN-192,مالی,هزینه عملیاتی (OPEX) سالانه — HP-03,۱۰,دلار در هکتار در سال,— باید در بند متناظر نوشته شود,۱۴۰۵,C,HP-03,نوشتن مبنای عدد در بند متناظر — فعلاً بدون لنگرگاه (سطر 742),ثبت شد
FN-193,مالی,دوره بازگشت سرمایه — HP-03,۴,سال,— باید در بند متناظر نوشته شود,۱۴۰۵,C,HP-03,نوشتن مبنای عدد در بند متناظر — فعلاً بدون لنگرگاه (سطر 743),ثبت شد
SC-91,مقیاس,ارزش سالانه خدمات اکوسیستمی بسته — HP-03,۳۰۰,دلار در هکتار در سال,— باید در بند متناظر نوشته شود,۱۴۰۵,C,HP-03,نوشتن مبنای عدد در بند متناظر — فعلاً بدون لنگرگاه (سطر 745),ثبت شد
TO-391,هدف فنی,حجم ذخیره هر حلقه,۱۴۰۰,لیتر,— باید در بند متناظر نوشته شود,۱۴۰۵,C,HP-03,نوشتن مبنای عدد در بند متناظر — فعلاً بدون لنگرگاه (سطر 746),ثبت شد
SC-92,مقیاس,حجم ذخیره کل (۲۵ حلقه در هکتار),۳۵,مترمکعب در هکتار,— باید در بند متناظر نوشته شود,۱۴۰۵,C,HP-03,نوشتن مبنای عدد در بند متناظر — فعلاً بدون لنگرگاه (سطر 747),ثبت شد
FN-194,مالی,نرخ نفوذ نهایی هدف (fc) — HP-03,۳۵ (از ۴–۱۰),میلی‌متر بر ساعت,— باید در بند متناظر نوشته شود,۱۴۰۵,C,HP-03,نوشتن مبنای عدد در بند متناظر — فعلاً بدون لنگرگاه (سطر 748),ثبت شد
TO-392,هدف فنی,شماره منحنی هدف (CN) — HP-03,۳۰–۴۰ (از ۷۵–۸۵),بدون بعد,— باید در بند متناظر نوشته شود,۱۴۰۵,C,HP-03,نوشتن مبنای عدد در بند متناظر — فعلاً بدون لنگرگاه (سطر 749),ثبت شد
TO-393,هدف فنی,کاهش رواناب هدف,۵۰–۷۰,درصد,— باید در بند متناظر نوشته شود,۱۴۰۵,C,HP-03,نوشتن مبنای عدد در بند متناظر — فعلاً بدون لنگرگاه (سطر 750),ثبت شد
FN-195,مالی,نرخ بقای نهال — مبنا و هدف,۶۰ → ۹۰,درصد,— باید در بند متناظر نوشته شود,۱۴۰۵,C,HP-03,نوشتن مبنای عدد در بند متناظر — فعلاً بدون لنگرگاه (سطر 751),ثبت شد
TO-394,هدف فنی,ضریب پایداری (FS) هدف,۲٫۵–۳,بدون بعد,— باید در بند متناظر نوشته شود,۱۴۰۵,C,HP-03,نوشتن مبنای عدد در بند متناظر — فعلاً بدون لنگرگاه (سطر 752),ثبت شد
M-41,مواد,ارتفاع بلندکرده (استوانه سنگی),۱۵–۳۰,سانتی‌متر,— باید در بند متناظر نوشته شود,۱۴۰۵,C,HP-03,نوشتن مبنای عدد در بند متناظر — فعلاً بدون لنگرگاه (سطر 753),ثبت شد
TO-395,هدف فنی,تراکم مطلوب داخل حلقه,۸۰–۸۵,درصد,— باید در بند متناظر نوشته شود,۱۴۰۵,C,HP-03,نوشتن مبنای عدد در بند متناظر — فعلاً بدون لنگرگاه (سطر 754),ثبت شد
TO-396,هدف فنی,قطر داخلی / خارجی حلقه,۱٫۶ / ۲,متر,— باید در بند متناظر نوشته شود,۱۴۰۵,C,HP-03,نوشتن مبنای عدد در بند متناظر — فعلاً بدون لنگرگاه (سطر 755),ثبت شد
FN-196,مالی,هزینه چاپ اولیه,۳٫۵,دلار بر حلقه,— باید در بند متناظر نوشته شود,۱۴۰۵,C,HP-03,نوشتن مبنای عدد در بند متناظر — فعلاً بدون لنگرگاه (سطر 756),ثبت شد
M-42,مواد,مقاومت فشاری سنگ‌ها (آهکی، گرانیت، بازالت) — HP-03,۵۵، ۱۲۰، ۱۵۰,مگاپاسکال,— باید در بند متناظر نوشته شود,۱۴۰۵,C,HP-03,نوشتن مبنای عدد در بند متناظر — فعلاً بدون لنگرگاه (سطر 757),ثبت شد
TO-397,هدف فنی,تعداد لایه‌های بافر داخلی حلقه,۴ (قلوه‌سنگ، بیوچار-خاک، کمپوست-خاک، مالچ),لایه,— باید در بند متناظر نوشته شود,۱۴۰۵,C,HP-03,نوشتن مبنای عدد در بند متناظر — فعلاً بدون لنگرگاه (سطر 759),ثبت شد
TO-398,هدف فنی,ضخامت لایه‌های داخلی (به ترتیب از پایین) — HP-03,۱۰–۱۵، ۸–۱۲، ۵–۸، ۵–۱۰,سانتی‌متر,— باید در بند متناظر نوشته شود,۱۴۰۵,C,HP-03,نوشتن مبنای عدد در بند متناظر — فعلاً بدون لنگرگاه (سطر 760),ثبت شد
SC-93,مقیاس,تعداد حلقه در هر هکتار (چگالی طراحی),۲۵ (شبکه ۵×۵ یا ۴×۵),حلقه در هکتار,— باید در بند متناظر نوشته شود,۱۴۰۵,C,HP-03,نوشتن مبنای عدد در بند متناظر — فعلاً بدون لنگرگاه (سطر 761),ثبت شد
TO-399,هدف فنی,فاصله‌گذاری حلقه‌ها,۱۸–۲۰,متر,— باید در بند متناظر نوشته شود,۱۴۰۵,C,HP-03,نوشتن مبنای عدد در بند متناظر — فعلاً بدون لنگرگاه (سطر 762),ثبت شد
TO-400,هدف فنی,عمق حفاری پایه حلقه,۱۵–۲۰,سانتی‌متر,— باید در بند متناظر نوشته شود,۱۴۰۵,C,HP-03,نوشتن مبنای عدد در بند متناظر — فعلاً بدون لنگرگاه (سطر 763),ثبت شد
TO-401,هدف فنی,تخلخل مؤثر محاسبه‌شده (n_eff) — HP-03,۰٫۴۶,بدون بعد,— باید در بند متناظر نوشته شود,۱۴۰۵,C,HP-03,نوشتن مبنای عدد در بند متناظر — فعلاً بدون لنگرگاه (سطر 764),ثبت شد
TO-402,هدف فنی,حجم ذخیره محاسبه‌شده در بخش ۳٫۲٫۴,۷۴۱ (۰٫۷۴۱ مترمکعب),لیتر در هر حلقه,— باید در بند متناظر نوشته شود,۱۴۰۵,C,HP-03,نوشتن مبنای عدد در بند متناظر — فعلاً بدون لنگرگاه (سطر 765),ثبت شد
SC-94,مقیاس,حجم ذخیره کل محاسبه‌شده در بخش ۳٫۲٫۴,۱۸٬۵۲۵ (۱۸٫۵ مترمکعب),مترمکعب در هکتار,— باید در بند متناظر نوشته شود,۱۴۰۵,C,HP-03,نوشتن مبنای عدد در بند متناظر — فعلاً بدون لنگرگاه (سطر 766),ثبت شد
TO-403,هدف فنی,زمان ماند هیدرولیکی محاسبه‌شده (بخش ۳٫۶),۱۰٫۵,ساعت,— باید در بند متناظر نوشته شود,۱۴۰۵,C,HP-03,نوشتن مبنای عدد در بند متناظر — فعلاً بدون لنگرگاه (سطر 767),ثبت شد
TO-404,هدف فنی,ضریب پایداری در شرایط سیلاب (نمونه بخش ۳٫۵),۱٫۱۴,بدون بعد,— باید در بند متناظر نوشته شود,۱۴۰۵,C,HP-03,نوشتن مبنای عدد در بند متناظر — فعلاً بدون لنگرگاه (سطر 768),ثبت شد
TO-405,هدف فنی,رواناب خروجی سالانه — هدف — HP-03,۳۰ (از ۱۲۰),میلی‌متر در سال,— باید در بند متناظر نوشته شود,۱۴۰۵,C,HP-03,نوشتن مبنای عدد در بند متناظر — فعلاً بدون لنگرگاه (سطر 769),ثبت شد
TO-406,هدف فنی,تغذیه آبخوان — هدف — HP-03,۲۵ (از ۵),میلی‌متر در سال,— باید در بند متناظر نوشته شود,۱۴۰۵,C,HP-03,نوشتن مبنای عدد در بند متناظر — فعلاً بدون لنگرگاه (سطر 770),ثبت شد
M-43,مواد,رطوبت خاک ریشه — هدف — HP-03,۲۸ (از ۱۵),درصد,— باید در بند متناظر نوشته شود,۱۴۰۵,C,HP-03,نوشتن مبنای عدد در بند متناظر — فعلاً بدون لنگرگاه (سطر 771),ثبت شد
SC-95,مقیاس,ترسیب کربن — هدف — HP-03,۸۰,کیلوگرم در هکتار در سال,— باید در بند متناظر نوشته شود,۱۴۰۵,C,HP-03,نوشتن مبنای عدد در بند متناظر — فعلاً بدون لنگرگاه (سطر 772),ثبت شد
TO-407,هدف فنی,بهره‌وری آب (WUE) — هدف — HP-03,۲۰,درصد,— باید در بند متناظر نوشته شود,۱۴۰۵,C,HP-03,نوشتن مبنای عدد در بند متناظر — فعلاً بدون لنگرگاه (سطر 773),ثبت شد
M-44,مواد,حجم مصالح سنگ سازه,۲٫۵ (۶۲٫۵ مترمکعب در هر هکتار),مترمکعب در هر حلقه,— باید در بند متناظر نوشته شود,۱۴۰۵,C,HP-03,نوشتن مبنای عدد در بند متناظر — فعلاً بدون لنگرگاه (سطر 774),ثبت شد
SC-96,مقیاس,وزن سنگ سازه,حدود ۱۵۰,تن در هکتار,— باید در بند متناظر نوشته شود,۱۴۰۵,C,HP-03,نوشتن مبنای عدد در بند متناظر — فعلاً بدون لنگرگاه (سطر 775),ثبت شد
FN-197,مالی,مجموع هزینه خام مصالح,۱٬۸۳۳,دلار در هکتار,— باید در بند متناظر نوشته شود,۱۴۰۵,C,HP-03,نوشتن مبنای عدد در بند متناظر — فعلاً بدون لنگرگاه (سطر 776),ثبت شد
FN-198,مالی,هزینه نگهداری سالانه (مجموع جدول ۸.۱) — HP-03,۵۶,دلار در هکتار در سال,— باید در بند متناظر نوشته شود,۱۴۰۵,C,HP-03,نوشتن مبنای عدد در بند متناظر — فعلاً بدون لنگرگاه (سطر 777),ثبت شد
SC-97,مقیاس,زمان نگهداری سالانه (مجموع جدول ۸.۱) — HP-03,۱٫۵,روز در هکتار,— باید در بند متناظر نوشته شود,۱۴۰۵,C,HP-03,نوشتن مبنای عدد در بند متناظر — فعلاً بدون لنگرگاه (سطر 778),ثبت شد
FN-199,مالی,هزینه نیروی کار اجرا — HP-03,۳۹۰,دلار (تیم ۵ نفره، ۳ روز),— باید در بند متناظر نوشته شود,۱۴۰۵,C,HP-03,نوشتن مبنای عدد در بند متناظر — فعلاً بدون لنگرگاه (سطر 779),ثبت شد
FN-200,مالی,هزینه تجهیزات اجرا — HP-03,۱٬۳۸۵,دلار,— باید در بند متناظر نوشته شود,۱۴۰۵,C,HP-03,نوشتن مبنای عدد در بند متناظر — فعلاً بدون لنگرگاه (سطر 780),ثبت شد
FN-201,مالی,هزینه آموزش تیم اجرایی,۱۰۰,دلار,— باید در بند متناظر نوشته شود,۱۴۰۵,C,HP-03,نوشتن مبنای عدد در بند متناظر — فعلاً بدون لنگرگاه (سطر 781),ثبت شد
TO-408,هدف فنی,عمر چرخه عمر بسته — HP-03,۳۰–۵۰,سال,— باید در بند متناظر نوشته شود,۱۴۰۵,C,HP-03,نوشتن مبنای عدد در بند متناظر — فعلاً بدون لنگرگاه (سطر 782),ثبت شد
TO-409,هدف فنی,بازه زمانی اجرای گام اجرایی — HP-03,۱۲–۱۵,روز کاری,— باید در بند متناظر نوشته شود,۱۴۰۵,C,HP-03,نوشتن مبنای عدد در بند متناظر — فعلاً بدون لنگرگاه (سطر 791),ثبت شد
GV-17,حکمرانی,و در عین حال بی‌دفاع‌ترین؛ چون هیچ سهمی از,۶۲۹٫۹۵,—,— باید در بند متناظر نوشته شود,۱۴۰۵,C,HP-04,نوشتن مبنای عدد در بند متناظر — فعلاً بدون لنگرگاه (سطر 278),ثبت شد
TO-410,هدف فنی,جدول ۱٫۲ ردیف حافظه و بند ۱٫۴٫۳,کاهش رواناب خروجی به کمتر از ۲۰ میلی‌متر در سال,رواناب خروجی ۲۰ میلی‌متر در سال، با برچسب هدف طراحی و نیازمند خط پایه,— باید در بند متناظر نوشته شود,۱۴۰۵,C,HP-04,نوشتن مبنای عدد در بند متناظر — فعلاً بدون لنگرگاه (سطر 302),ثبت شد
TO-411,هدف فنی,یادداشت جدول,۳٫۹,—,— باید در بند متناظر نوشته شود,۱۴۰۵,C,HP-04,نوشتن مبنای عدد در بند متناظر — فعلاً بدون لنگرگاه (سطر 870),ثبت شد
PR-02,قیمت,د. یک، قیمت اجارهٔ روزانهٔ بیل مکانیکی، چون جدول ۵٫۲ عدد,۱۵۰,—,— باید در بند متناظر نوشته شود,۱۴۰۵,C,HP-04,نوشتن مبنای عدد در بند متناظر — فعلاً بدون لنگرگاه (سطر 1311),ثبت شد
PL-12,پایلوت,بند مرجع: PL-04 و PL-07C · جدول ۶٫۱ ستون چهارم · بند ۱۰٫۲ · بند,۱٫۶,—,— باید در بند متناظر نوشته شود,۱۴۰۵,C,HP-04,نوشتن مبنای عدد در بند متناظر — فعلاً بدون لنگرگاه (سطر 1399),ثبت شد
TO-412,هدف فنی,بارش سالانه — HP-04,۳۰۰ تا ۴۵۰ میلی‌متر — PL-05,۲۰۰ تا ۲۵۰ میلی‌متر — NS-16,— باید در بند متناظر نوشته شود,۱۴۰۵,C,HP-04,نوشتن مبنای عدد در بند متناظر — فعلاً بدون لنگرگاه (سطر 1406),ثبت شد
ST-22,استاندارد,رط استاندارد مرجع سازه: تخلیهٔ کامل ظرف ۲۴ تا,۴۸,—,— باید در بند متناظر نوشته شود,۱۴۰۵,C,HP-04,نوشتن مبنای عدد در بند متناظر — فعلاً بدون لنگرگاه (سطر 1454),ثبت شد
FN-202,مالی,روش Walkley-Black. هزینهٔ سالانهٔ پایش,۱۳۵,—,— باید در بند متناظر نوشته شود,۱۴۰۵,C,HP-04,نوشتن مبنای عدد در بند متناظر — فعلاً بدون لنگرگاه (سطر 1579),ثبت شد
FN-203,مالی,شکل، هزینه و زمان نگهداری HP-04 را در,۱۰,—,— باید در بند متناظر نوشته شود,۱۴۰۵,C,HP-04,نوشتن مبنای عدد در بند متناظر — فعلاً بدون لنگرگاه (سطر 1621),ثبت شد
TO-413,هدف فنی,رنامهٔ پیشگیرانه می‌تواند,۶۰,—,— باید در بند متناظر نوشته شود,۱۴۰۵,C,HP-04,نوشتن مبنای عدد در بند متناظر — فعلاً بدون لنگرگاه (سطر 1673),ثبت شد
TO-414,هدف فنی,وبی. واحد کار لایروبی در فاز,۱,—,— باید در بند متناظر نوشته شود,۱۴۰۵,C,HP-04,نوشتن مبنای عدد در بند متناظر — فعلاً بدون لنگرگاه (سطر 1899),ثبت شد
TO-415,هدف فنی,ملیاتی، دوازده کار از جدول ۸.۱ را پوشش می‌دهد. در فصل,۸,—,— باید در بند متناظر نوشته شود,۱۴۰۵,C,HP-04,نوشتن مبنای عدد در بند متناظر — فعلاً بدون لنگرگاه (سطر 1964),ثبت شد
TO-416,هدف فنی,‌رسد. ظرفیت ذخیرهٔ پشتیبان بند,۱۰٫۱۲,—,— باید در بند متناظر نوشته شود,۱۴۰۵,C,HP-04,نوشتن مبنای عدد در بند متناظر — فعلاً بدون لنگرگاه (سطر 2040),ثبت شد
TO-417,هدف فنی,پایهٔ بدبینانه,قیمت تأییدنشده، کارایی ۱۹ درصد، هزینهٔ نگهداری کامل,ساخت ممنوع نیست ولی تصمیم اقتصادی قابل صدور نیست,— باید در بند متناظر نوشته شود,۱۴۰۵,C,HP-04,نوشتن مبنای عدد در بند متناظر — فعلاً بدون لنگرگاه (سطر 2058),ثبت شد
FN-204,مالی,نسبت منافع به هزینهٔ مالی خالص,FN-13 برابر ۱٫۹ و FN-24 برابر ۲٫۲۱۹۳,خیر,— باید در بند متناظر نوشته شود,۱۴۰۵,C,HP-04,نوشتن مبنای عدد در بند متناظر — فعلاً بدون لنگرگاه (سطر 2094),ثبت شد
FN-205,مالی,نسبت منافع به هزینهٔ اجتماعی,FN-37 برابر ۳٫۸۵۱۹ و FN-25 برابر ۴٫۰۲۶۳,خیر,— باید در بند متناظر نوشته شود,۱۴۰۵,C,HP-04,نوشتن مبنای عدد در بند متناظر — فعلاً بدون لنگرگاه (سطر 2095),ثبت شد
FN-206,مالی,نرخ بازده داخلی,FN-16 برابر ۲۲ درصد,خیر,— باید در بند متناظر نوشته شود,۱۴۰۵,C,HP-04,نوشتن مبنای عدد در بند متناظر — فعلاً بدون لنگرگاه (سطر 2096),ثبت شد
FN-207,مالی,هزینه سرمایه‌ای (CAPEX) — کرانه پایین — HP-04,۵۰,دلار در هکتار,— باید در بند متناظر نوشته شود,۱۴۰۵,C,HP-04,نوشتن مبنای عدد در بند متناظر — فعلاً بدون لنگرگاه (سطر 2661),ثبت شد
FN-208,مالی,هزینه سرمایه‌ای (CAPEX) — کرانه بالا — HP-04,۱۰۰,دلار در هکتار,— باید در بند متناظر نوشته شود,۱۴۰۵,C,HP-04,نوشتن مبنای عدد در بند متناظر — فعلاً بدون لنگرگاه (سطر 2662),ثبت شد
FN-209,مالی,هزینه سرمایه‌ای (CAPEX) — میانگین — HP-04,۷۵,دلار در هکتار,— باید در بند متناظر نوشته شود,۱۴۰۵,C,HP-04,نوشتن مبنای عدد در بند متناظر — فعلاً بدون لنگرگاه (سطر 2663),ثبت شد
FN-210,مالی,هزینه عملیاتی (OPEX) سالانه — HP-04,۵,دلار در هکتار در سال,— باید در بند متناظر نوشته شود,۱۴۰۵,C,HP-04,نوشتن مبنای عدد در بند متناظر — فعلاً بدون لنگرگاه (سطر 2664),ثبت شد
FN-211,مالی,دوره بازگشت سرمایه — HP-04,۲,سال,— باید در بند متناظر نوشته شود,۱۴۰۵,C,HP-04,نوشتن مبنای عدد در بند متناظر — فعلاً بدون لنگرگاه (سطر 2665),ثبت شد
SC-98,مقیاس,ارزش سالانه خدمات اکوسیستمی بسته — HP-04,۲۵۰,دلار در هکتار در سال,— باید در بند متناظر نوشته شود,۱۴۰۵,C,HP-04,نوشتن مبنای عدد در بند متناظر — فعلاً بدون لنگرگاه (سطر 2667),ثبت شد
TO-418,هدف فنی,ظرفیت ذخیره هر چاله (ادعای سرصفحه),۱٫۱۸ (۱۱۸۰ لیتر),مترمکعب,— باید در بند متناظر نوشته شود,۱۴۰۵,C,HP-04,نوشتن مبنای عدد در بند متناظر — فعلاً بدون لنگرگاه (سطر 2668),ثبت شد
TO-419,هدف فنی,ظرفیت ذخیره محاسبه‌شده در بخش ۳٫۲٫۴,۰٫۳۲۴ (۳۲۴ لیتر),مترمکعب,— باید در بند متناظر نوشته شود,۱۴۰۵,C,HP-04,نوشتن مبنای عدد در بند متناظر — فعلاً بدون لنگرگاه (سطر 2669),ثبت شد
SC-99,مقیاس,حجم ذخیره کل (۵۰ چاله در هکتار),۵۹,مترمکعب در هکتار,— باید در بند متناظر نوشته شود,۱۴۰۵,C,HP-04,نوشتن مبنای عدد در بند متناظر — فعلاً بدون لنگرگاه (سطر 2670),ثبت شد
FN-212,مالی,نرخ نفوذ نهایی هدف (fc) — HP-04,۴۰ (از ۴–۱۰),میلی‌متر بر ساعت,— باید در بند متناظر نوشته شود,۱۴۰۵,C,HP-04,نوشتن مبنای عدد در بند متناظر — فعلاً بدون لنگرگاه (سطر 2671),ثبت شد
TO-420,هدف فنی,شماره منحنی هدف (CN) — HP-04,۲۵–۳۵ (از ۷۵–۸۵),بدون بعد,— باید در بند متناظر نوشته شود,۱۴۰۵,C,HP-04,نوشتن مبنای عدد در بند متناظر — فعلاً بدون لنگرگاه (سطر 2672),ثبت شد
TO-421,هدف فنی,نگهداشت (S) محاسبه‌شده در بخش ۳٫۵,۷۶۲ (از ۶۳٫۵),میلی‌متر,— باید در بند متناظر نوشته شود,۱۴۰۵,C,HP-04,نوشتن مبنای عدد در بند متناظر — فعلاً بدون لنگرگاه (سطر 2673),ثبت شد
FN-213,مالی,نرخ بقای نهال — هدف,۹۲,درصد (از ۶۰),— باید در بند متناظر نوشته شود,۱۴۰۵,C,HP-04,نوشتن مبنای عدد در بند متناظر — فعلاً بدون لنگرگاه (سطر 2674),ثبت شد
TO-422,هدف فنی,کاهش نیاز آبیاری تکمیلی — هدف,۵۰–۷۰ (دیم) و ۴۰–۶۰ (باغ),درصد,— باید در بند متناظر نوشته شود,۱۴۰۵,C,HP-04,نوشتن مبنای عدد در بند متناظر — فعلاً بدون لنگرگاه (سطر 2675),ثبت شد
SP-09,گونه,افزایش بقا و جوانه‌زنی بذر — هدف,۲۵,درصد,— باید در بند متناظر نوشته شود,۱۴۰۵,C,HP-04,نوشتن مبنای عدد در بند متناظر — فعلاً بدون لنگرگاه (سطر 2676),ثبت شد
TO-423,هدف فنی,تغذیه آبخوان — هدف — HP-04,۳۰۰,درصد افزایش,— باید در بند متناظر نوشته شود,۱۴۰۵,C,HP-04,نوشتن مبنای عدد در بند متناظر — فعلاً بدون لنگرگاه (سطر 2677),ثبت شد
TO-424,هدف فنی,قطر / عمق چاله,۱٫۲ / ۱,متر,— باید در بند متناظر نوشته شود,۱۴۰۵,C,HP-04,نوشتن مبنای عدد در بند متناظر — فعلاً بدون لنگرگاه (سطر 2678),ثبت شد
M-45,مواد,نفوذپذیری خاک هدف (K),۱٫۰ۻ⁴–۱٫۰ۻ⁳,متر بر ثانیه,— باید در بند متناظر نوشته شود,۱۴۰۵,C,HP-04,نوشتن مبنای عدد در بند متناظر — فعلاً بدون لنگرگاه (سطر 2679),ثبت شد
M-46,مواد,مقاومت فشاری سنگ‌ها (آهکی، گرانیت، بازالت) — HP-04,۵۵، ۱۲۰، ۱۵۰,مگاپاسکال,— باید در بند متناظر نوشته شود,۱۴۰۵,C,HP-04,نوشتن مبنای عدد در بند متناظر — فعلاً بدون لنگرگاه (سطر 2680),ثبت شد
ST-23,استاندارد,قطر و عمق استاندارد چاله (جدول‌های ۳٫۱ و ۴٫۲),۰٫۸ / ۱٫۵,متر,— باید در بند متناظر نوشته شود,۱۴۰۵,C,HP-04,نوشتن مبنای عدد در بند متناظر — فعلاً بدون لنگرگاه (سطر 2682),ثبت شد
SC-100,مقیاس,تعداد چاله در هر هکتار (چگالی طراحی),۵۰ (شبکه ۵×۱۰، فاصله ۱۴ متر),چاله در هکتار,— باید در بند متناظر نوشته شود,۱۴۰۵,C,HP-04,نوشتن مبنای عدد در بند متناظر — فعلاً بدون لنگرگاه (سطر 2683),ثبت شد
TO-425,هدف فنی,تعداد لایه‌های داخلی چاله,۵ (قلوه‌سنگ درشت، قلوه‌سنگ ریز، بیوچار-خاک، کمپوست-خاک، مالچ),لایه,— باید در بند متناظر نوشته شود,۱۴۰۵,C,HP-04,نوشتن مبنای عدد در بند متناظر — فعلاً بدون لنگرگاه (سطر 2684),ثبت شد
TO-426,هدف فنی,ضخامت لایه‌های داخلی (به ترتیب از پایین) — HP-04,۳۰–۴۰، ۲۰–۳۰، ۱۵–۲۰، ۱۰–۱۵، ۵–۱۰,سانتی‌متر,— باید در بند متناظر نوشته شود,۱۴۰۵,C,HP-04,نوشتن مبنای عدد در بند متناظر — فعلاً بدون لنگرگاه (سطر 2685),ثبت شد
TO-427,هدف فنی,تخلخل مؤثر محاسبه‌شده (n_eff) — HP-04,۰٫۴۳,بدون بعد,— باید در بند متناظر نوشته شود,۱۴۰۵,C,HP-04,نوشتن مبنای عدد در بند متناظر — فعلاً بدون لنگرگاه (سطر 2686),ثبت شد
M-47,مواد,دبی خروجی از کف چاله در خاک لومی-شنی (K=۱۰⁻⁵),۱۸,لیتر بر ساعت,— باید در بند متناظر نوشته شود,۱۴۰۵,C,HP-04,نوشتن مبنای عدد در بند متناظر — فعلاً بدون لنگرگاه (سطر 2687),ثبت شد
M-48,مواد,زمان ماند هیدرولیکی محاسبه‌شده (خاک لومی-شنی),۱۷٫۸,ساعت,— باید در بند متناظر نوشته شود,۱۴۰۵,C,HP-04,نوشتن مبنای عدد در بند متناظر — فعلاً بدون لنگرگاه (سطر 2688),ثبت شد
M-49,مواد,زمان ماند هیدرولیکی در خاک لومی (K=۱۰⁻۶),۱۷۸ (۷٫۴ روز),ساعت,— باید در بند متناظر نوشته شود,۱۴۰۵,C,HP-04,نوشتن مبنای عدد در بند متناظر — فعلاً بدون لنگرگاه (سطر 2689),ثبت شد
M-50,مواد,پارامترهای Van Genuchten خاک لومی-شنی دیشموک,۰٫۰۳۹، ۰٫۳۹۰، ۰٫۰۳۴۷، ۱٫۴۹,θr، θs، α بر حسب ۱/cm، n,— باید در بند متناظر نوشته شود,۱۴۰۵,C,HP-04,نوشتن مبنای عدد در بند متناظر — فعلاً بدون لنگرگاه (سطر 2690),ثبت شد
SC-101,مقیاس,عمق سطح ایستابی پایلوت‌ها (دیشموک، بهبهان، تالش، یاسوج),۵–۸، ۸–۱۲، ۱–۳، ۴–۶,متر,— باید در بند متناظر نوشته شود,۱۴۰۵,C,HP-04,نوشتن مبنای عدد در بند متناظر — فعلاً بدون لنگرگاه (سطر 2692),ثبت شد
TO-428,هدف فنی,رواناب خروجی سالانه — هدف — HP-04,۲۰ (از ۱۲۰),میلی‌متر در سال,— باید در بند متناظر نوشته شود,۱۴۰۵,C,HP-04,نوشتن مبنای عدد در بند متناظر — فعلاً بدون لنگرگاه (سطر 2693),ثبت شد
M-51,مواد,رطوبت خاک ریشه — هدف — HP-04,۳۰ (از ۱۵),درصد,— باید در بند متناظر نوشته شود,۱۴۰۵,C,HP-04,نوشتن مبنای عدد در بند متناظر — فعلاً بدون لنگرگاه (سطر 2694),ثبت شد
SC-102,مقیاس,ترسیب کربن — هدف — HP-04,۶۰,کیلوگرم در هکتار در سال,— باید در بند متناظر نوشته شود,۱۴۰۵,C,HP-04,نوشتن مبنای عدد در بند متناظر — فعلاً بدون لنگرگاه (سطر 2695),ثبت شد
TO-429,هدف فنی,بهره‌وری آب (WUE) — هدف — HP-04,۲۵,درصد,— باید در بند متناظر نوشته شود,۱۴۰۵,C,HP-04,نوشتن مبنای عدد در بند متناظر — فعلاً بدون لنگرگاه (سطر 2696),ثبت شد
TO-430,هدف فنی,شیب دیواره چاله در حین اجرا,۱۰:۱ یا کمتر,بدون بعد,— باید در بند متناظر نوشته شود,۱۴۰۵,C,HP-04,نوشتن مبنای عدد در بند متناظر — فعلاً بدون لنگرگاه (سطر 2697),ثبت شد
TO-431,هدف فنی,شیب کانال اتصال ورودی,۱–۲,درصد,— باید در بند متناظر نوشته شود,۱۴۰۵,C,HP-04,نوشتن مبنای عدد در بند متناظر — فعلاً بدون لنگرگاه (سطر 2698),ثبت شد
TO-432,هدف فنی,سوراخ فیلتر ورودی,۵,میلی‌متر,— باید در بند متناظر نوشته شود,۱۴۰۵,C,HP-04,نوشتن مبنای عدد در بند متناظر — فعلاً بدون لنگرگاه (سطر 2699),ثبت شد
TO-433,هدف فنی,عمر چرخه عمر بسته — HP-04,۲۰–۴۰,سال,— باید در بند متناظر نوشته شود,۱۴۰۵,C,HP-04,نوشتن مبنای عدد در بند متناظر — فعلاً بدون لنگرگاه (سطر 2700),ثبت شد
FN-214,مالی,هزینه نگهداری سالانه (مجموع جدول ۸.۱) — HP-04,۳۰,دلار در هکتار در سال,— باید در بند متناظر نوشته شود,۱۴۰۵,C,HP-04,نوشتن مبنای عدد در بند متناظر — فعلاً بدون لنگرگاه (سطر 2701),ثبت شد
FN-215,مالی,هزینه نیروی کار اجرا — HP-04,۵۸۰,دلار (تیم ۵ نفره، ۴ روز),— باید در بند متناظر نوشته شود,۱۴۰۵,C,HP-04,نوشتن مبنای عدد در بند متناظر — فعلاً بدون لنگرگاه (سطر 2702),ثبت شد
FN-216,مالی,هزینه تجهیزات اجرا — HP-04,۱٬۲۸۵,دلار,— باید در بند متناظر نوشته شود,۱۴۰۵,C,HP-04,نوشتن مبنای عدد در بند متناظر — فعلاً بدون لنگرگاه (سطر 2703),ثبت شد
TO-434,هدف فنی,بازه زمانی اجرای گام اجرایی — HP-04,۱۲–۱۵,روز کاری,— باید در بند متناظر نوشته شود,۱۴۰۵,C,HP-04,نوشتن مبنای عدد در بند متناظر — فعلاً بدون لنگرگاه (سطر 2712),ثبت شد
M-52,مواد,قلوه‌سنگ درشت,۱۷۶,لیتر,— باید در بند متناظر نوشته شود,۱۴۰۵,C,HP-04,نوشتن مبنای عدد در بند متناظر — فعلاً بدون لنگرگاه (سطر 2750),ثبت شد
M-53,مواد,قلوه‌سنگ ریز,۱۲۵,لیتر,— باید در بند متناظر نوشته شود,۱۴۰۵,C,HP-04,نوشتن مبنای عدد در بند متناظر — فعلاً بدون لنگرگاه (سطر 2751),ثبت شد
M-54,مواد,ترکیب بیوچار و خاک,۱۵۰,لیتر,— باید در بند متناظر نوشته شود,۱۴۰۵,C,HP-04,نوشتن مبنای عدد در بند متناظر — فعلاً بدون لنگرگاه (سطر 2752),ثبت شد
M-55,مواد,ترکیب کمپوست و خاک,۱۰۰,لیتر,— باید در بند متناظر نوشته شود,۱۴۰۵,C,HP-04,نوشتن مبنای عدد در بند متناظر — فعلاً بدون لنگرگاه (سطر 2753),ثبت شد
M-56,مواد,مالچ آلی,۵۰,لیتر,— باید در بند متناظر نوشته شود,۱۴۰۵,C,HP-04,نوشتن مبنای عدد در بند متناظر — فعلاً بدون لنگرگاه (سطر 2754),ثبت شد
M-57,مواد,خاک لومی همجوار,۳۷٫۵,مترمکعب,— باید در بند متناظر نوشته شود,۱۴۰۵,C,HP-04,نوشتن مبنای عدد در بند متناظر — فعلاً بدون لنگرگاه (سطر 2755),ثبت شد
TO-435,هدف فنی,سطل با اندازهٔ معلوم,۱,عدد,— باید در بند متناظر نوشته شود,۱۴۰۵,C,HP-04,نوشتن مبنای عدد در بند متناظر — فعلاً بدون لنگرگاه (سطر 2761),ثبت شد
TO-436,هدف فنی,متر پرکننده,۱,عدد,— باید در بند متناظر نوشته شود,۱۴۰۵,C,HP-04,نوشتن مبنای عدد در بند متناظر — فعلاً بدون لنگرگاه (سطر 2763),ثبت شد
TO-437,هدف فنی,بیل دسته‌بلند,۱,عدد,— باید در بند متناظر نوشته شود,۱۴۰۵,C,HP-04,نوشتن مبنای عدد در بند متناظر — فعلاً بدون لنگرگاه (سطر 2764),ثبت شد
M-58,مواد,چوب علامت‌گذار سه‌خطی,۱,عدد,— باید در بند متناظر نوشته شود,۱۴۰۵,C,HP-04,نوشتن مبنای عدد در بند متناظر — فعلاً بدون لنگرگاه (سطر 2765),ثبت شد
TO-438,هدف فنی,دفترچهٔ ثبت شش‌ستونه,۱,جلد,— باید در بند متناظر نوشته شود,۱۴۰۵,C,HP-04,نوشتن مبنای عدد در بند متناظر — فعلاً بدون لنگرگاه (سطر 2766),ثبت شد
TO-439,هدف فنی,ظرف دربسته برای نمونهٔ آب,۱,عدد,— باید در بند متناظر نوشته شود,۱۴۰۵,C,HP-04,نوشتن مبنای عدد در بند متناظر — فعلاً بدون لنگرگاه (سطر 2767),ثبت شد
TO-440,هدف فنی,کشاورز بهره‌بردار,۱,حدود ۲ ساعت در هر بازدید,— باید در بند متناظر نوشته شود,۱۴۰۵,C,HP-04,نوشتن مبنای عدد در بند متناظر — فعلاً بدون لنگرگاه (سطر 2776),ثبت شد
TO-441,هدف فنی,سرپرست فنی برای تصمیم,۱,فقط در بازدید سالانهٔ خشک‌ترین فصل,— باید در بند متناظر نوشته شود,۱۴۰۵,C,HP-04,نوشتن مبنای عدد در بند متناظر — فعلاً بدون لنگرگاه (سطر 2777),ثبت شد
TO-442,هدف فنی,جمع — HP-04,۲,بیشترین حالت: دو ساعت کشاورز و دو ساعت سرپرست,— باید در بند متناظر نوشته شود,۱۴۰۵,C,HP-04,نوشتن مبنای عدد در بند متناظر — فعلاً بدون لنگرگاه (سطر 2778),ثبت شد
TO-443,هدف فنی,تراز فصلی آب زیرزمینی,فاصلهٔ ۳٫۰۵ متر از کف تا تراز [R],نیازمند خط پایه,— باید در بند متناظر نوشته شود,۱۴۰۵,C,HP-04,نوشتن مبنای عدد در بند متناظر — فعلاً بدون لنگرگاه (سطر 2820),ثبت شد
TO-444,هدف فنی,زمان تخلیهٔ آب ایستاده,۴۸,ساعت,— باید در بند متناظر نوشته شود,۱۴۰۵,C,HP-04,نوشتن مبنای عدد در بند متناظر — فعلاً بدون لنگرگاه (سطر 2913),ثبت شد
TO-445,هدف فنی,باند مرزی تخلیه,۴۸ تا ۷۲,ساعت,— باید در بند متناظر نوشته شود,۱۴۰۵,C,HP-04,نوشتن مبنای عدد در بند متناظر — فعلاً بدون لنگرگاه (سطر 2914),ثبت شد
TO-446,هدف فنی,حجم ذخیرهٔ مؤثر هر چاله,۳۲۴,لیتر,— باید در بند متناظر نوشته شود,۱۴۰۵,C,HP-04,نوشتن مبنای عدد در بند متناظر — فعلاً بدون لنگرگاه (سطر 2915),ثبت شد
TO-447,هدف فنی,حجم ناخالص لایه‌های پرکننده,۶۰۱,لیتر,— باید در بند متناظر نوشته شود,۱۴۰۵,C,HP-04,نوشتن مبنای عدد در بند متناظر — فعلاً بدون لنگرگاه (سطر 2916),ثبت شد
M-59,مواد,حجم قلوه‌سنگ درشت هر چاله,۱۷۶,لیتر,— باید در بند متناظر نوشته شود,۱۴۰۵,C,HP-04,نوشتن مبنای عدد در بند متناظر — فعلاً بدون لنگرگاه (سطر 2917),ثبت شد
M-60,مواد,حجم قلوه‌سنگ ریز هر چاله,۱۲۵,لیتر,— باید در بند متناظر نوشته شود,۱۴۰۵,C,HP-04,نوشتن مبنای عدد در بند متناظر — فعلاً بدون لنگرگاه (سطر 2918),ثبت شد
ST-24,استاندارد,قطر استاندارد چاله,۰٫۸,متر,— باید در بند متناظر نوشته شود,۱۴۰۵,C,HP-04,نوشتن مبنای عدد در بند متناظر — فعلاً بدون لنگرگاه (سطر 2919),ثبت شد
TO-448,هدف فنی,عمق گزینهٔ عمیق,۱٫۵,متر,— باید در بند متناظر نوشته شود,۱۴۰۵,C,HP-04,نوشتن مبنای عدد در بند متناظر — فعلاً بدون لنگرگاه (سطر 2920),ثبت شد
TO-449,هدف فنی,عمق گزینهٔ کم‌عمق,۲۰ تا ۲۵,سانتی‌متر,— باید در بند متناظر نوشته شود,۱۴۰۵,C,HP-04,نوشتن مبنای عدد در بند متناظر — فعلاً بدون لنگرگاه (سطر 2921),ثبت شد
TO-450,هدف فنی,فاصلهٔ کف تا بالاترین تراز فصلی,۳٫۰۵,متر,— باید در بند متناظر نوشته شود,۱۴۰۵,C,HP-04,نوشتن مبنای عدد در بند متناظر — فعلاً بدون لنگرگاه (سطر 2922),ثبت شد
TO-451,هدف فنی,حداقل رسانندگی اشباع میدانی,۱ فوت بر روز,پا بر روز,— باید در بند متناظر نوشته شود,۱۴۰۵,C,HP-04,نوشتن مبنای عدد در بند متناظر — فعلاً بدون لنگرگاه (سطر 2923),ثبت شد
FN-217,مالی,افت نرخ نفوذ — باند نیازمند پوسته‌برداری,۲۵ تا ۵۰,درصد,— باید در بند متناظر نوشته شود,۱۴۰۵,C,HP-04,نوشتن مبنای عدد در بند متناظر — فعلاً بدون لنگرگاه (سطر 2927),ثبت شد
SC-103,مقیاس,ضخامت مالچ سطح چاله,۱۰,سانتی‌متر,— باید در بند متناظر نوشته شود,۱۴۰۵,C,HP-04,نوشتن مبنای عدد در بند متناظر — فعلاً بدون لنگرگاه (سطر 2929),ثبت شد
TO-452,هدف فنی,کارایی حجمی,۱۹,درصد,— باید در بند متناظر نوشته شود,۱۴۰۵,C,HP-04,نوشتن مبنای عدد در بند متناظر — فعلاً بدون لنگرگاه (سطر 2930),ثبت شد
TO-453,هدف فنی,تلفات جانبی,۸۱,درصد,— باید در بند متناظر نوشته شود,۱۴۰۵,C,HP-04,نوشتن مبنای عدد در بند متناظر — فعلاً بدون لنگرگاه (سطر 2931),ثبت شد
TO-454,هدف فنی,حجم آب آزمایش تخلیه,۱۵۱,لیتر,— باید در بند متناظر نوشته شود,۱۴۰۵,C,HP-04,نوشتن مبنای عدد در بند متناظر — فعلاً بدون لنگرگاه (سطر 2932),ثبت شد
SC-104,مقیاس,حجم خاکبرداری هر هکتار,۳۷٫۵,مترمکعب,— باید در بند متناظر نوشته شود,۱۴۰۵,C,HP-04,نوشتن مبنای عدد در بند متناظر — فعلاً بدون لنگرگاه (سطر 2933),ثبت شد
PR-03,قیمت,۲ — هزینهٔ عملیاتی ۵ دلار در هکتار در سال. دلیل حذف: قاعدهٔ قیمت بند,۸٫۱,—,— باید در بند متناظر نوشته شود,۱۴۰۵,C,HP-04,نوشتن مبنای عدد در بند متناظر — فعلاً بدون لنگرگاه (سطر 2942),ثبت شد
TO-455,هدف فنی,معادلات سنت-ونانت,بخش ۳.۵ — معادلات پیوسته حرکت آب,تأیید انتساب — سال تأییدنشده، بدون ذکر سال نقل شود,— باید در بند متناظر نوشته شود,۱۴۰۵,C,HP-05,نوشتن مبنای عدد در بند متناظر — فعلاً بدون لنگرگاه (سطر 687),ثبت شد
FN-218,مالی,هزینه سرمایه‌ای (CAPEX) — کرانه پایین — HP-05,۳۰۰,دلار در هکتار,— باید در بند متناظر نوشته شود,۱۴۰۵,C,HP-05,نوشتن مبنای عدد در بند متناظر — فعلاً بدون لنگرگاه (سطر 762),ثبت شد
FN-219,مالی,هزینه سرمایه‌ای (CAPEX) — کرانه بالا — HP-05,۶۰۰,دلار در هکتار,— باید در بند متناظر نوشته شود,۱۴۰۵,C,HP-05,نوشتن مبنای عدد در بند متناظر — فعلاً بدون لنگرگاه (سطر 763),ثبت شد
FN-220,مالی,هزینه سرمایه‌ای (CAPEX) — میانگین — HP-05,۴۵۰,دلار در هکتار,— باید در بند متناظر نوشته شود,۱۴۰۵,C,HP-05,نوشتن مبنای عدد در بند متناظر — فعلاً بدون لنگرگاه (سطر 764),ثبت شد
FN-221,مالی,هزینه عملیاتی (OPEX) سالانه — HP-05,۲۰,دلار در هکتار در سال,— باید در بند متناظر نوشته شود,۱۴۰۵,C,HP-05,نوشتن مبنای عدد در بند متناظر — فعلاً بدون لنگرگاه (سطر 765),ثبت شد
FN-222,مالی,دوره بازگشت سرمایه — HP-05,۳,سال,— باید در بند متناظر نوشته شود,۱۴۰۵,C,HP-05,نوشتن مبنای عدد در بند متناظر — فعلاً بدون لنگرگاه (سطر 766),ثبت شد
FN-223,مالی,نسبت منافع به هزینه (B/C) — فصل ۹,۲٫۱۵ (از ۴۰۰),نسبت,— باید در بند متناظر نوشته شود,۱۴۰۵,C,HP-05,نوشتن مبنای عدد در بند متناظر — فعلاً بدون لنگرگاه (سطر 768),ثبت شد
SC-105,مقیاس,ارزش سالانه خدمات اکوسیستمی بسته — HP-05,۴۳۵,دلار در هکتار در سال,— باید در بند متناظر نوشته شود,۱۴۰۵,C,HP-05,نوشتن مبنای عدد در بند متناظر — فعلاً بدون لنگرگاه (سطر 769),ثبت شد
TO-456,هدف فنی,کنترل فرسایش — هدف — HP-05,۷۵ (از ۳۰),درصد,— باید در بند متناظر نوشته شود,۱۴۰۵,C,HP-05,نوشتن مبنای عدد در بند متناظر — فعلاً بدون لنگرگاه (سطر 770),ثبت شد
TO-457,هدف فنی,تله‌اندازی رسوب (η_trap) — هدف,۸۵ (از ۶۰),درصد,— باید در بند متناظر نوشته شود,۱۴۰۵,C,HP-05,نوشتن مبنای عدد در بند متناظر — فعلاً بدون لنگرگاه (سطر 771),ثبت شد
TO-458,هدف فنی,کاهش دبی اوج سیلاب — هدف,۶۲,درصد,— باید در بند متناظر نوشته شود,۱۴۰۵,C,HP-05,نوشتن مبنای عدد در بند متناظر — فعلاً بدون لنگرگاه (سطر 772),ثبت شد
TO-459,هدف فنی,تأخیر اوج سیلاب — هدف,۴,ساعت,— باید در بند متناظر نوشته شود,۱۴۰۵,C,HP-05,نوشتن مبنای عدد در بند متناظر — فعلاً بدون لنگرگاه (سطر 773),ثبت شد
TO-460,هدف فنی,کاهش خسارت سیلاب شهری — هدف,۷۰,درصد,— باید در بند متناظر نوشته شود,۱۴۰۵,C,HP-05,نوشتن مبنای عدد در بند متناظر — فعلاً بدون لنگرگاه (سطر 774),ثبت شد
SC-106,مقیاس,افزایش سطح ایستایی — هدف,۴۰–۶۰ (افق ۲ سال),سانتی‌متر,— باید در بند متناظر نوشته شود,۱۴۰۵,C,HP-05,نوشتن مبنای عدد در بند متناظر — فعلاً بدون لنگرگاه (سطر 775),ثبت شد
TO-461,هدف فنی,افزایش تغذیه آبخوان — هدف,۳۰۰,درصد,— باید در بند متناظر نوشته شود,۱۴۰۵,C,HP-05,نوشتن مبنای عدد در بند متناظر — فعلاً بدون لنگرگاه (سطر 776),ثبت شد
TO-462,هدف فنی,کاهش نیاز آبیاری تکمیلی باغات — هدف,۴۰–۶۰,درصد,— باید در بند متناظر نوشته شود,۱۴۰۵,C,HP-05,نوشتن مبنای عدد در بند متناظر — فعلاً بدون لنگرگاه (سطر 777),ثبت شد
TO-463,هدف فنی,افزایش بقا و رشد نهال — هدف,۸۵,درصد,— باید در بند متناظر نوشته شود,۱۴۰۵,C,HP-05,نوشتن مبنای عدد در بند متناظر — فعلاً بدون لنگرگاه (سطر 778),ثبت شد
TO-464,هدف فنی,ارتفاع و طول بندک,۲–۳ / ۳۰–۵۰,متر,— باید در بند متناظر نوشته شود,۱۴۰۵,C,HP-05,نوشتن مبنای عدد در بند متناظر — فعلاً بدون لنگرگاه (سطر 779),ثبت شد
FN-224,مالی,نسبت ملات آهکی,۱:۳,نسبت,— باید در بند متناظر نوشته شود,۱۴۰۵,C,HP-05,نوشتن مبنای عدد در بند متناظر — فعلاً بدون لنگرگاه (سطر 780),ثبت شد
TO-465,هدف فنی,شماره منحنی هدف (CN) — HP-05,۳۰–۴۰ (از ۷۰–۸۰),بدون بعد,— باید در بند متناظر نوشته شود,۱۴۰۵,C,HP-05,نوشتن مبنای عدد در بند متناظر — فعلاً بدون لنگرگاه (سطر 781),ثبت شد
TO-466,هدف فنی,دبی سرریز تلسکوپی (میانگین),۱٫۸,مترمکعب بر ثانیه,— باید در بند متناظر نوشته شود,۱۴۰۵,C,HP-05,نوشتن مبنای عدد در بند متناظر — فعلاً بدون لنگرگاه (سطر 782),ثبت شد
TO-467,هدف فنی,ضریب اطمینان (FS) — هدف,۱٫۵,بدون بعد,— باید در بند متناظر نوشته شود,۱۴۰۵,C,HP-05,نوشتن مبنای عدد در بند متناظر — فعلاً بدون لنگرگاه (سطر 783),ثبت شد
TO-468,هدف فنی,عرض تاج بندک,۳–۴,متر,— باید در بند متناظر نوشته شود,۱۴۰۵,C,HP-05,نوشتن مبنای عدد در بند متناظر — فعلاً بدون لنگرگاه (سطر 785),ثبت شد
SC-107,مقیاس,تعداد بندک در هر ۵۰ هکتار (چگالی طراحی),۴–۵ (زنجیره ۴–۶ بندک),بندک,— باید در بند متناظر نوشته شود,۱۴۰۵,C,HP-05,نوشتن مبنای عدد در بند متناظر — فعلاً بدون لنگرگاه (سطر 786),ثبت شد
TO-469,هدف فنی,فاصله بندک‌ها بر اساس شیب آبراهه,۵۰–۱۵۰,متر,— باید در بند متناظر نوشته شود,۱۴۰۵,C,HP-05,نوشتن مبنای عدد در بند متناظر — فعلاً بدون لنگرگاه (سطر 787),ثبت شد
TO-470,هدف فنی,شیب مجاز آبراهه محل اجرا,۲–۱۵,درصد,— باید در بند متناظر نوشته شود,۱۴۰۵,C,HP-05,نوشتن مبنای عدد در بند متناظر — فعلاً بدون لنگرگاه (سطر 788),ثبت شد
TO-471,هدف فنی,طول بندک واحد در مقطع عرضی,۶,متر,— باید در بند متناظر نوشته شود,۱۴۰۵,C,HP-05,نوشتن مبنای عدد در بند متناظر — فعلاً بدون لنگرگاه (سطر 789),ثبت شد
TO-472,هدف فنی,عمق پی (تا بستر سخت),۰٫۵–۱,متر,— باید در بند متناظر نوشته شود,۱۴۰۵,C,HP-05,نوشتن مبنای عدد در بند متناظر — فعلاً بدون لنگرگاه (سطر 790),ثبت شد
TO-473,هدف فنی,شیب دیواره حفاری پی,۱:۱,بدون بعد,— باید در بند متناظر نوشته شود,۱۴۰۵,C,HP-05,نوشتن مبنای عدد در بند متناظر — فعلاً بدون لنگرگاه (سطر 791),ثبت شد
ST-25,استاندارد,معیار توقف حفاری با آزمون SPT,بیش از ۲۰ ضربه,ضربه,— باید در بند متناظر نوشته شود,۱۴۰۵,C,HP-05,نوشتن مبنای عدد در بند متناظر — فعلاً بدون لنگرگاه (سطر 792),ثبت شد
TO-474,هدف فنی,زمان انتظار گیرش اولیه ملات آهکی بین ردیف‌ها,۲۴,ساعت,— باید در بند متناظر نوشته شود,۱۴۰۵,C,HP-05,نوشتن مبنای عدد در بند متناظر — فعلاً بدون لنگرگاه (سطر 794),ثبت شد
TO-475,هدف فنی,زمان رسیدن ملات آهکی به ۷۰ درصد مقاومت نهایی,۲۸,روز,— باید در بند متناظر نوشته شود,۱۴۰۵,C,HP-05,نوشتن مبنای عدد در بند متناظر — فعلاً بدون لنگرگاه (سطر 795),ثبت شد
TO-476,هدف فنی,زمان رسیدن ملات آهکی به ۱۰۰ درصد مقاومت,۱–۳,سال,— باید در بند متناظر نوشته شود,۱۴۰۵,C,HP-05,نوشتن مبنای عدد در بند متناظر — فعلاً بدون لنگرگاه (سطر 796),ثبت شد
ES-26,خدمات اکوسیستمی,ترسیب دی‌اکسید کربن ملات آهکی,۲–۴,کیلوگرم در مترمکعب در سال,— باید در بند متناظر نوشته شود,۱۴۰۵,C,HP-05,نوشتن مبنای عدد در بند متناظر — فعلاً بدون لنگرگاه (سطر 797),ثبت شد
TO-477,هدف فنی,ضریب پایداری محاسبه‌شده (نمونه بخش ۳٫۲),۳٫۹,بدون بعد,— باید در بند متناظر نوشته شود,۱۴۰۵,C,HP-05,نوشتن مبنای عدد در بند متناظر — فعلاً بدون لنگرگاه (سطر 798),ثبت شد
TO-478,هدف فنی,ظرفیت ذخیره پشت بندک (نمونه بخش ۳٫۴),۵۶٫۲۵,مترمکعب,— باید در بند متناظر نوشته شود,۱۴۰۵,C,HP-05,نوشتن مبنای عدد در بند متناظر — فعلاً بدون لنگرگاه (سطر 799),ثبت شد
MD-11,مدل شبیه‌سازی,راندمان تله‌اندازی رسوب محاسبه‌شده با مدل Brune,۰٫۰۰۵۶,درصد,— باید در بند متناظر نوشته شود,۱۴۰۵,C,HP-05,نوشتن مبنای عدد در بند متناظر — فعلاً بدون لنگرگاه (سطر 800),ثبت شد
TO-479,هدف فنی,زمان ماند هیدرولیکی (اوج سیلاب / شرایط عادی),۱۷ دقیقه / ۱۳ روز,—,— باید در بند متناظر نوشته شود,۱۴۰۵,C,HP-05,نوشتن مبنای عدد در بند متناظر — فعلاً بدون لنگرگاه (سطر 801),ثبت شد
TO-480,هدف فنی,دبی اوج سیلاب پیش و پس از HP-05 (HEC-RAS),۷۸ ← ۳۰,مترمکعب بر ثانیه,— باید در بند متناظر نوشته شود,۱۴۰۵,C,HP-05,نوشتن مبنای عدد در بند متناظر — فعلاً بدون لنگرگاه (سطر 802),ثبت شد
TO-481,هدف فنی,دبی سرریز محاسبه‌شده در سه تنظیم (H=۰٫۱، ۰٫۱۵، ۰٫۲),۲۹، ۵۳٫۵، ۸۲,لیتر بر ثانیه,— باید در بند متناظر نوشته شود,۱۴۰۵,C,HP-05,نوشتن مبنای عدد در بند متناظر — فعلاً بدون لنگرگاه (سطر 803),ثبت شد
TO-482,هدف فنی,مقاومت فشاری ملات آهکی ۲۸ روزه,۲٫۵–۵,مگاپاسکال,— باید در بند متناظر نوشته شود,۱۴۰۵,C,HP-05,نوشتن مبنای عدد در بند متناظر — فعلاً بدون لنگرگاه (سطر 805),ثبت شد
TO-483,هدف فنی,دوره پاکسازی رسوب پشت بندک,۱۰–۱۵,سال,— باید در بند متناظر نوشته شود,۱۴۰۵,C,HP-05,نوشتن مبنای عدد در بند متناظر — فعلاً بدون لنگرگاه (سطر 807),ثبت شد
FN-225,مالی,هزینه نگهداری سالانه (مجموع جدول ۸.۱) — HP-05,۲۲,دلار در هکتار در سال,— باید در بند متناظر نوشته شود,۱۴۰۵,C,HP-05,نوشتن مبنای عدد در بند متناظر — فعلاً بدون لنگرگاه (سطر 808),ثبت شد
SC-108,مقیاس,زمان نگهداری سالانه (مجموع جدول ۸.۱) — HP-05,۰٫۶,روز در هکتار,— باید در بند متناظر نوشته شود,۱۴۰۵,C,HP-05,نوشتن مبنای عدد در بند متناظر — فعلاً بدون لنگرگاه (سطر 809),ثبت شد
TO-484,هدف فنی,زمان اجرا در هر بندک,۹٫۵,روز کاری (تیم ۶ نفره),— باید در بند متناظر نوشته شود,۱۴۰۵,C,HP-05,نوشتن مبنای عدد در بند متناظر — فعلاً بدون لنگرگاه (سطر 810),ثبت شد
TO-485,هدف فنی,بازه زمانی اجرای گام اجرایی — HP-05,۱۲–۱۵,روز کاری,— باید در بند متناظر نوشته شود,۱۴۰۵,C,HP-05,نوشتن مبنای عدد در بند متناظر — فعلاً بدون لنگرگاه (سطر 820),ثبت شد
M-61,مواد,شاخص کیفیت ساختار خاک دکستر,بند ۳.۴ — طبقه‌بندی کیفیت ساختار خاک,انتساب تأیید — سال و عنوان دقیق شاخص تأییدنشده,— باید در بند متناظر نوشته شود,۱۴۰۵,C,HP-06,نوشتن مبنای عدد در بند متناظر — فعلاً بدون لنگرگاه (سطر 676),ثبت شد
FN-226,مالی,هزینه سرمایه‌ای (CAPEX) — کرانه پایین — HP-06,۳۰۰,دلار در هکتار,— باید در بند متناظر نوشته شود,۱۴۰۵,C,HP-06,نوشتن مبنای عدد در بند متناظر — فعلاً بدون لنگرگاه (سطر 761),ثبت شد
FN-227,مالی,هزینه سرمایه‌ای (CAPEX) — کرانه بالا — HP-06,۵۰۰,دلار در هکتار,— باید در بند متناظر نوشته شود,۱۴۰۵,C,HP-06,نوشتن مبنای عدد در بند متناظر — فعلاً بدون لنگرگاه (سطر 762),ثبت شد
FN-228,مالی,هزینه سرمایه‌ای (CAPEX) — میانگین — HP-06,۴۰۰,دلار در هکتار,— باید در بند متناظر نوشته شود,۱۴۰۵,C,HP-06,نوشتن مبنای عدد در بند متناظر — فعلاً بدون لنگرگاه (سطر 763),ثبت شد
FN-229,مالی,هزینه عملیاتی (OPEX) سالانه — HP-06,۲۵,دلار در هکتار در سال,— باید در بند متناظر نوشته شود,۱۴۰۵,C,HP-06,نوشتن مبنای عدد در بند متناظر — فعلاً بدون لنگرگاه (سطر 764),ثبت شد
FN-230,مالی,دوره بازگشت سرمایه — HP-06,۴,سال,— باید در بند متناظر نوشته شود,۱۴۰۵,C,HP-06,نوشتن مبنای عدد در بند متناظر — فعلاً بدون لنگرگاه (سطر 765),ثبت شد
SC-109,مقیاس,ارزش سالانه خدمات اکوسیستمی بسته — HP-06,۳۶۵,دلار در هکتار در سال,— باید در بند متناظر نوشته شود,۱۴۰۵,C,HP-06,نوشتن مبنای عدد در بند متناظر — فعلاً بدون لنگرگاه (سطر 767),ثبت شد
TO-486,هدف فنی,آب قابل دسترس (AWC) — هدف,۰٫۱۵ (از ۰٫۰۸),حجمی,— باید در بند متناظر نوشته شود,۱۴۰۵,C,HP-06,نوشتن مبنای عدد در بند متناظر — فعلاً بدون لنگرگاه (سطر 768),ثبت شد
SC-110,مقیاس,ظرفیت ذخیره آب در عمق ریشه (۵۰ سانتی‌متر),۷۵۰ (از ۴۰۰),مترمکعب در هکتار,— باید در بند متناظر نوشته شود,۱۴۰۵,C,HP-06,نوشتن مبنای عدد در بند متناظر — فعلاً بدون لنگرگاه (سطر 769),ثبت شد
FN-231,مالی,نرخ نفوذ نهایی هدف (fc) — HP-06,۴۰ (از ۸),میلی‌متر بر ساعت,— باید در بند متناظر نوشته شود,۱۴۰۵,C,HP-06,نوشتن مبنای عدد در بند متناظر — فعلاً بدون لنگرگاه (سطر 770),ثبت شد
TO-487,هدف فنی,شماره منحنی هدف (CN) — HP-06,۳۰ (از ۷۵),بدون بعد,— باید در بند متناظر نوشته شود,۱۴۰۵,C,HP-06,نوشتن مبنای عدد در بند متناظر — فعلاً بدون لنگرگاه (سطر 771),ثبت شد
TO-488,هدف فنی,کاهش فرسایش — هدف,۷۸ (میانگین چهار سناریو),درصد,— باید در بند متناظر نوشته شود,۱۴۰۵,C,HP-06,نوشتن مبنای عدد در بند متناظر — فعلاً بدون لنگرگاه (سطر 772),ثبت شد
SC-111,مقیاس,فرسایش پایه و هدف (دیشموک),۱۲٫۶ → ۰٫۵۶,تن در هکتار در سال,— باید در بند متناظر نوشته شود,۱۴۰۵,C,HP-06,نوشتن مبنای عدد در بند متناظر — فعلاً بدون لنگرگاه (سطر 773),ثبت شد
CB-10,کربن,کربن آلی خاک — هدف — HP-06,۱٫۵ (از ۰٫۸),درصد وزنی، افق ۵–۱۰ سال,— باید در بند متناظر نوشته شود,۱۴۰۵,C,HP-06,نوشتن مبنای عدد در بند متناظر — فعلاً بدون لنگرگاه (سطر 774),ثبت شد
SC-112,مقیاس,ترسیب کربن — هدف — HP-06,۱٫۲ (از ۰٫۲),تن در هکتار در سال,— باید در بند متناظر نوشته شود,۱۴۰۵,C,HP-06,نوشتن مبنای عدد در بند متناظر — فعلاً بدون لنگرگاه (سطر 775),ثبت شد
TO-489,هدف فنی,S-index (Dexter) — هدف,۰٫۰۵۰ (از ۰٫۰۲۵),بدون بعد، افق سال ۲,— باید در بند متناظر نوشته شود,۱۴۰۵,C,HP-06,نوشتن مبنای عدد در بند متناظر — فعلاً بدون لنگرگاه (سطر 776),ثبت شد
M-62,مواد,چگالی ظاهری خاک — هدف,۱٫۲۵ (از ۱٫۵۵),تن بر مترمکعب,— باید در بند متناظر نوشته شود,۱۴۰۵,C,HP-06,نوشتن مبنای عدد در بند متناظر — فعلاً بدون لنگرگاه (سطر 777),ثبت شد
SC-113,مقیاس,عملکرد گندم دیم — هدف — HP-06,۱٫۸ (از ۱٫۲),تن در هکتار، افق سال ۲,— باید در بند متناظر نوشته شود,۱۴۰۵,C,HP-06,نوشتن مبنای عدد در بند متناظر — فعلاً بدون لنگرگاه (سطر 778),ثبت شد
SC-114,مقیاس,مصرف آب گندم آبی — هدف,۳۵۰۰ (از ۶۰۰۰),مترمکعب در هکتار,— باید در بند متناظر نوشته شود,۱۴۰۵,C,HP-06,نوشتن مبنای عدد در بند متناظر — فعلاً بدون لنگرگاه (سطر 779),ثبت شد
TO-490,هدف فنی,کاهش نیترات آبخوان — هدف,۶۰,درصد,— باید در بند متناظر نوشته شود,۱۴۰۵,C,HP-06,نوشتن مبنای عدد در بند متناظر — فعلاً بدون لنگرگاه (سطر 780),ثبت شد
TO-491,هدف فنی,افزایش پوشش گیاهی مرتع — هدف,۲۵ → ۶۵ (افق ۲ سال),درصد,— باید در بند متناظر نوشته شود,۱۴۰۵,C,HP-06,نوشتن مبنای عدد در بند متناظر — فعلاً بدون لنگرگاه (سطر 781),ثبت شد
TO-492,هدف فنی,تعداد لایه‌های پروفیل,۶ (مالچ، خاک سطحی، بیوچار، ماسه، خاک رس، بستر طبیعی),لایه,— باید در بند متناظر نوشته شود,۱۴۰۵,C,HP-06,نوشتن مبنای عدد در بند متناظر — فعلاً بدون لنگرگاه (سطر 782),ثبت شد
TO-493,هدف فنی,ضخامت لایه‌های پروفیل (لایه ۱ تا ۵),۵–۱۰، ۲۰–۳۰، ۱۰–۱۵، ۱۵–۲۰، ۳۰–۵۰,سانتی‌متر,— باید در بند متناظر نوشته شود,۱۴۰۵,C,HP-06,نوشتن مبنای عدد در بند متناظر — فعلاً بدون لنگرگاه (سطر 783),ثبت شد
TO-494,هدف فنی,عمق کل پروفیل (لایه ۱ تا ۶),۸۰–۱۲۵ (اجرا تا عمق ۱٫۵–۲ متر),سانتی‌متر,— باید در بند متناظر نوشته شود,۱۴۰۵,C,HP-06,نوشتن مبنای عدد در بند متناظر — فعلاً بدون لنگرگاه (سطر 784),ثبت شد
TO-495,هدف فنی,عمق کل HP-06 بر حسب اقلیم (دیشموک، بهبهان، تالش، یاسوج),۲٫۰، ۱٫۸، ۱٫۵، ۱٫۸,متر,— باید در بند متناظر نوشته شود,۱۴۰۵,C,HP-06,نوشتن مبنای عدد در بند متناظر — فعلاً بدون لنگرگاه (سطر 785),ثبت شد
TO-496,هدف فنی,درصد بیوچار در لایه بافر,۵,درصد وزنی,— باید در بند متناظر نوشته شود,۱۴۰۵,C,HP-06,نوشتن مبنای عدد در بند متناظر — فعلاً بدون لنگرگاه (سطر 786),ثبت شد
SC-115,مقیاس,درصد کمپوست در لایه خاک سطحی,۵–۱۵ (استاندارد ۱۰),درصد وزنی,— باید در بند متناظر نوشته شود,۱۴۰۵,C,HP-06,نوشتن مبنای عدد در بند متناظر — فعلاً بدون لنگرگاه (سطر 787),ثبت شد
TO-497,هدف فنی,تخلخل هدف پس از تراکم,۰٫۳۰,بدون بعد,— باید در بند متناظر نوشته شود,۱۴۰۵,C,HP-06,نوشتن مبنای عدد در بند متناظر — فعلاً بدون لنگرگاه (سطر 792),ثبت شد
TO-498,هدف فنی,تعداد پاس غلتک در تراکم لایه رسی,۴–۶,پاس,— باید در بند متناظر نوشته شود,۱۴۰۵,C,HP-06,نوشتن مبنای عدد در بند متناظر — فعلاً بدون لنگرگاه (سطر 793),ثبت شد
TO-499,هدف فنی,ضخامت هر پاس تراکم,۱۰,سانتی‌متر,— باید در بند متناظر نوشته شود,۱۴۰۵,C,HP-06,نوشتن مبنای عدد در بند متناظر — فعلاً بدون لنگرگاه (سطر 794),ثبت شد
SC-116,مقیاس,تعداد نمونه مرکب خاک پیش از اجرا,۱۰,نمونه در هر هکتار,— باید در بند متناظر نوشته شود,۱۴۰۵,C,HP-06,نوشتن مبنای عدد در بند متناظر — فعلاً بدون لنگرگاه (سطر 795),ثبت شد
M-63,مواد,عمق نمونه‌برداری خاک,۰–۳۰، ۳۰–۶۰، ۶۰–۱۰۰، ۱۰۰–۱۵۰,سانتی‌متر,— باید در بند متناظر نوشته شود,۱۴۰۵,C,HP-06,نوشتن مبنای عدد در بند متناظر — فعلاً بدون لنگرگاه (سطر 796),ثبت شد
SC-117,مقیاس,حجم خاکبرداری در هر هکتار,۱۰۰–۱۵۰,مترمکعب,— باید در بند متناظر نوشته شود,۱۴۰۵,C,HP-06,نوشتن مبنای عدد در بند متناظر — فعلاً بدون لنگرگاه (سطر 797),ثبت شد
TO-500,هدف فنی,شیب دیواره حفاری,۱:۱ (خاک پایدار) تا ۱٫۵:۱ (خاک ناپایدار),بدون بعد,— باید در بند متناظر نوشته شود,۱۴۰۵,C,HP-06,نوشتن مبنای عدد در بند متناظر — فعلاً بدون لنگرگاه (سطر 798),ثبت شد
SC-118,مقیاس,pH و EC هدف خاک سطحی,۶٫۵–۷٫۵ و کمتر از ۲,pH و dS/m,— باید در بند متناظر نوشته شود,۱۴۰۵,C,HP-06,نوشتن مبنای عدد در بند متناظر — فعلاً بدون لنگرگاه (سطر 799),ثبت شد
SC-119,مقیاس,CEC هدف خاک سطحی,بیش از ۱۵,centimol بر کیلوگرم,— باید در بند متناظر نوشته شود,۱۴۰۵,C,HP-06,نوشتن مبنای عدد در بند متناظر — فعلاً بدون لنگرگاه (سطر 800),ثبت شد
SC-120,مقیاس,فرسایش پایه و هدف (بهبهان، تالش، یاسوج),۸٫۵←۱٫۸، ۲۵←۶٫۵، ۱۸←۴,تن در هکتار در سال,— باید در بند متناظر نوشته شود,۱۴۰۵,C,HP-06,نوشتن مبنای عدد در بند متناظر — فعلاً بدون لنگرگاه (سطر 801),ثبت شد
SC-121,مقیاس,آستانه تحمل فرسایش (هدف طراحی),کمتر از ۲,تن در هکتار در سال,— باید در بند متناظر نوشته شود,۱۴۰۵,C,HP-06,نوشتن مبنای عدد در بند متناظر — فعلاً بدون لنگرگاه (سطر 802),ثبت شد
TO-501,هدف فنی,بهره‌وری آب — هدف (اراضی آبی),۰٫۹۲ ← ۱٫۸۶,کیلوگرم بر مترمکعب,— باید در بند متناظر نوشته شود,۱۴۰۵,C,HP-06,نوشتن مبنای عدد در بند متناظر — فعلاً بدون لنگرگاه (سطر 803),ثبت شد
TO-502,هدف فنی,کاهش نیاز آبیاری — هدف (اراضی آبی),۳۰–۵۰,درصد,— باید در بند متناظر نوشته شود,۱۴۰۵,C,HP-06,نوشتن مبنای عدد در بند متناظر — فعلاً بدون لنگرگاه (سطر 804),ثبت شد
TO-503,هدف فنی,کاهش نیاز آبیاری — هدف (باغات),۴۵,درصد,— باید در بند متناظر نوشته شود,۱۴۰۵,C,HP-06,نوشتن مبنای عدد در بند متناظر — فعلاً بدون لنگرگاه (سطر 805),ثبت شد
SC-122,مقیاس,عملکرد گندم آبی — هدف,۵٫۵ ← ۶٫۵,تن در هکتار,— باید در بند متناظر نوشته شود,۱۴۰۵,C,HP-06,نوشتن مبنای عدد در بند متناظر — فعلاً بدون لنگرگاه (سطر 806),ثبت شد
SC-123,مقیاس,ظرفیت چرایی مرتع پس از احیا,۱ ← ۲٫۵,گوسفند در هکتار,— باید در بند متناظر نوشته شود,۱۴۰۵,C,HP-06,نوشتن مبنای عدد در بند متناظر — فعلاً بدون لنگرگاه (سطر 807),ثبت شد
TO-504,هدف فنی,S-index (Dexter) — طبقه‌بندی معیار,کمتر از ۰٫۰۲۰ ضعیف · ۰٫۰۲۰–۰٫۰۳۵ متوسط · ۰٫۰۳۵–۰٫۰۵۰ خوب · ۰٫۰۵۰ و بالاتر عالی,بدون بعد,— باید در بند متناظر نوشته شود,۱۴۰۵,C,HP-06,نوشتن مبنای عدد در بند متناظر — فعلاً بدون لنگرگاه (سطر 808),ثبت شد
SC-124,مقیاس,عمر مفید لایه‌های پروفیل (مالچ · خاک سطحی · بیوچار · ماسه · رس · بستر),۱ · ۲۰ · ۱۰ · ۵۰+ · ۵۰+ · دائمی,سال,— باید در بند متناظر نوشته شود,۱۴۰۵,C,HP-06,نوشتن مبنای عدد در بند متناظر — فعلاً بدون لنگرگاه (سطر 809),ثبت شد
TO-505,هدف فنی,پایداری کل بسته,۵۰+,سال,— باید در بند متناظر نوشته شود,۱۴۰۵,C,HP-06,نوشتن مبنای عدد در بند متناظر — فعلاً بدون لنگرگاه (سطر 810),ثبت شد
FN-232,مالی,هزینه نگهداری سالانه (مجموع جدول ۸.۱) — HP-06,۲۵,دلار در هکتار در سال,— باید در بند متناظر نوشته شود,۱۴۰۵,C,HP-06,نوشتن مبنای عدد در بند متناظر — فعلاً بدون لنگرگاه (سطر 811),ثبت شد
SC-125,مقیاس,زمان نگهداری سالانه (مجموع جدول ۸.۱) — HP-06,۱۰,ساعت در هکتار,— باید در بند متناظر نوشته شود,۱۴۰۵,C,HP-06,نوشتن مبنای عدد در بند متناظر — فعلاً بدون لنگرگاه (سطر 812),ثبت شد
FN-233,مالی,هزینه بسته آزمون خاک پیش از اجرا,۱۱۰,دلار در هر هکتار,— باید در بند متناظر نوشته شود,۱۴۰۵,C,HP-06,نوشتن مبنای عدد در بند متناظر — فعلاً بدون لنگرگاه (سطر 813),ثبت شد
SC-126,مقیاس,زمان اجرا در هر هکتار — HP-06,۹٫۵,روز کاری (تیم ۶ نفره),— باید در بند متناظر نوشته شود,۱۴۰۵,C,HP-06,نوشتن مبنای عدد در بند متناظر — فعلاً بدون لنگرگاه (سطر 825),ثبت شد
ST-26,استاندارد,استانداردهای مرجع — HP-07,FAO Composting، IBI، ISO 14001، ISO 45001,— ارجاع «USDA-NRCS CPS 484» حذف شد — شمارهٔ استاندارد تأییدنشده,— باید در بند متناظر نوشته شود,۱۴۰۵,C,HP-07,نوشتن مبنای عدد در بند متناظر — فعلاً بدون لنگرگاه (سطر 65),ثبت شد
M-64,مواد,تعداد لایه‌های مالچ,۵ (مجموع ضخامت ۳–۱۰),لایه,— باید در بند متناظر نوشته شود,۱۴۰۵,C,HP-07,نوشتن مبنای عدد در بند متناظر — فعلاً بدون لنگرگاه (سطر 1023),ثبت شد
M-65,مواد,گروه‌های ماده اولیه,۶ (بقایای زراعی، برگ درختان، کود حیوانی، کمپوست، بیوچار، کود سبز),گروه,— باید در بند متناظر نوشته شود,۱۴۰۵,C,HP-07,نوشتن مبنای عدد در بند متناظر — فعلاً بدون لنگرگاه (سطر 1024),ثبت شد
M-66,مواد,تعداد کاربرد سالانه مالچ,۴ (بهار، تابستان، پاییز، زمستان),کاربرد در سال,— باید در بند متناظر نوشته شود,۱۴۰۵,C,HP-07,نوشتن مبنای عدد در بند متناظر — فعلاً بدون لنگرگاه (سطر 1025),ثبت شد
M-67,مواد,ضخامت مالچ در اقلیم مرطوب (تالش),۳–۵,سانتی‌متر,— باید در بند متناظر نوشته شود,۱۴۰۵,C,HP-07,نوشتن مبنای عدد در بند متناظر — فعلاً بدون لنگرگاه (سطر 1026),ثبت شد
M-68,مواد,زمان تجزیه مالچ,۳–۶,ماه,— باید در بند متناظر نوشته شود,۱۴۰۵,C,HP-07,نوشتن مبنای عدد در بند متناظر — فعلاً بدون لنگرگاه (سطر 1027),ثبت شد
TO-506,هدف فنی,آستانه نیاز به تثبیت مالج در باد شدید,۴۰,کیلومتر بر ساعت,— باید در بند متناظر نوشته شود,۱۴۰۵,C,HP-07,نوشتن مبنای عدد در بند متناظر — فعلاً بدون لنگرگاه (سطر 1028),ثبت شد
M-69,مواد,آستانه EC خاک برای ترکیب ویژه,بیش از ۸,dS/m,— باید در بند متناظر نوشته شود,۱۴۰۵,C,HP-07,نوشتن مبنای عدد در بند متناظر — فعلاً بدون لنگرگاه (سطر 1029),ثبت شد
M-70,مواد,آستانه رس خاک شنی برای افزایش بیوچار,کمتر از ۵,درصد,— باید در بند متناظر نوشته شود,۱۴۰۵,C,HP-07,نوشتن مبنای عدد در بند متناظر — فعلاً بدون لنگرگاه (سطر 1030),ثبت شد
M-71,مواد,درصد بیوچار مورد نیاز در خاک شنی یا شور,۱۵,درصد وزنی,— باید در بند متناظر نوشته شود,۱۴۰۵,C,HP-07,نوشتن مبنای عدد در بند متناظر — فعلاً بدون لنگرگاه (سطر 1031),ثبت شد
TO-507,هدف فنی,مدت زمان کار نگهداری سالانه,۴٫۲۵,روز در سال,— باید در بند متناظر نوشته شود,۱۴۰۵,C,HP-07,نوشتن مبنای عدد در بند متناظر — فعلاً بدون لنگرگاه (سطر 1032),ثبت شد
TO-508,هدف فنی,زمان تولید کمپوست مزرعه‌ای,۶۰–۹۰,روز,— باید در بند متناظر نوشته شود,۱۴۰۵,C,HP-07,نوشتن مبنای عدد در بند متناظر — فعلاً بدون لنگرگاه (سطر 1033),ثبت شد
S-14,محیط زیست,تنوع زیستی — هدف,افزایش ۳۰,درصد,— باید در بند متناظر نوشته شود,۱۴۰۵,C,HP-07,نوشتن مبنای عدد در بند متناظر — فعلاً بدون لنگرگاه (سطر 1034),ثبت شد
M-72,مواد,کاهش آلودگی آب و خاک — هدف,۶۰,درصد,— باید در بند متناظر نوشته شود,۱۴۰۵,C,HP-07,نوشتن مبنای عدد در بند متناظر — فعلاً بدون لنگرگاه (سطر 1035),ثبت شد
SC-127,مقیاس,عملکرد گندم آبی و بهره‌وری آب — هدف,۵٫۵ ← ۶٫۵ · ۰٫۹۲ ← ۱٫۸۱,تن در هکتار · کیلوگرم بر مترمکعب,— باید در بند متناظر نوشته شود,۱۴۰۵,C,HP-07,نوشتن مبنای عدد در بند متناظر — فعلاً بدون لنگرگاه (سطر 1036),ثبت شد
GV-18,حکمرانی,سهم آب ذخیره‌شده که بدون HP-07 از دست می‌رود,۳۰,درصد,— باید در بند متناظر نوشته شود,۱۴۰۵,C,HP-07,نوشتن مبنای عدد در بند متناظر — فعلاً بدون لنگرگاه (سطر 1037),ثبت شد
TO-509,هدف فنی,پایداری بسته,۵۰+,سال,— باید در بند متناظر نوشته شود,۱۴۰۵,C,HP-07,نوشتن مبنای عدد در بند متناظر — فعلاً بدون لنگرگاه (سطر 1038),ثبت شد
FN-234,مالی,هزینه سرمایه‌ای (CAPEX) — کرانه پایین — HP-07,۱۰۰,دلار در هکتار,— باید در بند متناظر نوشته شود,۱۴۰۵,C,HP-07,نوشتن مبنای عدد در بند متناظر — فعلاً بدون لنگرگاه (سطر 1043),ثبت شد
FN-235,مالی,هزینه سرمایه‌ای (CAPEX) — کرانه بالا — HP-07,۲۰۰,دلار در هکتار,— باید در بند متناظر نوشته شود,۱۴۰۵,C,HP-07,نوشتن مبنای عدد در بند متناظر — فعلاً بدون لنگرگاه (سطر 1044),ثبت شد
FN-236,مالی,هزینه سرمایه‌ای (CAPEX) — میانگین — HP-07,۱۵۰,دلار در هکتار,— باید در بند متناظر نوشته شود,۱۴۰۵,C,HP-07,نوشتن مبنای عدد در بند متناظر — فعلاً بدون لنگرگاه (سطر 1045),ثبت شد
FN-237,مالی,هزینه عملیاتی (OPEX) سالانه — HP-07,۲۰,دلار در هکتار در سال,— باید در بند متناظر نوشته شود,۱۴۰۵,C,HP-07,نوشتن مبنای عدد در بند متناظر — فعلاً بدون لنگرگاه (سطر 1046),ثبت شد
FN-238,مالی,دوره بازگشت سرمایه — HP-07,۳–۴,سال,— باید در بند متناظر نوشته شود,۱۴۰۵,C,HP-07,نوشتن مبنای عدد در بند متناظر — فعلاً بدون لنگرگاه (سطر 1047),ثبت شد
SC-128,مقیاس,درآمد کشاورز,۱۸۰ (از سال ۳),دلار در هکتار در سال,— باید در بند متناظر نوشته شود,۱۴۰۵,C,HP-07,نوشتن مبنای عدد در بند متناظر — فعلاً بدون لنگرگاه (سطر 1050),ثبت شد
SC-129,مقیاس,ارزش سالانه خدمات اکوسیستمی بسته — HP-07,۱۹۵,دلار در هکتار در سال,— باید در بند متناظر نوشته شود,۱۴۰۵,C,HP-07,نوشتن مبنای عدد در بند متناظر — فعلاً بدون لنگرگاه (سطر 1051),ثبت شد
TO-510,هدف فنی,تبخیر سالانه — هدف,۵۲۸ (از ۱۲۰۰),میلی‌متر در سال,— باید در بند متناظر نوشته شود,۱۴۰۵,C,HP-07,نوشتن مبنای عدد در بند متناظر — فعلاً بدون لنگرگاه (سطر 1052),ثبت شد
SC-130,مقیاس,فرسایش آبی و بادی — هدف,۱٫۵–۴٫۷ (از ۲۵),تن در هکتار در سال,— باید در بند متناظر نوشته شود,۱۴۰۵,C,HP-07,نوشتن مبنای عدد در بند متناظر — فعلاً بدون لنگرگاه (سطر 1053),ثبت شد
CB-11,کربن,کربن آلی خاک — هدف — HP-07,۱٫۲ (از ۰٫۸),درصد وزنی، افق سال ۵,— باید در بند متناظر نوشته شود,۱۴۰۵,C,HP-07,نوشتن مبنای عدد در بند متناظر — فعلاً بدون لنگرگاه (سطر 1054),ثبت شد
SC-131,مقیاس,ترسیب کربن — HP-07,۰٫۵,تن CO₂ در هکتار در سال,— باید در بند متناظر نوشته شود,۱۴۰۵,C,HP-07,نوشتن مبنای عدد در بند متناظر — فعلاً بدون لنگرگاه (سطر 1055),ثبت شد
M-73,مواد,نوسان دمای خاک — هدف,۱۲ → ۶,درجه سانتی‌گراد,— باید در بند متناظر نوشته شود,۱۴۰۵,C,HP-07,نوشتن مبنای عدد در بند متناظر — فعلاً بدون لنگرگاه (سطر 1056),ثبت شد
M-74,مواد,رطوبت خاک — هدف,۱۵ → ۱۸,درصد حجمی,— باید در بند متناظر نوشته شود,۱۴۰۵,C,HP-07,نوشتن مبنای عدد در بند متناظر — فعلاً بدون لنگرگاه (سطر 1057),ثبت شد
SC-132,مقیاس,عملکرد گندم دیم — هدف — HP-07,۱٫۲ → ۱٫۷,تن در هکتار، افق سال ۲,— باید در بند متناظر نوشته شود,۱۴۰۵,C,HP-07,نوشتن مبنای عدد در بند متناظر — فعلاً بدون لنگرگاه (سطر 1058),ثبت شد
SC-133,مقیاس,نیاز آبیاری — هدف,۶۰۰۰ → ۳۶۰۰,مترمکعب در هکتار,— باید در بند متناظر نوشته شود,۱۴۰۵,C,HP-07,نوشتن مبنای عدد در بند متناظر — فعلاً بدون لنگرگاه (سطر 1059),ثبت شد
TO-511,هدف فنی,فعالیت میکروبی — هدف,۲۰ → ۵۵,میلی‌گرم CO₂ بر کیلوگرم در ۲۴ ساعت,— باید در بند متناظر نوشته شود,۱۴۰۵,C,HP-07,نوشتن مبنای عدد در بند متناظر — فعلاً بدون لنگرگاه (سطر 1060),ثبت شد
TO-512,هدف فنی,پوشش گیاهی مرتع — هدف,۲۵ → ۵۵ (افق ۲ سال),درصد,— باید در بند متناظر نوشته شود,۱۴۰۵,C,HP-07,نوشتن مبنای عدد در بند متناظر — فعلاً بدون لنگرگاه (سطر 1061),ثبت شد
TO-513,هدف فنی,ضریب کاهش تبخیر (α),۰٫۰۶,بر سانتی‌متر ضخامت,— باید در بند متناظر نوشته شود,۱۴۰۵,C,HP-07,نوشتن مبنای عدد در بند متناظر — فعلاً بدون لنگرگاه (سطر 1062),ثبت شد
TO-514,هدف فنی,ضریب کاهش دما (β),۰٫۰۸,بر سانتی‌متر ضخامت,— باید در بند متناظر نوشته شود,۱۴۰۵,C,HP-07,نوشتن مبنای عدد در بند متناظر — فعلاً بدون لنگرگاه (سطر 1063),ثبت شد
SC-134,مقیاس,تثبیت نیتروژن (ماش، شبدر، یونجه),۲۰۰–۴۰۰,کیلوگرم N در هکتار در سال,— باید در بند متناظر نوشته شود,۱۴۰۵,C,HP-07,نوشتن مبنای عدد در بند متناظر — فعلاً بدون لنگرگاه (سطر 1071),ثبت شد
SC-135,مقیاس,زمان اجرا در هر هکتار — HP-07,۲–۳,روز کاری (تیم ۴ نفر),— باید در بند متناظر نوشته شود,۱۴۰۵,C,HP-07,نوشتن مبنای عدد در بند متناظر — فعلاً بدون لنگرگاه (سطر 1072),ثبت شد
ST-27,استاندارد,استانداردهای مرجع — HP-08,FAO Agroforestry 2015، ICRAF، ISO 14001، ISO 45001,— ارجاع «USDA-NRCS CPS 601، 580، 378» حذف شد — شمارهٔ استاندارد تأییدنشده,— باید در بند متناظر نوشته شود,۱۴۰۵,C,HP-08,نوشتن مبنای عدد در بند متناظر — فعلاً بدون لنگرگاه (سطر 57),ثبت شد
M-75,مواد,۳ — HP-08,بندک تأخیری در بالای شیب (اگر شیب > ۳۰٪ و کمتر از ۴۵٪),سنگ‌چین دستی یا بیل,— باید در بند متناظر نوشته شود,۱۴۰۵,C,HP-08,نوشتن مبنای عدد در بند متناظر — فعلاً بدون لنگرگاه (سطر 708),ثبت شد
FN-239,مالی,هزینه سرمایه‌ای (CAPEX) — HP-08,۹۵۰ (دامنه ۴۰۰ تا ۱٬۵۰۰),دلار در هکتار,— باید در بند متناظر نوشته شود,۱۴۰۵,C,HP-08,نوشتن مبنای عدد در بند متناظر — فعلاً بدون لنگرگاه (سطر 1168),ثبت شد
FN-240,مالی,هزینه عملیاتی (OPEX) — HP-08,۱۲۰,دلار در هکتار در سال,— باید در بند متناظر نوشته شود,۱۴۰۵,C,HP-08,نوشتن مبنای عدد در بند متناظر — فعلاً بدون لنگرگاه (سطر 1169),ثبت شد
TO-515,هدف فنی,تعداد لایه گیاهی,۵,لایه,— باید در بند متناظر نوشته شود,۱۴۰۵,C,HP-08,نوشتن مبنای عدد در بند متناظر — فعلاً بدون لنگرگاه (سطر 1173),ثبت شد
SC-136,مقیاس,تعداد گونه در هکتار,۲۵ به بالا,گونه,— باید در بند متناظر نوشته شود,۱۴۰۵,C,HP-08,نوشتن مبنای عدد در بند متناظر — فعلاً بدون لنگرگاه (سطر 1174),ثبت شد
TO-516,هدف فنی,تعداد عمق ریشه متمایز,۴,عمق,— باید در بند متناظر نوشته شود,۱۴۰۵,C,HP-08,نوشتن مبنای عدد در بند متناظر — فعلاً بدون لنگرگاه (سطر 1175),ثبت شد
TO-517,هدف فنی,بهره‌وری نور مجموع لایه‌ها,۹۷ (پایه کشت تک‌محصولی ۵۵),درصد,— باید در بند متناظر نوشته شود,۱۴۰۵,C,HP-08,نوشتن مبنای عدد در بند متناظر — فعلاً بدون لنگرگاه (سطر 1176),ثبت شد
TO-518,هدف فنی,بهره‌وری آب (WUE),۱٫۵ (پایه ۰٫۸),کیلوگرم بر مترمکعب,— باید در بند متناظر نوشته شود,۱۴۰۵,C,HP-08,نوشتن مبنای عدد در بند متناظر — فعلاً بدون لنگرگاه (سطر 1177),ثبت شد
SC-137,مقیاس,عملکرد کل,۵٬۰۰۰ (پایه ۳٬۰۰۰),کیلوگرم در هکتار,— باید در بند متناظر نوشته شود,۱۴۰۵,C,HP-08,نوشتن مبنای عدد در بند متناظر — فعلاً بدون لنگرگاه (سطر 1179),ثبت شد
TO-519,هدف فنی,افزایش عملکرد — HP-08,۶۷,درصد,— باید در بند متناظر نوشته شود,۱۴۰۵,C,HP-08,نوشتن مبنای عدد در بند متناظر — فعلاً بدون لنگرگاه (سطر 1180),ثبت شد
SC-138,مقیاس,درآمد سالانه کشاورز,۲٬۵۰۰ (پایه ۶۰۰),دلار در هکتار در سال,— باید در بند متناظر نوشته شود,۱۴۰۵,C,HP-08,نوشتن مبنای عدد در بند متناظر — فعلاً بدون لنگرگاه (سطر 1181),ثبت شد
S-15,محیط زیست,شاخص تنوع شانون — HP-08,۰.۵ به ۱٫۶۸ تا ۲٫۱۹,بیت,— باید در بند متناظر نوشته شود,۱۴۰۵,C,HP-08,نوشتن مبنای عدد در بند متناظر — فعلاً بدون لنگرگاه (سطر 1183),ثبت شد
SC-139,مقیاس,ترسیب کربن — HP-08,۴.۲ به ۲۰.۲,تن CO₂e در هکتار در ۱۰ سال,— باید در بند متناظر نوشته شود,۱۴۰۵,C,HP-08,نوشتن مبنای عدد در بند متناظر — فعلاً بدون لنگرگاه (سطر 1185),ثبت شد
TO-520,هدف فنی,تاب‌آوری در برابر خشکسالی,۱ به ۳,برابر,— باید در بند متناظر نوشته شود,۱۴۰۵,C,HP-08,نوشتن مبنای عدد در بند متناظر — فعلاً بدون لنگرگاه (سطر 1189),ثبت شد
FN-241,مالی,هزینه جایگزینی نهال تلف,۶۰,دلار در هکتار (دوساله),— باید در بند متناظر نوشته شود,۱۴۰۵,C,HP-08,نوشتن مبنای عدد در بند متناظر — فعلاً بدون لنگرگاه (سطر 1191),ثبت شد
TO-521,هدف فنی,ویه ثبت می‌شود. همچنین ادعای «همهٔ,۱۲,—,— باید در بند متناظر نوشته شود,۱۴۰۵,C,HP-09,نوشتن مبنای عدد در بند متناظر — فعلاً بدون لنگرگاه (سطر 436),ثبت شد
FN-242,مالی,هزینه سرمایه‌ای (CAPEX) — HP-09,۱۲۰,دلار در هکتار,— باید در بند متناظر نوشته شود,۱۴۰۵,C,HP-09,نوشتن مبنای عدد در بند متناظر — فعلاً بدون لنگرگاه (سطر 602),ثبت شد
FN-243,مالی,هزینه عملیاتی (OPEX) — HP-09,۴۰,دلار در هکتار در سال,— باید در بند متناظر نوشته شود,۱۴۰۵,C,HP-09,نوشتن مبنای عدد در بند متناظر — فعلاً بدون لنگرگاه (سطر 603),ثبت شد
FN-244,مالی,نسبت هزینه-فایده (B/C) — HP-09,۶٫۸,نسبت,— باید در بند متناظر نوشته شود,۱۴۰۵,C,HP-09,نوشتن مبنای عدد در بند متناظر — فعلاً بدون لنگرگاه (سطر 604),ثبت شد
FN-245,مالی,نرخ بازده داخلی (IRR) — HP-09,۳۱۲,درصد,— باید در بند متناظر نوشته شود,۱۴۰۵,C,HP-09,نوشتن مبنای عدد در بند متناظر — فعلاً بدون لنگرگاه (سطر 607),ثبت شد
ST-28,استاندارد,تعداد جفت آزمون سازگاری در ماتریس ۱۲×۱۲,۶۶ (= ۱۲ × ۱۱ ÷ ۲),جفت,— باید در بند متناظر نوشته شود,۱۴۰۵,C,HP-09,نوشتن مبنای عدد در بند متناظر — فعلاً بدون لنگرگاه (سطر 609),ثبت شد
FN-246,مالی,بازمحاسبهٔ B/C پنج‌ساله از جدول‌های ۹.۱ و ۹.۲ — HP-09,(۵۵۰ + ۴×۷۵۰) ÷ (۲۴۲ + ۴×۷۲) = ۳٬۵۵۰ ÷ ۵۳۰ = ۶٫۷۰,نسبت,— باید در بند متناظر نوشته شود,۱۴۰۵,C,HP-09,نوشتن مبنای عدد در بند متناظر — فعلاً بدون لنگرگاه (سطر 610),ثبت شد
TO-522,هدف فنی,تعداد سویه,۱۲,سویه در ۳ گروه عملکردی,— باید در بند متناظر نوشته شود,۱۴۰۵,C,HP-09,نوشتن مبنای عدد در بند متناظر — فعلاً بدون لنگرگاه (سطر 611),ثبت شد
TO-523,هدف فنی,تعداد گروه عملکردی,۳,گروه,— باید در بند متناظر نوشته شود,۱۴۰۵,C,HP-09,نوشتن مبنای عدد در بند متناظر — فعلاً بدون لنگرگاه (سطر 612),ثبت شد
M-76,مواد,تعداد ماده حامل بررسی‌شده,۶,ماده,— باید در بند متناظر نوشته شود,۱۴۰۵,C,HP-09,نوشتن مبنای عدد در بند متناظر — فعلاً بدون لنگرگاه (سطر 613),ثبت شد
SC-140,مقیاس,تثبیت نیتروژن,۸۰-۲۲۰,کیلوگرم N در هکتار در سال,— باید در بند متناظر نوشته شود,۱۴۰۵,C,HP-09,نوشتن مبنای عدد در بند متناظر — فعلاً بدون لنگرگاه (سطر 614),ثبت شد
SC-141,مقیاس,انحلال فسفر,۳۰-۸۰,کیلوگرم P در هکتار در سال,— باید در بند متناظر نوشته شود,۱۴۰۵,C,HP-09,نوشتن مبنای عدد در بند متناظر — فعلاً بدون لنگرگاه (سطر 615),ثبت شد
TO-524,هدف فنی,افزایش عملکرد — HP-09,۲۵-۴۰,درصد,— باید در بند متناظر نوشته شود,۱۴۰۵,C,HP-09,نوشتن مبنای عدد در بند متناظر — فعلاً بدون لنگرگاه (سطر 616),ثبت شد
TO-525,هدف فنی,کنترل بیماری,۶۰-۸۰,درصد کاهش,— باید در بند متناظر نوشته شود,۱۴۰۵,C,HP-09,نوشتن مبنای عدد در بند متناظر — فعلاً بدون لنگرگاه (سطر 617),ثبت شد
SC-142,مقیاس,کاهش انتشار گازهای گلخانه‌ای,۸۶ (۷۳۰ کیلوگرم CO₂e),درصد (کیلوگرم CO₂e در هکتار),— باید در بند متناظر نوشته شود,۱۴۰۵,C,HP-09,نوشتن مبنای عدد در بند متناظر — فعلاً بدون لنگرگاه (سطر 618),ثبت شد
SC-143,مقیاس,صرفه‌جویی آب آبیاری — HP-09,۱٬۴۰۰,مترمکعب در هکتار در سال,— باید در بند متناظر نوشته شود,۱۴۰۵,C,HP-09,نوشتن مبنای عدد در بند متناظر — فعلاً بدون لنگرگاه (سطر 621),ثبت شد
SC-144,مقیاس,ترسیب کربن — HP-09,۱٫۵,تن کربن در هکتار در سال,— باید در بند متناظر نوشته شود,۱۴۰۵,C,HP-09,نوشتن مبنای عدد در بند متناظر — فعلاً بدون لنگرگاه (سطر 622),ثبت شد
SC-145,مقیاس,ترسیب کربن معادل CO₂e,۵٫۵,تن CO₂e در هکتار,— باید در بند متناظر نوشته شود,۱۴۰۵,C,HP-09,نوشتن مبنای عدد در بند متناظر — فعلاً بدون لنگرگاه (سطر 623),ثبت شد
M-77,مواد,شاخص تنوع شانون خاک,۲٫۵ به ۳٫۲,بیت,— باید در بند متناظر نوشته شود,۱۴۰۵,C,HP-09,نوشتن مبنای عدد در بند متناظر — فعلاً بدون لنگرگاه (سطر 625),ثبت شد
FN-247,مالی,هزینه جایگزینی سویه — HP-09,۵۰,دلار در هکتار,— باید در بند متناظر نوشته شود,۱۴۰۵,C,HP-09,نوشتن مبنای عدد در بند متناظر — فعلاً بدون لنگرگاه (سطر 627),ثبت شد
FN-248,مالی,هزینه سرمایه‌ای (CAPEX) — HP-10,۲۵۰,دلار در هکتار,— باید در بند متناظر نوشته شود,۱۴۰۵,C,HP-10,نوشتن مبنای عدد در بند متناظر — فعلاً بدون لنگرگاه (سطر 508),ثبت شد
FN-249,مالی,هزینه عملیاتی (OPEX) — HP-10,۸۰,دلار در هکتار در سال,— باید در بند متناظر نوشته شود,۱۴۰۵,C,HP-10,نوشتن مبنای عدد در بند متناظر — فعلاً بدون لنگرگاه (سطر 509),ثبت شد
FN-250,مالی,نسبت هزینه-فایده (B/C) — HP-10,۵٫۲ — برچسب بسته‌ای، تک‌هکتاری، افق ۵ ساله، بدون خدمات اکوسیستمی — عدد سرصفحهٔ محافظت‌شده؛ بازمحاسبهٔ همین کتابچه ۶٫۳,نسبت,— باید در بند متناظر نوشته شود,۱۴۰۵,C,HP-10,نوشتن مبنای عدد در بند متناظر — فعلاً بدون لنگرگاه (سطر 510),ثبت شد
FN-251,مالی,نرخ بازده داخلی (IRR) — HP-10,۱۸۷,درصد,— باید در بند متناظر نوشته شود,۱۴۰۵,C,HP-10,نوشتن مبنای عدد در بند متناظر — فعلاً بدون لنگرگاه (سطر 513),ثبت شد
TO-526,هدف فنی,تعداد لایه‌های کنترل,۶,لایه,— باید در بند متناظر نوشته شود,۱۴۰۵,C,HP-10,نوشتن مبنای عدد در بند متناظر — فعلاً بدون لنگرگاه (سطر 514),ثبت شد
TO-527,هدف فنی,تعداد عوامل بیولوژیک,۱۸,عامل (۶+۶+۶),— باید در بند متناظر نوشته شود,۱۴۰۵,C,HP-10,نوشتن مبنای عدد در بند متناظر — فعلاً بدون لنگرگاه (سطر 515),ثبت شد
SP-10,گونه,تعداد گیاهان حشره‌کش بومی,۸,گونه,— باید در بند متناظر نوشته شود,۱۴۰۵,C,HP-10,نوشتن مبنای عدد در بند متناظر — فعلاً بدون لنگرگاه (سطر 516),ثبت شد
SC-146,مقیاس,کاهش مصرف آفت‌کش شیمیایی,۹۱ (از ۳٫۵ به ۰٫۳),درصد (کیلوگرم ماده فعال در هکتار),— باید در بند متناظر نوشته شود,۱۴۰۵,C,HP-10,نوشتن مبنای عدد در بند متناظر — فعلاً بدون لنگرگاه (سطر 517),ثبت شد
TO-528,هدف فنی,حفظ حشرات مفید,۲۸,برابر,— باید در بند متناظر نوشته شود,۱۴۰۵,C,HP-10,نوشتن مبنای عدد در بند متناظر — فعلاً بدون لنگرگاه (سطر 518),ثبت شد
TO-529,هدف فنی,کاهش خسارت محصول,۶۰-۷۰,درصد,— باید در بند متناظر نوشته شود,۱۴۰۵,C,HP-10,نوشتن مبنای عدد در بند متناظر — فعلاً بدون لنگرگاه (سطر 519),ثبت شد
TO-530,هدف فنی,افزایش عملکرد — HP-10,۲۲,درصد,— باید در بند متناظر نوشته شود,۱۴۰۵,C,HP-10,نوشتن مبنای عدد در بند متناظر — فعلاً بدون لنگرگاه (سطر 520),ثبت شد
S-16,محیط زیست,شاخص تنوع شانون — HP-10,۲٫۰ به ۳٫۵,بیت,— باید در بند متناظر نوشته شود,۱۴۰۵,C,HP-10,نوشتن مبنای عدد در بند متناظر — فعلاً بدون لنگرگاه (سطر 521),ثبت شد
M-78,مواد,بهبود سلامت خاک,+۲۵,درصد فعالیت میکروبی,— باید در بند متناظر نوشته شود,۱۴۰۵,C,HP-10,نوشتن مبنای عدد در بند متناظر — فعلاً بدون لنگرگاه (سطر 522),ثبت شد
SC-147,مقیاس,صرفه‌جویی آب آبیاری — HP-10,۱٬۲۰۰,مترمکعب در هکتار در سال,— باید در بند متناظر نوشته شود,۱۴۰۵,C,HP-10,نوشتن مبنای عدد در بند متناظر — فعلاً بدون لنگرگاه (سطر 523),ثبت شد
TO-531,هدف فنی,LD₅₀ حشره‌کش‌های گیاهی,بیش از ۱۰۰۰,میلی‌گرم بر کیلوگرم,— باید در بند متناظر نوشته شود,۱۴۰۵,C,HP-10,نوشتن مبنای عدد در بند متناظر — فعلاً بدون لنگرگاه (سطر 524),ثبت شد
FN-252,مالی,بازمحاسبهٔ B/C پنج‌ساله از جدول‌های ۹.۱ و ۹.۲ — HP-10,(۶۸۰ + ۴×۸۵۰) ÷ (۳۳۰ + ۴×۸۰) = ۴٬۰۸۰ ÷ ۶۵۰ = ۶٫۲۸,نسبت,— باید در بند متناظر نوشته شود,۱۴۰۵,C,HP-10,نوشتن مبنای عدد در بند متناظر — فعلاً بدون لنگرگاه (سطر 527),ثبت شد
FN-253,مالی,جمع هزینهٔ نیروی کار جدول ۵.۱,۷۲ تکرارشونده · ۱۳۰ با اقلام یک‌بار,دلار در هکتار,— باید در بند متناظر نوشته شود,۱۴۰۵,C,HP-10,نوشتن مبنای عدد در بند متناظر — فعلاً بدون لنگرگاه (سطر 528),ثبت شد
FN-254,مالی,هزینه جایگزینی سویه — HP-10,۵۰,دلار در هکتار,— باید در بند متناظر نوشته شود,۱۴۰۵,C,HP-10,نوشتن مبنای عدد در بند متناظر — فعلاً بدون لنگرگاه (سطر 530),ثبت شد
ST-29,استاندارد,استانداردهای مرجع — HP-11,FAO 2017، UNCCD، WOCAT، ISO 14001 — خانوادهٔ استاندارد بادشکن: شمارهٔ استاندارد پس از تأیید افزوده می‌شود,ارجاع «USDA-NRCS CPS 380» حذف شد — شمارهٔ استاندارد تأییدنشده,— باید در بند متناظر نوشته شود,۱۴۰۵,C,HP-11,نوشتن مبنای عدد در بند متناظر — فعلاً بدون لنگرگاه (سطر 57),ثبت شد
FN-255,مالی,هزینه سرمایه‌ای (CAPEX) — سرصفحه,۸۰۰,دلار در هکتار,— باید در بند متناظر نوشته شود,۱۴۰۵,C,HP-11,نوشتن مبنای عدد در بند متناظر — فعلاً بدون لنگرگاه (سطر 500),ثبت شد
FN-256,مالی,هزینه سرمایه‌ای (CAPEX) — جمع بابت نهال از جدول ۹.۱,۵٬۰۰۰,دلار در هکتار,— باید در بند متناظر نوشته شود,۱۴۰۵,C,HP-11,نوشتن مبنای عدد در بند متناظر — فعلاً بدون لنگرگاه (سطر 501),ثبت شد
SC-148,مقیاس,مغایرت حل‌نشده — تعداد نهال با فاصلهٔ ۲ × ۱.۵ متر,۳٬۳۳۳ در برابر ۲٬۵۰۰ (اختلاف ۸۳۳ نهال در هکتار),نهال در هکتار,— باید در بند متناظر نوشته شود,۱۴۰۵,C,HP-11,نوشتن مبنای عدد در بند متناظر — فعلاً بدون لنگرگاه (سطر 502),ثبت شد
TO-532,هدف فنی,کاهش سرعت باد,۶۰-۹۰,درصد,— باید در بند متناظر نوشته شود,۱۴۰۵,C,HP-11,نوشتن مبنای عدد در بند متناظر — فعلاً بدون لنگرگاه (سطر 508),ثبت شد
TO-533,هدف فنی,کاهش سرعت باد,۶۰-۹۰ هدف طراحی · ۳۳ خروجی فرمول در ۵H,درصد,— باید در بند متناظر نوشته شود,۱۴۰۵,C,HP-11,نوشتن مبنای عدد در بند متناظر — فعلاً بدون لنگرگاه (سطر 509),ثبت شد
TO-534,هدف فنی,افزایش عملکرد محصول,۲۰-۳۰,درصد,— باید در بند متناظر نوشته شود,۱۴۰۵,C,HP-11,نوشتن مبنای عدد در بند متناظر — فعلاً بدون لنگرگاه (سطر 510),ثبت شد
SC-149,مقیاس,صرفه‌جویی آب آبیاری — HP-11,۲۲۵,مترمکعب در هکتار در سال,— باید در بند متناظر نوشته شود,۱۴۰۵,C,HP-11,نوشتن مبنای عدد در بند متناظر — فعلاً بدون لنگرگاه (سطر 511),ثبت شد
SC-150,مقیاس,ترسیب کربن — HP-11,۲,تن کربن در هکتار در سال,— باید در بند متناظر نوشته شود,۱۴۰۵,C,HP-11,نوشتن مبنای عدد در بند متناظر — فعلاً بدون لنگرگاه (سطر 512),ثبت شد
TO-535,هدف فنی,کاهش روزهای طوفان گرد و غبار,۶۰,درصد,— باید در بند متناظر نوشته شود,۱۴۰۵,C,HP-11,نوشتن مبنای عدد در بند متناظر — فعلاً بدون لنگرگاه (سطر 513),ثبت شد
S-17,محیط زیست,شاخص تنوع شانون (حشرات),۱٫۶ به ۲٫۹,بیت,— باید در بند متناظر نوشته شود,۱۴۰۵,C,HP-11,نوشتن مبنای عدد در بند متناظر — فعلاً بدون لنگرگاه (سطر 514),ثبت شد
TO-536,هدف فنی,تخلخل بهینه نظری,۰٫۶۳۲,بی‌بعد,— باید در بند متناظر نوشته شود,۱۴۰۵,C,HP-11,نوشتن مبنای عدد در بند متناظر — فعلاً بدون لنگرگاه (سطر 516),ثبت شد
TO-537,هدف فنی,ضریب گودی,وزن موتور غالب در اقلیم C1 و C5,ندارد — از سنجش از دور قابل استنباط نیست,— باید در بند متناظر نوشته شود,۱۴۰۵,C,HP-12,نوشتن مبنای عدد در بند متناظر — فعلاً بدون لنگرگاه (سطر 714),ثبت شد
TO-538,هدف فنی,نفر-روز در جدول کشاورز ۴ و جدول,۹٫۷,—,— باید در بند متناظر نوشته شود,۱۴۰۵,C,HP-12,نوشتن مبنای عدد در بند متناظر — فعلاً بدون لنگرگاه (سطر 1050),ثبت شد
TO-539,هدف فنی,وازده بند، بدنهٔ فصل,۵,—,— باید در بند متناظر نوشته شود,۱۴۰۵,C,HP-12,نوشتن مبنای عدد در بند متناظر — فعلاً بدون لنگرگاه (سطر 1524),ثبت شد
TO-540,هدف فنی,افزایش بهره‌وری آب در برابر هدف TO-01,در کران پایین دامنهٔ ۲۵ تا ۳۰ درصد قرار نمی‌گیرد,در کران پایین قرار نمی‌گیرد,— باید در بند متناظر نوشته شود,۱۴۰۵,C,HP-12,نوشتن مبنای عدد در بند متناظر — فعلاً بدون لنگرگاه (سطر 1692),ثبت شد
TO-541,هدف فنی,پایه — الگوی بدون بهبود,محقق نشدن کران پایین هدف TO-04 در دو فصل متوالی,اعلام وضعیت نیازمند خط پایه و توقف هر ادعای اثر پایش,— باید در بند متناظر نوشته شود,۱۴۰۵,C,HP-12,نوشتن مبنای عدد در بند متناظر — فعلاً بدون لنگرگاه (سطر 1699),ثبت شد
TO-542,هدف فنی,آن هفت اقلیم، تا انتخاب سایت، انجام‌نشدنی است. همهٔ اعداد آنها در جدول,۸٫۱۶,بر,— باید در بند متناظر نوشته شود,۱۴۰۵,C,HP-12,نوشتن مبنای عدد در بند متناظر — فعلاً بدون لنگرگاه (سطر 2260),ثبت شد
PL-13,پایلوت,S2 — توسعهٔ پایلوت,۵۰٬۰۰۰ هکتار,نیازمند خط پایه,— باید در بند متناظر نوشته شود,۱۴۰۵,C,HP-12,نوشتن مبنای عدد در بند متناظر — فعلاً بدون لنگرگاه (سطر 2295),ثبت شد
ST-30,استاندارد,متادیتای نقشه طبق استانداردهای ISO 19115 و ISO 19111 با شناسهٔ ST-09,بند ۱٫۷,برآورده با قید,— باید در بند متناظر نوشته شود,۱۴۰۵,C,HP-12,نوشتن مبنای عدد در بند متناظر — فعلاً بدون لنگرگاه (سطر 2947),ثبت شد
PR-04,قیمت,قیمت واحد هر حسگر,۱۶٫۵۹,دلار,— باید در بند متناظر نوشته شود,۱۴۰۵,C,HP-12,نوشتن مبنای عدد در بند متناظر — فعلاً بدون لنگرگاه (سطر 3453),ثبت شد
FN-257,مالی,هزینهٔ سخت‌افزار پایش سطح S1,۱٬۰۱۲,دلار در هکتار,— باید در بند متناظر نوشته شود,۱۴۰۵,C,HP-12,نوشتن مبنای عدد در بند متناظر — فعلاً بدون لنگرگاه (سطر 3454),ثبت شد
SC-151,مقیاس,اشتراک ابری,۱۲۰,دلار در هکتار در سال,— باید در بند متناظر نوشته شود,۱۴۰۵,C,HP-12,نوشتن مبنای عدد در بند متناظر — فعلاً بدون لنگرگاه (سطر 3456),ثبت شد
SC-152,مقیاس,پایش و نگهداری,۳۰,دلار در هکتار در سال,— باید در بند متناظر نوشته شود,۱۴۰۵,C,HP-12,نوشتن مبنای عدد در بند متناظر — فعلاً بدون لنگرگاه (سطر 3457),ثبت شد
SC-153,مقیاس,بازآموزی مدل,۸۰,دلار در هکتار در سال,— باید در بند متناظر نوشته شود,۱۴۰۵,C,HP-12,نوشتن مبنای عدد در بند متناظر — فعلاً بدون لنگرگاه (سطر 3458),ثبت شد
FN-258,مالی,میانگین هزینهٔ عملیاتی کل برنامه در سطح S3,۶۲,دلار در هکتار در سال,— باید در بند متناظر نوشته شود,۱۴۰۵,C,HP-12,نوشتن مبنای عدد در بند متناظر — فعلاً بدون لنگرگاه (سطر 3460),ثبت شد
SC-154,مقیاس,سرمایهٔ جایگزینی حسگر,۱۰۰,دلار در هکتار در سال,— باید در بند متناظر نوشته شود,۱۴۰۵,C,HP-12,نوشتن مبنای عدد در بند متناظر — فعلاً بدون لنگرگاه (سطر 3461),ثبت شد
SC-155,مقیاس,سرمایهٔ راه‌اندازی,۱۲,دلار در هکتار,— باید در بند متناظر نوشته شود,۱۴۰۵,C,HP-12,نوشتن مبنای عدد در بند متناظر — فعلاً بدون لنگرگاه (سطر 3462),ثبت شد
FN-259,مالی,نرخ روز کاری — HP-12,۲۰,دلار بر روز-کارگر,— باید در بند متناظر نوشته شود,۱۴۰۵,C,HP-12,نوشتن مبنای عدد در بند متناظر — فعلاً بدون لنگرگاه (سطر 3463),ثبت شد
SC-156,مقیاس,نفر-روز پایش و نگهداری,۱٫۵,نفر-روز در هکتار در سال,— باید در بند متناظر نوشته شود,۱۴۰۵,C,HP-12,نوشتن مبنای عدد در بند متناظر — فعلاً بدون لنگرگاه (سطر 3464),ثبت شد
SC-157,مقیاس,نفر-روز بازآموزی مدل,۴,نفر-روز در هکتار در سال,— باید در بند متناظر نوشته شود,۱۴۰۵,C,HP-12,نوشتن مبنای عدد در بند متناظر — فعلاً بدون لنگرگاه (سطر 3465),ثبت شد
SC-158,مقیاس,حجم نقطهٔ روزانه سطح S1,۵۰٬۰۰۰,نقطه در هکتار در روز,— باید در بند متناظر نوشته شود,۱۴۰۵,C,HP-12,نوشتن مبنای عدد در بند متناظر — فعلاً بدون لنگرگاه (سطر 3466),ثبت شد
SC-159,مقیاس,حجم نقطهٔ سالانه سطح S1,۱۸٬۲۵۰٬۰۰۰,نقطه در هکتار در سال,— باید در بند متناظر نوشته شود,۱۴۰۵,C,HP-12,نوشتن مبنای عدد در بند متناظر — فعلاً بدون لنگرگاه (سطر 3467),ثبت شد
SC-160,مقیاس,حجم دادهٔ سالانهٔ پیش‌بینی‌شده سطح S1,۲,گیگابایت در هکتار در سال,— باید در بند متناظر نوشته شود,۱۴۰۵,C,HP-12,نوشتن مبنای عدد در بند متناظر — فعلاً بدون لنگرگاه (سطر 3468),ثبت شد
TO-543,هدف فنی,بایت بر نقطه,۱۱۰,بایت,— باید در بند متناظر نوشته شود,۱۴۰۵,C,HP-12,نوشتن مبنای عدد در بند متناظر — فعلاً بدون لنگرگاه (سطر 3469),ثبت شد
SC-161,مقیاس,تعداد کل حسگر سطح S1,۲۴٬۴۰۰,حسگر,— باید در بند متناظر نوشته شود,۱۴۰۵,C,HP-12,نوشتن مبنای عدد در بند متناظر — فعلاً بدون لنگرگاه (سطر 3470),ثبت شد
SC-162,مقیاس,تعداد کل حسگر سطح S3 با شبکهٔ نمونه‌بردار,۱۱۳٬۶۸۰,حسگر,— باید در بند متناظر نوشته شود,۱۴۰۵,C,HP-12,نوشتن مبنای عدد در بند متناظر — فعلاً بدون لنگرگاه (سطر 3471),ثبت شد
FN-260,مالی,هزینهٔ سخت‌افزار سطح S3 با شبکهٔ نمونه‌بردار,۱٬۸۸۶٬۰۰۰,دلار,— باید در بند متناظر نوشته شود,۱۴۰۵,C,HP-12,نوشتن مبنای عدد در بند متناظر — فعلاً بدون لنگرگاه (سطر 3472),ثبت شد
FN-261,مالی,هزینهٔ سخت‌افزار سطح S3 با پوشش نمایشی,۵۷۵٬۲۲۰٬۸۰۰,دلار,— باید در بند متناظر نوشته شود,۱۴۰۵,C,HP-12,نوشتن مبنای عدد در بند متناظر — فعلاً بدون لنگرگاه (سطر 3473),ثبت شد
GV-19,حکمرانی,سهم پوشش نمایشی از کل بودجهٔ برنامه,۱۱۵,درصد,— باید در بند متناظر نوشته شود,۱۴۰۵,C,HP-12,نوشتن مبنای عدد در بند متناظر — فعلاً بدون لنگرگاه (سطر 3474),ثبت شد
TO-544,هدف فنی,انرژی باتری گیت‌وی,۱۲۰,وات‌ساعت,— باید در بند متناظر نوشته شود,۱۴۰۵,C,HP-12,نوشتن مبنای عدد در بند متناظر — فعلاً بدون لنگرگاه (سطر 3475),ثبت شد
TO-545,هدف فنی,مصرف روزانهٔ گیت‌وی,۷٫۲,وات‌ساعت در روز,— باید در بند متناظر نوشته شود,۱۴۰۵,C,HP-12,نوشتن مبنای عدد در بند متناظر — فعلاً بدون لنگرگاه (سطر 3476),ثبت شد
TO-546,هدف فنی,خودمختاری واقعی باتری گیت‌وی,۰٫۶۹,روز,— باید در بند متناظر نوشته شود,۱۴۰۵,C,HP-12,نوشتن مبنای عدد در بند متناظر — فعلاً بدون لنگرگاه (سطر 3477),ثبت شد
TO-547,هدف فنی,هدف طراحی خودمختاری گیت‌وی,۳ تا ۵,روز,— باید در بند متناظر نوشته شود,۱۴۰۵,C,HP-12,نوشتن مبنای عدد در بند متناظر — فعلاً بدون لنگرگاه (سطر 3478),ثبت شد
TO-548,هدف فنی,ظرفیت اسمی اعلامی گیت‌وی,۵۰,کیلوبیت بر ثانیه,— باید در بند متناظر نوشته شود,۱۴۰۵,C,HP-12,نوشتن مبنای عدد در بند متناظر — فعلاً بدون لنگرگاه (سطر 3479),ثبت شد
EM-06,تجهیزات,ظرفیت لازم تله‌متری گیت‌وی برای ۱۲۰ حسگر,۲۱,کیلوبیت بر ثانیه,— باید در بند متناظر نوشته شود,۱۴۰۵,C,HP-12,نوشتن مبنای عدد در بند متناظر — فعلاً بدون لنگرگاه (سطر 3480),ثبت شد
SC-163,مقیاس,پوشش اعلامی هر گیت‌وی,۵,هکتار,— باید در بند متناظر نوشته شود,۱۴۰۵,C,HP-12,نوشتن مبنای عدد در بند متناظر — فعلاً بدون لنگرگاه (سطر 3481),ثبت شد
SC-164,مقیاس,پوشش بازمحاسبه‌شدهٔ هر گیت‌وی,۲۰,هکتار,— باید در بند متناظر نوشته شود,۱۴۰۵,C,HP-12,نوشتن مبنای عدد در بند متناظر — فعلاً بدون لنگرگاه (سطر 3482),ثبت شد
SC-165,مقیاس,تعداد گیت‌وی به ازای هر هکتار، بازمحاسبه‌شده,۱۲٫۲,گیت‌وی در هکتار,— باید در بند متناظر نوشته شود,۱۴۰۵,C,HP-12,نوشتن مبنای عدد در بند متناظر — فعلاً بدون لنگرگاه (سطر 3483),ثبت شد
SC-166,مقیاس,تعداد کل گیت‌وی سطح S1، بازمحاسبه‌شده,۲٬۴۴۰,گیت‌وی,— باید در بند متناظر نوشته شود,۱۴۰۵,C,HP-12,نوشتن مبنای عدد در بند متناظر — فعلاً بدون لنگرگاه (سطر 3484),ثبت شد
SC-167,مقیاس,تعداد کل گیت‌وی سطح S1، اعلام‌شده,۴,گیت‌وی,— باید در بند متناظر نوشته شود,۱۴۰۵,C,HP-12,نوشتن مبنای عدد در بند متناظر — فعلاً بدون لنگرگاه (سطر 3485),ثبت شد
EM-07,تجهیزات,تعداد انواع حسگر,۱۲,نوع,— باید در بند متناظر نوشته شود,۱۴۰۵,C,HP-12,نوشتن مبنای عدد در بند متناظر — فعلاً بدون لنگرگاه (سطر 3486),ثبت شد
SC-168,مقیاس,تعداد سطوح پایش,۳,سطح,— باید در بند متناظر نوشته شود,۱۴۰۵,C,HP-12,نوشتن مبنای عدد در بند متناظر — فعلاً بدون لنگرگاه (سطر 3487),ثبت شد
TO-549,هدف فنی,تعداد گروه‌های انحراف از دستور کار,۶,گروه,— باید در بند متناظر نوشته شود,۱۴۰۵,C,HP-12,نوشتن مبنای عدد در بند متناظر — فعلاً بدون لنگرگاه (سطر 3488),ثبت شد
TO-550,هدف فنی,تعداد دسته‌های تعارض,۴,دسته,— باید در بند متناظر نوشته شود,۱۴۰۵,C,HP-12,نوشتن مبنای عدد در بند متناظر — فعلاً بدون لنگرگاه (سطر 3489),ثبت شد
TO-551,هدف فنی,تعداد دسته‌های شکایت,۴,دسته,— باید در بند متناظر نوشته شود,۱۴۰۵,C,HP-12,نوشتن مبنای عدد در بند متناظر — فعلاً بدون لنگرگاه (سطر 3490),ثبت شد
CB-12,کربن,تعداد گیت‌های راستی‌آزمایی اعتبار کربن,۴,گیت,— باید در بند متناظر نوشته شود,۱۴۰۵,C,HP-12,نوشتن مبنای عدد در بند متناظر — فعلاً بدون لنگرگاه (سطر 3491),ثبت شد
TO-552,هدف فنی,تعداد واحدهای پایش و قابلیت کلیهٔ سامانه,۱۳,واحد,— باید در بند متناظر نوشته شود,۱۴۰۵,C,HP-12,نوشتن مبنای عدد در بند متناظر — فعلاً بدون لنگرگاه (سطر 3492),ثبت شد
TO-553,هدف فنی,تعداد گیت‌های کنترل کیفیت,۳,گیت,— باید در بند متناظر نوشته شود,۱۴۰۵,C,HP-12,نوشتن مبنای عدد در بند متناظر — فعلاً بدون لنگرگاه (سطر 3493),ثبت شد
MD-12,مدل شبیه‌سازی,تعداد مدل‌های ثبت‌شده در رجیستری مدل,۲۲,مدل,— باید در بند متناظر نوشته شود,۱۴۰۵,C,HP-12,نوشتن مبنای عدد در بند متناظر — فعلاً بدون لنگرگاه (سطر 3494),ثبت شد
TO-554,هدف فنی,تعداد شاخص‌های اختصاصی سامانه,۸,شاخص,— باید در بند متناظر نوشته شود,۱۴۰۵,C,HP-12,نوشتن مبنای عدد در بند متناظر — فعلاً بدون لنگرگاه (سطر 3495),ثبت شد
SC-169,مقیاس,تعداد گیت‌وی — ۱۲۰ حسگر,۱٫۲۲,گیت‌وی در هکتار,— باید در بند متناظر نوشته شود,۱۴۰۵,C,HP-12,نوشتن مبنای عدد در بند متناظر — فعلاً بدون لنگرگاه (سطر 3496),ثبت شد
TO-555,هدف فنی,حجم آب آبیاری هر نوبت,۴۰,متر مکعب,— باید در بند متناظر نوشته شود,۱۴۰۵,C,HP-12,نوشتن مبنای عدد در بند متناظر — فعلاً بدون لنگرگاه (سطر 3497),ثبت شد
TO-556,هدف فنی,ظرفیت آب قابل استفادهٔ نمونه,۶۴,میلی‌متر,— باید در بند متناظر نوشته شود,۱۴۰۵,C,HP-12,نوشتن مبنای عدد در بند متناظر — فعلاً بدون لنگرگاه (سطر 3498),ثبت شد
TO-557,هدف فنی,نیاز آبی محصول در مرحلهٔ میانی,۳٫۸۲۵,میلی‌متر در روز,— باید در بند متناظر نوشته شود,۱۴۰۵,C,HP-12,نوشتن مبنای عدد در بند متناظر — فعلاً بدون لنگرگاه (سطر 3499),ثبت شد
SC-170,مقیاس,هدررفت خاک نمونهٔ آموزشی,۳٫۶,تن در هکتار در سال,— باید در بند متناظر نوشته شود,۱۴۰۵,C,HP-12,نوشتن مبنای عدد در بند متناظر — فعلاً بدون لنگرگاه (سطر 3500),ثبت شد
TO-558,هدف فنی,شاخص تنش آب نمونهٔ آموزشی,۰٫۳۹,بدون بُعد,— باید در بند متناظر نوشته شود,۱۴۰۵,C,HP-12,نوشتن مبنای عدد در بند متناظر — فعلاً بدون لنگرگاه (سطر 3501),ثبت شد
TO-559,هدف فنی,کسر بسته‌شدن چرخهٔ نیتروژن، نمونهٔ آموزشی,۸۰,درصد,— باید در بند متناظر نوشته شود,۱۴۰۵,C,HP-12,نوشتن مبنای عدد در بند متناظر — فعلاً بدون لنگرگاه (سطر 3502),ثبت شد
TO-560,هدف فنی,کسر بسته‌شدن چرخهٔ فسفر، نمونهٔ آموزشی,۳۳,درصد,— باید در بند متناظر نوشته شود,۱۴۰۵,C,HP-12,نوشتن مبنای عدد در بند متناظر — فعلاً بدون لنگرگاه (سطر 3503),ثبت شد
FN-262,مالی,نرخ پایش مشارکتی، نمونهٔ آموزشی,۳۵,درصد,— باید در بند متناظر نوشته شود,۱۴۰۵,C,HP-12,نوشتن مبنای عدد در بند متناظر — فعلاً بدون لنگرگاه (سطر 3504),ثبت شد
FN-263,مالی,نرخ انحراف، نمونهٔ آموزشی,۱۵,درصد,— باید در بند متناظر نوشته شود,۱۴۰۵,C,HP-12,نوشتن مبنای عدد در بند متناظر — فعلاً بدون لنگرگاه (سطر 3505),ثبت شد
FN-264,مالی,نسبت منفعت به هزینهٔ بسته,۱٫۲۳,بدون بُعد,— باید در بند متناظر نوشته شود,۱۴۰۵,C,HP-12,نوشتن مبنای عدد در بند متناظر — فعلاً بدون لنگرگاه (سطر 3506),ثبت شد
FN-265,مالی,بازگشت سرمایهٔ بسته,۳٫۳۹,سال,— باید در بند متناظر نوشته شود,۱۴۰۵,C,HP-12,نوشتن مبنای عدد در بند متناظر — فعلاً بدون لنگرگاه (سطر 3507),ثبت شد
SC-171,مقیاس,منفعت پنج‌سالهٔ بسته,۳٬۱۷۰,دلار در هکتار,— باید در بند متناظر نوشته شود,۱۴۰۵,C,HP-12,نوشتن مبنای عدد در بند متناظر — فعلاً بدون لنگرگاه (سطر 3508),ثبت شد
FN-266,مالی,هزینهٔ پنج‌سالهٔ بسته,۲٬۵۷۴,دلار در هکتار,— باید در بند متناظر نوشته شود,۱۴۰۵,C,HP-12,نوشتن مبنای عدد در بند متناظر — فعلاً بدون لنگرگاه (سطر 3509),ثبت شد
FN-267,مالی,نسبت منفعت به هزینه در حالت نقض دو شرط,۰٫۶۳,بدون بُعد,— باید در بند متناظر نوشته شود,۱۴۰۵,C,HP-12,نوشتن مبنای عدد در بند متناظر — فعلاً بدون لنگرگاه (سطر 3510),ثبت شد
TO-561,هدف فنی,تعداد اقلیم‌های طرح,۱۱,اقلیم,— باید در بند متناظر نوشته شود,۱۴۰۵,C,HP-12,نوشتن مبنای عدد در بند متناظر — فعلاً بدون لنگرگاه (سطر 3511),ثبت شد
TO-562,هدف فنی,تعداد سایت‌های در حال انتخاب,۷,سایت,— باید در بند متناظر نوشته شود,۱۴۰۵,C,HP-12,نوشتن مبنای عدد در بند متناظر — فعلاً بدون لنگرگاه (سطر 3513),ثبت شد
M-79,مواد,حد سخت پذیرش رطوبت خاک,۰ تا ۱۰۰,درصد,— باید در بند متناظر نوشته شود,۱۴۰۵,C,HP-12,نوشتن مبنای عدد در بند متناظر — فعلاً بدون لنگرگاه (سطر 3523),ثبت شد
M-80,مواد,حد سخت پذیرش هدایت الکتریکی خاک,۰ تا ۲۰,دسی‌سیمنز بر متر,— باید در بند متناظر نوشته شود,۱۴۰۵,C,HP-12,نوشتن مبنای عدد در بند متناظر — فعلاً بدون لنگرگاه (سطر 3524),ثبت شد
TO-563,هدف فنی,حد سخت پذیرش شاخص سبزی,منهای ۱ تا ۱,بدون بُعد,— باید در بند متناظر نوشته شود,۱۴۰۵,C,HP-12,نوشتن مبنای عدد در بند متناظر — فعلاً بدون لنگرگاه (سطر 3525),ثبت شد
TO-564,هدف فنی,تعداد معیارهای پایشی مورد استفاده,۱۲,معیار,— باید در بند متناظر نوشته شود,۱۴۰۵,C,HP-12,نوشتن مبنای عدد در بند متناظر — فعلاً بدون لنگرگاه (سطر 3526),ثبت شد
TO-565,هدف فنی,تعداد قلم‌های جدول ۲.۳,۱۲,قلم,— باید در بند متناظر نوشته شود,۱۴۰۵,C,HP-12,نوشتن مبنای عدد در بند متناظر — فعلاً بدون لنگرگاه (سطر 3535),ثبت شد
PR-05,قیمت,جمع قیمت ستون قیمت جدول ۲.۳,۱٬۰۱۲,دلار در هکتار,— باید در بند متناظر نوشته شود,۱۴۰۵,C,HP-12,نوشتن مبنای عدد در بند متناظر — فعلاً بدون لنگرگاه (سطر 3536),ثبت شد
PR-06,قیمت,میانگین وزنی قیمت هر حسگر,۱۶٫۵۹,دلار,— باید در بند متناظر نوشته شود,۱۴۰۵,C,HP-12,نوشتن مبنای عدد در بند متناظر — فعلاً بدون لنگرگاه (سطر 3537),ثبت شد
FN-268,مالی,نسبت تراکم سطح S1 به سطح S3,۳۰۵,برابر,— باید در بند متناظر نوشته شود,۱۴۰۵,C,HP-12,نوشتن مبنای عدد در بند متناظر — فعلاً بدون لنگرگاه (سطر 3538),ثبت شد
FN-269,مالی,نسبت ناسازگاری تعداد گیت‌وی,۲۴۴,برابر,— باید در بند متناظر نوشته شود,۱۴۰۵,C,HP-12,نوشتن مبنای عدد در بند متناظر — فعلاً بدون لنگرگاه (سطر 3539),ثبت شد
FN-270,مالی,نسبت ناسازگاری تعداد کل گیت‌وی,۶۰۱,برابر,— باید در بند متناظر نوشته شود,۱۴۰۵,C,HP-12,نوشتن مبنای عدد در بند متناظر — فعلاً بدون لنگرگاه (سطر 3540),ثبت شد
TO-566,هدف فنی,ظرفیت لازم تله‌متری با سربار,۴۰,کیلوبیت بر ثانیه,— باید در بند متناظر نوشته شود,۱۴۰۵,C,HP-12,نوشتن مبنای عدد در بند متناظر — فعلاً بدون لنگرگاه (سطر 3541),ثبت شد
TO-567,هدف فنی,ظرفیت باتری لازم برای سه روز,۸۶۵,وات‌ساعت,— باید در بند متناظر نوشته شود,۱۴۰۵,C,HP-12,نوشتن مبنای عدد در بند متناظر — فعلاً بدون لنگرگاه (سطر 3542),ثبت شد
FN-271,مالی,نسبت بستهٔ مجاز بیشینه به کمینه,۷,برابر,— باید در بند متناظر نوشته شود,۱۴۰۵,C,HP-12,نوشتن مبنای عدد در بند متناظر — فعلاً بدون لنگرگاه (سطر 3544),ثبت شد
FN-272,مالی,تعداد سازوکارهای کاهش هزینه,۵,سازوکار,— باید در بند متناظر نوشته شود,۱۴۰۵,C,HP-12,نوشتن مبنای عدد در بند متناظر — فعلاً بدون لنگرگاه (سطر 3545),ثبت شد
TO-568,هدف فنی,تعداد سازوکارهای غیرفعال در C9,۲,سازوکار,— باید در بند متناظر نوشته شود,۱۴۰۵,C,HP-12,نوشتن مبنای عدد در بند متناظر — فعلاً بدون لنگرگاه (سطر 3546),ثبت شد
TO-569,هدف فنی,تعداد واحدهای مزرعه در سنجش دایره‌ای,۶,واحد,— باید در بند متناظر نوشته شود,۱۴۰۵,C,HP-12,نوشتن مبنای عدد در بند متناظر — فعلاً بدون لنگرگاه (سطر 3547),ثبت شد
M-81,مواد,تعداد مسیرهای تلفات مادهٔ مغذی,۴,مسیر,— باید در بند متناظر نوشته شود,۱۴۰۵,C,HP-12,نوشتن مبنای عدد در بند متناظر — فعلاً بدون لنگرگاه (سطر 3548),ثبت شد
TO-570,هدف فنی,تعداد حلقهٔ زنجیرهٔ مداخله تا پیامد,۶,حلقه,— باید در بند متناظر نوشته شود,۱۴۰۵,C,HP-12,نوشتن مبنای عدد در بند متناظر — فعلاً بدون لنگرگاه (سطر 3549),ثبت شد
TO-571,هدف فنی,تعداد اجزای بستهٔ داده ممیز,۷,جزء,— باید در بند متناظر نوشته شود,۱۴۰۵,C,HP-12,نوشتن مبنای عدد در بند متناظر — فعلاً بدون لنگرگاه (سطر 3550),ثبت شد
TO-572,هدف فنی,تعداد قابلیت‌های فاقد در سامانه,۷,قلم,— باید در بند متناظر نوشته شود,۱۴۰۵,C,HP-12,نوشتن مبنای عدد در بند متناظر — فعلاً بدون لنگرگاه (سطر 3553),ثبت شد
TO-573,هدف فنی,تعداد گردش کار سرتاسری,۸,گردش کار,— باید در بند متناظر نوشته شود,۱۴۰۵,C,HP-12,نوشتن مبنای عدد در بند متناظر — فعلاً بدون لنگرگاه (سطر 3554),ثبت شد
TO-574,هدف فنی,تعداد قلم‌های چک‌لیست نهایی,۱۵,ردیف,— باید در بند متناظر نوشته شود,۱۴۰۵,C,HP-12,نوشتن مبنای عدد در بند متناظر — فعلاً بدون لنگرگاه (سطر 3555),ثبت شد
TO-575,هدف فنی,تعداد قلم‌های چک‌لیست هفتگی تکنسین,۷,ردیف,— باید در بند متناظر نوشته شود,۱۴۰۵,C,HP-12,نوشتن مبنای عدد در بند متناظر — فعلاً بدون لنگرگاه (سطر 3556),ثبت شد
TO-576,هدف فنی,تعداد گام‌های رسیدگی به شکایت,۷,گام,— باید در بند متناظر نوشته شود,۱۴۰۵,C,HP-12,نوشتن مبنای عدد در بند متناظر — فعلاً بدون لنگرگاه (سطر 3558),ثبت شد
TO-577,هدف فنی,تعداد قواعد بهره‌برداری پایانی,۵,قاعده,— باید در بند متناظر نوشته شود,۱۴۰۵,C,HP-12,نوشتن مبنای عدد در بند متناظر — فعلاً بدون لنگرگاه (سطر 3560),ثبت شد
TO-578,هدف فنی,تعداد قواعد نقش‌آفرینی پایش,۴,قاعده,— باید در بند متناظر نوشته شود,۱۴۰۵,C,HP-12,نوشتن مبنای عدد در بند متناظر — فعلاً بدون لنگرگاه (سطر 3561),ثبت شد
TO-579,هدف فنی,تعداد قواعد صداقت در ادعای بازار,۴,قاعده,— باید در بند متناظر نوشته شود,۱۴۰۵,C,HP-12,نوشتن مبنای عدد در بند متناظر — فعلاً بدون لنگرگاه (سطر 3562),ثبت شد
TO-580,هدف فنی,تعداد قواعد حریم خصوصی,۵,قاعده,— باید در بند متناظر نوشته شود,۱۴۰۵,C,HP-12,نوشتن مبنای عدد در بند متناظر — فعلاً بدون لنگرگاه (سطر 3563),ثبت شد
TO-581,هدف فنی,تعداد لایه‌های دفاعی امنیت سایبری,۴,لایه,— باید در بند متناظر نوشته شود,۱۴۰۵,C,HP-12,نوشتن مبنای عدد در بند متناظر — فعلاً بدون لنگرگاه (سطر 3564),ثبت شد
TO-582,هدف فنی,تعداد انواع رخداد امنیتی,۳,نوع,— باید در بند متناظر نوشته شود,۱۴۰۵,C,HP-12,نوشتن مبنای عدد در بند متناظر — فعلاً بدون لنگرگاه (سطر 3565),ثبت شد
TO-583,هدف فنی,تعداد قلم‌های ایمنی خارج از دامنهٔ سامانه,۴,قلم,— باید در بند متناظر نوشته شود,۱۴۰۵,C,HP-12,نوشتن مبنای عدد در بند متناظر — فعلاً بدون لنگرگاه (سطر 3566),ثبت شد
TO-584,هدف فنی,تعداد معیارهای کنترل کیفیت داده,۱۲,معیار,— باید در بند متناظر نوشته شود,۱۴۰۵,C,HP-12,نوشتن مبنای عدد در بند متناظر — فعلاً بدون لنگرگاه (سطر 3568),ثبت شد
M-82,مواد,تعداد خطوط لولهٔ فعال موتور نقشه,۴,خط لوله,— باید در بند متناظر نوشته شود,۱۴۰۵,C,HP-12,نوشتن مبنای عدد در بند متناظر — فعلاً بدون لنگرگاه (سطر 3569),ثبت شد
TO-585,هدف فنی,تعداد انواع نقشهٔ تولیدشده,۱۴,نوع,— باید در بند متناظر نوشته شود,۱۴۰۵,C,HP-12,نوشتن مبنای عدد در بند متناظر — فعلاً بدون لنگرگاه (سطر 3570),ثبت شد
TO-586,هدف فنی,تعداد اجزای رکورد منشأ داده,۸,بخش,— باید در بند متناظر نوشته شود,۱۴۰۵,C,HP-12,نوشتن مبنای عدد در بند متناظر — فعلاً بدون لنگرگاه (سطر 3571),ثبت شد
TO-587,هدف فنی,تعداد زبان‌های رابط کاربری,۱۴,زبان,— باید در بند متناظر نوشته شود,۱۴۰۵,C,HP-12,نوشتن مبنای عدد در بند متناظر — فعلاً بدون لنگرگاه (سطر 3572),ثبت شد
TO-588,هدف فنی,تعداد مسیرهای اعلام به کشاورز,۴,مسیر,— باید در بند متناظر نوشته شود,۱۴۰۵,C,HP-12,نوشتن مبنای عدد در بند متناظر — فعلاً بدون لنگرگاه (سطر 3573),ثبت شد
TO-589,هدف فنی,تعداد دسته‌های نژاد دام,۶,نوع,— باید در بند متناظر نوشته شود,۱۴۰۵,C,HP-12,نوشتن مبنای عدد در بند متناظر — فعلاً بدون لنگرگاه (سطر 3574),ثبت شد
TO-590,هدف فنی,تعداد انواع شاخص خشکی,۲,نوع,— باید در بند متناظر نوشته شود,۱۴۰۵,C,HP-12,نوشتن مبنای عدد در بند متناظر — فعلاً بدون لنگرگاه (سطر 3575),ثبت شد
TO-591,هدف فنی,تعداد حالت‌های حساسیت حوزهٔ رطوبت,۲,حالت,— باید در بند متناظر نوشته شود,۱۴۰۵,C,HP-12,نوشتن مبنای عدد در بند متناظر — فعلاً بدون لنگرگاه (سطر 3576),ثبت شد
TO-592,هدف فنی,تعداد رویدادهای زنجیرهٔ ردیابی,۶,گره,— باید در بند متناظر نوشته شود,۱۴۰۵,C,HP-12,نوشتن مبنای عدد در بند متناظر — فعلاً بدون لنگرگاه (سطر 3577),ثبت شد
TO-593,هدف فنی,تعداد لایه‌های پرداخت,۳,لایه,— باید در بند متناظر نوشته شود,۱۴۰۵,C,HP-12,نوشتن مبنای عدد در بند متناظر — فعلاً بدون لنگرگاه (سطر 3578),ثبت شد
TO-594,هدف فنی,تعداد سرویس‌های بازرسی چرخهٔ کیفیت,۳,نوع,— باید در بند متناظر نوشته شود,۱۴۰۵,C,HP-12,نوشتن مبنای عدد در بند متناظر — فعلاً بدون لنگرگاه (سطر 3579),ثبت شد
TO-595,هدف فنی,تعداد گام‌های حلقهٔ اقتصاد دایره‌ای,۶,گام,— باید در بند متناظر نوشته شود,۱۴۰۵,C,HP-12,نوشتن مبنای عدد در بند متناظر — فعلاً بدون لنگرگاه (سطر 3580),ثبت شد
TO-596,هدف فنی,تعداد گام‌های زنجیرهٔ عمر داده,۷,مرحله,— باید در بند متناظر نوشته شود,۱۴۰۵,C,HP-12,نوشتن مبنای عدد در بند متناظر — فعلاً بدون لنگرگاه (سطر 3581),ثبت شد
TO-597,هدف فنی,تعداد قلم‌های گردش کار چرخهٔ شکایت,۶,رویداد,— باید در بند متناظر نوشته شود,۱۴۰۵,C,HP-12,نوشتن مبنای عدد در بند متناظر — فعلاً بدون لنگرگاه (سطر 3582),ثبت شد
TO-598,هدف فنی,تعداد وضعیت‌های چرخهٔ شکایت,۵,وضعیت,— باید در بند متناظر نوشته شود,۱۴۰۵,C,HP-12,نوشتن مبنای عدد در بند متناظر — فعلاً بدون لنگرگاه (سطر 3583),ثبت شد
TO-599,هدف فنی,تبخیر و تعرق مرجع روزانه در سناریوی پایه,۵,میلی‌متر در روز,— باید در بند متناظر نوشته شود,۱۴۰۵,C,HP-12,نوشتن مبنای عدد در بند متناظر — فعلاً بدون لنگرگاه (سطر 3594),ثبت شد
TO-600,هدف فنی,تبخیر و تعرق مرجع روزانه در سناریوی خشک‌سالی,۶,میلی‌متر در روز,— باید در بند متناظر نوشته شود,۱۴۰۵,C,HP-12,نوشتن مبنای عدد در بند متناظر — فعلاً بدون لنگرگاه (سطر 3595),ثبت شد
TO-601,هدف فنی,تبخیر و تعرق مرجع روزانه در سناریوی مرطوب,۴,میلی‌متر در روز,— باید در بند متناظر نوشته شود,۱۴۰۵,C,HP-12,نوشتن مبنای عدد در بند متناظر — فعلاً بدون لنگرگاه (سطر 3596),ثبت شد
TO-602,هدف فنی,نیاز آبی محصول در سناریوی پایه,۳٫۸۲۵,میلی‌متر در روز,— باید در بند متناظر نوشته شود,۱۴۰۵,C,HP-12,نوشتن مبنای عدد در بند متناظر — فعلاً بدون لنگرگاه (سطر 3597),ثبت شد
TO-603,هدف فنی,نیاز آبی محصول در سناریوی خشک‌سالی,۴٫۵۹,میلی‌متر در روز,— باید در بند متناظر نوشته شود,۱۴۰۵,C,HP-12,نوشتن مبنای عدد در بند متناظر — فعلاً بدون لنگرگاه (سطر 3598),ثبت شد
TO-604,هدف فنی,نیاز آبی محصول در سناریوی مرطوب,۳٫۰۶,میلی‌متر در روز,— باید در بند متناظر نوشته شود,۱۴۰۵,C,HP-12,نوشتن مبنای عدد در بند متناظر — فعلاً بدون لنگرگاه (سطر 3599),ثبت شد
FN-273,مالی,تغییر نیاز آبی در سناریوی خشک‌سالی نسبت به پایه,۲۰,درصد,— باید در بند متناظر نوشته شود,۱۴۰۵,C,HP-12,نوشتن مبنای عدد در بند متناظر — فعلاً بدون لنگرگاه (سطر 3600),ثبت شد
FN-274,مالی,تغییر نیاز آبی در سناریوی مرطوب نسبت به پایه,۲۰,درصد,— باید در بند متناظر نوشته شود,۱۴۰۵,C,HP-12,نوشتن مبنای عدد در بند متناظر — فعلاً بدون لنگرگاه (سطر 3601),ثبت شد
TO-605,هدف فنی,تعداد سناریوهای اقلیمی,۳,سناریو,— باید در بند متناظر نوشته شود,۱۴۰۵,C,HP-12,نوشتن مبنای عدد در بند متناظر — فعلاً بدون لنگرگاه (سطر 3616),ثبت شد
TO-606,هدف فنی,تعداد قلم هر سناریوی اقلیمی,۷,قلم,— باید در بند متناظر نوشته شود,۱۴۰۵,C,HP-12,نوشتن مبنای عدد در بند متناظر — فعلاً بدون لنگرگاه (سطر 3617),ثبت شد
TO-607,هدف فنی,تعداد قلم‌های ثابت با اقلیم,۸,قلم,— باید در بند متناظر نوشته شود,۱۴۰۵,C,HP-12,نوشتن مبنای عدد در بند متناظر — فعلاً بدون لنگرگاه (سطر 3618),ثبت شد
TO-608,هدف فنی,تعداد قلم‌های متغیر با اقلیم,۴,قلم,— باید در بند متناظر نوشته شود,۱۴۰۵,C,HP-12,نوشتن مبنای عدد در بند متناظر — فعلاً بدون لنگرگاه (سطر 3619),ثبت شد
TO-609,هدف فنی,تعداد قلم‌های جدول تفکیک اقلیمی,۱۰,قلم,— باید در بند متناظر نوشته شود,۱۴۰۵,C,HP-12,نوشتن مبنای عدد در بند متناظر — فعلاً بدون لنگرگاه (سطر 3620),ثبت شد
TO-610,هدف فنی,تعداد قلم‌های جدول تصحیق اقلیمی که وجود ندارند,۴,قلم,— باید در بند متناظر نوشته شود,۱۴۰۵,C,HP-12,نوشتن مبنای عدد در بند متناظر — فعلاً بدون لنگرگاه (سطر 3621),ثبت شد
FN-275,مالی,هزینهٔ پنج‌سالهٔ بسته در سناریوی دو,۳٬۱۲۴,دلار در هکتار,— باید در بند متناظر نوشته شود,۱۴۰۵,C,HP-12,نوشتن مبنای عدد در بند متناظر — فعلاً بدون لنگرگاه (سطر 3622),ثبت شد
FN-276,مالی,هزینهٔ پنج‌سالهٔ بسته در سناریوی سه,۲٬۸۲۷,دلار در هکتار,— باید در بند متناظر نوشته شود,۱۴۰۵,C,HP-12,نوشتن مبنای عدد در بند متناظر — فعلاً بدون لنگرگاه (سطر 3623),ثبت شد
FN-277,مالی,هزینهٔ پنج‌سالهٔ بسته در سناریوی پنج,۳٬۱۰۲,دلار در هکتار,— باید در بند متناظر نوشته شود,۱۴۰۵,C,HP-12,نوشتن مبنای عدد در بند متناظر — فعلاً بدون لنگرگاه (سطر 3624),ثبت شد
SC-172,مقیاس,منفعت پنج‌سالهٔ بسته در سناریوی چهار,۱٬۹۵۰,دلار در هکتار,— باید در بند متناظر نوشته شود,۱۴۰۵,C,HP-12,نوشتن مبنای عدد در بند متناظر — فعلاً بدون لنگرگاه (سطر 3625),ثبت شد
SC-173,مقیاس,منفعت پنج‌سالهٔ بسته در حالت عمق ریشهٔ نامساعد,۲٬۸۰۰,دلار در هکتار,— باید در بند متناظر نوشته شود,۱۴۰۵,C,HP-12,نوشتن مبنای عدد در بند متناظر — فعلاً بدون لنگرگاه (سطر 3626),ثبت شد
FN-278,مالی,نسبت منفعت به هزینه در سناریوی دو,۱٫۰۱,بدون بُعد,— باید در بند متناظر نوشته شود,۱۴۰۵,C,HP-12,نوشتن مبنای عدد در بند متناظر — فعلاً بدون لنگرگاه (سطر 3627),ثبت شد
FN-279,مالی,نسبت منفعت به هزینه در سناریوی سه,۱٫۱۲,بدون بُعد,— باید در بند متناظر نوشته شود,۱۴۰۵,C,HP-12,نوشتن مبنای عدد در بند متناظر — فعلاً بدون لنگرگاه (سطر 3628),ثبت شد
FN-280,مالی,نسبت منفعت به هزینه در سناریوی چهار,۰٫۷۶,بدون بُعد,— باید در بند متناظر نوشته شود,۱۴۰۵,C,HP-12,نوشتن مبنای عدد در بند متناظر — فعلاً بدون لنگرگاه (سطر 3629),ثبت شد
FN-281,مالی,نسبت منفعت به هزینه در سناریوی پنج,۰٫۶۳,بدون بُعد,— باید در بند متناظر نوشته شود,۱۴۰۵,C,HP-12,نوشتن مبنای عدد در بند متناظر — فعلاً بدون لنگرگاه (سطر 3630),ثبت شد
FN-282,مالی,نسبت منفعت به هزینه در حالت عمق ریشهٔ نامساعد,۱٫۱۰,بدون بُعد,— باید در بند متناظر نوشته شود,۱۴۰۵,C,HP-12,نوشتن مبنای عدد در بند متناظر — فعلاً بدون لنگرگاه (سطر 3631),ثبت شد
FN-283,مالی,بازگشت سرمایه در سناریوی دو,۴٫۸۲,سال,— باید در بند متناظر نوشته شود,۱۴۰۵,C,HP-12,نوشتن مبنای عدد در بند متناظر — فعلاً بدون لنگرگاه (سطر 3632),ثبت شد
FN-284,مالی,بازگشت سرمایه در سناریوی سه,۴٫۰۷,سال,— باید در بند متناظر نوشته شود,۱۴۰۵,C,HP-12,نوشتن مبنای عدد در بند متناظر — فعلاً بدون لنگرگاه (سطر 3633),ثبت شد
FN-285,مالی,هزینهٔ عملیاتی سالانه در سناریوی دو,۳۴۰,دلار در هکتار در سال,— باید در بند متناظر نوشته شود,۱۴۰۵,C,HP-12,نوشتن مبنای عدد در بند متناظر — فعلاً بدون لنگرگاه (سطر 3634),ثبت شد
FN-286,مالی,هزینهٔ عملیاتی سالانه در سناریوی پنج,۲۸۵,دلار در هکتار در سال,— باید در بند متناظر نوشته شود,۱۴۰۵,C,HP-12,نوشتن مبنای عدد در بند متناظر — فعلاً بدون لنگرگاه (سطر 3635),ثبت شد
PR-07,قیمت,قیمت واحد حسگر در سناریوی سه,۲۰٫۷۴,دلار,— باید در بند متناظر نوشته شود,۱۴۰۵,C,HP-12,نوشتن مبنای عدد در بند متناظر — فعلاً بدون لنگرگاه (سطر 3636),ثبت شد
FN-287,مالی,نرخ روز کاری در سناریوی دو,۴۰,دلار بر روز-کارگر,— باید در بند متناظر نوشته شود,۱۴۰۵,C,HP-12,نوشتن مبنای عدد در بند متناظر — فعلاً بدون لنگرگاه (سطر 3637),ثبت شد
FN-288,مالی,نرخ روز کاری در سناریوی پنج,۳۰,دلار بر روز-کارگر,— باید در بند متناظر نوشته شود,۱۴۰۵,C,HP-12,نوشتن مبنای عدد در بند متناظر — فعلاً بدون لنگرگاه (سطر 3638),ثبت شد
FN-289,مالی,آستانهٔ نرخ روز کاری برای زیر یک شدن نسبت,۴۱٫۶۷,دلار بر روز-کارگر,— باید در بند متناظر نوشته شود,۱۴۰۵,C,HP-12,نوشتن مبنای عدد در بند متناظر — فعلاً بدون لنگرگاه (سطر 3639),ثبت شد
FN-290,مالی,آستانهٔ هزینهٔ سخت‌افزار برای زیر یک شدن نسبت,۱٬۶۰۸,دلار در هکتار,— باید در بند متناظر نوشته شود,۱۴۰۵,C,HP-12,نوشتن مبنای عدد در بند متناظر — فعلاً بدون لنگرگاه (سطر 3640),ثبت شد
FN-291,مالی,آستانهٔ منفعت سالانه برای زیر یک شدن نسبت,۵۵۱,دلار در هکتار در سال,— باید در بند متناظر نوشته شود,۱۴۰۵,C,HP-12,نوشتن مبنای عدد در بند متناظر — فعلاً بدون لنگرگاه (سطر 3641),ثبت شد
TO-611,هدف فنی,تعداد سناریوهای اقتصادی,۵,سناریو,— باید در بند متناظر نوشته شود,۱۴۰۵,C,HP-12,نوشتن مبنای عدد در بند متناظر — فعلاً بدون لنگرگاه (سطر 3642),ثبت شد
TO-612,هدف فنی,تعداد قلم هر سناریوی اقتصادی,۷,قلم,— باید در بند متناظر نوشته شود,۱۴۰۵,C,HP-12,نوشتن مبنای عدد در بند متناظر — فعلاً بدون لنگرگاه (سطر 3643),ثبت شد
FN-292,مالی,تعداد گیت‌وی به ازای هر هکتار از نسبت مجموع بر سطح S1,۶٫۱,گیت‌وی در هکتار,— باید در بند متناظر نوشته شود,۱۴۰۵,C,HP-12,نوشتن مبنای عدد در بند متناظر — فعلاً بدون لنگرگاه (سطر 3644),ثبت شد
SC-174,مقیاس,تعداد کل گیت‌وی سطح S3 با پوشش نمایشی,۳٬۴۶۷٬۲۴۰,گیت‌وی,— باید در بند متناظر نوشته شود,۱۴۰۵,C,HP-12,نوشتن مبنای عدد در بند متناظر — فعلاً بدون لنگرگاه (سطر 3645),ثبت شد
PR-08,قیمت,هزینهٔ گیت‌وی سطح S3 با فرض قیمت هم‌رده,۵۷٬۵۰۰٬۰۰۰,دلار,— باید در بند متناظر نوشته شود,۱۴۰۵,C,HP-12,نوشتن مبنای عدد در بند متناظر — فعلاً بدون لنگرگاه (سطر 3646),ثبت شد
PR-09,قیمت,سهم هزینهٔ گیت‌وی از کل بودجهٔ برنامه با فرض قیمت هم‌رده,۱۱٫۵,درصد,— باید در بند متناظر نوشته شود,۱۴۰۵,C,HP-12,نوشتن مبنای عدد در بند متناظر — فعلاً بدون لنگرگاه (سطر 3647),ثبت شد
TO-613,هدف فنی,تعداد نمونه‌های مستند شکست,۴,نمونه,— باید در بند متناظر نوشته شود,۱۴۰۵,C,HP-12,نوشتن مبنای عدد در بند متناظر — فعلاً بدون لنگرگاه (سطر 3648),ثبت شد
TO-614,هدف فنی,تعداد نمونه‌های شکست با منبع بیرونی,۴,نمونه,— باید در بند متناظر نوشته شود,۱۴۰۵,C,HP-12,نوشتن مبنای عدد در بند متناظر — فعلاً بدون لنگرگاه (سطر 3649),ثبت شد
TO-615,هدف فنی,تعداد نمونه‌های شکست مستند داخلی,۱,نمونه,— باید در بند متناظر نوشته شود,۱۴۰۵,C,HP-12,نوشتن مبنای عدد در بند متناظر — فعلاً بدون لنگرگاه (سطر 3650),ثبت شد
TO-616,هدف فنی,تعداد سطرهای جدول تبدیل علت شکست,۱۵,سطر,— باید در بند متناظر نوشته شود,۱۴۰۵,C,HP-12,نوشتن مبنای عدد در بند متناظر — فعلاً بدون لنگرگاه (سطر 3651),ثبت شد
R-08,ریسک,تعداد حالت‌های خرابی ثبت‌شده,۲۰,حالت,— باید در بند متناظر نوشته شود,۱۴۰۵,C,HP-12,نوشتن مبنای عدد در بند متناظر — فعلاً بدون لنگرگاه (سطر 3652),ثبت شد
SC-175,مقیاس,تعداد حالت‌های سطح یک ریسک,۵,حالت,— باید در بند متناظر نوشته شود,۱۴۰۵,C,HP-12,نوشتن مبنای عدد در بند متناظر — فعلاً بدون لنگرگاه (سطر 3653),ثبت شد
SC-176,مقیاس,تعداد حالت‌های سطح دو ریسک,۱۰,حالت,— باید در بند متناظر نوشته شود,۱۴۰۵,C,HP-12,نوشتن مبنای عدد در بند متناظر — فعلاً بدون لنگرگاه (سطر 3654),ثبت شد
SC-177,مقیاس,تعداد حالت‌های سطح سه ریسک,۴,حالت,— باید در بند متناظر نوشته شود,۱۴۰۵,C,HP-12,نوشتن مبنای عدد در بند متناظر — فعلاً بدون لنگرگاه (سطر 3655),ثبت شد
SC-178,مقیاس,تعداد حالت‌های سطح چهار ریسک,۱,حالت,— باید در بند متناظر نوشته شود,۱۴۰۵,C,HP-12,نوشتن مبنای عدد در بند متناظر — فعلاً بدون لنگرگاه (سطر 3656),ثبت شد
TO-617,هدف فنی,تعداد انواع پاسخ به کاررفته در رجیستر,۵,نوع,— باید در بند متناظر نوشته شود,۱۴۰۵,C,HP-12,نوشتن مبنای عدد در بند متناظر — فعلاً بدون لنگرگاه (سطر 3657),ثبت شد
ST-31,استاندارد,تعداد الزام‌های فهرست‌شدهٔ تطبیق استانداردی,۲۸,الزام,— باید در بند متناظر نوشته شود,۱۴۰۵,C,HP-12,نوشتن مبنای عدد در بند متناظر — فعلاً بدون لنگرگاه (سطر 3658),ثبت شد
TO-618,هدف فنی,تعداد الزام‌های برآورده,۸,الزام,— باید در بند متناظر نوشته شود,۱۴۰۵,C,HP-12,نوشتن مبنای عدد در بند متناظر — فعلاً بدون لنگرگاه (سطر 3659),ثبت شد
TO-619,هدف فنی,تعداد الزام‌های برآورده با قید,۱۶,الزام,— باید در بند متناظر نوشته شود,۱۴۰۵,C,HP-12,نوشتن مبنای عدد در بند متناظر — فعلاً بدون لنگرگاه (سطر 3660),ثبت شد
TO-620,هدف فنی,تعداد الزام‌های برآورده نشده,۴,الزام,— باید در بند متناظر نوشته شود,۱۴۰۵,C,HP-12,نوشتن مبنای عدد در بند متناظر — فعلاً بدون لنگرگاه (سطر 3661),ثبت شد
TO-621,هدف فنی,تعداد روش‌های بومی نام‌برده‌شده,۳,روش,— باید در بند متناظر نوشته شود,۱۴۰۵,C,HP-12,نوشتن مبنای عدد در بند متناظر — فعلاً بدون لنگرگاه (سطر 3662),ثبت شد
TO-622,هدف فنی,تعداد قلم‌های بومی حذف‌شده,۳,قلم,— باید در بند متناظر نوشته شود,۱۴۰۵,C,HP-12,نوشتن مبنای عدد در بند متناظر — فعلاً بدون لنگرگاه (سطر 3663),ثبت شد
TO-623,هدف فنی,تعداد قلم‌های بومی حفظ‌شده,۱,قلم,— باید در بند متناظر نوشته شود,۱۴۰۵,C,HP-12,نوشتن مبنای عدد در بند متناظر — فعلاً بدون لنگرگاه (سطر 3664),ثبت شد
TO-624,هدف فنی,تعداد کمیت‌های فاقد مسیر سنجش خودکار,۸,کمیت,— باید در بند متناظر نوشته شود,۱۴۰۵,C,HP-12,نوشتن مبنای عدد در بند متناظر — فعلاً بدون لنگرگاه (سطر 3668),ثبت شد
TO-625,هدف فنی,تعداد پرسش‌های پیش از افزودن کمیت,۴,پرسش,— باید در بند متناظر نوشته شود,۱۴۰۵,C,HP-12,نوشتن مبنای عدد در بند متناظر — فعلاً بدون لنگرگاه (سطر 3669),ثبت شد
TO-626,هدف فنی,تعداد مقصد ارجاع خلأ ورودی,۳,مقصد,— باید در بند متناظر نوشته شود,۱۴۰۵,C,HP-12,نوشتن مبنای عدد در بند متناظر — فعلاً بدون لنگرگاه (سطر 3670),ثبت شد
TO-627,هدف فنی,مقدار نمونهٔ عمق مؤثر ریشه,۰٫۴,متر,— باید در بند متناظر نوشته شود,۱۴۰۵,C,HP-12,نوشتن مبنای عدد در بند متناظر — فعلاً بدون لنگرگاه (سطر 3671),ثبت شد
TO-628,هدف فنی,مقدار جایگزین عمق مؤثر ریشه در مقایسهٔ حساسیت,۰٫۲,متر,— باید در بند متناظر نوشته شود,۱۴۰۵,C,HP-12,نوشتن مبنای عدد در بند متناظر — فعلاً بدون لنگرگاه (سطر 3672),ثبت شد
TO-629,هدف فنی,فاصلهٔ نوبت آبیاری با عمق ریشهٔ فرضی,۰٫۱۰۲,روز,— باید در بند متناظر نوشته شود,۱۴۰۵,C,HP-12,نوشتن مبنای عدد در بند متناظر — فعلاً بدون لنگرگاه (سطر 3673),ثبت شد
TO-630,هدف فنی,فاصلهٔ نوبت آبیاری با عمق ریشهٔ نصف,۰٫۰۵۱,روز,— باید در بند متناظر نوشته شود,۱۴۰۵,C,HP-12,نوشتن مبنای عدد در بند متناظر — فعلاً بدون لنگرگاه (سطر 3674),ثبت شد
TO-631,هدف فنی,تعداد ستون‌های جدول تطبیق سنت و نو,۶,ستون,— باید در بند متناظر نوشته شود,۱۴۰۵,C,HP-12,نوشتن مبنای عدد در بند متناظر — فعلاً بدون لنگرگاه (سطر 3676),ثبت شد
FN-293,مالی,تعداد سازوکارهای کاهش هزینهٔ غیرفعال,۳,سازوکار,— باید در بند متناظر نوشته شود,۱۴۰۵,C,HP-12,نوشتن مبنای عدد در بند متناظر — فعلاً بدون لنگرگاه (سطر 3679),ثبت شد
TO-632,هدف فنی,تعداد قلم‌های سنجیده‌نشدهٔ اقتصاد دایره‌ای,۶,قلم,— باید در بند متناظر نوشته شود,۱۴۰۵,C,HP-12,نوشتن مبنای عدد در بند متناظر — فعلاً بدون لنگرگاه (سطر 3680),ثبت شد
TO-633,هدف فنی,تعداد مرحلهٔ بسته‌نشدن چرخهٔ فسفر و پتاسیم,۳,مرحله,— باید در بند متناظر نوشته شود,۱۴۰۵,C,HP-12,نوشتن مبنای عدد در بند متناظر — فعلاً بدون لنگرگاه (سطر 3681),ثبت شد
TO-634,هدف فنی,تعداد قلم‌های ارزیابی بیوگاز,۴,قلم,— باید در بند متناظر نوشته شود,۱۴۰۵,C,HP-12,نوشتن مبنای عدد در بند متناظر — فعلاً بدون لنگرگاه (سطر 3682),ثبت شد
TO-635,هدف فنی,تعداد قیدهای فروش,۴,قید,— باید در بند متناظر نوشته شود,۱۴۰۵,C,HP-12,نوشتن مبنای عدد در بند متناظر — فعلاً بدون لنگرگاه (سطر 3683),ثبت شد
PR-10,قیمت,تعداد قلم‌هایی که پایش دربارهٔ قیمت تولید نمی‌کند,۳,قلم,— باید در بند متناظر نوشته شود,۱۴۰۵,C,HP-12,نوشتن مبنای عدد در بند متناظر — فعلاً بدون لنگرگاه (سطر 3684),ثبت شد
TO-636,هدف فنی,تعداد کارهای زنجیرهٔ هش,۴,کار,— باید در بند متناظر نوشته شود,۱۴۰۵,C,HP-12,نوشتن مبنای عدد در بند متناظر — فعلاً بدون لنگرگاه (سطر 3685),ثبت شد
TO-637,هدف فنی,تعداد کارهایی که زنجیرهٔ هش انجام نمی‌دهد,۴,کار,— باید در بند متناظر نوشته شود,۱۴۰۵,C,HP-12,نوشتن مبنای عدد در بند متناظر — فعلاً بدون لنگرگاه (سطر 3686),ثبت شد
GV-20,حکمرانی,تعداد قاعده‌های سهم صندوق منظر,۳,قاعده,— باید در بند متناظر نوشته شود,۱۴۰۵,C,HP-12,نوشتن مبنای عدد در بند متناظر — فعلاً بدون لنگرگاه (سطر 3687),ثبت شد
TO-638,هدف فنی,تعداد نقش‌های پایش در ماتریس فصل ۷,۴,نقش,— باید در بند متناظر نوشته شود,۱۴۰۵,C,HP-12,نوشتن مبنای عدد در بند متناظر — فعلاً بدون لنگرگاه (سطر 3688),ثبت شد
TO-639,هدف فنی,تعداد قاعدهٔ استخراج بستهٔ داده,۴,قاعده,— باید در بند متناظر نوشته شود,۱۴۰۵,C,HP-12,نوشتن مبنای عدد در بند متناظر — فعلاً بدون لنگرگاه (سطر 3689),ثبت شد
TO-640,هدف فنی,تعداد قلم‌های ثابت بخش محدودیت‌ها,۴,قلم,— باید در بند متناظر نوشته شود,۱۴۰۵,C,HP-12,نوشتن مبنای عدد در بند متناظر — فعلاً بدون لنگرگاه (سطر 3690),ثبت شد
TO-641,هدف فنی,تعداد قلم‌های یکسان در یازده اقلیم,۴,قلم,— باید در بند متناظر نوشته شود,۱۴۰۵,C,HP-12,نوشتن مبنای عدد در بند متناظر — فعلاً بدون لنگرگاه (سطر 3691),ثبت شد
TO-642,هدف فنی,تعداد قلم‌های متفاوت در یازده اقلیم,۴,قلم,— باید در بند متناظر نوشته شود,۱۴۰۵,C,HP-12,نوشتن مبنای عدد در بند متناظر — فعلاً بدون لنگرگاه (سطر 3692),ثبت شد
TO-643,هدف فنی,تعداد بندهای محتوایی تازهٔ نسخهٔ پنجم,۹,بند,— باید در بند متناظر نوشته شود,۱۴۰۵,C,HP-12,نوشتن مبنای عدد در بند متناظر — فعلاً بدون لنگرگاه (سطر 3694),ثبت شد
TO-644,هدف فنی,تعداد اصلاح صریح نسخهٔ پنجم,۴,قلم,— باید در بند متناظر نوشته شود,۱۴۰۵,C,HP-12,نوشتن مبنای عدد در بند متناظر — فعلاً بدون لنگرگاه (سطر 3696),ثبت شد
TO-645,هدف فنی,جمع مزد چهار روز — HP-12,۲۶۰,دلار,— باید در بند متناظر نوشته شود,۱۴۰۵,C,HP-12,نوشتن مبنای عدد در بند متناظر — فعلاً بدون لنگرگاه (سطر 3956),ثبت شد
TO-646,هدف فنی,تعداد افراد بازدید,۲,نفر,— باید در بند متناظر نوشته شود,۱۴۰۵,C,HP-12,نوشتن مبنای عدد در بند متناظر — فعلاً بدون لنگرگاه (سطر 3960),ثبت شد
TO-647,هدف فنی,مدت بازدید,۲,ساعت,— باید در بند متناظر نوشته شود,۱۴۰۵,C,HP-12,نوشتن مبنای عدد در بند متناظر — فعلاً بدون لنگرگاه (سطر 3961),ثبت شد
TO-648,هدف فنی,تعداد روزهای محاسبهٔ مزد,۴,روز,— باید در بند متناظر نوشته شود,۱۴۰۵,C,HP-12,نوشتن مبنای عدد در بند متناظر — فعلاً بدون لنگرگاه (سطر 3962),ثبت شد
TO-649,هدف فنی,خودمختاری هدف دستگاه,۳ تا ۵,روز,— باید در بند متناظر نوشته شود,۱۴۰۵,C,HP-12,نوشتن مبنای عدد در بند متناظر — فعلاً بدون لنگرگاه (سطر 3963),ثبت شد
SC-179,مقیاس,تعداد گیت‌وی به ازای هر هکتار,۱٫۲۲,گیت‌وی در هکتار,— باید در بند متناظر نوشته شود,۱۴۰۵,C,HP-12,نوشتن مبنای عدد در بند متناظر — فعلاً بدون لنگرگاه (سطر 3964),ثبت شد
SC-180,مقیاس,تراکم حسگر سطح S1,۶۱,حسگر در هکتار,— باید در بند متناظر نوشته شود,۱۴۰۵,C,HP-12,نوشتن مبنای عدد در بند متناظر — فعلاً بدون لنگرگاه (سطر 3965),ثبت شد
FN-294,مالی,هزینهٔ کل سخت‌افزار مزرعه,۱٬۰۱۲,دلار در هکتار,— باید در بند متناظر نوشته شود,۱۴۰۵,C,HP-12,نوشتن مبنای عدد در بند متناظر — فعلاً بدون لنگرگاه (سطر 3966),ثبت شد
TO-650,هدف فنی,تعداد قلم‌هایی که سامانه برای کشاورز نمی‌سنجد,۱۰,قلم,— باید در بند متناظر نوشته شود,۱۴۰۵,C,HP-12,نوشتن مبنای عدد در بند متناظر — فعلاً بدون لنگرگاه (سطر 3968),ثبت شد
ST-32,استاندارد,استانداردهای مرجع — HP-13,`601` سد گیاهی · `342` کاشت ناحیهٔ بحرانی · `412` آبراههٔ چمن‌زار · `587` سازهٔ کنترل آب · `327` پوشش حفاظتی · `512` کاشت علوفه و زیست‌توده,تنها `601` متن کامل خوانده‌شده دارد؛ `422` پرچین خطی در فهرست تأییدشده موجود است ولی شمارهٔ آن تأییدنشده می‌ماند,— باید در بند متناظر نوشته شود,۱۴۰۵,C,HP-13,نوشتن مبنای عدد در بند متناظر — فعلاً بدون لنگرگاه (سطر 66),ثبت شد
TO-651,هدف فنی,کرده ولی مقدار عددی هیچ اقلیم را تثبیت نکرده است؛ بنابراین در فصل ۲ و,۶,—,— باید در بند متناظر نوشته شود,۱۴۰۵,C,HP-13,نوشتن مبنای عدد در بند متناظر — فعلاً بدون لنگرگاه (سطر 160),ثبت شد
TO-652,هدف فنی,هدف طراحی ۲۰ تا,۳۰,—,— باید در بند متناظر نوشته شود,۱۴۰۵,C,HP-13,نوشتن مبنای عدد در بند متناظر — فعلاً بدون لنگرگاه (سطر 218),ثبت شد
FN-295,مالی,هزینهٔ سرمایه‌ای — HP-13,۱٬۱۳۱ دلار در هکتار سطح تیمارشده در حالت کامل هر شش زیرسازه — برآورد برنامه‌ای و بازتولیدپذیر از جمع شش ردیف,همین عدد با بهای کارگر روزانه‌ای ساخته شده که نرخش در هیچ سندی ثبت نشده است، پس کل عدد با یک متغیر تأییدنشده ایستاده است,— باید در بند متناظر نوشته شود,۱۴۰۵,C,HP-13,نوشتن مبنای عدد در بند متناظر — فعلاً بدون لنگرگاه (سطر 253),ثبت شد
FN-296,مالی,نرخ بقا,هدف بیش از ۷۰ درصد واحدهای کاشته‌شده پس از دو سال — هدف طراحی,همین عدد هدف است و نه مشاهده؛ هیچ نرخ مرگ سالانهٔ تأییدشده‌ای برای هیچ‌یک از شش گونه وجود ندارد,— باید در بند متناظر نوشته شود,۱۴۰۵,C,HP-13,نوشتن مبنای عدد در بند متناظر — فعلاً بدون لنگرگاه (سطر 256),ثبت شد
FN-297,مالی,هزینه سرمایه‌ای در حالت کامل شش زیرسازه,۱٬۱۳۱,دلار در هکتار سطح تیمارشده,— باید در بند متناظر نوشته شود,۱۴۰۵,C,HP-13,نوشتن مبنای عدد در بند متناظر — فعلاً بدون لنگرگاه (سطر 360),ثبت شد
TO-653,هدف فنی,بهای زیرسازهٔ `1b` حصیرهٔ شاخه,۳۶۰,دلار,— باید در بند متناظر نوشته شود,۱۴۰۵,C,HP-13,نوشتن مبنای عدد در بند متناظر — فعلاً بدون لنگرگاه (سطر 362),ثبت شد
TO-654,هدف فنی,بهای زیرسازهٔ `1e` پالت خارزه,۹۶,دلار,— باید در بند متناظر نوشته شود,۱۴۰۵,C,HP-13,نوشتن مبنای عدد در بند متناظر — فعلاً بدون لنگرگاه (سطر 365),ثبت شد
FN-298,مالی,هزینه عملیاتی سال ۱,۱۸,دلار در هکتار سطح تیمارشده در سال,— باید در بند متناظر نوشته شود,۱۴۰۵,C,HP-13,نوشتن مبنای عدد در بند متناظر — فعلاً بدون لنگرگاه (سطر 371),ثبت شد
FN-299,مالی,هزینه عملیاتی سال ۲,۱۲,دلار در هکتار سطح تیمارشده در سال,— باید در بند متناظر نوشته شود,۱۴۰۵,C,HP-13,نوشتن مبنای عدد در بند متناظر — فعلاً بدون لنگرگاه (سطر 372),ثبت شد
FN-300,مالی,هزینه عملیاتی سال ۲ تا ۵,۱۰,دلار در سال,— باید در بند متناظر نوشته شود,۱۴۰۵,C,HP-13,نوشتن مبنای عدد در بند متناظر — فعلاً بدون لنگرگاه (سطر 373),ثبت شد
TO-655,هدف فنی,ین جدول باید در فصل,۹,—,— باید در بند متناظر نوشته شود,۱۴۰۵,C,HP-13,نوشتن مبنای عدد در بند متناظر — فعلاً بدون لنگرگاه (سطر 380),ثبت شد
SC-181,مقیاس,محدودیت رطوبت,بارش ۳۰۰ تا ۴۵۰ میلی‌متر سالانه — سطح اطمینان C و در انتظار تأیید دادهٔ اقلیمی,بارش ۸۰۰ تا ۱۶۰۰ میلی‌متر سالانه — سطح اطمینان C و در انتظار تأیید,— باید در بند متناظر نوشته شود,۱۴۰۵,C,HP-13,نوشتن مبنای عدد در بند متناظر — فعلاً بدون لنگرگاه (سطر 424),ثبت شد
TO-656,هدف فنی,حد پذیرش شاخص سفتی,۰٫۰۵,تأییدنشده — در مسیر جریان متمرکز نیست,— باید در بند متناظر نوشته شود,۱۴۰۵,C,HP-13,نوشتن مبنای عدد در بند متناظر — فعلاً بدون لنگرگاه (سطر 490),ثبت شد
TO-657,هدف فنی,ند، یعنی `1c` و `1d`. خوانش دوم: گران‌ترین زیرسازه `1b` با,۳۶۰,—,— باید در بند متناظر نوشته شود,۱۴۰۵,C,HP-13,نوشتن مبنای عدد در بند متناظر — فعلاً بدون لنگرگاه (سطر 503),ثبت شد
TO-658,هدف فنی,از ۱۸ دلار در سال نخست تا,۵,—,— باید در بند متناظر نوشته شود,۱۴۰۵,C,HP-13,نوشتن مبنای عدد در بند متناظر — فعلاً بدون لنگرگاه (سطر 584),ثبت شد
SP-11,گونه,قطر ساقهٔ گونهٔ منتخب در ۱۵ سانتی‌متر بالای زمین,تأییدنشده — لازم برای انتخاب سطر جدول ۲٫۷,اندازه‌گیری با کولیس روی ۳۰ ساقه از هر گونه — کشاورز زیر نظر سرپرست فنی,— باید در بند متناظر نوشته شود,۱۴۰۵,C,HP-13,نوشتن مبنای عدد در بند متناظر — فعلاً بدون لنگرگاه (سطر 718),ثبت شد
ST-33,استاندارد,دورهٔ استقرار زیرسازه‌های `1b` و `1c` و `1d` و `1e`,تأییدنشده — تنها برای `1a` دو سال ثبت شده است,ثبت تاریخ نصب و تاریخ نخستین قبولی آزمون کشش دستی برای هر واحد — کشاورز,— باید در بند متناظر نوشته شود,۱۴۰۵,C,HP-13,نوشتن مبنای عدد در بند متناظر — فعلاً بدون لنگرگاه (سطر 724),ثبت شد
TO-659,هدف فنی,بندهای ۲٫۴ و,۵٫۸,بر,— باید در بند متناظر نوشته شود,۱۴۰۵,C,HP-13,نوشتن مبنای عدد در بند متناظر — فعلاً بدون لنگرگاه (سطر 823),ثبت شد
TO-660,هدف فنی,لی · بندهای ۴٫۱۱ و ۵٫۳ و,۵٫۴,بر,— باید در بند متناظر نوشته شود,۱۴۰۵,C,HP-13,نوشتن مبنای عدد در بند متناظر — فعلاً بدون لنگرگاه (سطر 834),ثبت شد
FN-301,مالی,نرخ ریشه‌زایی,تأییدنشده — آزمون ۱۰۰ قلمه‌ای لازم است,تأییدنشده,— باید در بند متناظر نوشته شود,۱۴۰۵,C,HP-13,نوشتن مبنای عدد در بند متناظر — فعلاً بدون لنگرگاه (سطر 844),ثبت شد
TO-661,هدف فنی,تی گیاه · بندهای ۲٫۸ و,۴٫۱۰,بر,— باید در بند متناظر نوشته شود,۱۴۰۵,C,HP-13,نوشتن مبنای عدد در بند متناظر — فعلاً بدون لنگرگاه (سطر 847),ثبت شد
TO-662,هدف فنی,· سیاست مواد محلی · بندهای ۲٫۸ و,۵٫۷,بر,— باید در بند متناظر نوشته شود,۱۴۰۵,C,HP-13,نوشتن مبنای عدد در بند متناظر — فعلاً بدون لنگرگاه (سطر 857),ثبت شد
FN-302,مالی,لایهٔ فیلتر اندازه‌گیری نشده‌اند، ستون هزینهٔ کل در این جدول و در جدول,۹٫۱,—,— باید در بند متناظر نوشته شود,۱۴۰۵,C,HP-13,نوشتن مبنای عدد در بند متناظر — فعلاً بدون لنگرگاه (سطر 886),ثبت شد
SP-12,گونه,*Pistacia atlantica*,`1a` و `1c` و `1e`,بذر یا قلمهٔ محلی کوهساران زاگرس — بومی‌بودن ثبت شده,— باید در بند متناظر نوشته شود,۱۴۰۵,C,HP-13,نوشتن مبنای عدد در بند متناظر — فعلاً بدون لنگرگاه (سطر 995),ثبت شد
SP-13,گونه,*Rhus coriaria*,`1a` و `1b`,بذر یا قلمهٔ محلی,— باید در بند متناظر نوشته شود,۱۴۰۵,C,HP-13,نوشتن مبنای عدد در بند متناظر — فعلاً بدون لنگرگاه (سطر 996),ثبت شد
SP-14,گونه,*Elaeagnus angustifolia*,`1b` — گونهٔ مکمل,بذر از پایه‌های بومی,— باید در بند متناظر نوشته شود,۱۴۰۵,C,HP-13,نوشتن مبنای عدد در بند متناظر — فعلاً بدون لنگرگاه (سطر 997),ثبت شد
TO-663,هدف فنی,*Populus nigra*,`1b` — فقط در `C1`,قلمهٔ بومی و نهالستان صنعتی — نیازمند استعلام,— باید در بند متناظر نوشته شود,۱۴۰۵,C,HP-13,نوشتن مبنای عدد در بند متناظر — فعلاً بدون لنگرگاه (سطر 998),ثبت شد
SP-15,گونه,*Alnus glutinosa*,`1c` — فقط در `C3`,بذر و قلمهٔ محلی — مشروط به تأیید حضور در آبراههٔ تالش,— باید در بند متناظر نوشته شود,۱۴۰۵,C,HP-13,نوشتن مبنای عدد در بند متناظر — فعلاً بدون لنگرگاه (سطر 999),ثبت شد
SP-16,گونه,*Salix* spp.,`1c` — فقط در `C3`,قلمهٔ محلی — بومی‌بودن گونهٔ دقیق تأییدنشده,— باید در بند متناظر نوشته شود,۱۴۰۵,C,HP-13,نوشتن مبنای عدد در بند متناظر — فعلاً بدون لنگرگاه (سطر 1000),ثبت شد
PL-14,پایلوت,*Festuca ovina*,`1d` و `1f`,بذر مراتع — سند گونه فقط برای پایلوت یاسوج ثبت کرده است,— باید در بند متناظر نوشته شود,۱۴۰۵,C,HP-13,نوشتن مبنای عدد در بند متناظر — فعلاً بدون لنگرگاه (سطر 1002),ثبت شد
SP-17,گونه,*Vicia sativa*,`1f`,بذر ذخیره‌شدهٔ خود مزرعه,— باید در بند متناظر نوشته شود,۱۴۰۵,C,HP-13,نوشتن مبنای عدد در بند متناظر — فعلاً بدون لنگرگاه (سطر 1003),ثبت شد
PL-15,پایلوت,*Astragalus* sp.,`1f`,بذر مراتع — فقط برای پایلوت یاسوج ثبت شده است,— باید در بند متناظر نوشته شود,۱۴۰۵,C,HP-13,نوشتن مبنای عدد در بند متناظر — فعلاً بدون لنگرگاه (سطر 1004),ثبت شد
PL-16,پایلوت,*Thymus kotschyanus*,`1f`,ثبت‌شده در فهرست درختچهٔ دو پایلوت زاگرسی — منبع بذر ثبت نشده,— باید در بند متناظر نوشته شود,۱۴۰۵,C,HP-13,نوشتن مبنای عدد در بند متناظر — فعلاً بدون لنگرگاه (سطر 1005),ثبت شد
TO-664,هدف فنی,بند مهار,بستن پیکرهٔ حصیرهٔ شاخه در `1b`,جنس و ضخامت,— باید در بند متناظر نوشته شود,۱۴۰۵,C,HP-13,نوشتن مبنای عدد در بند متناظر — فعلاً بدون لنگرگاه (سطر 1130),ثبت شد
SC-182,مقیاس,میخ چوبی,مهار حصیرهٔ شاخه در `1b` و ساخت پالت خارزه در `1e`,قطر و طول و سطح مقطع,— باید در بند متناظر نوشته شود,۱۴۰۵,C,HP-13,نوشتن مبنای عدد در بند متناظر — فعلاً بدون لنگرگاه (سطر 1131),ثبت شد
SC-183,مقیاس,سطح مقطع سازه,مدل هندسه و حجم — بند ۳٫۸,هدف طراحی,— باید در بند متناظر نوشته شود,۱۴۰۵,C,HP-13,نوشتن مبنای عدد در بند متناظر — فعلاً بدون لنگرگاه (سطر 1157),ثبت شد
FN-303,مالی,شعاع واقعی معدن,فصل ۹,برآورد هزینهٔ حمل سنگ,— باید در بند متناظر نوشته شود,۱۴۰۵,C,HP-13,نوشتن مبنای عدد در بند متناظر — فعلاً بدون لنگرگاه (سطر 1247),ثبت شد
TO-665,هدف فنی,جدول تراکم ساقه بر حسب شاخص سفتی گیاه,۰٫۱۰,بر,— باید در بند متناظر نوشته شود,۱۴۰۵,C,HP-13,نوشتن مبنای عدد در بند متناظر — فعلاً بدون لنگرگاه (سطر 1358),ثبت شد
TO-666,هدف فنی,و φ' = ۳۰ درجه و c_r =,۰,—,— باید در بند متناظر نوشته شود,۱۴۰۵,C,HP-13,نوشتن مبنای عدد در بند متناظر — فعلاً بدون لنگرگاه (سطر 1798),ثبت شد
TO-667,هدف فنی,ن ریشه حدود,۳۰,—,— باید در بند متناظر نوشته شود,۱۴۰۵,C,HP-13,نوشتن مبنای عدد در بند متناظر — فعلاً بدون لنگرگاه (سطر 1802),ثبت شد
TO-668,هدف فنی,کانال‌های پوشش‌دار · بند,۳٫۱۹,بر,— باید در بند متناظر نوشته شود,۱۴۰۵,C,HP-13,نوشتن مبنای عدد در بند متناظر — فعلاً بدون لنگرگاه (سطر 1908),ثبت شد
TO-669,هدف فنی,دانش بومی و تاریخی بند,۹٫۱,بر,— باید در بند متناظر نوشته شود,۱۴۰۵,C,HP-13,نوشتن مبنای عدد در بند متناظر — فعلاً بدون لنگرگاه (سطر 1937),ثبت شد
TO-670,هدف فنی,رای افق تحلیل · بند,۱٫۸٫۲,بر,— باید در بند متناظر نوشته شود,۱۴۰۵,C,HP-13,نوشتن مبنای عدد در بند متناظر — فعلاً بدون لنگرگاه (سطر 1995),ثبت شد
TO-671,هدف فنی,F11 و F19. هفت فرمول هیچ ورودی به فصل,۹,—,— باید در بند متناظر نوشته شود,۱۴۰۵,C,HP-13,نوشتن مبنای عدد در بند متناظر — فعلاً بدون لنگرگاه (سطر 2090),ثبت شد
TO-672,هدف فنی,قاعدهٔ حاکم بر چهار وضعیت، همان قاعدهٔ فصل,۲,—,— باید در بند متناظر نوشته شود,۱۴۰۵,C,HP-13,نوشتن مبنای عدد در بند متناظر — فعلاً بدون لنگرگاه (سطر 2143),ثبت شد
TO-673,هدف فنی,جدول — HP-13,۳٫۳۲,—,— باید در بند متناظر نوشته شود,۱۴۰۵,C,HP-13,نوشتن مبنای عدد در بند متناظر — فعلاً بدون لنگرگاه (سطر 2168),ثبت شد
TO-674,هدف فنی,ده‌اند و هر سه به یک علت برمی‌گردند: نبودِ منبع معتبر. گام,۸,—,— باید در بند متناظر نوشته شود,۱۴۰۵,C,HP-13,نوشتن مبنای عدد در بند متناظر — فعلاً بدون لنگرگاه (سطر 2447),ثبت شد
TO-675,هدف فنی,زه · بند ۵٫۲ · بند ۴٫۵ گام ۲ و بند ۴٫۶ گام,۶,بر,— باید در بند متناظر نوشته شود,۱۴۰۵,C,HP-13,نوشتن مبنای عدد در بند متناظر — فعلاً بدون لنگرگاه (سطر 2502),ثبت شد
TO-676,هدف فنی,یرسازه که در فصل,۱,—,— باید در بند متناظر نوشته شود,۱۴۰۵,C,HP-13,نوشتن مبنای عدد در بند متناظر — فعلاً بدون لنگرگاه (سطر 2669),ثبت شد
TO-677,هدف فنی,سال دوم,هرس و تنظیم ساقه‌ها، برش ۲۰ درصد بالای خط سازه,تأییدنشده,— باید در بند متناظر نوشته شود,۱۴۰۵,C,HP-13,نوشتن مبنای عدد در بند متناظر — فعلاً بدون لنگرگاه (سطر 2674),ثبت شد
FN-304,مالی,سد گیاهی. سطح اطمینان: A برای نرخ,۳۳,بر,— باید در بند متناظر نوشته شود,۱۴۰۵,C,HP-13,نوشتن مبنای عدد در بند متناظر — فعلاً بدون لنگرگاه (سطر 2693),ثبت شد
TO-678,هدف فنی,سرپرست کارگاه فنی,۱,مهندسی آبخیز و کنترل کیفیت,— باید در بند متناظر نوشته شود,۱۴۰۵,C,HP-13,نوشتن مبنای عدد در بند متناظر — فعلاً بدون لنگرگاه (سطر 2853),ثبت شد
M-83,مواد,کارگر فنی کارگروه محلی,۲,اجرای سازهٔ سنگی و چوبی,— باید در بند متناظر نوشته شود,۱۴۰۵,C,HP-13,نوشتن مبنای عدد در بند متناظر — فعلاً بدون لنگرگاه (سطر 2854),ثبت شد
TO-679,هدف فنی,کارآموز محلی — HP-13,۱,آموزش‌دیده در حال یادگیری,— باید در بند متناظر نوشته شود,۱۴۰۵,C,HP-13,نوشتن مبنای عدد در بند متناظر — فعلاً بدون لنگرگاه (سطر 2856),ثبت شد
TO-680,هدف فنی,مجموع — HP-13,۵,—,— باید در بند متناظر نوشته شود,۱۴۰۵,C,HP-13,نوشتن مبنای عدد در بند متناظر — فعلاً بدون لنگرگاه (سطر 2857),ثبت شد
FN-305,مالی,هزینهٔ روزانه و ستون هزینهٔ چهار روز در جدول ۵٫۱۲ و سطرهای مجموع جدول,۹٫۱,—,— باید در بند متناظر نوشته شود,۱۴۰۵,C,HP-13,نوشتن مبنای عدد در بند متناظر — فعلاً بدون لنگرگاه (سطر 2870),ثبت شد
TO-681,هدف فنی,ریسمان نواری,۱ دسته,همهٔ گام‌های اندازه‌گیری,— باید در بند متناظر نوشته شود,۱۴۰۵,C,HP-13,نوشتن مبنای عدد در بند متناظر — فعلاً بدون لنگرگاه (سطر 2878),ثبت شد
M-84,مواد,میخ چوبی و دو میخ علامت,۲ عدد,کشیدن خط تراز و خط آبراهه,— باید در بند متناظر نوشته شود,۱۴۰۵,C,HP-13,نوشتن مبنای عدد در بند متناظر — فعلاً بدون لنگرگاه (سطر 2879),ثبت شد
TO-682,هدف فنی,متر نواری,۱,اندازه‌گیری طول و عرض و عمق و فاصله,— باید در بند متناظر نوشته شود,۱۴۰۵,C,HP-13,نوشتن مبنای عدد در بند متناظر — فعلاً بدون لنگرگاه (سطر 2880),ثبت شد
TO-683,هدف فنی,بند مهار,۳ حلقه,بستن پیکرهٔ حصیره,— باید در بند متناظر نوشته شود,۱۴۰۵,C,HP-13,نوشتن مبنای عدد در بند متناظر — فعلاً بدون لنگرگاه (سطر 2886),ثبت شد
ST-34,استاندارد,ریسمان پنج متری,۱,آزمون هم‌راستایی کوتر,— باید در بند متناظر نوشته شود,۱۴۰۵,C,HP-13,نوشتن مبنای عدد در بند متناظر — فعلاً بدون لنگرگاه (سطر 2888),ثبت شد
TO-684,هدف فنی,شیب‌سنج یا متر و تراز,۱,سنجش شیب کف آبراهه,— باید در بند متناظر نوشته شود,۱۴۰۵,C,HP-13,نوشتن مبنای عدد در بند متناظر — فعلاً بدون لنگرگاه (سطر 2889),ثبت شد
TO-685,هدف فنی,دفترچه و خودکار,۲,ثبت رکورد و روزانه,— باید در بند متناظر نوشته شود,۱۴۰۵,C,HP-13,نوشتن مبنای عدد در بند متناظر — فعلاً بدون لنگرگاه (سطر 2890),ثبت شد
TO-686,هدف فنی,۴٫۳ تا ۴٫۸ و,۵٫۱,بر,— باید در بند متناظر نوشته شود,۱۴۰۵,C,HP-13,نوشتن مبنای عدد در بند متناظر — فعلاً بدون لنگرگاه (سطر 2908),ثبت شد
TO-687,هدف فنی,منبع: بندهای ۲٫۳ و ۲٫۱۶ و,۵٫۷,بر,— باید در بند متناظر نوشته شود,۱۴۰۵,C,HP-13,نوشتن مبنای عدد در بند متناظر — فعلاً بدون لنگرگاه (سطر 2962),ثبت شد
TO-688,هدف فنی,منبع: بندهای ۴٫۶ و ۴٫۸ و,۵٫۷,بر,— باید در بند متناظر نوشته شود,۱۴۰۵,C,HP-13,نوشتن مبنای عدد در بند متناظر — فعلاً بدون لنگرگاه (سطر 3004),ثبت شد
FN-306,مالی,ن نشده است. این خلأ در فصل ۸ به‌عنوان هزینهٔ آموزش ثبت می‌شود و در فصل,۹,—,— باید در بند متناظر نوشته شود,۱۴۰۵,C,HP-13,نوشتن مبنای عدد در بند متناظر — فعلاً بدون لنگرگاه (سطر 3030),ثبت شد
TO-689,هدف فنی,ٔ پایانی فصل,۵,—,— باید در بند متناظر نوشته شود,۱۴۰۵,C,HP-13,نوشتن مبنای عدد در بند متناظر — فعلاً بدون لنگرگاه (سطر 3081),ثبت شد
TO-690,هدف فنی,یرونی نیاز دارند. تا آن زمان، سطرهای مجموع جدول‌های ۵٫۱۲ و ۵٫۱۴ و جدول,۹٫۱,—,— باید در بند متناظر نوشته شود,۱۴۰۵,C,HP-13,نوشتن مبنای عدد در بند متناظر — فعلاً بدون لنگرگاه (سطر 3153),ثبت شد
FN-307,مالی,هزینهٔ عملیاتی سال ۱,۱۸ دلار,غیرمستقیم — ساعت کار تأییدنشده است,— باید در بند متناظر نوشته شود,۱۴۰۵,C,HP-13,نوشتن مبنای عدد در بند متناظر — فعلاً بدون لنگرگاه (سطر 3171),ثبت شد
FN-308,مالی,ین کتابچه · سند برش هزینه بخش,۱-۲,—,— باید در بند متناظر نوشته شود,۱۴۰۵,C,HP-13,نوشتن مبنای عدد در بند متناظر — فعلاً بدون لنگرگاه (سطر 3177),ثبت شد
TO-691,هدف فنی,بارش سالانه — HP-13,۳۰۰ تا ۴۵۰ میلی‌متر,۸۰۰ تا ۱۶۰۰ میلی‌متر,— باید در بند متناظر نوشته شود,۱۴۰۵,C,HP-13,نوشتن مبنای عدد در بند متناظر — فعلاً بدون لنگرگاه (سطر 3260),ثبت شد
TO-692,هدف فنی,این جدول باید در همهٔ فصل تکرار شود. خوانش نخست: از ۲۶ خانهٔ این جدول،,۹,—,— باید در بند متناظر نوشته شود,۱۴۰۵,C,HP-13,نوشتن مبنای عدد در بند متناظر — فعلاً بدون لنگرگاه (سطر 3269),ثبت شد
TO-693,هدف فنی,` · جدول,۲٫۲,بر,— باید در بند متناظر نوشته شود,۱۴۰۵,C,HP-13,نوشتن مبنای عدد در بند متناظر — فعلاً بدون لنگرگاه (سطر 3376),ثبت شد
SC-184,مقیاس,ا «یک نوار در هر سطح». این تفاوت، در فصل,۹,—,— باید در بند متناظر نوشته شود,۱۴۰۵,C,HP-13,نوشتن مبنای عدد در بند متناظر — فعلاً بدون لنگرگاه (سطر 3521),ثبت شد
TO-694,هدف فنی,ت، در فصل,۹,—,— باید در بند متناظر نوشته شود,۱۴۰۵,C,HP-13,نوشتن مبنای عدد در بند متناظر — فعلاً بدون لنگرگاه (سطر 3521),ثبت شد
TO-695,هدف فنی,اقلیم — مشخصات هر اقلیم · بندهای ۴٫۱۰ و,۶٫۹,بر,— باید در بند متناظر نوشته شود,۱۴۰۵,C,HP-13,نوشتن مبنای عدد در بند متناظر — فعلاً بدون لنگرگاه (سطر 3562),ثبت شد
TO-696,هدف فنی,دو اقلیم فاقد داده‌اند. این یافته با جدول ۶٫۱ هم‌خوان است که ۹ خانه از,۲۶,—,— باید در بند متناظر نوشته شود,۱۴۰۵,C,HP-13,نوشتن مبنای عدد در بند متناظر — فعلاً بدون لنگرگاه (سطر 3564),ثبت شد
TO-697,هدف فنی,۶٫۲ تا ۶٫۷ و ۶٫۱۲ این فصل · بند ۱٫۵ و بند,۴٫۱۰,بر,— باید در بند متناظر نوشته شود,۱۴۰۵,C,HP-13,نوشتن مبنای عدد در بند متناظر — فعلاً بدون لنگرگاه (سطر 3600),ثبت شد
TO-698,هدف فنی,منبع: بندهای ۲٫۸ و ۲٫۱۹ و,۶٫۵,بر,— باید در بند متناظر نوشته شود,۱۴۰۵,C,HP-13,نوشتن مبنای عدد در بند متناظر — فعلاً بدون لنگرگاه (سطر 3720),ثبت شد
TO-699,هدف فنی,و ۴٫۸ و ۶٫۳ و ۶٫۴ و ۶٫۶ این فصل · جدول,۴٫۹,—,— باید در بند متناظر نوشته شود,۱۴۰۵,C,HP-13,نوشتن مبنای عدد در بند متناظر — فعلاً بدون لنگرگاه (سطر 3735),ثبت شد
TO-700,هدف فنی,نه داد. هفت عامل اقلیمی مؤثر نام برده شد و از ۲۶ خانهٔ جدول هفت‌عاملی،,۹,—,— باید در بند متناظر نوشته شود,۱۴۰۵,C,HP-13,نوشتن مبنای عدد در بند متناظر — فعلاً بدون لنگرگاه (سطر 3796),ثبت شد
TO-701,هدف فنی,ای ۲٫۶ و ۳٫۲ و ۷٫۲ و,۷٫۴,بر,— باید در بند متناظر نوشته شود,۱۴۰۵,C,HP-13,نوشتن مبنای عدد در بند متناظر — فعلاً بدون لنگرگاه (سطر 3961),ثبت شد
TO-702,هدف فنی,در بند ۵٫۲۷ برای فصل,۵,—,— باید در بند متناظر نوشته شود,۱۴۰۵,C,HP-13,نوشتن مبنای عدد در بند متناظر — فعلاً بدون لنگرگاه (سطر 4110),ثبت شد
TO-703,هدف فنی,بازرسی پس از بارش شدید,پنج نشانهٔ جدول ۵٫۲۳,پس از هر بارش شدید,— باید در بند متناظر نوشته شود,۱۴۰۵,C,HP-13,نوشتن مبنای عدد در بند متناظر — فعلاً بدون لنگرگاه (سطر 4133),ثبت شد
TO-704,هدف فنی,۵٫۲۹ و جدول ۵٫۳۱ این کتابچه · بند,۱٫۸٫۲,بر,— باید در بند متناظر نوشته شود,۱۴۰۵,C,HP-13,نوشتن مبنای عدد در بند متناظر — فعلاً بدون لنگرگاه (سطر 4141),ثبت شد
TO-705,هدف فنی,کتابچه · بند,۵٫۲۴,بر,— باید در بند متناظر نوشته شود,۱۴۰۵,C,HP-13,نوشتن مبنای عدد در بند متناظر — فعلاً بدون لنگرگاه (سطر 4169),ثبت شد
TO-706,هدف فنی,منبع: جدول ۷٫۴ و جدول,۳٫۲۳,—,— باید در بند متناظر نوشته شود,۱۴۰۵,C,HP-13,نوشتن مبنای عدد در بند متناظر — فعلاً بدون لنگرگاه (سطر 4231),ثبت شد
TO-707,هدف فنی,بر این جدول همان قاعدهٔ فصل,۵,—,— باید در بند متناظر نوشته شود,۱۴۰۵,C,HP-13,نوشتن مبنای عدد در بند متناظر — فعلاً بدون لنگرگاه (سطر 4256),ثبت شد
TO-708,هدف فنی,سه قلم این جدول، هر سه در فصل,۹,—,— باید در بند متناظر نوشته شود,۱۴۰۵,C,HP-13,نوشتن مبنای عدد در بند متناظر — فعلاً بدون لنگرگاه (سطر 4378),ثبت شد
TO-709,هدف فنی,فصل به فصل,۹,—,— باید در بند متناظر نوشته شود,۱۴۰۵,C,HP-13,نوشتن مبنای عدد در بند متناظر — فعلاً بدون لنگرگاه (سطر 4458),ثبت شد
TO-710,هدف فنی,می‌کند. فصل,۸,—,— باید در بند متناظر نوشته شود,۱۴۰۵,C,HP-13,نوشتن مبنای عدد در بند متناظر — فعلاً بدون لنگرگاه (سطر 4487),ثبت شد
FN-309,مالی,هزینهٔ سال یکم,۱۸ دلار,هدف طراحی,— باید در بند متناظر نوشته شود,۱۴۰۵,C,HP-13,نوشتن مبنای عدد در بند متناظر — فعلاً بدون لنگرگاه (سطر 4516),ثبت شد
FN-310,مالی,مجموع CAPEX — HP-13,مجموع ردیف‌های سرمایه‌ای سال ۱,تأییدنشده,— باید در بند متناظر نوشته شود,۱۴۰۵,C,HP-13,نوشتن مبنای عدد در بند متناظر — فعلاً بدون لنگرگاه (سطر 4585),ثبت شد
TO-711,هدف فنی,۵٫۱۴ و ۵٫۱۵ و بند ۸٫۲ و بند,۸٫۴,بر,— باید در بند متناظر نوشته شود,۱۴۰۵,C,HP-13,نوشتن مبنای عدد در بند متناظر — فعلاً بدون لنگرگاه (سطر 4587),ثبت شد
TO-712,هدف فنی,بند ۳٫۱۱ و بند,۹٫۳٫۱,بر,— باید در بند متناظر نوشته شود,۱۴۰۵,C,HP-13,نوشتن مبنای عدد در بند متناظر — فعلاً بدون لنگرگاه (سطر 4598),ثبت شد
FN-311,مالی,حاسبهٔ نمونه: مجموع هزینه قابل بازتولید نیست چون همهٔ دوازده ردیف جدول,۹٫۱,—,— باید در بند متناظر نوشته شود,۱۴۰۵,C,HP-13,نوشتن مبنای عدد در بند متناظر — فعلاً بدون لنگرگاه (سطر 4644),ثبت شد
TO-713,هدف فنی,زینه قابل بازتولید نیست چون همهٔ دوازده ردیف جدول,۹٫۱,—,— باید در بند متناظر نوشته شود,۱۴۰۵,C,HP-13,نوشتن مبنای عدد در بند متناظر — فعلاً بدون لنگرگاه (سطر 4644),ثبت شد
TO-714,هدف فنی,مهٔ دوازده ردیف جدول,۹٫۱,—,— باید در بند متناظر نوشته شود,۱۴۰۵,C,HP-13,نوشتن مبنای عدد در بند متناظر — فعلاً بدون لنگرگاه (سطر 4644),ثبت شد
FN-312,مالی,نسبت با سرویس اکوسیستمی,سهم جزء `ES-04` و `ES-03`,هزینهٔ کل — تأییدنشده,— باید در بند متناظر نوشته شود,۱۴۰۵,C,HP-13,نوشتن مبنای عدد در بند متناظر — فعلاً بدون لنگرگاه (سطر 4652),ثبت شد
GV-21,حکمرانی,سهم بهره‌بردار از سود,۴۵ درصد — `GV-01`,ریجیستری — مصوب,— باید در بند متناظر نوشته شود,۱۴۰۵,C,HP-13,نوشتن مبنای عدد در بند متناظر — فعلاً بدون لنگرگاه (سطر 4673),ثبت شد
TO-715,هدف فنی,ستری `HDR` ردیف‌های `GV-01` تا `GV-05` · بند,۹٫۹,بر,— باید در بند متناظر نوشته شود,۱۴۰۵,C,HP-13,نوشتن مبنای عدد در بند متناظر — فعلاً بدون لنگرگاه (سطر 4679),ثبت شد
FN-313,مالی,هزینهٔ کل,مجموع دوازده ردیف جدول ۹٫۱,تأییدنشده,— باید در بند متناظر نوشته شود,۱۴۰۵,C,HP-13,نوشتن مبنای عدد در بند متناظر — فعلاً بدون لنگرگاه (سطر 4709),ثبت شد
FN-314,مالی,سهم از هزینهٔ کل استقرار,۴۵۴۵ دلار در هکتار — هزینهٔ کل دوازده بسته,`FN-03`,— باید در بند متناظر نوشته شود,۱۴۰۵,C,HP-13,نوشتن مبنای عدد در بند متناظر — فعلاً بدون لنگرگاه (سطر 4736),ثبت شد
PR-11,قیمت,هیچ عدد هزینه‌ای,همهٔ دوازده ردیف جدول ۹٫۱ تأییدنشده,هفت قیمت واحد و نرخ روز کار ثبت نشده,— باید در بند متناظر نوشته شود,۱۴۰۵,C,HP-13,نوشتن مبنای عدد در بند متناظر — فعلاً بدون لنگرگاه (سطر 4751),ثبت شد
TO-716,هدف فنی,ردیف جدول,۹٫۱,—,— باید در بند متناظر نوشته شود,۱۴۰۵,C,HP-13,نوشتن مبنای عدد در بند متناظر — فعلاً بدون لنگرگاه (سطر 4761),ثبت شد
TO-717,هدف فنی,پنج قلم بسته‌نشده,جدول ۹٫۲۸,در پیوست الف ردیف تأییدنشده می‌مانند,— باید در بند متناظر نوشته شود,۱۴۰۵,C,HP-13,نوشتن مبنای عدد در بند متناظر — فعلاً بدون لنگرگاه (سطر 5326),ثبت شد
FN-315,مالی,رسوب‌گرفتگی تا شکست کف,`RR-13-03` و بند ۸٫۳,حجم رسوب نسبت به ظرفیت فضای تله — ظرفیت تأییدنشده,— باید در بند متناظر نوشته شود,۱۴۰۵,C,HP-13,نوشتن مبنای عدد در بند متناظر — فعلاً بدون لنگرگاه (سطر 5565),ثبت شد
TO-718,هدف فنی,` و `ST-15` · سند ساختار و نگارش کتابچه بند,۱۰٫۱۱,بر,— باید در بند متناظر نوشته شود,۱۴۰۵,C,HP-13,نوشتن مبنای عدد در بند متناظر — فعلاً بدون لنگرگاه (سطر 6128),ثبت شد
TO-719,هدف فنی,و نگارش کتابچه بند,۱۰٫۱۱,—,— باید در بند متناظر نوشته شود,۱۴۰۵,C,HP-13,نوشتن مبنای عدد در بند متناظر — فعلاً بدون لنگرگاه (سطر 6128),ثبت شد
TO-720,هدف فنی,فاقد معیار عددی,۲,ساختار هست ولی عدد نیست,— باید در بند متناظر نوشته شود,۱۴۰۵,C,HP-13,نوشتن مبنای عدد در بند متناظر — فعلاً بدون لنگرگاه (سطر 6181),ثبت شد
GV-22,حکمرانی,ل، سهم فصل,۱۱,—,— باید در بند متناظر نوشته شود,۱۴۰۵,C,HP-13,نوشتن مبنای عدد در بند متناظر — فعلاً بدون لنگرگاه (سطر 6490),ثبت شد
FN-316,مالی,هزینه سرمایه‌ای حالت کامل شش زیرسازه,۱٬۱۳۱,دلار در هکتار سطح تیمارشده,— باید در بند متناظر نوشته شود,۱۴۰۵,C,HP-13,نوشتن مبنای عدد در بند متناظر — فعلاً بدون لنگرگاه (سطر 6871),ثبت شد
TO-721,هدف فنی,بهای زیرسازهٔ `1a`,۱۸۰,دلار,— باید در بند متناظر نوشته شود,۱۴۰۵,C,HP-13,نوشتن مبنای عدد در بند متناظر — فعلاً بدون لنگرگاه (سطر 6872),ثبت شد
TO-722,هدف فنی,بهای زیرسازهٔ `1b`,۳۶۰,دلار,— باید در بند متناظر نوشته شود,۱۴۰۵,C,HP-13,نوشتن مبنای عدد در بند متناظر — فعلاً بدون لنگرگاه (سطر 6873),ثبت شد
TO-723,هدف فنی,بهای زیرسازهٔ `1c`,۱۰۵,دلار,— باید در بند متناظر نوشته شود,۱۴۰۵,C,HP-13,نوشتن مبنای عدد در بند متناظر — فعلاً بدون لنگرگاه (سطر 6874),ثبت شد
TO-724,هدف فنی,بهای زیرسازهٔ `1d`,۲۴۰,دلار,— باید در بند متناظر نوشته شود,۱۴۰۵,C,HP-13,نوشتن مبنای عدد در بند متناظر — فعلاً بدون لنگرگاه (سطر 6875),ثبت شد
TO-725,هدف فنی,بهای زیرسازهٔ `1e`,۹۶,دلار,— باید در بند متناظر نوشته شود,۱۴۰۵,C,HP-13,نوشتن مبنای عدد در بند متناظر — فعلاً بدون لنگرگاه (سطر 6876),ثبت شد
TO-726,هدف فنی,بهای زیرسازهٔ `1f`,۱۵۰,دلار,— باید در بند متناظر نوشته شود,۱۴۰۵,C,HP-13,نوشتن مبنای عدد در بند متناظر — فعلاً بدون لنگرگاه (سطر 6877),ثبت شد
TO-727,هدف فنی,بهای دو زیرسازهٔ ضدگودی,۳۳۶,دلار,— باید در بند متناظر نوشته شود,۱۴۰۵,C,HP-13,نوشتن مبنای عدد در بند متناظر — فعلاً بدون لنگرگاه (سطر 6878),ثبت شد
TO-728,هدف فنی,حالت چهار زیرسازه از تفریق مستقیم,۷۹۵,دلار,— باید در بند متناظر نوشته شود,۱۴۰۵,C,HP-13,نوشتن مبنای عدد در بند متناظر — فعلاً بدون لنگرگاه (سطر 6879),ثبت شد
FN-317,مالی,حالت چهار زیرسازه در سند برش هزینه,۶۵۵,دلار,— باید در بند متناظر نوشته شود,۱۴۰۵,C,HP-13,نوشتن مبنای عدد در بند متناظر — فعلاً بدون لنگرگاه (سطر 6880),ثبت شد
FN-318,مالی,هزینه عملیاتی سال ۲ تا ۵,۱۰,دلار در هکتار سطح تیمارشده در سال,— باید در بند متناظر نوشته شود,۱۴۰۵,C,HP-13,نوشتن مبنای عدد در بند متناظر — فعلاً بدون لنگرگاه (سطر 6883),ثبت شد
FN-319,مالی,هزینه عملیاتی سال ۵ به بعد,۵,دلار در هکتار سطح تیمارشده در سال,— باید در بند متناظر نوشته شود,۱۴۰۵,C,HP-13,نوشتن مبنای عدد در بند متناظر — فعلاً بدون لنگرگاه (سطر 6884),ثبت شد
FN-320,مالی,نرخ بقای قلمه,بیش از ۷۰,درصد,— باید در بند متناظر نوشته شود,۱۴۰۵,C,HP-13,نوشتن مبنای عدد در بند متناظر — فعلاً بدون لنگرگاه (سطر 7204),ثبت شد
TO-729,هدف فنی,کاهش فرسایش هدف,۴۰ تا ۶۰,درصد,— باید در بند متناظر نوشته شود,۱۴۰۵,C,HP-13,نوشتن مبنای عدد در بند متناظر — فعلاً بدون لنگرگاه (سطر 7205),ثبت شد
TO-730,هدف فنی,کاهش سرعت رواناب هدف,۳۰ تا ۵۰,درصد,— باید در بند متناظر نوشته شود,۱۴۰۵,C,HP-13,نوشتن مبنای عدد در بند متناظر — فعلاً بدون لنگرگاه (سطر 7206),ثبت شد
FN-321,مالی,ن**؛ چون زمان اجرای هیچ سازه‌ای ثبت‌شده نیست، این بسته هزینه را به فصل,۹,—,— باید در بند متناظر نوشته شود,۱۴۰۵,C,HP-14,نوشتن مبنای عدد در بند متناظر — فعلاً بدون لنگرگاه (سطر 151),ثبت شد
TO-731,هدف فنی,منبع: جدول داخلی این کتابچه · فصل‌های ۱ و ۳ و ۵ و,۹,—,— باید در بند متناظر نوشته شود,۱۴۰۵,C,HP-14,نوشتن مبنای عدد در بند متناظر — فعلاً بدون لنگرگاه (سطر 194),ثبت شد
PR-12,قیمت,هزینه سرمایه‌ای (CAPEX) — HP-14,قیمت تأییدنشده — فهرست مقدار کار فصل ۲ و ۹,هیچ قیمت واحدی در پرونده راستی‌آزمایی نشده است,— باید در بند متناظر نوشته شود,۱۴۰۵,C,HP-14,نوشتن مبنای عدد در بند متناظر — فعلاً بدون لنگرگاه (سطر 234),ثبت شد
FN-322,مالی,دوره بازگشت سرمایه — HP-14,قیمت تأییدنشده — در فصل ۹ بازمحاسبه می‌شود,بدون CAPEX معتبر، دورهٔ بازگشت عدد ساختگی است,— باید در بند متناظر نوشته شود,۱۴۰۵,C,HP-14,نوشتن مبنای عدد در بند متناظر — فعلاً بدون لنگرگاه (سطر 236),ثبت شد
TO-732,هدف فنی,زمان اجرا در هر واحد — HP-14,تأییدنشده — نیازمند خط پایه: پیمایش ۵۰ پلات در هر حوضه پیش از طراحی,بدون زمان پایه، فصل ۹ عدد نمی‌سازد,— باید در بند متناظر نوشته شود,۱۴۰۵,C,HP-14,نوشتن مبنای عدد در بند متناظر — فعلاً بدون لنگرگاه (سطر 244),ثبت شد
TO-733,هدف فنی,عمق متوسط آب‌رو,تأییدنشده — نیازمند خط پایه: آزمون چوب، یک چوب ۵۰ سانتی‌متری هر سه متر، عمق سوراخ ماه بعد,میانگین عمق سوراخ زیر ۲ سانتی‌متر در یک فصل,— باید در بند متناظر نوشته شود,۱۴۰۵,C,HP-14,نوشتن مبنای عدد در بند متناظر — فعلاً بدون لنگرگاه (سطر 259),ثبت شد
TO-734,هدف فنی,سند راهبردی فاصلهٔ عمودی ۲۰ تا ۴۰ متر را در شیب ۲۰ تا,۴۵,—,— باید در بند متناظر نوشته شود,۱۴۰۵,C,HP-14,نوشتن مبنای عدد در بند متناظر — فعلاً بدون لنگرگاه (سطر 267),ثبت شد
TO-735,هدف فنی,بند هلالی در گودی‌های کوچک و در شیب‌های ۱۰ تا,۲۰,—,— باید در بند متناظر نوشته شود,۱۴۰۵,C,HP-14,نوشتن مبنای عدد در بند متناظر — فعلاً بدون لنگرگاه (سطر 268),ثبت شد
M-85,مواد,حصیرهٔ شاخهٔ باغ و کوتور خشکه‌چین زنده,تله‌های بیولوژیک با قلمه و نهال از فهرست بومی `S1`,مهار کف و دیوارهٔ گودی با مادهٔ گیاهی,— باید در بند متناظر نوشته شود,۱۴۰۵,C,HP-14,نوشتن مبنای عدد در بند متناظر — فعلاً بدون لنگرگاه (سطر 381),ثبت شد
M-86,مواد,سنگ درشت بدنهٔ سنگی,قطر ۲۰ تا ۴۰ سانتی‌متر,بزرگ‌تر از ۴۰ سانتی‌متر در لایهٔ تنه رد می‌شود,— باید در بند متناظر نوشته شود,۱۴۰۵,C,HP-14,نوشتن مبنای عدد در بند متناظر — فعلاً بدون لنگرگاه (سطر 651),ثبت شد
M-87,مواد,سنگ متوسط هسته و پرکننده,قطر ۱۰ تا ۲۰ سانتی‌متر,—,— باید در بند متناظر نوشته شود,۱۴۰۵,C,HP-14,نوشتن مبنای عدد در بند متناظر — فعلاً بدون لنگرگاه (سطر 652),ثبت شد
M-88,مواد,شن و قلوه‌سنگ ریز کف,بین ۵ تا ۵۰ میلی‌متر,—,— باید در بند متناظر نوشته شود,۱۴۰۵,C,HP-14,نوشتن مبنای عدد در بند متناظر — فعلاً بدون لنگرگاه (سطر 653),ثبت شد
SC-185,مقیاس,خاک لومی سطحی,۴۰ تا ۵۰ درصد ماسه، ۳۰ تا ۴۰ درصد سیلت، ۱۰ تا ۲۰ درصد رس,—,— باید در بند متناظر نوشته شود,۱۴۰۵,C,HP-14,نوشتن مبنای عدد در بند متناظر — فعلاً بدون لنگرگاه (سطر 654),ثبت شد
M-89,مواد,خاک رس لایهٔ آب‌بند,رس دست‌کم ۶۰ درصد، حد روانی بیش از ۴۰، نفوذپذیری کمتر از ۱۰ به توان منفی ۷ متر بر ثانیه,نبودِ این مشخصات ⇒ ساخت لایهٔ آب‌بند متوقف,— باید در بند متناظر نوشته شود,۱۴۰۵,C,HP-14,نوشتن مبنای عدد در بند متناظر — فعلاً بدون لنگرگاه (سطر 655),ثبت شد
TO-736,هدف فنی,ابعاد بدنهٔ بند هلالی,تأییدنشده — نیازمند خط پایه: پیمایش ۵۰ پلات از گودی‌های کوچک `C1` و اندازه‌گیری طول و عرض و عمق طبیعی آن‌ها,—,— باید در بند متناظر نوشته شود,۱۴۰۵,C,HP-14,نوشتن مبنای عدد در بند متناظر — فعلاً بدون لنگرگاه (سطر 657),ثبت شد
TO-737,هدف فنی,ابعاد بند تأخیری — ارتفاع و عرض تاج,تأییدنشده — نیازمند خط پایه: اندازه‌گیری ۱۰ گودی شاخص در `C1` و رسم پروفیل طولی,—,— باید در بند متناظر نوشته شود,۱۴۰۵,C,HP-14,نوشتن مبنای عدد در بند متناظر — فعلاً بدون لنگرگاه (سطر 658),ثبت شد
TO-738,هدف فنی,در بند,۲٫۹,—,— باید در بند متناظر نوشته شود,۱۴۰۵,C,HP-14,نوشتن مبنای عدد در بند متناظر — فعلاً بدون لنگرگاه (سطر 672),ثبت شد
FN-323,مالی,ی** هم باید صریح بود: نسبت ۱ به ۳ و حجم,۱۲,—,— باید در بند متناظر نوشته شود,۱۴۰۵,C,HP-14,نوشتن مبنای عدد در بند متناظر — فعلاً بدون لنگرگاه (سطر 673),ثبت شد
TO-739,هدف فنی,در `C1` بند تأخیری فقط در بازهٔ شیب ۳ تا,۸,—,— باید در بند متناظر نوشته شود,۱۴۰۵,C,HP-14,نوشتن مبنای عدد در بند متناظر — فعلاً بدون لنگرگاه (سطر 753),ثبت شد
TO-740,هدف فنی,۴-پ و §۱-پ و §,۳,—,— باید در بند متناظر نوشته شود,۱۴۰۵,C,HP-14,نوشتن مبنای عدد در بند متناظر — فعلاً بدون لنگرگاه (سطر 815),ثبت شد
TO-741,هدف فنی,ظرفیت نامعلوم نهالستان به تفکیک استان,سیاست گونه ستون «منبع نهال» را در همهٔ ردیف‌های `S1` با عبارت «نیازمند استعلام» بسته است,`R2`,— باید در بند متناظر نوشته شود,۱۴۰۵,C,HP-14,نوشتن مبنای عدد در بند متناظر — فعلاً بدون لنگرگاه (سطر 857),ثبت شد
M-90,مواد,نامتناسب‌شدن ابعاد بند پس از خاک‌برداری,ابعاد تأییدنشدهٔ تنه ⇒ تصمیم اجرایی بدون عدد ⇒ حجم واقعی با `F6` نمی‌خواند,`R1`,— باید در بند متناظر نوشته شود,۱۴۰۵,C,HP-14,نوشتن مبنای عدد در بند متناظر — فعلاً بدون لنگرگاه (سطر 955),ثبت شد
TO-742,هدف فنی,ل: **اگر فصل,۵,—,— باید در بند متناظر نوشته شود,۱۴۰۵,C,HP-14,نوشتن مبنای عدد در بند متناظر — فعلاً بدون لنگرگاه (سطر 1014),ثبت شد
TO-743,هدف فنی,مت واحد هیچ‌یک راستی‌آزمایی نشده است، پس فصل,۹,—,— باید در بند متناظر نوشته شود,۱۴۰۵,C,HP-14,نوشتن مبنای عدد در بند متناظر — فعلاً بدون لنگرگاه (سطر 1123),ثبت شد
TO-744,هدف فنی,**گام ۴ در این فصل عدد ندارد و همین، صورت‌مسئلهٔ فاز,۱,—,— باید در بند متناظر نوشته شود,۱۴۰۵,C,HP-14,نوشتن مبنای عدد در بند متناظر — فعلاً بدون لنگرگاه (سطر 1362),ثبت شد
TO-745,هدف فنی,گام ۵ — با `T` یک سال: `V_req =,۶۳,—,— باید در بند متناظر نوشته شود,۱۴۰۵,C,HP-14,نوشتن مبنای عدد در بند متناظر — فعلاً بدون لنگرگاه (سطر 1436),ثبت شد
TO-746,هدف فنی,ریوی ترکیبی، عدد,۲۰,—,— باید در بند متناظر نوشته شود,۱۴۰۵,C,HP-14,نوشتن مبنای عدد در بند متناظر — فعلاً بدون لنگرگاه (سطر 1472),ثبت شد
M-91,مواد,نال خاک لخت بیشتر است، پس اعمال عدد `,۰٫۰۳۵,—,— باید در بند متناظر نوشته شود,۱۴۰۵,C,HP-14,نوشتن مبنای عدد در بند متناظر — فعلاً بدون لنگرگاه (سطر 1514),ثبت شد
TO-747,هدف فنی,ز ۱۰ تا,۱۲,—,— باید در بند متناظر نوشته شود,۱۴۰۵,C,HP-14,نوشتن مبنای عدد در بند متناظر — فعلاً بدون لنگرگاه (سطر 2436),ثبت شد
TO-748,هدف فنی,یی عدد دارد که به حجم وابسته نباشد.** گام‌های ۶ و ۱۱ تا,۱۴,—,— باید در بند متناظر نوشته شود,۱۴۰۵,C,HP-14,نوشتن مبنای عدد در بند متناظر — فعلاً بدون لنگرگاه (سطر 2591),ثبت شد
TO-749,هدف فنی,اشد.** گام‌های ۶ و ۱۱ تا,۱۴,—,— باید در بند متناظر نوشته شود,۱۴۰۵,C,HP-14,نوشتن مبنای عدد در بند متناظر — فعلاً بدون لنگرگاه (سطر 2591),ثبت شد
TO-750,هدف فنی,* یعنی بند,۵٫۱,—,— باید در بند متناظر نوشته شود,۱۴۰۵,C,HP-14,نوشتن مبنای عدد در بند متناظر — فعلاً بدون لنگرگاه (سطر 2993),ثبت شد
TO-751,هدف فنی,د؟ پاسخ: بله، ولی فقط با واحد کار. فصل,۹,—,— باید در بند متناظر نوشته شود,۱۴۰۵,C,HP-14,نوشتن مبنای عدد در بند متناظر — فعلاً بدون لنگرگاه (سطر 3115),ثبت شد
TO-752,هدف فنی,تم — **ضریب زبری گودان چمن‌زار.** عدد `,۰٫۰۳۵,—,— باید در بند متناظر نوشته شود,۱۴۰۵,C,HP-14,نوشتن مبنای عدد در بند متناظر — فعلاً بدون لنگرگاه (سطر 3191),ثبت شد
PR-13,قیمت,را تأییدنشده است و قیمت ساخته نمی‌شود، پس فصل,۹,—,— باید در بند متناظر نوشته شود,۱۴۰۵,C,HP-14,نوشتن مبنای عدد در بند متناظر — فعلاً بدون لنگرگاه (سطر 3255),ثبت شد
TO-753,هدف فنی,کلاس شیب غالب,۲۰ تا ۴۵ درصد,۳ تا ۲۰ درصد,— باید در بند متناظر نوشته شود,۱۴۰۵,C,HP-14,نوشتن مبنای عدد در بند متناظر — فعلاً بدون لنگرگاه (سطر 3291),ثبت شد
TO-754,هدف فنی,§۱۱-۲ · سند ارتقای توان سازه‌های آبی §۵-پ و §,۵,—,— باید در بند متناظر نوشته شود,۱۴۰۵,C,HP-14,نوشتن مبنای عدد در بند متناظر — فعلاً بدون لنگرگاه (سطر 3314),ثبت شد
TO-755,هدف فنی,بارش سالانه — HP-14,`PL-05` و شناسه‌های آماری,سه‌صد تا چهارصد و پنجاه میلی‌متر — در انتظار تأیید,— باید در بند متناظر نوشته شود,۱۴۰۵,C,HP-14,نوشتن مبنای عدد در بند متناظر — فعلاً بدون لنگرگاه (سطر 3465),ثبت شد
TO-756,هدف فنی,بازهٔ شیب مجاز بند تأخیری,بند ۱٫۱٫۲ پ,جدول ۶٫۸ سطر بازهٔ شیب,— باید در بند متناظر نوشته شود,۱۴۰۵,C,HP-14,نوشتن مبنای عدد در بند متناظر — فعلاً بدون لنگرگاه (سطر 3693),ثبت شد
TO-757,هدف فنی,د جدول ۱٫۲ یا جدول,۶٫۸,—,— باید در بند متناظر نوشته شود,۱۴۰۵,C,HP-14,نوشتن مبنای عدد در بند متناظر — فعلاً بدون لنگرگاه (سطر 3812),ثبت شد
TO-758,هدف فنی,ً یکی از اعداد جدول ۱٫۲ یا جدول,۶٫۸,—,— باید در بند متناظر نوشته شود,۱۴۰۵,C,HP-14,نوشتن مبنای عدد در بند متناظر — فعلاً بدون لنگرگاه (سطر 4104),ثبت شد
TO-759,هدف فنی,نگهداری بند سیلابی,هشت ردیف جدول ۸٫۷ × قیمت واحد هر ردیف,تأییدنشده,— باید در بند متناظر نوشته شود,۱۴۰۵,C,HP-14,نوشتن مبنای عدد در بند متناظر — فعلاً بدون لنگرگاه (سطر 4684),ثبت شد
TO-760,هدف فنی,نگهداری بند هلالی,ده ردیف جدول ۸٫۷ × قیمت واحد هر ردیف,تأییدنشده,— باید در بند متناظر نوشته شود,۱۴۰۵,C,HP-14,نوشتن مبنای عدد در بند متناظر — فعلاً بدون لنگرگاه (سطر 4685),ثبت شد
TO-761,هدف فنی,نگهداری بند تأخیری,ده ردیف جدول ۸٫۷ × قیمت واحد هر ردیف,تأییدنشده,— باید در بند متناظر نوشته شود,۱۴۰۵,C,HP-14,نوشتن مبنای عدد در بند متناظر — فعلاً بدون لنگرگاه (سطر 4686),ثبت شد
TO-762,هدف فنی,نگهداری انحراف آب بالادست,چهار ردیف جدول ۸٫۷ × قیمت واحد هر ردیف,تأییدنشده,— باید در بند متناظر نوشته شود,۱۴۰۵,C,HP-14,نوشتن مبنای عدد در بند متناظر — فعلاً بدون لنگرگاه (سطر 4687),ثبت شد
FN-324,مالی,سهم خدمات اکوسیستمی,سه ردیف جدول ۹٫۶ × نسبت تحقق,تأییدنشده — نسبت تحقق نیازمند خط پایه,— باید در بند متناظر نوشته شود,۱۴۰۵,C,HP-14,نوشتن مبنای عدد در بند متناظر — فعلاً بدون لنگرگاه (سطر 4731),ثبت شد
FN-325,مالی,به پایین‌دست، و تغییر شکل و رطوبت خاک در مسیر گودی. این هزینه در جدول,۹٫۴,—,— باید در بند متناظر نوشته شود,۱۴۰۵,C,HP-14,نوشتن مبنای عدد در بند متناظر — فعلاً بدون لنگرگاه (سطر 5000),ثبت شد
SC-186,مقیاس,مساحت سطح `S1`,چهارصد هکتار (`SC-01`),تأییدنشده,— باید در بند متناظر نوشته شود,۱۴۰۵,C,HP-14,نوشتن مبنای عدد در بند متناظر — فعلاً بدون لنگرگاه (سطر 5023),ثبت شد
SC-187,مقیاس,مساحت پایلوت دیشموک,صد هکتار (`PL-01`),تأییدنشده,— باید در بند متناظر نوشته شود,۱۴۰۵,C,HP-14,نوشتن مبنای عدد در بند متناظر — فعلاً بدون لنگرگاه (سطر 5024),ثبت شد
SC-188,مقیاس,بودجهٔ سطح `S1` فاز ۱,سیصد و پنجاه هزار دلار (`FN-09`),تأییدنشده,— باید در بند متناظر نوشته شود,۱۴۰۵,C,HP-14,نوشتن مبنای عدد در بند متناظر — فعلاً بدون لنگرگاه (سطر 5025),ثبت شد
FN-326,مالی,هزینهٔ کامل استقرار دوازده بسته,چهار هزار و پانصد و چهل و پنج دلار در هکتار (`FN-03`),تأییدنشده,— باید در بند متناظر نوشته شود,۱۴۰۵,C,HP-14,نوشتن مبنای عدد در بند متناظر — فعلاً بدون لنگرگاه (سطر 5026),ثبت شد
FN-327,مالی,هزینهٔ هدف بهینهٔ هر هکتار,نهصد و چهل دلار در هکتار (`FN-04`),تأییدنشده,— باید در بند متناظر نوشته شود,۱۴۰۵,C,HP-14,نوشتن مبنای عدد در بند متناظر — فعلاً بدون لنگرگاه (سطر 5027),ثبت شد
FN-328,مالی,هزینهٔ با مشارکت نهادها,دویست و شصت و پنج دلار در هکتار (`FN-05`),تأییدنشده,— باید در بند متناظر نوشته شود,۱۴۰۵,C,HP-14,نوشتن مبنای عدد در بند متناظر — فعلاً بدون لنگرگاه (سطر 5028),ثبت شد
SC-189,مقیاس,است که در سطح `S1` به کار می‌آید**، یعنی بودجهٔ سطح `S1` فاز,۱,—,— باید در بند متناظر نوشته شود,۱۴۰۵,C,HP-14,نوشتن مبنای عدد در بند متناظر — فعلاً بدون لنگرگاه (سطر 5035),ثبت شد
TO-763,هدف فنی,بند یکم — **وضعیت دادهٔ اقتصادی این بسته در پایان فصل,۹,—,— باید در بند متناظر نوشته شود,۱۴۰۵,C,HP-14,نوشتن مبنای عدد در بند متناظر — فعلاً بدون لنگرگاه (سطر 5268),ثبت شد
SP-18,گونه,`RR-14-15` — شکاف فهرست گونهٔ بومی,نبود ردیف تأییدشده برای `C5` و `C11` ← پوشش زنده طراحی نمی‌شود,`C5` و `C11`,— باید در بند متناظر نوشته شود,۱۴۰۵,C,HP-14,نوشتن مبنای عدد در بند متناظر — فعلاً بدون لنگرگاه (سطر 5392),ثبت شد
TO-764,هدف فنی,فاصلهٔ عمودی بند سیلابی در شیب کشت‌پذیر,بند ۲٫۴٫۱ و بند ۳٫۳٫۳ مدل `F1`,برآورده نشده — نیازمند اقدام,— باید در بند متناظر نوشته شود,۱۴۰۵,C,HP-14,نوشتن مبنای عدد در بند متناظر — فعلاً بدون لنگرگاه (سطر 6116),ثبت شد
TO-765,هدف فنی,منبع: جدول ۳٫۹ و جدول,۸٫۲,—,— باید در بند متناظر نوشته شود,۱۴۰۵,C,HP-14,نوشتن مبنای عدد در بند متناظر — فعلاً بدون لنگرگاه (سطر 6950),ثبت شد
PL-17,پایلوت,تار. سه اقلیم دیگر فاقد پایلوت‌اند و بندهای اقلیمی آن‌ها در فصل,۶,—,— باید در بند متناظر نوشته شود,۱۴۰۵,C,HP-15,نوشتن مبنای عدد در بند متناظر — فعلاً بدون لنگرگاه (سطر 70),ثبت شد
FN-329,مالی,هزینه سرمایه‌ای (CAPEX) — HP-15,۵۵۰ تا ۸۴۰ دلار بر هکتار,سطح S1 — پایلوت · رکورد سند برنامه · سطح اطمینان C · فاقد شناسه HDR · نیازمند سه استعلام,— باید در بند متناظر نوشته شود,۱۴۰۵,C,HP-15,نوشتن مبنای عدد در بند متناظر — فعلاً بدون لنگرگاه (سطر 93),ثبت شد
ST-35,استاندارد,استانداردهای مرجع — HP-15,ISO 11265:2025 · ISO 7888:2000 · ISO 10390:2005 · ISO 11277:2018 · ISO 11261:2009 · روش استاندارد خمیر اشباع فائو (۲۰۲۱) · فائو-۲۹ · فائو-۶۰,شمارهٔ استاندارد پس از تأیید افزوده می‌شود — برای فائو-۲۹ و فائو-۶۰ · نشانی ISO برای SAR تأییدنشده است,— باید در بند متناظر نوشته شود,۱۴۰۵,C,HP-15,نوشتن مبنای عدد در بند متناظر — فعلاً بدون لنگرگاه (سطر 101),ثبت شد
SC-190,مقیاس,زمان اجرا در هر واحد — HP-15,۱۲ روز کاری بر هکتار,رکورد سند برنامه برای زهکش افقی کنترل‌شده · سطح اطمینان C · فاقد شناسه HDR · نیازمند تأیید مهندس آب,— باید در بند متناظر نوشته شود,۱۴۰۵,C,HP-15,نوشتن مبنای عدد در بند متناظر — فعلاً بدون لنگرگاه (سطر 105),ثبت شد
TO-766,هدف فنی,تراز آب زیرزمینی — HP-15,نیازمند خط پایه — شناسهٔ S-01 در رجیستری فاقد مقدار است,هدف طراحی — تثبیت درون پیاز نم‌روی فصلی,— باید در بند متناظر نوشته شود,۱۴۰۵,C,HP-15,نوشتن مبنای عدد در بند متناظر — فعلاً بدون لنگرگاه (سطر 118),ثبت شد
TO-767,هدف فنی,صله و هیچ عدد عمق زهکش در این کتابچه قابل استناد نیست و در فصل ۳ و فصل,۶,—,— باید در بند متناظر نوشته شود,۱۴۰۵,C,HP-15,نوشتن مبنای عدد در بند متناظر — فعلاً بدون لنگرگاه (سطر 181),ثبت شد
TO-768,هدف فنی,تیجهٔ دو جدول ۱.۱۸ و,۱.۱۹,—,— باید در بند متناظر نوشته شود,۱۴۰۵,C,HP-15,نوشتن مبنای عدد در بند متناظر — فعلاً بدون لنگرگاه (سطر 525),ثبت شد
SC-191,مقیاس,جرم سطحی ژئوتکستایل,۲۰۰ گرم بر متر مربع — رکورد سیاست مواد محلی برای سازه‌ای دیگر,تأییدنشده برای این سازه,— باید در بند متناظر نوشته شود,۱۴۰۵,C,HP-15,نوشتن مبنای عدد در بند متناظر — فعلاً بدون لنگرگاه (سطر 619),ثبت شد
SC-192,مقیاس,د. تعداد چاهک در هکتار تابع همان رسانندگی هیدرولیکی است که در بند ۲.۲.,۱,—,— باید در بند متناظر نوشته شود,۱۴۰۵,C,HP-15,نوشتن مبنای عدد در بند متناظر — فعلاً بدون لنگرگاه (سطر 652),ثبت شد
SP-19,گونه,تجمع نمک در زیست‌تودهٔ فوقانی در مرحلهٔ غنچهٔ گل,۱٬۶۶۶٫۶۲ تا ۳٬۳۰۷٫۹۹ کیلوگرم بر هکتار — مرحلهٔ زودهنگام,مرجع اندازه‌گیری — برای گونهٔ بومی تأییدنشده,— باید در بند متناظر نوشته شود,۱۴۰۵,C,HP-15,نوشتن مبنای عدد در بند متناظر — فعلاً بدون لنگرگاه (سطر 774),ثبت شد
SP-20,گونه,تجمع نمک در زیست‌تودهٔ فوقانی در مرحلهٔ میوه,۳٬۵۳۹٫۷۶ تا ۵٬۷۷۱٫۰۳ کیلوگرم بر هکتار — مرحلهٔ پایانی,مرجع اندازه‌گیری — برای گونهٔ بومی تأییدنشده,— باید در بند متناظر نوشته شود,۱۴۰۵,C,HP-15,نوشتن مبنای عدد در بند متناظر — فعلاً بدون لنگرگاه (سطر 775),ثبت شد
SP-21,گونه,حذف سدیم,۳٫۰ تا ۳٫۸ تن سدیم بر هکتار,مرجع اندازه‌گیری — برای گونهٔ بومی تأییدنشده,— باید در بند متناظر نوشته شود,۱۴۰۵,C,HP-15,نوشتن مبنای عدد در بند متناظر — فعلاً بدون لنگرگاه (سطر 777),ثبت شد
SP-22,گونه,ظرفیت استخراج نمک,۳٫۷۵ تا ۳٫۹۱ تن بر هکتار در سال,مرجع اندازه‌گیری — برای گونهٔ بومی تأییدنشده,— باید در بند متناظر نوشته شود,۱۴۰۵,C,HP-15,نوشتن مبنای عدد در بند متناظر — فعلاً بدون لنگرگاه (سطر 778),ثبت شد
TO-769,هدف فنی,شاخص انتخاب,صدک ۸۵ خاک,⛔ بدون منحنی قابل محاسبه نیست,— باید در بند متناظر نوشته شود,۱۴۰۵,C,HP-15,نوشتن مبنای عدد در بند متناظر — فعلاً بدون لنگرگاه (سطر 949),ثبت شد
TO-770,هدف فنی,جدول — HP-15,۲.۳۴,—,— باید در بند متناظر نوشته شود,۱۴۰۵,C,HP-15,نوشتن مبنای عدد در بند متناظر — فعلاً بدون لنگرگاه (سطر 1148),ثبت شد
TO-771,هدف فنی,چهار جدول، الگوی کل فصل,۲,—,— باید در بند متناظر نوشته شود,۱۴۰۵,C,HP-15,نوشتن مبنای عدد در بند متناظر — فعلاً بدون لنگرگاه (سطر 1155),ثبت شد
TO-772,هدف فنی,رتقای توان کشاورزی پایدار بند,۳.۵,—,— باید در بند متناظر نوشته شود,۱۴۰۵,C,HP-15,نوشتن مبنای عدد در بند متناظر — فعلاً بدون لنگرگاه (سطر 1351),ثبت شد
FN-330,مالی,ط مرجع اندازه‌گیری‌اند. نرخ متناظر برای شش گونهٔ بومی تخصیص‌یافتهٔ فصل,۲,—,— باید در بند متناظر نوشته شود,۱۴۰۵,C,HP-15,نوشتن مبنای عدد در بند متناظر — فعلاً بدون لنگرگاه (سطر 1441),ثبت شد
TO-773,هدف فنی,بند ۱.۱.۱ فصل ۱ · بند,۳.۱۰,بر,— باید در بند متناظر نوشته شود,۱۴۰۵,C,HP-15,نوشتن مبنای عدد در بند متناظر — فعلاً بدون لنگرگاه (سطر 1716),ثبت شد
TO-774,هدف فنی,ورودی با دادهٔ قبلی,⛔ صفر از ۱۴,⛔ هیچ تأییدنشده‌ای با دادهٔ قدیمی بسته نمی‌شود,— باید در بند متناظر نوشته شود,۱۴۰۵,C,HP-15,نوشتن مبنای عدد در بند متناظر — فعلاً بدون لنگرگاه (سطر 2076),ثبت شد
M-92,مواد,میلهٔ نمونه‌بردار خاک,برداشت نمونه از عمق ۳۰ و ۹۰ سانتی‌متر,شست‌وشو و ضدعفونی پس از هر واحد؛ تیغهٔ فرسوده تعویض,— باید در بند متناظر نوشته شود,۱۴۰۵,C,HP-15,نوشتن مبنای عدد در بند متناظر — فعلاً بدون لنگرگاه (سطر 2604),ثبت شد
TO-775,هدف فنی,ای فصل,۷,—,— باید در بند متناظر نوشته شود,۱۴۰۵,C,HP-15,نوشتن مبنای عدد در بند متناظر — فعلاً بدون لنگرگاه (سطر 3013),ثبت شد
SC-193,مقیاس,سطح ۰–۳۰ سانتی‌متر | ۶ تا ۱۰+ dS/m | تشخیص C2 (بسته بهینه اقلیم C2 خط,۳۲۸,—,— باید در بند متناظر نوشته شود,۱۴۰۵,C,HP-15,نوشتن مبنای عدد در بند متناظر — فعلاً بدون لنگرگاه (سطر 3173),ثبت شد
TO-776,هدف فنی,| نمک ورودی | ۱۰ تا,۳۰,—,— باید در بند متناظر نوشته شود,۱۴۰۵,C,HP-15,نوشتن مبنای عدد در بند متناظر — فعلاً بدون لنگرگاه (سطر 3193),ثبت شد
TO-777,هدف فنی,| تجمع در پروفیل |,۱٫۷,—,— باید در بند متناظر نوشته شود,۱۴۰۵,C,HP-15,نوشتن مبنای عدد در بند متناظر — فعلاً بدون لنگرگاه (سطر 3194),ثبت شد
TO-778,هدف فنی,| خروجی زه‌آب |,۱۸,—,— باید در بند متناظر نوشته شود,۱۴۰۵,C,HP-15,نوشتن مبنای عدد در بند متناظر — فعلاً بدون لنگرگاه (سطر 3195),ثبت شد
PL-18,پایلوت,PL-07A (مختصات بهبهان — خط ۸۷) · NS-16 (بارش ۲۰۰ تا ۲۵۰ میلی‌متر — خط,۱۸۵,—,— باید در بند متناظر نوشته شود,۱۴۰۵,C,HP-15,نوشتن مبنای عدد در بند متناظر — فعلاً بدون لنگرگاه (سطر 3204),ثبت شد
TO-779,هدف فنی,خط ۹۱) · TO-07 (درآمد خالص +۴۰٪ — خط ۹۷) · S-01 (تراز آبخوان — خط,۱۹۲,—,— باید در بند متناظر نوشته شود,۱۴۰۵,C,HP-15,نوشتن مبنای عدد در بند متناظر — فعلاً بدون لنگرگاه (سطر 3204),ثبت شد
TO-780,هدف فنی,| تپه‌های شنی متحرک | گردوغبار و نمک تجمعی | C6 — بسته بهینه (خط,۱۰۱۰,—,— باید در بند متناظر نوشته شود,۱۴۰۵,C,HP-15,نوشتن مبنای عدد در بند متناظر — فعلاً بدون لنگرگاه (سطر 3213),ثبت شد
FN-331,مالی,سه‌های HDR مورد نیاز C6: FN-03 (۴۵۴۵ — خط ۱۸) · FN-07 (نسبت ۰٫۱۹۴ — خط,۲۲,—,— باید در بند متناظر نوشته شود,۱۴۰۵,C,HP-15,نوشتن مبنای عدد در بند متناظر — فعلاً بدون لنگرگاه (سطر 3239),ثبت شد
TO-781,هدف فنی,| آب زیرزمینی | ECw + SAR نامعلوم | C7 — آستانه شکست (خط,۱۱۷۴,—,— باید در بند متناظر نوشته شود,۱۴۰۵,C,HP-15,نوشتن مبنای عدد در بند متناظر — فعلاً بدون لنگرگاه (سطر 3248),ثبت شد
TO-782,هدف فنی,| درصد پایین‌دست تحت زهکشی |,۲۵,—,— باید در بند متناظر نوشته شود,۱۴۰۵,C,HP-15,نوشتن مبنای عدد در بند متناظر — فعلاً بدون لنگرگاه (سطر 3268),ثبت شد
SC-194,مقیاس,| سطح | ECe بالا + SAR بالا | C10 — تشخیص (خط,۱۳۷۶,—,— باید در بند متناظر نوشته شود,۱۴۰۵,C,HP-15,نوشتن مبنای عدد در بند متناظر — فعلاً بدون لنگرگاه (سطر 3285),ثبت شد
FN-332,مالی,| هزینهٔ گچ |,۲۹۰,—,— باید در بند متناظر نوشته شود,۱۴۰۵,C,HP-15,نوشتن مبنای عدد در بند متناظر — فعلاً بدون لنگرگاه (سطر 3305),ثبت شد
SC-195,مقیاس,در سطح S1 — پایلوت که رکورد سند برنامه آن را ۵۵۰ تا,۸۴۰,—,— باید در بند متناظر نوشته شود,۱۴۰۵,C,HP-15,نوشتن مبنای عدد در بند متناظر — فعلاً بدون لنگرگاه (سطر 3391),ثبت شد
SC-196,مقیاس,شوری سطح ۰ تا ۳۰ سانتی‌متر,۶ تا ۱۰ به‌علاوهٔ دسی‌زیمنس بر متر — تأییدنشده، نیازمند سه استعلام,شوری شدید بدون عدد — فقط توصیف,— باید در بند متناظر نوشته شود,۱۴۰۵,C,HP-15,نوشتن مبنای عدد در بند متناظر — فعلاً بدون لنگرگاه (سطر 3418),ثبت شد
FN-333,مالی,منشأ عدد هزینهٔ اقلیم,محاسبه از ۴۵۴۵ دلار بر هکتار ضرب در ۱۲٫۱ درصد سهم زهکش افقی به‌علاوهٔ سهم چاهک,محاسبه از ۴۵۴۵ دلار بر هکتار ضرب در ۲۱٫۰ درصد,— باید در بند متناظر نوشته شود,۱۴۰۵,C,HP-15,نوشتن مبنای عدد در بند متناظر — فعلاً بدون لنگرگاه (سطر 3425),ثبت شد
TO-783,هدف فنی,بارش سالانه — HP-15,PL-05 و PL-06 و NS-16 و NS-17 و NS-18,— (صفر),— باید در بند متناظر نوشته شود,۱۴۰۵,C,HP-15,نوشتن مبنای عدد در بند متناظر — فعلاً بدون لنگرگاه (سطر 3452),ثبت شد
TO-784,هدف فنی,وضعیت خط پایهٔ تراز,S-01,— (صفر),— باید در بند متناظر نوشته شود,۱۴۰۵,C,HP-15,نوشتن مبنای عدد در بند متناظر — فعلاً بدون لنگرگاه (سطر 3453),ثبت شد
SC-197,مقیاس,شوری سطح,ISO 11265:2025,— (صفر),— باید در بند متناظر نوشته شود,۱۴۰۵,C,HP-15,نوشتن مبنای عدد در بند متناظر — فعلاً بدون لنگرگاه (سطر 3454),ثبت شد
FN-334,مالی,هزینهٔ سرمایه‌ای در سطح S1 — پایلوت,FN-03 و HP-CAPEX,— (صفر),— باید در بند متناظر نوشته شود,۱۴۰۵,C,HP-15,نوشتن مبنای عدد در بند متناظر — فعلاً بدون لنگرگاه (سطر 3459),ثبت شد
SC-198,مقیاس,یف جداست و تأییدنشده است. ⛔ بنابراین ۱٬۷۱۴ دلار بر هکتار برای C10 شامل,۲۹۰,—,— باید در بند متناظر نوشته شود,۱۴۰۵,C,HP-15,نوشتن مبنای عدد در بند متناظر — فعلاً بدون لنگرگاه (سطر 3624),ثبت شد
TO-785,هدف فنی,افزودن رقم تأییدنشده به رقم معتبر,افزودن ۲۹۰ به سهم C10,⛔ رقم تأییدنشده از هر رقم دیگری جدا نگه داشته می‌شود,— باید در بند متناظر نوشته شود,۱۴۰۵,C,HP-15,نوشتن مبنای عدد در بند متناظر — فعلاً بدون لنگرگاه (سطر 3631),ثبت شد
TO-786,هدف فنی,این سه منبع وارد نمی‌شود. ⛔ و یک اعلان صریح: چهار کمیتی که فصل ۱ و ۲ و,۳,—,— باید در بند متناظر نوشته شود,۱۴۰۵,C,HP-15,نوشتن مبنای عدد در بند متناظر — فعلاً بدون لنگرگاه (سطر 3724),ثبت شد
TO-787,هدف فنی,لانهٔ هر کشاورز باید,۱۰,—,— باید در بند متناظر نوشته شود,۱۴۰۵,C,HP-15,نوشتن مبنای عدد در بند متناظر — فعلاً بدون لنگرگاه (سطر 3891),ثبت شد
TO-788,هدف فنی,۳ — HP-15,pH در کلرید کلسیم ۰٫۰۱ مولار,پنل پایهٔ سالانه,— باید در بند متناظر نوشته شود,۱۴۰۵,C,HP-15,نوشتن مبنای عدد در بند متناظر — فعلاً بدون لنگرگاه (سطر 3899),ثبت شد
ST-36,استاندارد,ترکیب و استاندارد بندهای ۱-۶ و,۱-۵,—,— باید در بند متناظر نوشته شود,۱۴۰۵,C,HP-15,نوشتن مبنای عدد در بند متناظر — فعلاً بدون لنگرگاه (سطر 3906),ثبت شد
FN-335,مالی,رابر اهمیت دارد. هزینهٔ کنترل کیفیت عدد ندارد و بند ۱-۶,۱,—,— باید در بند متناظر نوشته شود,۱۴۰۵,C,HP-15,نوشتن مبنای عدد در بند متناظر — فعلاً بدون لنگرگاه (سطر 4001),ثبت شد
FN-336,مالی,زینهٔ اصلی نگهداری، هزینهٔ نیروی کار است نه هزینهٔ قطعه. در فصل,۵,—,— باید در بند متناظر نوشته شود,۱۴۰۵,C,HP-15,نوشتن مبنای عدد در بند متناظر — فعلاً بدون لنگرگاه (سطر 4010),ثبت شد
FN-337,مالی,ه کمتر از چهار درصد است. ⛔ این نسبت در فصل,۹,—,— باید در بند متناظر نوشته شود,۱۴۰۵,C,HP-15,نوشتن مبنای عدد در بند متناظر — فعلاً بدون لنگرگاه (سطر 4034),ثبت شد
TO-789,هدف فنی,تأسیس — HP-15,۱,نصب سازه و راه‌اندازی شبکهٔ پایش,— باید در بند متناظر نوشته شود,۱۴۰۵,C,HP-15,نوشتن مبنای عدد در بند متناظر — فعلاً بدون لنگرگاه (سطر 4121),ثبت شد
TO-790,هدف فنی,توسعه — HP-15,۲ تا ۳,نخستین داده‌های تراز و نخستین تراز نمک,— باید در بند متناظر نوشته شود,۱۴۰۵,C,HP-15,نوشتن مبنای عدد در بند متناظر — فعلاً بدون لنگرگاه (سطر 4122),ثبت شد
TO-791,هدف فنی,بلوغ — HP-15,۴ تا ۵,بستر فیلتر در آستانهٔ گرفتگی,— باید در بند متناظر نوشته شود,۱۴۰۵,C,HP-15,نوشتن مبنای عدد در بند متناظر — فعلاً بدون لنگرگاه (سطر 4123),ثبت شد
TO-792,هدف فنی,نگهداشت — HP-15,۶ تا ۷,کارکرد پایدار با نگهداری فصلی,— باید در بند متناظر نوشته شود,۱۴۰۵,C,HP-15,نوشتن مبنای عدد در بند متناظر — فعلاً بدون لنگرگاه (سطر 4124),ثبت شد
TO-793,هدف فنی,بازطراحی — HP-15,۸,بازبینی هندسهٔ زهکش — معلق تا فراهم‌شدن خط پایه,— باید در بند متناظر نوشته شود,۱۴۰۵,C,HP-15,نوشتن مبنای عدد در بند متناظر — فعلاً بدون لنگرگاه (سطر 4125),ثبت شد
TO-794,هدف فنی,نیروی کار اجرا — HP-15,جدول ۵.۳ و بند ۵.۹: نفر-ساعت × نرخ روزانه — نرخ تأییدنشده,تأییدنشده,— باید در بند متناظر نوشته شود,۱۴۰۵,C,HP-15,نوشتن مبنای عدد در بند متناظر — فعلاً بدون لنگرگاه (سطر 4287),ثبت شد
TO-795,هدف فنی,نیروی کار نگهداری — HP-15,جدول ۸.۱: ۰٫۴۳ روز کاری بر هکتار در سال × نرخ روزانه — نرخ تأییدنشده,—,— باید در بند متناظر نوشته شود,۱۴۰۵,C,HP-15,نوشتن مبنای عدد در بند متناظر — فعلاً بدون لنگرگاه (سطر 4288),ثبت شد
ST-37,استاندارد,آزمایشگاه و پنل آزمون,جدول ۷.۵ × تناوب — قیمت هر آزمون تأییدنشده,تأییدنشده,— باید در بند متناظر نوشته شود,۱۴۰۵,C,HP-15,نوشتن مبنای عدد در بند متناظر — فعلاً بدون لنگرگاه (سطر 4289),ثبت شد
TO-796,هدف فنی,تعمیرات اساسی — HP-15,بند ۸.۵: تعویض بستر فیلتر سال ۵ · سرویس بند سال ۳ · بازطراحی برداشت سال ۳,تأییدنشده,— باید در بند متناظر نوشته شود,۱۴۰۵,C,HP-15,نوشتن مبنای عدد در بند متناظر — فعلاً بدون لنگرگاه (سطر 4291),ثبت شد
TO-797,هدف فنی,اجارهٔ ترالو — HP-15,جدول ۵.۲ — نرخ اجارهٔ روزانهٔ تأییدنشده,تأییدنشده,— باید در بند متناظر نوشته شود,۱۴۰۵,C,HP-15,نوشتن مبنای عدد در بند متناظر — فعلاً بدون لنگرگاه (سطر 4292),ثبت شد
FN-338,مالی,مجموع CAPEX — HP-15,مجموع ردیف‌های سرمایه‌ای سال ۱,تأییدنشده,— باید در بند متناظر نوشته شود,۱۴۰۵,C,HP-15,نوشتن مبنای عدد در بند متناظر — فعلاً بدون لنگرگاه (سطر 4293),ثبت شد
FN-339,مالی,محاسبهٔ نمونه: مجموع هزینه قابل بازتولید نیست چون بند,۹.۲,—,— باید در بند متناظر نوشته شود,۱۴۰۵,C,HP-15,نوشتن مبنای عدد در بند متناظر — فعلاً بدون لنگرگاه (سطر 4341),ثبت شد
FN-340,مالی,موع هزینه قابل بازتولید نیست چون بند,۹.۲,—,— باید در بند متناظر نوشته شود,۱۴۰۵,C,HP-15,نوشتن مبنای عدد در بند متناظر — فعلاً بدون لنگرگاه (سطر 4341),ثبت شد
FN-341,مالی,هزینهٔ نصب بدون بازده. هزینهٔ جایگزینی بستر فیلتر در عملیات م-۱ جدول,۸.۴,—,— باید در بند متناظر نوشته شود,۱۴۰۵,C,HP-15,نوشتن مبنای عدد در بند متناظر — فعلاً بدون لنگرگاه (سطر 4394),ثبت شد
FN-342,مالی,: نرخ حق‌الزحمهٔ کارگر و سرکارگر ثبت شود. سطرهای مجموع جدول ۹.۱ و جدول,۸.۱,—,— باید در بند متناظر نوشته شود,۱۴۰۵,C,HP-15,نوشتن مبنای عدد در بند متناظر — فعلاً بدون لنگرگاه (سطر 4438),ثبت شد
SC-199,مقیاس,دلار بر هکتار از چهار چاهک در هکتار محاسبه شده و در بند ۲.۳.,۱,—,— باید در بند متناظر نوشته شود,۱۴۰۵,C,HP-15,نوشتن مبنای عدد در بند متناظر — فعلاً بدون لنگرگاه (سطر 4458),ثبت شد
TO-798,هدف فنی,⛔ حالت چهار جدول,۹.۹,—,— باید در بند متناظر نوشته شود,۱۴۰۵,C,HP-15,نوشتن مبنای عدد در بند متناظر — فعلاً بدون لنگرگاه (سطر 4497),ثبت شد
TO-799,هدف فنی,برای آن تأیید نشده است. ⛔ نتیجهٔ عملی: شاخص چهارم فصل,۷,—,— باید در بند متناظر نوشته شود,۱۴۰۵,C,HP-15,نوشتن مبنای عدد در بند متناظر — فعلاً بدون لنگرگاه (سطر 4994),ثبت شد
TO-800,هدف فنی,ک قاعدهٔ چهارم که در هر دو فصل ۱۰ و,۱۱,—,— باید در بند متناظر نوشته شود,۱۴۰۵,C,HP-15,نوشتن مبنای عدد در بند متناظر — فعلاً بدون لنگرگاه (سطر 5197),ثبت شد
FN-343,مالی,هزینه سرمایه‌ای — کرانهٔ پایین,۵۵۰,دلار در هکتار,— باید در بند متناظر نوشته شود,۱۴۰۵,C,HP-15,نوشتن مبنای عدد در بند متناظر — فعلاً بدون لنگرگاه (سطر 5473),ثبت شد
FN-344,مالی,هزینه سرمایه‌ای — کرانهٔ بالا,۸۴۰,دلار در هکتار,— باید در بند متناظر نوشته شود,۱۴۰۵,C,HP-15,نوشتن مبنای عدد در بند متناظر — فعلاً بدون لنگرگاه (سطر 5474),ثبت شد
SC-200,مقیاس,زمان اجرا در هر واحد — HP-15,۱۲,روز کاری بر هکتار,— باید در بند متناظر نوشته شود,۱۴۰۵,C,HP-15,نوشتن مبنای عدد در بند متناظر — فعلاً بدون لنگرگاه (سطر 5478),ثبت شد
SC-201,مقیاس,زمان نگهداری سالانه — HP-15,۰٫۴۳,روز کاری بر هکتار در سال,— باید در بند متناظر نوشته شود,۱۴۰۵,C,HP-15,نوشتن مبنای عدد در بند متناظر — فعلاً بدون لنگرگاه (سطر 5479),ثبت شد
SC-202,مقیاس,هدف کمی کاهش بار ورودی نمک,۱۹٫۷,تن نمک بر هکتار در سال,— باید در بند متناظر نوشته شود,۱۴۰۵,C,HP-15,نوشتن مبنای عدد در بند متناظر — فعلاً بدون لنگرگاه (سطر 5497),ثبت شد
SC-203,مقیاس,ورودی نمک به واحد — کران پایین,۱۰,تن بر هکتار در سال,— باید در بند متناظر نوشته شود,۱۴۰۵,C,HP-15,نوشتن مبنای عدد در بند متناظر — فعلاً بدون لنگرگاه (سطر 5498),ثبت شد
SC-204,مقیاس,ورودی نمک به واحد — کران بالا,۳۰,تن بر هکتار در سال,— باید در بند متناظر نوشته شود,۱۴۰۵,C,HP-15,نوشتن مبنای عدد در بند متناظر — فعلاً بدون لنگرگاه (سطر 5499),ثبت شد
SC-205,مقیاس,خروجی زه‌آب,۱۸,تن بر هکتار در سال,— باید در بند متناظر نوشته شود,۱۴۰۵,C,HP-15,نوشتن مبنای عدد در بند متناظر — فعلاً بدون لنگرگاه (سطر 5500),ثبت شد
SC-206,مقیاس,تجمع خالص در پروفیل,۱٫۷,تن بر هکتار در سال,— باید در بند متناظر نوشته شود,۱۴۰۵,C,HP-15,نوشتن مبنای عدد در بند متناظر — فعلاً بدون لنگرگاه (سطر 5501),ثبت شد
SC-207,مقیاس,تجمع نمک در بافت هالوفیت — غنچهٔ گل,۱٬۶۶۶٫۶۲ تا ۳٬۳۰۷٫۹۹,کیلوگرم بر هکتار,— باید در بند متناظر نوشته شود,۱۴۰۵,C,HP-15,نوشتن مبنای عدد در بند متناظر — فعلاً بدون لنگرگاه (سطر 5502),ثبت شد
SC-208,مقیاس,تجمع نمک در بافت هالوفیت — مرحلهٔ میوه,۳٬۵۳۹٫۷۶ تا ۵٬۷۷۱٫۰۳,کیلوگرم بر هکتار,— باید در بند متناظر نوشته شود,۱۴۰۵,C,HP-15,نوشتن مبنای عدد در بند متناظر — فعلاً بدون لنگرگاه (سطر 5503),ثبت شد
FN-345,مالی,نسبت هم‌مقیاس بازده برداشت,۱٫۷۴ تا ۲٫۱۲,نسبت,— باید در بند متناظر نوشته شود,۱۴۰۵,C,HP-15,نوشتن مبنای عدد در بند متناظر — فعلاً بدون لنگرگاه (سطر 5504),ثبت شد
FN-346,مالی,کران حداکثری نسبت برداشت,۳٫۴۶,نسبت,— باید در بند متناظر نوشته شود,۱۴۰۵,C,HP-15,نوشتن مبنای عدد در بند متناظر — فعلاً بدون لنگرگاه (سطر 5505),ثبت شد
SC-209,مقیاس,حذف سدیم توسط هالوفیت,۳٫۰ تا ۳٫۸,تن سدیم بر هکتار,— باید در بند متناظر نوشته شود,۱۴۰۵,C,HP-15,نوشتن مبنای عدد در بند متناظر — فعلاً بدون لنگرگاه (سطر 5506),ثبت شد
SC-210,مقیاس,ظرفیت استخراج نمک توسط هالوفیت,۳٫۷۵ تا ۳٫۹۱,تن بر هکتار در سال,— باید در بند متناظر نوشته شود,۱۴۰۵,C,HP-15,نوشتن مبنای عدد در بند متناظر — فعلاً بدون لنگرگاه (سطر 5507),ثبت شد
M-93,مواد,محتوای خاکستر معادل تجمع نمک,۱۷٫۶۷ تا ۲۸٫۹۹,درصد وزن خشک,— باید در بند متناظر نوشته شود,۱۴۰۵,C,HP-15,نوشتن مبنای عدد در بند متناظر — فعلاً بدون لنگرگاه (سطر 5508),ثبت شد
TO-801,هدف فنی,کارایی حجمی تزریق,حدود ۱۹,درصد,— باید در بند متناظر نوشته شود,۱۴۰۵,C,HP-15,نوشتن مبنای عدد در بند متناظر — فعلاً بدون لنگرگاه (سطر 5509),ثبت شد
GV-23,حکمرانی,سهم خارج‌شده جانبی,۸۱,درصد,— باید در بند متناظر نوشته شود,۱۴۰۵,C,HP-15,نوشتن مبنای عدد در بند متناظر — فعلاً بدون لنگرگاه (سطر 5510),ثبت شد
SC-211,مقیاس,کارایی ظاهری زیرسطحی همان سایت,حدود ۸۸,درصد,— باید در بند متناظر نوشته شود,۱۴۰۵,C,HP-15,نوشتن مبنای عدد در بند متناظر — فعلاً بدون لنگرگاه (سطر 5511),ثبت شد
FN-347,مالی,نرخ روز کاری کارگر عادی,۲۰,دلار بر روز,— باید در بند متناظر نوشته شود,۱۴۰۵,C,HP-15,نوشتن مبنای عدد در بند متناظر — فعلاً بدون لنگرگاه (سطر 5512),ثبت شد
FN-348,مالی,نسبت نرخ هدف طراحی به بنچمارک هزینهٔ کامل,۱۳٫۳,برابر,— باید در بند متناظر نوشته شود,۱۴۰۵,C,HP-15,نوشتن مبنای عدد در بند متناظر — فعلاً بدون لنگرگاه (سطر 5513),ثبت شد
FN-349,مالی,نرخ کمپوست مزرعه‌ای,حدود ۳,تن بر هکتار,— باید در بند متناظر نوشته شود,۱۴۰۵,C,HP-15,نوشتن مبنای عدد در بند متناظر — فعلاً بدون لنگرگاه (سطر 5514),ثبت شد
SC-212,مقیاس,شوری سطح C2,۶ تا ۱۰ به‌علاوهٔ,دسی‌زیمنس بر متر,— باید در بند متناظر نوشته شود,۱۴۰۵,C,HP-15,نوشتن مبنای عدد در بند متناظر — فعلاً بدون لنگرگاه (سطر 5515),ثبت شد
SC-213,مقیاس,شوری سطح C7,۱٫۵ تا ۳,دسی‌زیمنس بر متر,— باید در بند متناظر نوشته شود,۱۴۰۵,C,HP-15,نوشتن مبنای عدد در بند متناظر — فعلاً بدون لنگرگاه (سطر 5516),ثبت شد
FN-350,مالی,هزینهٔ گچ در C10,۲۹۰,دلار بر هکتار,— باید در بند متناظر نوشته شود,۱۴۰۵,C,HP-15,نوشتن مبنای عدد در بند متناظر — فعلاً بدون لنگرگاه (سطر 5531),ثبت شد
FN-351,مالی,هزینهٔ آزمایشگاه خاک و آب,تأییدنشده — قصر ۱-۶-۱ ماتریس,دلار,— باید در بند متناظر نوشته شود,۱۴۰۵,C,HP-15,نوشتن مبنای عدد در بند متناظر — فعلاً بدون لنگرگاه (سطر 5536),ثبت شد
ST-38,استاندارد,شمارهٔ استاندارد لولهٔ زهکش افقی,تأییدنشده — ISO 4422 فقط خانواده را پوشش می‌دهد,—,— باید در بند متناظر نوشته شود,۱۴۰۵,C,HP-15,نوشتن مبنای عدد در بند متناظر — فعلاً بدون لنگرگاه (سطر 5543),ثبت شد
TO-802,هدف فنی,تعداد بندهای بسته‌شدن,۲۵,بند,— باید در بند متناظر نوشته شود,۱۴۰۵,C,HP-15,نوشتن مبنای عدد در بند متناظر — فعلاً بدون لنگرگاه (سطر 5549),ثبت شد
R-09,ریسک,تعداد حالت خرابی در رجیستری — HP-15,۱۴,حالت,— باید در بند متناظر نوشته شود,۱۴۰۵,C,HP-15,نوشتن مبنای عدد در بند متناظر — فعلاً بدون لنگرگاه (سطر 5550),ثبت شد
FN-352,مالی,مغایرت: عدد ۲۹۰ دلار بر هکتار برای هزینهٔ گچ در C10 در بند ۶-۵-ج خودِ سند آن را کاملاً ساختهٔ همین سند خوانده و هیچ شناسهٔ رجیستری ندارد، ولی در همان بند در جدول شاخص هزینه نوشته شده,۲۹۰ در برابر تأییدنشده,دلار بر هکتار,— باید در بند متناظر نوشته شود,۱۴۰۵,C,HP-15,نوشتن مبنای عدد در بند متناظر — فعلاً بدون لنگرگاه (سطر 5553),ثبت شد
SC-214,مقیاس,هدف کاهش بار ورودی نمک,۱۹٫۷,تن نمک بر هکتار در سال,— باید در بند متناظر نوشته شود,۱۴۰۵,C,HP-15,نوشتن مبنای عدد در بند متناظر — فعلاً بدون لنگرگاه (سطر 5782),ثبت شد
SC-215,مقیاس,زمان اجرای اولیه,۱۲,روز کاری بر هکتار,— باید در بند متناظر نوشته شود,۱۴۰۵,C,HP-15,نوشتن مبنای عدد در بند متناظر — فعلاً بدون لنگرگاه (سطر 5784),ثبت شد
FN-353,مالی,هزینهٔ سرمایه‌ای — HP-15,۵۵۰ تا ۸۴۰,دلار بر هکتار,— باید در بند متناظر نوشته شود,۱۴۰۵,C,HP-15,نوشتن مبنای عدد در بند متناظر — فعلاً بدون لنگرگاه (سطر 5786),ثبت شد
SC-216,مقیاس,بار ورودی نمک,۱۰ تا ۳۰,تن بر هکتار در سال,— باید در بند متناظر نوشته شود,۱۴۰۵,C,HP-15,نوشتن مبنای عدد در بند متناظر — فعلاً بدون لنگرگاه (سطر 5791),ثبت شد
SC-217,مقیاس,تجمع نمک در بافت گیاه — غنچهٔ گل,۱٬۶۶۶٫۶۲ تا ۳٬۳۰۷٫۹۹,کیلوگرم بر هکتار,— باید در بند متناظر نوشته شود,۱۴۰۵,C,HP-15,نوشتن مبنای عدد در بند متناظر — فعلاً بدون لنگرگاه (سطر 5793),ثبت شد
SC-218,مقیاس,تجمع نمک در بافت گیاه — مرحلهٔ میوه,۳٬۵۳۹٫۷۶ تا ۵٬۷۷۱٫۰۳,کیلوگرم بر هکتار,— باید در بند متناظر نوشته شود,۱۴۰۵,C,HP-15,نوشتن مبنای عدد در بند متناظر — فعلاً بدون لنگرگاه (سطر 5794),ثبت شد
TO-803,هدف فنی,می‌شود. آنچه ساخته می‌شود، قاعدهٔ نسبی k_win است که در بند,۳٫۳٫۱,—,— باید در بند متناظر نوشته شود,۱۴۰۵,C,HP-16,نوشتن مبنای عدد در بند متناظر — فعلاً بدون لنگرگاه (سطر 110),ثبت شد
SC-219,مقیاس,عمق سطح ایستابی بالای پهنهٔ لغزش,نیازمند خط پایه — عمق ایستابی کلی ۱ تا ۳ متر گزارش شده ولی برای پهنهٔ لغزش اندازه نشده است,اندازه‌گیری‌شده در پیزومتر,— باید در بند متناظر نوشته شود,۱۴۰۵,C,HP-16,نوشتن مبنای عدد در بند متناظر — فعلاً بدون لنگرگاه (سطر 149),ثبت شد
R-10,ریسک,داری بخش ۵-پ، رجیستری ریسک و پاسخ بخش,۰٫۸,بر,— باید در بند متناظر نوشته شود,۱۴۰۵,C,HP-16,نوشتن مبنای عدد در بند متناظر — فعلاً بدون لنگرگاه (سطر 153),ثبت شد
TO-804,هدف فنی,بخش ۴-ب و ۴-ث؛ بسته-بهینه-هر-اقلیم بخش ۳-۵ و,۳-۷,بر,— باید در بند متناظر نوشته شود,۱۴۰۵,C,HP-16,نوشتن مبنای عدد در بند متناظر — فعلاً بدون لنگرگاه (سطر 195),ثبت شد
R-11,ریسک,۱ و ۳-۶ و ۳-۱۰؛ رجیستری ریسک و پاسخ بخش,۰٫۸,بر,— باید در بند متناظر نوشته شود,۱۴۰۵,C,HP-16,نوشتن مبنای عدد در بند متناظر — فعلاً بدون لنگرگاه (سطر 215),ثبت شد
FN-354,مالی,نرخ هدایت هیدرولیکی اشباع,دست‌کم ۱ فوت بر روز، حدود ۰٫۳ متر در روز,نیازمند خط پایه — هیچ اندازه‌گیری هدایت هیدرولیکی برای خاک این پهنه ثبت نشده است,— باید در بند متناظر نوشته شود,۱۴۰۵,C,HP-16,نوشتن مبنای عدد در بند متناظر — فعلاً بدون لنگرگاه (سطر 247),ثبت شد
M-94,مواد,زمان تخلیهٔ کامل,۲۴ تا ۴۸ ساعت,در خاک رسی-لومی اشباع، زمان تخلیهٔ موضعی نیازمند خط پایه است,— باید در بند متناظر نوشته شود,۱۴۰۵,C,HP-16,نوشتن مبنای عدد در بند متناظر — فعلاً بدون لنگرگاه (سطر 248),ثبت شد
SC-220,مقیاس,ٔ ۵؛ رجیستری ریسک و پاسخ بخش ۰٫۸ بند ۳ — سطح اطمینان: A برای شرایط روش,۸۱۵,بر,— باید در بند متناظر نوشته شود,۱۴۰۵,C,HP-16,نوشتن مبنای عدد در بند متناظر — فعلاً بدون لنگرگاه (سطر 251),ثبت شد
TO-805,هدف فنی,بارش سالانه (میلی‌متر),۸۰۰ تا ۱۶۰۰,— (صفر),— باید در بند متناظر نوشته شود,۱۴۰۵,C,HP-16,نوشتن مبنای عدد در بند متناظر — فعلاً بدون لنگرگاه (سطر 287),ثبت شد
SC-221,مقیاس,عمق سطح ایستابی (متر),۱ تا ۳,— (صفر),— باید در بند متناظر نوشته شود,۱۴۰۵,C,HP-16,نوشتن مبنای عدد در بند متناظر — فعلاً بدون لنگرگاه (سطر 288),ثبت شد
TO-806,هدف فنی,گردوی ایرانی — Fagus orientalis,تأییدنشده در سند سیاست گونه؛ نامزد اصلی S3,مشروط؛ تا تأیید پیمایش فاز ۱ نامبرده نمی‌شود,— باید در بند متناظر نوشته شود,۱۴۰۵,C,HP-16,نوشتن مبنای عدد در بند متناظر — فعلاً بدون لنگرگاه (سطر 312),ثبت شد
TO-807,هدف فنی,۵۰، بخش ۳-ت، بخش ۴-ث؛ بسته-بهینه-هر-اقلیم بخش ۳-۳ و,۳-۵,بر,— باید در بند متناظر نوشته شود,۱۴۰۵,C,HP-16,نوشتن مبنای عدد در بند متناظر — فعلاً بدون لنگرگاه (سطر 321),ثبت شد
TO-808,هدف فنی,خلهٔ ساختمانی انجام نمی‌شود و فقط پایش و تثبیت زنده ادامه می‌یابد. عدد,۱٫۷٫۳,—,— باید در بند متناظر نوشته شود,۱۴۰۵,C,HP-16,نوشتن مبنای عدد در بند متناظر — فعلاً بدون لنگرگاه (سطر 330),ثبت شد
TO-809,هدف فنی,L-06 عدد ۸۰۰ تا,۱۶۰۰,—,— باید در بند متناظر نوشته شود,۱۴۰۵,C,HP-16,نوشتن مبنای عدد در بند متناظر — فعلاً بدون لنگرگاه (سطر 342),ثبت شد
TO-810,هدف فنی,سته-بهینه-هر-اقلیم بخش ۳-۲ ردیف ۵ و ۳-۳ و,۳-۶,بر,— باید در بند متناظر نوشته شود,۱۴۰۵,C,HP-16,نوشتن مبنای عدد در بند متناظر — فعلاً بدون لنگرگاه (سطر 408),ثبت شد
SP-23,گونه,تثبیت زنده با گونهٔ بومی,هشت گونهٔ بومی قطعی در فهرست؛ هدف طراحی تنوع ۱٫۹ نات,هیچ‌یک از هشت گونه مشخصهٔ استقرار تأییدشده ندارد؛ همهٔ سلول‌های جدول ۲٫۱۲ تأییدنشده,— باید در بند متناظر نوشته شود,۱۴۰۵,C,HP-16,نوشتن مبنای عدد در بند متناظر — فعلاً بدون لنگرگاه (سطر 460),ثبت شد
TO-811,هدف فنی,یسک و پاسخ بخش,۰٫۸,بر,— باید در بند متناظر نوشته شود,۱۴۰۵,C,HP-16,نوشتن مبنای عدد در بند متناظر — فعلاً بدون لنگرگاه (سطر 465),ثبت شد
TO-812,هدف فنی,منوعیت مطلق؛ بسته-بهینه-هر-اقلیم بخش ۳-۷ و,۰-۵,بر,— باید در بند متناظر نوشته شود,۱۴۰۵,C,HP-16,نوشتن مبنای عدد در بند متناظر — فعلاً بدون لنگرگاه (سطر 654),ثبت شد
SC-222,مقیاس,دانه‌بندی سنگ سنگ‌ریزه و پرکننده,خانوادهٔ آزمون دانه‌بندی سنگدانه در ST-14,خانواده ثبت شده؛ شماره تأییدنشده و سطح D,— باید در بند متناظر نوشته شود,۱۴۰۵,C,HP-16,نوشتن مبنای عدد در بند متناظر — فعلاً بدون لنگرگاه (سطر 661),ثبت شد
SC-223,مقیاس,مقاومت فشاری سنگ,خانوادهٔ آزمون مقاومت فشاری سنگ در ST-14,خانواده ثبت شده؛ شماره تأییدنشده و سطح D,— باید در بند متناظر نوشته شود,۱۴۰۵,C,HP-16,نوشتن مبنای عدد در بند متناظر — فعلاً بدون لنگرگاه (سطر 662),ثبت شد
SC-224,مقیاس,پایداری خاکدانه و تراکم خاک,خانوادهٔ آزمون پایداری خاکدانه و پروکتور استاندارد در ST-14,خانواده ثبت شده؛ شماره تأییدنشده و سطح D,— باید در بند متناظر نوشته شود,۱۴۰۵,C,HP-16,نوشتن مبنای عدد در بند متناظر — فعلاً بدون لنگرگاه (سطر 663),ثبت شد
SC-225,مقیاس,هدایت هیدرولیکی اشباع,خانوادهٔ آزمون هدایت هیدرولیکی اشباع در ST-14,خانواده ثبت شده؛ شماره تأییدنشده و سطح D,— باید در بند متناظر نوشته شود,۱۴۰۵,C,HP-16,نوشتن مبنای عدد در بند متناظر — فعلاً بدون لنگرگاه (سطر 664),ثبت شد
ST-39,استاندارد,یب-و-استاندارد بخش ۱ و,۳,بر,— باید در بند متناظر نوشته شود,۱۴۰۵,C,HP-16,نوشتن مبنای عدد در بند متناظر — فعلاً بدون لنگرگاه (سطر 680),ثبت شد
M-95,مواد,اندازهٔ سنگ درشت تنه و پشت,۲۰ تا ۴۰ سانتی‌متر,بزرگ‌تر از ۴۰ سانتی‌متر در سبد پذیرفته نمی‌شود چون بازشدگی توری را نمی‌گیرد,— باید در بند متناظر نوشته شود,۱۴۰۵,C,HP-16,نوشتن مبنای عدد در بند متناظر — فعلاً بدون لنگرگاه (سطر 687),ثبت شد
ST-40,استاندارد,استاندارد بخش ۱ ردیف‌های ۱ و,۵,بر,— باید در بند متناظر نوشته شود,۱۴۰۵,C,HP-16,نوشتن مبنای عدد در بند متناظر — فعلاً بدون لنگرگاه (سطر 704),ثبت شد
TO-813,هدف فنی,۳-۲ ردیف ۱ و بخش ۳-۹ ردیف,۱,بر,— باید در بند متناظر نوشته شود,۱۴۰۵,C,HP-16,نوشتن مبنای عدد در بند متناظر — فعلاً بدون لنگرگاه (سطر 725),ثبت شد
R-12,ریسک,یف‌های M-01 و M-02 و M-11 و M-38؛ تحلیل خطر ترکیبی زنجیرهٔ,۵,بر,— باید در بند متناظر نوشته شود,۱۴۰۵,C,HP-16,نوشتن مبنای عدد در بند متناظر — فعلاً بدون لنگرگاه (سطر 756),ثبت شد
TO-814,هدف فنی,۸۳ و بخش ۳-ت و,۴,بر,— باید در بند متناظر نوشته شود,۱۴۰۵,C,HP-16,نوشتن مبنای عدد در بند متناظر — فعلاً بدون لنگرگاه (سطر 770),ثبت شد
TO-815,هدف فنی,‌های ۵۴ و ۸۳ و بخش,۴,بر,— باید در بند متناظر نوشته شود,۱۴۰۵,C,HP-16,نوشتن مبنای عدد در بند متناظر — فعلاً بدون لنگرگاه (سطر 798),ثبت شد
TO-816,هدف فنی,سهٔ ممنوعیت مطلق و ردیف M-38؛ ارتقای-توان-سازه‌های-آبی بخش,۵,بر,— باید در بند متناظر نوشته شود,۱۴۰۵,C,HP-16,نوشتن مبنای عدد در بند متناظر — فعلاً بدون لنگرگاه (سطر 811),ثبت شد
TO-817,هدف فنی,منبع: بسته-بهینه-هر-اقلیم بخش ۳-۲ ردیف,۷,بر,— باید در بند متناظر نوشته شود,۱۴۰۵,C,HP-16,نوشتن مبنای عدد در بند متناظر — فعلاً بدون لنگرگاه (سطر 822),ثبت شد
TO-818,هدف فنی,لیم بخش ۳-۵ و,۳-۷,بر,— باید در بند متناظر نوشته شود,۱۴۰۵,C,HP-16,نوشتن مبنای عدد در بند متناظر — فعلاً بدون لنگرگاه (سطر 843),ثبت شد
TO-819,هدف فنی,بخش ۳-ت و ۴-ب؛ بسته-بهینه-هر-اقلیم بخش ۳-۵ و,۳-۷,بر,— باید در بند متناظر نوشته شود,۱۴۰۵,C,HP-16,نوشتن مبنای عدد در بند متناظر — فعلاً بدون لنگرگاه (سطر 843),ثبت شد
TO-820,هدف فنی,ش ۳-ت، بخش ۴-ب و ۴-ث؛ بسته-بهینه-هر-اقلیم بخش ۳-۲ ردیف,۴,بر,— باید در بند متناظر نوشته شود,۱۴۰۵,C,HP-16,نوشتن مبنای عدد در بند متناظر — فعلاً بدون لنگرگاه (سطر 851),ثبت شد
SP-24,گونه,یف ۴۰ و قاعدهٔ نام علمی ردیف ۸۷؛ سیاست-گونه بخش ۱۰ بند,۴,بر,— باید در بند متناظر نوشته شود,۱۴۰۵,C,HP-16,نوشتن مبنای عدد در بند متناظر — فعلاً بدون لنگرگاه (سطر 858),ثبت شد
TO-821,هدف فنی,مواد-محلی ردیف‌های M-38 و M-21؛ بسته-بهینه-هر-اقلیم بخش,۳-۷,بر,— باید در بند متناظر نوشته شود,۱۴۰۵,C,HP-16,نوشتن مبنای عدد در بند متناظر — فعلاً بدون لنگرگاه (سطر 872),ثبت شد
R-13,ریسک,؛ تحلیل خطر ترکیبی زنجیرهٔ ۵؛ سامانه-کشاورزی-یکپارچه بخش,۸٫۵,بر,— باید در بند متناظر نوشته شود,۱۴۰۵,C,HP-16,نوشتن مبنای عدد در بند متناظر — فعلاً بدون لنگرگاه (سطر 896),ثبت شد
SP-25,گونه,۷ و ۳-۹؛ سیاست-گونه-و-آبخیزداری بخش ۱۰ بند,۴,بر,— باید در بند متناظر نوشته شود,۱۴۰۵,C,HP-16,نوشتن مبنای عدد در بند متناظر — فعلاً بدون لنگرگاه (سطر 917),ثبت شد
TO-822,هدف فنی,هینه-هر-اقلیم بخش ۳-۷ و ۰-۵؛ دانش-بومی-و-تاریخی بخش,۹,بر,— باید در بند متناظر نوشته شود,۱۴۰۵,C,HP-16,نوشتن مبنای عدد در بند متناظر — فعلاً بدون لنگرگاه (سطر 935),ثبت شد
M-96,مواد,یر کرده است. هیچ مشخصهٔ مکانیکی برای چوب درجای این بسته ثبت نشده و بند,۲٫۱۵,—,— باید در بند متناظر نوشته شود,۱۴۰۵,C,HP-16,نوشتن مبنای عدد در بند متناظر — فعلاً بدون لنگرگاه (سطر 1019),ثبت شد
TO-823,هدف فنی,و بند ۲٫۱ و,۲٫۸,بر,— باید در بند متناظر نوشته شود,۱۴۰۵,C,HP-16,نوشتن مبنای عدد در بند متناظر — فعلاً بدون لنگرگاه (سطر 1051),ثبت شد
TO-824,هدف فنی,ین کتابچه است، چون فصل,۲,—,— باید در بند متناظر نوشته شود,۱۴۰۵,C,HP-16,نوشتن مبنای عدد در بند متناظر — فعلاً بدون لنگرگاه (سطر 1058),ثبت شد
TO-825,هدف فنی,منبع جدول ۲٫۲۴: بند ۲٫۱ و ۲٫۱۱ و ۲٫۵ و,۲٫۸,بر,— باید در بند متناظر نوشته شود,۱۴۰۵,C,HP-16,نوشتن مبنای عدد در بند متناظر — فعلاً بدون لنگرگاه (سطر 1071),ثبت شد
TO-826,هدف فنی,هدایت هیدرولیکی اشباع,شرط دوم دروازهٔ روش ۸۱۵,تأییدنشده,— باید در بند متناظر نوشته شود,۱۴۰۵,C,HP-16,نوشتن مبنای عدد در بند متناظر — فعلاً بدون لنگرگاه (سطر 1119),ثبت شد
TO-827,هدف فنی,منبع جدول ۲٫۲۴: بند ۳٫۹ و بند,۲٫۱۱,بر,— باید در بند متناظر نوشته شود,۱۴۰۵,C,HP-16,نوشتن مبنای عدد در بند متناظر — فعلاً بدون لنگرگاه (سطر 1224),ثبت شد
TO-828,هدف فنی,منبع جدول ۲٫۲۹: بند ۲٫۳ و ۲٫۱۵ و بند ۳٫۴ و ۳٫۸ و بند,۱٫۷٫۳,بر,— باید در بند متناظر نوشته شود,۱۴۰۵,C,HP-16,نوشتن مبنای عدد در بند متناظر — فعلاً بدون لنگرگاه (سطر 1298),ثبت شد
PR-14,قیمت,قیمت بدون سه استعلام,تأییدنشده و خارج از فصل ۹,بند ۲٫۱۱,— باید در بند متناظر نوشته شود,۱۴۰۵,C,HP-16,نوشتن مبنای عدد در بند متناظر — فعلاً بدون لنگرگاه (سطر 1310),ثبت شد
TO-829,هدف فنی,پ بندهای ۱ و ۴؛ بسته-بهینه-هر-اقلیم بخش ۳-۲ و,۳-۹,بر,— باید در بند متناظر نوشته شود,۱۴۰۵,C,HP-16,نوشتن مبنای عدد در بند متناظر — فعلاً بدون لنگرگاه (سطر 1365),ثبت شد
TO-830,هدف فنی,سطر توزیع خط پایه در جدول,۳٫۲,—,— باید در بند متناظر نوشته شود,۱۴۰۵,C,HP-16,نوشتن مبنای عدد در بند متناظر — فعلاً بدون لنگرگاه (سطر 1376),ثبت شد
TO-831,هدف فنی,P_win روزانه برای هر طول پنجره,محاسبهٔ F2 از همان دادهٔ روزانه,روزانه,— باید در بند متناظر نوشته شود,۱۴۰۵,C,HP-16,نوشتن مبنای عدد در بند متناظر — فعلاً بدون لنگرگاه (سطر 1416),ثبت شد
TO-832,هدف فنی,پ بندهای ۲ و ۳ و,۴,بر,— باید در بند متناظر نوشته شود,۱۴۰۵,C,HP-16,نوشتن مبنای عدد در بند متناظر — فعلاً بدون لنگرگاه (سطر 1423),ثبت شد
TO-833,هدف فنی,۷-پ بند ۵؛ بسته-بهینه-هر-اقلیم بخش ۳-۱ و,۳-۶,بر,— باید در بند متناظر نوشته شود,۱۴۰۵,C,HP-16,نوشتن مبنای عدد در بند متناظر — فعلاً بدون لنگرگاه (سطر 1468),ثبت شد
TO-834,هدف فنی,بند ۴ و ۵؛ بسته-بهینه-هر-اقلیم بخش ۳-۱ و ۳-۶ و,۳-۹,بر,— باید در بند متناظر نوشته شود,۱۴۰۵,C,HP-16,نوشتن مبنای عدد در بند متناظر — فعلاً بدون لنگرگاه (سطر 1497),ثبت شد
M-97,مواد,شرط اولیهٔ رطوبت,θ_0,پروفیل خاک و دماسنج خاک,— باید در بند متناظر نوشته شود,۱۴۰۵,C,HP-16,نوشتن مبنای عدد در بند متناظر — فعلاً بدون لنگرگاه (سطر 1527),ثبت شد
TO-835,هدف فنی,ردیف S3 و ۶-ب ردیف,۶,بر,— باید در بند متناظر نوشته شود,۱۴۰۵,C,HP-16,نوشتن مبنای عدد در بند متناظر — فعلاً بدون لنگرگاه (سطر 1529),ثبت شد
TO-836,هدف فنی,منشأ هر کدام در جدول,۳٫۷,—,— باید در بند متناظر نوشته شود,۱۴۰۵,C,HP-16,نوشتن مبنای عدد در بند متناظر — فعلاً بدون لنگرگاه (سطر 1583),ثبت شد
TO-837,هدف فنی,Q_rain ورودی طراحی,شدیدترین بارش ۲۴ و ۴۸ ساعتهٔ ثبت‌شدهٔ پایلوت,نیازمند خط پایه,— باید در بند متناظر نوشته شود,۱۴۰۵,C,HP-16,نوشتن مبنای عدد در بند متناظر — فعلاً بدون لنگرگاه (سطر 1591),ثبت شد
SP-26,گونه,است-گونه-و-آبخیزداری بخش ۶-پ ردیف S3؛ بسته-بهینه-هر-اقلیم بخش ۳-۲ ردیف,۲,بر,— باید در بند متناظر نوشته شود,۱۴۰۵,C,HP-16,نوشتن مبنای عدد در بند متناظر — فعلاً بدون لنگرگاه (سطر 1593),ثبت شد
TO-838,هدف فنی,محاسبهٔ نمونهٔ F10: قابل ارائه نیست. دلیل: هر پنج ورودی جدول,۳٫۷,—,— باید در بند متناظر نوشته شود,۱۴۰۵,C,HP-16,نوشتن مبنای عدد در بند متناظر — فعلاً بدون لنگرگاه (سطر 1595),ثبت شد
TO-839,هدف فنی,دماتی، بخش ۴-ب؛ بسته-بهینه-هر-اقلیم بخش ۳-۲ ردیف ۳ و,۳-۵,بر,— باید در بند متناظر نوشته شود,۱۴۰۵,C,HP-16,نوشتن مبنای عدد در بند متناظر — فعلاً بدون لنگرگاه (سطر 1624),ثبت شد
TO-840,هدف فنی,لیم بخش ۳-۲ ردیف ۱ و ۳-۹ ردیف ۱؛ فصل ۲ بند ۲٫۴٫۱ و,۲٫۸,بر,— باید در بند متناظر نوشته شود,۱۴۰۵,C,HP-16,نوشتن مبنای عدد در بند متناظر — فعلاً بدون لنگرگاه (سطر 1648),ثبت شد
TO-841,هدف فنی,اری بخش ۷-پ بند ۵؛ بسته-بهینه-هر-اقلیم بخش ۳-۱ و,۳-۶,بر,— باید در بند متناظر نوشته شود,۱۴۰۵,C,HP-16,نوشتن مبنای عدد در بند متناظر — فعلاً بدون لنگرگاه (سطر 1675),ثبت شد
SP-27,گونه,ش ۳-۱ و ۳-۲؛ سیاست-گونه-و-آبخیزداری بخش,۶,بر,— باید در بند متناظر نوشته شود,۱۴۰۵,C,HP-16,نوشتن مبنای عدد در بند متناظر — فعلاً بدون لنگرگاه (سطر 1705),ثبت شد
SC-226,مقیاس,بند ۳؛ تحلیل خطر ترکیبی زنجیرهٔ ۵ — سطح اطمینان: A برای مقادیر سند روش,۸۱۵,بر,— باید در بند متناظر نوشته شود,۱۴۰۵,C,HP-16,نوشتن مبنای عدد در بند متناظر — فعلاً بدون لنگرگاه (سطر 1733),ثبت شد
TO-842,هدف فنی,ر-اقلیم بخش ۳-۹ ردیف ۱؛ این فصل بند ۳٫۶ و بند,۵٫۹,بر,— باید در بند متناظر نوشته شود,۱۴۰۵,C,HP-16,نوشتن مبنای عدد در بند متناظر — فعلاً بدون لنگرگاه (سطر 1762),ثبت شد
TO-843,هدف فنی,ی؛ بسته-بهینه-هر-اقلیم بخش ۳-۲ ردیف ۴ و,۵,بر,— باید در بند متناظر نوشته شود,۱۴۰۵,C,HP-16,نوشتن مبنای عدد در بند متناظر — فعلاً بدون لنگرگاه (سطر 1797),ثبت شد
TO-844,هدف فنی,قلیم بخش ۳-۲ ردیف ۴ و,۵,بر,— باید در بند متناظر نوشته شود,۱۴۰۵,C,HP-16,نوشتن مبنای عدد در بند متناظر — فعلاً بدون لنگرگاه (سطر 1797),ثبت شد
SC-227,مقیاس,سطح بالادست ۲۰۰٬۰۰۰ متر مربع و شیب محلی ۵ درصد. فرض طراحی دوم: θ برابر,۰٫۴۵,—,— باید در بند متناظر نوشته شود,۱۴۰۵,C,HP-16,نوشتن مبنای عدد در بند متناظر — فعلاً بدون لنگرگاه (سطر 1799),ثبت شد
SP-28,گونه,منبع: سیاست-گونه-و-آبخیزداری بخش ۳-ت و ۴-ب؛ دانش-بومی-و-تاریخی بخش,۱٫۶,بر,— باید در بند متناظر نوشته شود,۱۴۰۵,C,HP-16,نوشتن مبنای عدد در بند متناظر — فعلاً بدون لنگرگاه (سطر 1825),ثبت شد
TO-845,هدف فنی,ری بخش ۳-ت و ۴-ب؛ دانش-بومی-و-تاریخی بخش,۱٫۶,بر,— باید در بند متناظر نوشته شود,۱۴۰۵,C,HP-16,نوشتن مبنای عدد در بند متناظر — فعلاً بدون لنگرگاه (سطر 1825),ثبت شد
R-14,ریسک,تحلیل خطر ترکیبی و سناریو بخش,۱٫۳,بر,— باید در بند متناظر نوشته شود,۱۴۰۵,C,HP-16,نوشتن مبنای عدد در بند متناظر — فعلاً بدون لنگرگاه (سطر 1859),ثبت شد
TO-846,هدف فنی,بهینه-هر-اقلیم بخش ۳-۲ ردیف ۳ و,۳-۶,بر,— باید در بند متناظر نوشته شود,۱۴۰۵,C,HP-16,نوشتن مبنای عدد در بند متناظر — فعلاً بدون لنگرگاه (سطر 1889),ثبت شد
R-15,ریسک,اس‌بندی و ۳-۳؛ تحلیل خطر ترکیبی زنجیرهٔ,۵,بر,— باید در بند متناظر نوشته شود,۱۴۰۵,C,HP-16,نوشتن مبنای عدد در بند متناظر — فعلاً بدون لنگرگاه (سطر 1914),ثبت شد
TO-847,هدف فنی,منبع: این فصل بند ۳٫۹ و بند ۸٫۱؛ فصل ۸ جدول ۸٫۱؛ فصل ۹ بند,۹٫۲,بر,— باید در بند متناظر نوشته شود,۱۴۰۵,C,HP-16,نوشتن مبنای عدد در بند متناظر — فعلاً بدون لنگرگاه (سطر 1976),ثبت شد
TO-848,هدف فنی,ششم — هیدرولیک کانال,F10,گام یک,— باید در بند متناظر نوشته شود,۱۴۰۵,C,HP-16,نوشتن مبنای عدد در بند متناظر — فعلاً بدون لنگرگاه (سطر 2063),ثبت شد
TO-849,هدف فنی,سه نتیجهٔ صریح از این جدول که در فصل,۹,—,— باید در بند متناظر نوشته شود,۱۴۰۵,C,HP-16,نوشتن مبنای عدد در بند متناظر — فعلاً بدون لنگرگاه (سطر 2174),ثبت شد
TO-850,هدف فنی,میانگین روزانهٔ مرجع از ۸۰۰ و,۱۶۰۰,—,— باید در بند متناظر نوشته شود,۱۴۰۵,C,HP-16,نوشتن مبنای عدد در بند متناظر — فعلاً بدون لنگرگاه (سطر 2226),ثبت شد
SC-228,مقیاس,مساحت سه‌گزینه است که حساب آن با,۱۰۰,—,— باید در بند متناظر نوشته شود,۱۴۰۵,C,HP-16,نوشتن مبنای عدد در بند متناظر — فعلاً بدون لنگرگاه (سطر 2226),ثبت شد
TO-851,هدف فنی,بند ۲٫۴٫۱ و ۲٫۴٫۵؛ فصل ۳ بند ۳٫۳ و جدول,۳٫۳,بر,— باید در بند متناظر نوشته شود,۱۴۰۵,C,HP-16,نوشتن مبنای عدد در بند متناظر — فعلاً بدون لنگرگاه (سطر 2262),ثبت شد
TO-852,هدف فنی,د ۳٫۱ و ۳٫۴ و ۳٫۶ و ۳٫۹؛ این فصل بند ۴٫۳ تا,۴٫۱۲,بر,— باید در بند متناظر نوشته شود,۱۴۰۵,C,HP-16,نوشتن مبنای عدد در بند متناظر — فعلاً بدون لنگرگاه (سطر 2292),ثبت شد
SP-29,گونه,صل ۳ بند ۳٫۹ و جدول ۳٫۹؛ سیاست-گونه-و-آبخیزداری بند,۷,بر,— باید در بند متناظر نوشته شود,۱۴۰۵,C,HP-16,نوشتن مبنای عدد در بند متناظر — فعلاً بدون لنگرگاه (سطر 2335),ثبت شد
SP-30,گونه,ول ۳٫۱ و جدول ۳٫۲؛ سیاست-گونه-و-آبخیزداری بند,۷,بر,— باید در بند متناظر نوشته شود,۱۴۰۵,C,HP-16,نوشتن مبنای عدد در بند متناظر — فعلاً بدون لنگرگاه (سطر 2360),ثبت شد
TO-853,هدف فنی,منبع: فصل ۳ بند ۳٫۴ و جدول ۳٫۵؛ رجیستری HDR ردیف ST-14 و,۸۱۵,بر,— باید در بند متناظر نوشته شود,۱۴۰۵,C,HP-16,نوشتن مبنای عدد در بند متناظر — فعلاً بدون لنگرگاه (سطر 2387),ثبت شد
SC-229,مقیاس,R ردیف ST-14 و ۸۱۵ — سطح اطمینان: تأییدنشده برای ردیف‌های ۱ تا ۳ و ۵ و,۶,بر,— باید در بند متناظر نوشته شود,۱۴۰۵,C,HP-16,نوشتن مبنای عدد در بند متناظر — فعلاً بدون لنگرگاه (سطر 2387),ثبت شد
TO-854,هدف فنی,شکست نیست و یک یافته است. آنچه در آن صورت اتفاق می‌افتد این است: ردیف,۶,—,— باید در بند متناظر نوشته شود,۱۴۰۵,C,HP-16,نوشتن مبنای عدد در بند متناظر — فعلاً بدون لنگرگاه (سطر 2389),ثبت شد
TO-855,هدف فنی,دیف ۲ و ۳-۳؛ فصل ۱ بند ۱٫۴٫۲؛ فصل ۳ بند,۳٫۷,بر,— باید در بند متناظر نوشته شود,۱۴۰۵,C,HP-16,نوشتن مبنای عدد در بند متناظر — فعلاً بدون لنگرگاه (سطر 2409),ثبت شد
TO-856,هدف فنی,منبع: فصل ۲ بند ۲٫۴٫۳ و ۲٫۸؛ فصل ۳ بند ۳٫۴ و,۳٫۶,بر,— باید در بند متناظر نوشته شود,۱۴۰۵,C,HP-16,نوشتن مبنای عدد در بند متناظر — فعلاً بدون لنگرگاه (سطر 2439),ثبت شد
TO-857,هدف فنی,٫۱ و ۲٫۴٫۲ و ۲٫۴٫۳ و ۲٫۸ و جدول,۲٫۳,بر,— باید در بند متناظر نوشته شود,۱۴۰۵,C,HP-16,نوشتن مبنای عدد در بند متناظر — فعلاً بدون لنگرگاه (سطر 2452),ثبت شد
TO-858,هدف فنی,٫۴٫۱؛ فصل ۲ بند ۲٫۱ و ۲٫۴٫۳ و ۲٫۷؛ فصل ۳ بند,۳٫۶,بر,— باید در بند متناظر نوشته شود,۱۴۰۵,C,HP-16,نوشتن مبنای عدد در بند متناظر — فعلاً بدون لنگرگاه (سطر 2466),ثبت شد
TO-859,هدف فنی,۲ بند ۲٫۱ و ۲٫۴٫۴ و ۲٫۷ و ۲٫۸؛ فصل ۳ بند ۳٫۸ و جدول,۳٫۸,بر,— باید در بند متناظر نوشته شود,۱۴۰۵,C,HP-16,نوشتن مبنای عدد در بند متناظر — فعلاً بدون لنگرگاه (سطر 2480),ثبت شد
TO-860,هدف فنی,زداری بخش ۳-ت و ۴-ب و ۴-ث؛ فصل ۳ جدول ۳٫۸؛ فصل ۲ بند,۲٫۵,بر,— باید در بند متناظر نوشته شود,۱۴۰۵,C,HP-16,نوشتن مبنای عدد در بند متناظر — فعلاً بدون لنگرگاه (سطر 2503),ثبت شد
TO-861,هدف فنی,ونه-و-آبخیزداری بند ۷-پ بند ۶ و بخش ۶-پ؛ فصل ۲ بند,۲٫۴٫۵,بر,— باید در بند متناظر نوشته شود,۱۴۰۵,C,HP-16,نوشتن مبنای عدد در بند متناظر — فعلاً بدون لنگرگاه (سطر 2532),ثبت شد
M-98,مواد,۲ — HP-16,سنگ‌چینی کف با سنگ متوسط ۱۰ تا ۲۰ سانتی‌متر,سنگ,— باید در بند متناظر نوشته شود,۱۴۰۵,C,HP-16,نوشتن مبنای عدد در بند متناظر — فعلاً بدون لنگرگاه (سطر 2537),ثبت شد
TO-862,هدف فنی,منبع: فصل ۲ بند ۲٫۴٫۲ و ۲٫۴٫۶ و ۲٫۶؛ فصل ۳ بند,۳٫۷,بر,— باید در بند متناظر نوشته شود,۱۴۰۵,C,HP-16,نوشتن مبنای عدد در بند متناظر — فعلاً بدون لنگرگاه (سطر 2544),ثبت شد
SP-31,گونه,٫۶ و ۲٫۵؛ فصل ۳ بند ۳٫۸ و جدول ۳٫۱۳ و ۳٫۱۴؛ سیاست-گونه-و-آبخیزداری بند,۱۰,بر,— باید در بند متناظر نوشته شود,۱۴۰۵,C,HP-16,نوشتن مبنای عدد در بند متناظر — فعلاً بدون لنگرگاه (سطر 2557),ثبت شد
TO-863,هدف فنی,منبع: فصل ۲ بند ۲٫۴٫۷ و,۲٫۷,بر,— باید در بند متناظر نوشته شود,۱۴۰۵,C,HP-16,نوشتن مبنای عدد در بند متناظر — فعلاً بدون لنگرگاه (سطر 2570),ثبت شد
TO-864,هدف فنی,۱ — HP-16,خواندن P1 سپس P2 سپس P3 در یک نوبت,متر لیف یا خوانندهٔ دستی,— باید در بند متناظر نوشته شود,۱۴۰۵,C,HP-16,نوشتن مبنای عدد در بند متناظر — فعلاً بدون لنگرگاه (سطر 2585),ثبت شد
TO-865,هدف فنی,ل ۳٫۹؛ بسته-بهینه-هر-اقلیم بخش ۳-۹ ردیف,۱,بر,— باید در بند متناظر نوشته شود,۱۴۰۵,C,HP-16,نوشتن مبنای عدد در بند متناظر — فعلاً بدون لنگرگاه (سطر 2593),ثبت شد
TO-866,هدف فنی,٫۱ و ۴٫۳ و ۴٫۸ و ۴٫۹ و ۴٫۱۰ و ۴٫۱۱ و ۴٫۱۵ و,۴٫۱۶,بر,— باید در بند متناظر نوشته شود,۱۴۰۵,C,HP-16,نوشتن مبنای عدد در بند متناظر — فعلاً بدون لنگرگاه (سطر 2643),ثبت شد
TO-867,هدف فنی,ن فصل نقض نشده است. جدول,۴٫۵,—,— باید در بند متناظر نوشته شود,۱۴۰۵,C,HP-16,نوشتن مبنای عدد در بند متناظر — فعلاً بدون لنگرگاه (سطر 2650),ثبت شد
GV-24,حکمرانی,اشتباه در جای اشتباه سهم ریشه را عملاً صفر می‌کند؛ و ستون استقرار جدول,۴٫۱۱,—,— باید در بند متناظر نوشته شود,۱۴۰۵,C,HP-16,نوشتن مبنای عدد در بند متناظر — فعلاً بدون لنگرگاه (سطر 2678),ثبت شد
TO-868,هدف فنی,ح اختیار متفاوت‌اند. جدول,۵٫۱,—,— باید در بند متناظر نوشته شود,۱۴۰۵,C,HP-16,نوشتن مبنای عدد در بند متناظر — فعلاً بدون لنگرگاه (سطر 2687),ثبت شد
TO-869,هدف فنی,منبع: فصل ۱ بند ۱٫۷٫۷؛ فصل ۲ بند ۲٫۸؛ فصل ۳ بند ۳٫۹؛ فصل ۴ بند ۴٫۱۰ و,۴٫۱۱,بر,— باید در بند متناظر نوشته شود,۱۴۰۵,C,HP-16,نوشتن مبنای عدد در بند متناظر — فعلاً بدون لنگرگاه (سطر 2699),ثبت شد
TO-870,هدف فنی,آنچه سطر جمع جدول,۵٫۱,—,— باید در بند متناظر نوشته شود,۱۴۰۵,C,HP-16,نوشتن مبنای عدد در بند متناظر — فعلاً بدون لنگرگاه (سطر 2701),ثبت شد
TO-871,هدف فنی,دول ۲٫۴ و ۲٫۱۰ و ۲٫۱۱؛ فصل ۳ جدول,۳٫۹,بر,— باید در بند متناظر نوشته شود,۱۴۰۵,C,HP-16,نوشتن مبنای عدد در بند متناظر — فعلاً بدون لنگرگاه (سطر 2776),ثبت شد
TO-872,هدف فنی,منبع: فصل ۳ جدول ۳٫۹؛ این فصل بند,۵٫۱۳,بر,— باید در بند متناظر نوشته شود,۱۴۰۵,C,HP-16,نوشتن مبنای عدد در بند متناظر — فعلاً بدون لنگرگاه (سطر 2788),ثبت شد
TO-873,هدف فنی,و جدول ۱٫۵؛ فصل ۲ بند ۲٫۱ و ۲٫۴٫۱؛ فصل ۴ بند,۴٫۱۱,بر,— باید در بند متناظر نوشته شود,۱۴۰۵,C,HP-16,نوشتن مبنای عدد در بند متناظر — فعلاً بدون لنگرگاه (سطر 2816),ثبت شد
SP-32,گونه,سیاست-گونه-و-آبخیزداری بند ۷-پ بند ۶؛ فصل ۴ بند,۴٫۹,بر,— باید در بند متناظر نوشته شود,۱۴۰۵,C,HP-16,نوشتن مبنای عدد در بند متناظر — فعلاً بدون لنگرگاه (سطر 2829),ثبت شد
TO-874,هدف فنی,۲ بند ۲٫۸؛ قاعدهٔ تفکیک روش دستی و ماشینی از ساختار-و-نگارش-کتابچه بخش,۳٫۵,بر,— باید در بند متناظر نوشته شود,۱۴۰۵,C,HP-16,نوشتن مبنای عدد در بند متناظر — فعلاً بدون لنگرگاه (سطر 2842),ثبت شد
TO-875,هدف فنی,۲٫۸ و جدول,۲٫۳,بر,— باید در بند متناظر نوشته شود,۱۴۰۵,C,HP-16,نوشتن مبنای عدد در بند متناظر — فعلاً بدون لنگرگاه (سطر 2857),ثبت شد
TO-876,هدف فنی,۴٫۱؛ فصل ۲ بند ۲٫۱ و ۲٫۴ٔ۳ و جدول ۲٫۶؛ فصل ۳ بند ۳٫۶؛ فصل ۴ جدول ۴٫۷ و,۴٫۹,بر,— باید در بند متناظر نوشته شود,۱۴۰۵,C,HP-16,نوشتن مبنای عدد در بند متناظر — فعلاً بدون لنگرگاه (سطر 2894),ثبت شد
TO-877,هدف فنی,۲٫۴٫۴ و ۲٫۸ و جدول ۲٫۳؛ فصل ۴ بند ۴٫۸ و جدول ۴٫۱۰ و,۴٫۱۱,بر,— باید در بند متناظر نوشته شود,۱۴۰۵,C,HP-16,نوشتن مبنای عدد در بند متناظر — فعلاً بدون لنگرگاه (سطر 2920),ثبت شد
TO-878,هدف فنی,منبع: فصل ۳ بند ۳٫۸ و جدول ۳٫۸؛ فصل ۲ بند ۲٫۵ و جدول,۲٫۱۲,بر,— باید در بند متناظر نوشته شود,۱۴۰۵,C,HP-16,نوشتن مبنای عدد در بند متناظر — فعلاً بدون لنگرگاه (سطر 2937),ثبت شد
TO-879,هدف فنی,۱ — HP-16,خواندن P1 سپس P2 سپس P3 در یک نوبت,کشاورز,— باید در بند متناظر نوشته شود,۱۴۰۵,C,HP-16,نوشتن مبنای عدد در بند متناظر — فعلاً بدون لنگرگاه (سطر 2954),ثبت شد
TO-880,هدف فنی,٫۹ و جدول ۳٫۹؛ فصل ۴ بند ۴٫۱۰؛ این فصل بند,۵٫۱,بر,— باید در بند متناظر نوشته شود,۱۴۰۵,C,HP-16,نوشتن مبنای عدد در بند متناظر — فعلاً بدون لنگرگاه (سطر 2965),ثبت شد
R-16,ریسک,د ۴٫۱۰؛ رجیستری HDR ردیف S-07؛ رجیستری ریسک و پاسخ بخش,۰٫۹,بر,— باید در بند متناظر نوشته شود,۱۴۰۵,C,HP-16,نوشتن مبنای عدد در بند متناظر — فعلاً بدون لنگرگاه (سطر 2980),ثبت شد
TO-881,هدف فنی,۲ و ۲٫۴٫۶ و ۲٫۴٫۷؛ فصل ۳ بند ۳٫۷ و ۳٫۸ و جدول ۳٫۱۳؛ فصل ۴ جدول ۴٫۱۳ و,۴٫۱۵,بر,— باید در بند متناظر نوشته شود,۱۴۰۵,C,HP-16,نوشتن مبنای عدد در بند متناظر — فعلاً بدون لنگرگاه (سطر 3018),ثبت شد
TO-882,هدف فنی,فکیک است. عدد طراحی و عدد اجرایی دو عدد متفاوت‌اند. عدد طراحی در فصل,۴,—,— باید در بند متناظر نوشته شود,۱۴۰۵,C,HP-16,نوشتن مبنای عدد در بند متناظر — فعلاً بدون لنگرگاه (سطر 3023),ثبت شد
TO-883,هدف فنی,ابت چهارم، نگهداری است. دلیل نبود عدد: سطر جمع جدول,۸٫۱,—,— باید در بند متناظر نوشته شود,۱۴۰۵,C,HP-16,نوشتن مبنای عدد در بند متناظر — فعلاً بدون لنگرگاه (سطر 3190),ثبت شد
SC-230,مقیاس,عمق سطح ایستابی (متر),بسته-بهینه-هر-اقلیم بخش ۳,— (صفر),— باید در بند متناظر نوشته شود,۱۴۰۵,C,HP-16,نوشتن مبنای عدد در بند متناظر — فعلاً بدون لنگرگاه (سطر 3292),ثبت شد
TO-884,هدف فنی,بارش حدی محرک (میلی‌متر),بند ۱٫۷٫۴ و بند ۳٫۱۷,— (صفر),— باید در بند متناظر نوشته شود,۱۴۰۵,C,HP-16,نوشتن مبنای عدد در بند متناظر — فعلاً بدون لنگرگاه (سطر 3299),ثبت شد
TO-885,هدف فنی,عمق گسیختگی (متر),بند ۳٫۹ و ۳٫۱۲,— (صفر),— باید در بند متناظر نوشته شود,۱۴۰۵,C,HP-16,نوشتن مبنای عدد در بند متناظر — فعلاً بدون لنگرگاه (سطر 3304),ثبت شد
M-99,مواد,ابعاد پنجهٔ سنگی,بند ۲٫۲ سند حاکم یافته نشد,— (صفر),— باید در بند متناظر نوشته شود,۱۴۰۵,C,HP-16,نوشتن مبنای عدد در بند متناظر — فعلاً بدون لنگرگاه (سطر 3305),ثبت شد
TO-886,هدف فنی,ظرفیت جوی بالادست (متر مکعب بر ثانیه),بند ۳٫۷,— (صفر),— باید در بند متناظر نوشته شود,۱۴۰۵,C,HP-16,نوشتن مبنای عدد در بند متناظر — فعلاً بدون لنگرگاه (سطر 3306),ثبت شد
TO-887,هدف فنی,آستانهٔ ضریب اطمینان,بند ۱٫۷٫۳,— (صفر),— باید در بند متناظر نوشته شود,۱۴۰۵,C,HP-16,نوشتن مبنای عدد در بند متناظر — فعلاً بدون لنگرگاه (سطر 3307),ثبت شد
FN-355,مالی,هزینهٔ سرمایه‌ای (دلار بر هکتار),بند ۱٫۷٫۷,— (صفر),— باید در بند متناظر نوشته شود,۱۴۰۵,C,HP-16,نوشتن مبنای عدد در بند متناظر — فعلاً بدون لنگرگاه (سطر 3308),ثبت شد
FN-356,مالی,هزینهٔ عملیاتی (دلار بر هکتار در سال),بند ۱٫۷٫۷,— (صفر),— باید در بند متناظر نوشته شود,۱۴۰۵,C,HP-16,نوشتن مبنای عدد در بند متناظر — فعلاً بدون لنگرگاه (سطر 3309),ثبت شد
TO-888,هدف فنی,و-آبخیزداری بخش ۳-ت و ۶-پ؛ دانش-بومی-و-تاریخی بخش,۹,بر,— باید در بند متناظر نوشته شود,۱۴۰۵,C,HP-16,نوشتن مبنای عدد در بند متناظر — فعلاً بدون لنگرگاه (سطر 3358),ثبت شد
TO-889,هدف فنی,های فصل,۶,—,— باید در بند متناظر نوشته شود,۱۴۰۵,C,HP-16,نوشتن مبنای عدد در بند متناظر — فعلاً بدون لنگرگاه (سطر 3448),ثبت شد
TO-890,هدف فنی,بند ۲٫۴٫۷؛ فصل ۸ بند ۸٫۲ و,۸٫۳,بر,— باید در بند متناظر نوشته شود,۱۴۰۵,C,HP-16,نوشتن مبنای عدد در بند متناظر — فعلاً بدون لنگرگاه (سطر 3490),ثبت شد
R-17,ریسک,فصل ۵ بند ۵٫۹ و ۵٫۱۲؛ رجیستری ریسک و پاسخ بخش,۰٫۸,بر,— باید در بند متناظر نوشته شود,۱۴۰۵,C,HP-16,نوشتن مبنای عدد در بند متناظر — فعلاً بدون لنگرگاه (سطر 3565),ثبت شد
TO-891,هدف فنی,فصل ۳ بند ۳٫۱۴؛ فصل ۵ بند ۵٫۹ و ۵٫۱۳؛ بند,۷٫۵,بر,— باید در بند متناظر نوشته شود,۱۴۰۵,C,HP-16,نوشتن مبنای عدد در بند متناظر — فعلاً بدون لنگرگاه (سطر 3584),ثبت شد
TO-892,هدف فنی,منبع: بند ۱٫۸٫۳ و بند ۲٫۴٫۷ و بند ۳٫۱۶؛ فصل ۷ بند ۷٫۳ و جدول,۷٫۳,بر,— باید در بند متناظر نوشته شود,۱۴۰۵,C,HP-16,نوشتن مبنای عدد در بند متناظر — فعلاً بدون لنگرگاه (سطر 3597),ثبت شد
TO-893,هدف فنی,منبع: بند ۵٫۱۲ و جدول ۵٫۱۷؛ بند ۲٫۴٫۶ و ۲٫۴٫۷؛ بند,۱۰٫۹,بر,— باید در بند متناظر نوشته شود,۱۴۰۵,C,HP-16,نوشتن مبنای عدد در بند متناظر — فعلاً بدون لنگرگاه (سطر 3614),ثبت شد
TO-894,هدف فنی,منبع: بند ۳٫۱۶ و جدول ۳٫۸ و جدول ۳٫۱۶؛ بند ۴٫۸ و جدول,۴٫۱۱,بر,— باید در بند متناظر نوشته شود,۱۴۰۵,C,HP-16,نوشتن مبنای عدد در بند متناظر — فعلاً بدون لنگرگاه (سطر 3627),ثبت شد
TO-895,هدف فنی,جدول ۳٫۱۶؛ جدول ۸٫۱ و جدول,۸٫۴,بر,— باید در بند متناظر نوشته شود,۱۴۰۵,C,HP-16,نوشتن مبنای عدد در بند متناظر — فعلاً بدون لنگرگاه (سطر 3656),ثبت شد
TO-896,هدف فنی,نگهداری سالانه — HP-16,شانزده ردیف جدول ۸٫۱,—,— باید در بند متناظر نوشته شود,۱۴۰۵,C,HP-16,نوشتن مبنای عدد در بند متناظر — فعلاً بدون لنگرگاه (سطر 3687),ثبت شد
TO-897,هدف فنی,بازرسی اساسی سالانه,چهار شاخص جدول ۷٫۳,—,— باید در بند متناظر نوشته شود,۱۴۰۵,C,HP-16,نوشتن مبنای عدد در بند متناظر — فعلاً بدون لنگرگاه (سطر 3688),ثبت شد
TO-898,هدف فنی,٫۱ و ۵٫۴ و ۵٫۹؛ فصل ۷ جدول ۷٫۳؛ فصل ۸ جدول ۸٫۱ و ۸٫۳ و ۸٫۴؛ فصل ۲ بند,۲٫۱۱,بر,— باید در بند متناظر نوشته شود,۱۴۰۵,C,HP-16,نوشتن مبنای عدد در بند متناظر — فعلاً بدون لنگرگاه (سطر 3692),ثبت شد
ES-27,خدمات اکوسیستمی,خدمات اکوسیستمی — سهم کنترل سیلاب,سهم واحد از ES-03,تأییدنشده,— باید در بند متناظر نوشته شود,۱۴۰۵,C,HP-16,نوشتن مبنای عدد در بند متناظر — فعلاً بدون لنگرگاه (سطر 3700),ثبت شد
ES-28,خدمات اکوسیستمی,خدمات اکوسیستمی — سهم حفظ حاصلخیزی,سهم واحد از ES-04,تأییدنشده,— باید در بند متناظر نوشته شود,۱۴۰۵,C,HP-16,نوشتن مبنای عدد در بند متناظر — فعلاً بدون لنگرگاه (سطر 3701),ثبت شد
TO-899,هدف فنی,02 و ES-03 و ES-04 و ES-07؛ بند ۱٫۷٫۸؛ بند,۱۰٫۳,بر,— باید در بند متناظر نوشته شود,۱۴۰۵,C,HP-16,نوشتن مبنای عدد در بند متناظر — فعلاً بدون لنگرگاه (سطر 3705),ثبت شد
TO-900,هدف فنی,حفظ حاصلخیزی,ES-04,مشروط,— باید در بند متناظر نوشته شود,۱۴۰۵,C,HP-16,نوشتن مبنای عدد در بند متناظر — فعلاً بدون لنگرگاه (سطر 3735),ثبت شد
TO-901,هدف فنی,ES-05 و ES-06 و ES-07؛ بند ۱٫۴٫۳ و بند,۱٫۸,بر,— باید در بند متناظر نوشته شود,۱۴۰۵,C,HP-16,نوشتن مبنای عدد در بند متناظر — فعلاً بدون لنگرگاه (سطر 3742),ثبت شد
TO-902,هدف فنی,جدول ۲٫۲۰؛ بند ۲٫۹ جدول ۱٫۱۸؛ بند,۱٫۷٫۷,بر,— باید در بند متناظر نوشته شود,۱۴۰۵,C,HP-16,نوشتن مبنای عدد در بند متناظر — فعلاً بدون لنگرگاه (سطر 3753),ثبت شد
FN-357,مالی,و آبراهه و بندک؛ OPEX شامل شانزده ردیف جدول,۸٫۱,—,— باید در بند متناظر نوشته شود,۱۴۰۵,C,HP-16,نوشتن مبنای عدد در بند متناظر — فعلاً بدون لنگرگاه (سطر 3763),ثبت شد
TO-903,هدف فنی,۹٫۸؛ بند ۱٫۴٫۴ و ۱٫۷٫۳ و ۳٫۱۷ و جدول,۸٫۱,بر,— باید در بند متناظر نوشته شود,۱۴۰۵,C,HP-16,نوشتن مبنای عدد در بند متناظر — فعلاً بدون لنگرگاه (سطر 3813),ثبت شد
TO-904,هدف فنی,منبع: بند ۱٫۷٫۷ و ۱٫۷٫۸؛ بند ۲٫۱۱ جدول ۲٫۲۰؛ بند,۹٫۶,بر,— باید در بند متناظر نوشته شود,۱۴۰۵,C,HP-16,نوشتن مبنای عدد در بند متناظر — فعلاً بدون لنگرگاه (سطر 3825),ثبت شد
TO-905,هدف فنی,جدول — HP-16,۹٫۷,—,— باید در بند متناظر نوشته شود,۱۴۰۵,C,HP-16,نوشتن مبنای عدد در بند متناظر — فعلاً بدون لنگرگاه (سطر 3830),ثبت شد
ST-41,استاندارد,وزن مخصوص و تراکم,خانوادهٔ آزمون پروکتور استاندارد در ST-14,شمارهٔ استاندارد تأییدنشده,— باید در بند متناظر نوشته شود,۱۴۰۵,C,HP-16,نوشتن مبنای عدد در بند متناظر — فعلاً بدون لنگرگاه (سطر 4158),ثبت شد
TO-906,هدف فنی,ای بومی تأییدشده هیچ مشخصهٔ استقراری تأییدشده‌ای ندارد و ستون آخر جدول,۲٫۱۲,—,— باید در بند متناظر نوشته شود,۱۴۰۵,C,HP-16,نوشتن مبنای عدد در بند متناظر — فعلاً بدون لنگرگاه (سطر 4287),ثبت شد
S-18,محیط زیست,هدف طراحی تنوع پایه‌ای,۱٫۹,نات,— باید در بند متناظر نوشته شود,۱۴۰۵,C,HP-16,نوشتن مبنای عدد در بند متناظر — فعلاً بدون لنگرگاه (سطر 4370),ثبت شد
PL-19,پایلوت,مغایرت یکم,بارش سالانهٔ تالش دو شناسهٔ متفاوت دارد: PL-06 می‌گوید ۸۰۰ تا ۱۶۰۰ و NS-17 می‌گوید تأییدنشده,NS-17 مقدم دانسته شد و بازهٔ PL-06 بازهٔ کاری اعلام شد نه مقدار طراحی,— باید در بند متناظر نوشته شود,۱۴۰۵,C,HP-16,نوشتن مبنای عدد در بند متناظر — فعلاً بدون لنگرگاه (سطر 4408),ثبت شد
TO-907,هدف فنی,مغایرت پنجم,هفتاد و هشت ردیف عددی در جدول الف٫۱ آمده که پنجاه و چهار ردیف آن شناسهٔ معتبر رجیستر دارد,بیست و چهار ردیف فاقد شناسه با پیشنهاد شناسهٔ جدید علامت خورد,— باید در بند متناظر نوشته شود,۱۴۰۵,C,HP-16,نوشتن مبنای عدد در بند متناظر — فعلاً بدون لنگرگاه (سطر 4412),ثبت شد
M-100,مواد,اسیدیتهٔ خاک,۴٫۸ تا ۵٫۵,pH,— باید در بند متناظر نوشته شود,۱۴۰۵,C,HP-16,نوشتن مبنای عدد در بند متناظر — فعلاً بدون لنگرگاه (سطر 4538),ثبت شد
TO-908,هدف فنی,اسیدیتهٔ ملات,۱۲ تا ۱۳,pH,— باید در بند متناظر نوشته شود,۱۴۰۵,C,HP-16,نوشتن مبنای عدد در بند متناظر — فعلاً بدون لنگرگاه (سطر 4539),ثبت شد
TO-909,هدف فنی,کلاس شیب هدف,۳۰ تا ۴۵,درصد,— باید در بند متناظر نوشته شود,۱۴۰۵,C,HP-16,نوشتن مبنای عدد در بند متناظر — فعلاً بدون لنگرگاه (سطر 4540),ثبت شد
TO-910,هدف فنی,قانون بالای ۴۵ درصد,بالای ۴۵,درصد,— باید در بند متناظر نوشته شود,۱۴۰۵,C,HP-16,نوشتن مبنای عدد در بند متناظر — فعلاً بدون لنگرگاه (سطر 4541),ثبت شد
TO-911,هدف فنی,عمق ایستابی,۱ تا ۳,متر,— باید در بند متناظر نوشته شود,۱۴۰۵,C,HP-16,نوشتن مبنای عدد در بند متناظر — فعلاً بدون لنگرگاه (سطر 4542),ثبت شد
M-101,مواد,اندازهٔ سنگ درشت,۲۰ تا ۴۰,سانتی‌متر,— باید در بند متناظر نوشته شود,۱۴۰۵,C,HP-16,نوشتن مبنای عدد در بند متناظر — فعلاً بدون لنگرگاه (سطر 4543),ثبت شد
M-102,مواد,اندازهٔ سنگ متوسط,۱۰ تا ۲۰,سانتی‌متر,— باید در بند متناظر نوشته شود,۱۴۰۵,C,HP-16,نوشتن مبنای عدد در بند متناظر — فعلاً بدون لنگرگاه (سطر 4544),ثبت شد
TO-912,هدف فنی,تعداد ایستگاه اینکلینومتر,۵,نقطه,— باید در بند متناظر نوشته شود,۱۴۰۵,C,HP-16,نوشتن مبنای عدد در بند متناظر — فعلاً بدون لنگرگاه (سطر 4546),ثبت شد
TO-913,هدف فنی,تعداد پیزومتر,۳,واحد,— باید در بند متناظر نوشته شود,۱۴۰۵,C,HP-16,نوشتن مبنای عدد در بند متناظر — فعلاً بدون لنگرگاه (سطر 4547),ثبت شد
M-103,مواد,نقاط پروفیل خاک,۱۰,نقطه,— باید در بند متناظر نوشته شود,۱۴۰۵,C,HP-16,نوشتن مبنای عدد در بند متناظر — فعلاً بدون لنگرگاه (سطر 4548),ثبت شد
TO-914,هدف فنی,مدت پایش پیش از تصمیم,۱۲,ماه,— باید در بند متناظر نوشته شود,۱۴۰۵,C,HP-16,نوشتن مبنای عدد در بند متناظر — فعلاً بدون لنگرگاه (سطر 4549),ثبت شد
TO-915,هدف فنی,منبع: بند ۱.۷.۲ تا بند ۱.۷.,۷,بر,— باید در بند متناظر نوشته شود,۱۴۰۵,C,HP-17,نوشتن مبنای عدد در بند متناظر — فعلاً بدون لنگرگاه (سطر 195),ثبت شد
TO-916,هدف فنی,اثر رهاسازی,پنجرهٔ رهاسازی ۱۳٫۹ روز برای ۶۰۰ متر مکعب و دبی ۰٫۵ لیتر بر ثانیه در هکتار — فرض طراحی,افزایش دبی اوج پایین‌دست؛ مقدار دقیق این افزایش تأییدنشده است چون دبی پیش از بسته در رجیستری ثبت نشده,— باید در بند متناظر نوشته شود,۱۴۰۵,C,HP-17,نوشتن مبنای عدد در بند متناظر — فعلاً بدون لنگرگاه (سطر 204),ثبت شد
FN-358,مالی,نفوذ به خاک,HP-01 یا روش نفوذ سنتی,هیچ سهمی ندارد، چون نرخ نفوذ خاک نیازمند خط پایه است,— باید در بند متناظر نوشته شود,۱۴۰۵,C,HP-17,نوشتن مبنای عدد در بند متناظر — فعلاً بدون لنگرگاه (سطر 237),ثبت شد
TO-917,هدف فنی,۵۰ متر مربع است و مجموع ۲۰۰ تا,۳۰۰,—,— باید در بند متناظر نوشته شود,۱۴۰۵,C,HP-17,نوشتن مبنای عدد در بند متناظر — فعلاً بدون لنگرگاه (سطر 508),ثبت شد
TO-918,هدف فنی,جدول — HP-17,۲.۷,—,— باید در بند متناظر نوشته شود,۱۴۰۵,C,HP-17,نوشتن مبنای عدد در بند متناظر — فعلاً بدون لنگرگاه (سطر 519),ثبت شد
M-104,مواد,، عمق لایهٔ سنگ‌ریزهٔ کف است که در هیچ‌جا ثبت نشده و در بند ۲.۷ و جدول,۲.۹,—,— باید در بند متناظر نوشته شود,۱۴۰۵,C,HP-17,نوشتن مبنای عدد در بند متناظر — فعلاً بدون لنگرگاه (سطر 631),ثبت شد
TO-919,هدف فنی,۲.۳ و جدول ۲.۴ و بند ۳.۴ و بند ۳.۵ و بند,۱۱.۷,بر,— باید در بند متناظر نوشته شود,۱۴۰۵,C,HP-17,نوشتن مبنای عدد در بند متناظر — فعلاً بدون لنگرگاه (سطر 687),ثبت شد
TO-920,هدف فنی,سطر جمع جدول,۲.۱۴,—,— باید در بند متناظر نوشته شود,۱۴۰۵,C,HP-17,نوشتن مبنای عدد در بند متناظر — فعلاً بدون لنگرگاه (سطر 688),ثبت شد
M-105,مواد,هم — ضخامت لایهٔ سنگ در برابر بار برف روی پخش‌کننده. فشار,۲٬۲۸۹,—,— باید در بند متناظر نوشته شود,۱۴۰۵,C,HP-17,نوشتن مبنای عدد در بند متناظر — فعلاً بدون لنگرگاه (سطر 701),ثبت شد
TO-921,هدف فنی,منبع: بند ۱.۱.۱ گزارهٔ یکم · جدول,۲.۴,—,— باید در بند متناظر نوشته شود,۱۴۰۵,C,HP-17,نوشتن مبنای عدد در بند متناظر — فعلاً بدون لنگرگاه (سطر 745),ثبت شد
ST-42,استاندارد,قعیت‌نامهٔ طراحی حصار برف زنده · استاندارد عملکرد,۳۸۰,بر,— باید در بند متناظر نوشته شود,۱۴۰۵,C,HP-17,نوشتن مبنای عدد در بند متناظر — فعلاً بدون لنگرگاه (سطر 781),ثبت شد
TO-922,هدف فنی,منبع: بند ۱.۱.۱ گزارهٔ دوم · بند ۸.۲ ردیف,۱,—,— باید در بند متناظر نوشته شود,۱۴۰۵,C,HP-17,نوشتن مبنای عدد در بند متناظر — فعلاً بدون لنگرگاه (سطر 836),ثبت شد
TO-923,هدف فنی,ش جدول ۷.۱ است. Δt متغیر تصمیم کشاورز در بند کشاورز ۹ و در جدول کشاورز,۸,—,— باید در بند متناظر نوشته شود,۱۴۰۵,C,HP-17,نوشتن مبنای عدد در بند متناظر — فعلاً بدون لنگرگاه (سطر 845),ثبت شد
M-106,مواد,یت گام هفتم: ظرفیت بارگذاری خاک پشته در رجیستری ثبت نشده است. بدون آن،,۲٫۲۸۹,—,— باید در بند متناظر نوشته شود,۱۴۰۵,C,HP-17,نوشتن مبنای عدد در بند متناظر — فعلاً بدون لنگرگاه (سطر 873),ثبت شد
TO-924,هدف فنی,منبع: بند ۳.۲.۱ و بند,۱۱.۴,بر,— باید در بند متناظر نوشته شود,۱۴۰۵,C,HP-17,نوشتن مبنای عدد در بند متناظر — فعلاً بدون لنگرگاه (سطر 917),ثبت شد
TO-925,هدف فنی,منبع: بند ۳.۳.۱ و بند,۱.۶,بر,— باید در بند متناظر نوشته شود,۱۴۰۵,C,HP-17,نوشتن مبنای عدد در بند متناظر — فعلاً بدون لنگرگاه (سطر 947),ثبت شد
TO-926,هدف فنی,بند ۱۰.۴ و جدول ۱۰.۲ · فصل,۱۰,—,— باید در بند متناظر نوشته شود,۱۴۰۵,C,HP-17,نوشتن مبنای عدد در بند متناظر — فعلاً بدون لنگرگاه (سطر 981),ثبت شد
TO-927,هدف فنی,منبع: بند ۳.۱۰.۱ و بند,۱۰.۴,—,— باید در بند متناظر نوشته شود,۱۴۰۵,C,HP-17,نوشتن مبنای عدد در بند متناظر — فعلاً بدون لنگرگاه (سطر 1011),ثبت شد
TO-928,هدف فنی,منبع: بند ۳.۶.۱ و بند,۲.۶,—,— باید در بند متناظر نوشته شود,۱۴۰۵,C,HP-17,نوشتن مبنای عدد در بند متناظر — فعلاً بدون لنگرگاه (سطر 1042),ثبت شد
TO-929,هدف فنی,منبع: بند ۳.۵.۱ و بند ۱.۱.,۱,—,— باید در بند متناظر نوشته شود,۱۴۰۵,C,HP-17,نوشتن مبنای عدد در بند متناظر — فعلاً بدون لنگرگاه (سطر 1074),ثبت شد
TO-930,هدف فنی,منبع: بند ۱۰.۷ و بند ۱.۱.,۱,—,— باید در بند متناظر نوشته شود,۱۴۰۵,C,HP-17,نوشتن مبنای عدد در بند متناظر — فعلاً بدون لنگرگاه (سطر 1103),ثبت شد
TO-931,هدف فنی,منبع: بند ۱.۳ جدول ۱.۲ ردیف ۹ و بند ۳.۴.,۱,—,— باید در بند متناظر نوشته شود,۱۴۰۵,C,HP-17,نوشتن مبنای عدد در بند متناظر — فعلاً بدون لنگرگاه (سطر 1133),ثبت شد
FN-359,مالی,ر بازسازی در سال ۵٫۴ انجام شود، هزینهٔ همان سال از,۴۰,—,— باید در بند متناظر نوشته شود,۱۴۰۵,C,HP-17,نوشتن مبنای عدد در بند متناظر — فعلاً بدون لنگرگاه (سطر 1203),ثبت شد
EM-08,تجهیزات,۱ — HP-17,گردآوری هشت شاخص جدول ۳.۶,حسگر و بادسنج و میلهٔ برف‌سنج,— باید در بند متناظر نوشته شود,۱۴۰۵,C,HP-17,نوشتن مبنای عدد در بند متناظر — فعلاً بدون لنگرگاه (سطر 1407),ثبت شد
PR-15,قیمت,‌گذاری شده و در ردیف چهارم تأییدنشده مانده، چون قیمت کامل سازه در جدول,۹.۱,—,— باید در بند متناظر نوشته شود,۱۴۰۵,C,HP-17,نوشتن مبنای عدد در بند متناظر — فعلاً بدون لنگرگاه (سطر 1537),ثبت شد
TO-932,هدف فنی,منبع: جدول ۴.۷ و بند,۵.۱,—,— باید در بند متناظر نوشته شود,۱۴۰۵,C,HP-17,نوشتن مبنای عدد در بند متناظر — فعلاً بدون لنگرگاه (سطر 1628),ثبت شد
M-107,مواد,اره برقی دستی,۱ عدد,برش پایه و چوب مهار,— باید در بند متناظر نوشته شود,۱۴۰۵,C,HP-17,نوشتن مبنای عدد در بند متناظر — فعلاً بدون لنگرگاه (سطر 1634),ثبت شد
M-108,مواد,دریل ضربه‌ای,۱ عدد,سوراخ پایه در خاک سنگلاخی,— باید در بند متناظر نوشته شود,۱۴۰۵,C,HP-17,نوشتن مبنای عدد در بند متناظر — فعلاً بدون لنگرگاه (سطر 1635),ثبت شد
TO-933,هدف فنی,میخ و بست زنجیر,۲۰۰ عدد,اتصال زنجیر مهار به پایه,— باید در بند متناظر نوشته شود,۱۴۰۵,C,HP-17,نوشتن مبنای عدد در بند متناظر — فعلاً بدون لنگرگاه (سطر 1636),ثبت شد
TO-934,هدف فنی,سیم گالوانیزه,۳۰۰ متر,بست چهار نقطه‌ای توری به پایه,— باید در بند متناظر نوشته شود,۱۴۰۵,C,HP-17,نوشتن مبنای عدد در بند متناظر — فعلاً بدون لنگرگاه (سطر 1637),ثبت شد
TO-935,هدف فنی,ظرف آب آتش‌نشانی,۲ عدد,کنترل حرارت در فصل خشک سوزنی,— باید در بند متناظر نوشته شود,۱۴۰۵,C,HP-17,نوشتن مبنای عدد در بند متناظر — فعلاً بدون لنگرگاه (سطر 1639),ثبت شد
TO-936,هدف فنی,بشکهٔ ۲۰۰ لیتری,۲ عدد,ذخیرهٔ آب کنترل حرارت,— باید در بند متناظر نوشته شود,۱۴۰۵,C,HP-17,نوشتن مبنای عدد در بند متناظر — فعلاً بدون لنگرگاه (سطر 1640),ثبت شد
TO-937,هدف فنی,نوار اندازه‌گیری ۱۰ متر,۱ عدد,اندازه‌گیری تخلخل نوری و ابعاد,— باید در بند متناظر نوشته شود,۱۴۰۵,C,HP-17,نوشتن مبنای عدد در بند متناظر — فعلاً بدون لنگرگاه (سطر 1641),ثبت شد
TO-938,هدف فنی,تراز حبابی,۱ عدد,کنترل شیب طولی کف پخش‌کننده,— باید در بند متناظر نوشته شود,۱۴۰۵,C,HP-17,نوشتن مبنای عدد در بند متناظر — فعلاً بدون لنگرگاه (سطر 1642),ثبت شد
M-109,مواد,ویبره کمپکتور دستی,۱ عدد,تراکم لایهٔ سنگ‌ریزهٔ کف,— باید در بند متناظر نوشته شود,۱۴۰۵,C,HP-17,نوشتن مبنای عدد در بند متناظر — فعلاً بدون لنگرگاه (سطر 1643),ثبت شد
ST-43,استاندارد,بیل و سطل,۲ ست,خاکبرداری پشته و آزمون نشت,— باید در بند متناظر نوشته شود,۱۴۰۵,C,HP-17,نوشتن مبنای عدد در بند متناظر — فعلاً بدون لنگرگاه (سطر 1644),ثبت شد
TO-939,هدف فنی,میلهٔ برف‌سنج,۱ عدد,سنجش عمق برف توده پس از زمستان,— باید در بند متناظر نوشته شود,۱۴۰۵,C,HP-17,نوشتن مبنای عدد در بند متناظر — فعلاً بدون لنگرگاه (سطر 1645),ثبت شد
TO-940,هدف فنی,چک‌لیست کاغذی و خودکار,۱ ست,ثبت هر ردیف چک‌لیست فصل ۴,— باید در بند متناظر نوشته شود,۱۴۰۵,C,HP-17,نوشتن مبنای عدد در بند متناظر — فعلاً بدون لنگرگاه (سطر 1646),ثبت شد
TO-941,هدف فنی,جمع — HP-17,۱۳ ردیف,—,— باید در بند متناظر نوشته شود,۱۴۰۵,C,HP-17,نوشتن مبنای عدد در بند متناظر — فعلاً بدون لنگرگاه (سطر 1647),ثبت شد
TO-942,هدف فنی,منبع: بند — HP-17,۵.۳,بر,— باید در بند متناظر نوشته شود,۱۴۰۵,C,HP-17,نوشتن مبنای عدد در بند متناظر — فعلاً بدون لنگرگاه (سطر 1648),ثبت شد
TO-943,هدف فنی,ود. اثر: یک خواندن اضافه در هر ده متر، یعنی ۰٫۷ خواندن بر هر دهانهٔ,۳,—,— باید در بند متناظر نوشته شود,۱۴۰۵,C,HP-17,نوشتن مبنای عدد در بند متناظر — فعلاً بدون لنگرگاه (سطر 1753),ثبت شد
SC-231,مقیاس,جمع — HP-17,۰٫۶۲ روز-کارگر بر هکتار,۱۲٫۳ دلار بر هکتار,— باید در بند متناظر نوشته شود,۱۴۰۵,C,HP-17,نوشتن مبنای عدد در بند متناظر — فعلاً بدون لنگرگاه (سطر 1763),ثبت شد
PR-16,قیمت,نشده است و ساختن نرخ، ساختن قیمت است. بنابراین مجموع کامل بسته در جدول,۹.۱,—,— باید در بند متناظر نوشته شود,۱۴۰۵,C,HP-17,نوشتن مبنای عدد در بند متناظر — فعلاً بدون لنگرگاه (سطر 1769),ثبت شد
PR-17,قیمت,محدودیت یکم — قیمت اجاره. نرخ اجارهٔ روزانهٔ ماشین در جدول,۵.۲,—,— باید در بند متناظر نوشته شود,۱۴۰۵,C,HP-17,نوشتن مبنای عدد در بند متناظر — فعلاً بدون لنگرگاه (سطر 1792),ثبت شد
TO-944,هدف فنی,منبع: جدول ۵.۲ و جدول ۹.۴ سناریوی چهارم و بند ۶.۷ و بند,۱۰.۶,بر,— باید در بند متناظر نوشته شود,۱۴۰۵,C,HP-17,نوشتن مبنای عدد در بند متناظر — فعلاً بدون لنگرگاه (سطر 1803),ثبت شد
TO-945,هدف فنی,بنابراین هیچ عدد بارشی در این فصل مبنای طراحی نیست. مدت فصل کشت حدود,۱۲۰,—,— باید در بند متناظر نوشته شود,۱۴۰۵,C,HP-17,نوشتن مبنای عدد در بند متناظر — فعلاً بدون لنگرگاه (سطر 1909),ثبت شد
TO-946,هدف فنی,بارش سالانه — HP-17,NS-18 و NS-15,— (صفر),— باید در بند متناظر نوشته شود,۱۴۰۵,C,HP-17,نوشتن مبنای عدد در بند متناظر — فعلاً بدون لنگرگاه (سطر 1919),ثبت شد
TO-947,هدف فنی,شیب غالب پهنهٔ حفاظت‌شده,قاعدهٔ شیب بند ۶.۷,— (صفر),— باید در بند متناظر نوشته شود,۱۴۰۵,C,HP-17,نوشتن مبنای عدد در بند متناظر — فعلاً بدون لنگرگاه (سطر 1921),ثبت شد
TO-948,هدف فنی,دبی اوج پایین‌دست پیش از بسته,بند ۳.۵.۱,— (صفر),— باید در بند متناظر نوشته شود,۱۴۰۵,C,HP-17,نوشتن مبنای عدد در بند متناظر — فعلاً بدون لنگرگاه (سطر 1928),ثبت شد
SC-232,مقیاس,بازهٔ اطمینان: سطح C. هر دو دمای ۵ و,۱۲,—,— باید در بند متناظر نوشته شود,۱۴۰۵,C,HP-17,نوشتن مبنای عدد در بند متناظر — فعلاً بدون لنگرگاه (سطر 1968),ثبت شد
TO-949,هدف فنی,و دمای ۵ و,۱۲,—,— باید در بند متناظر نوشته شود,۱۴۰۵,C,HP-17,نوشتن مبنای عدد در بند متناظر — فعلاً بدون لنگرگاه (سطر 1968),ثبت شد
TO-950,هدف فنی,تا اواخر تابستان ادامه می‌یابد. این با اصل فصل کشت حدود,۱۲۰,—,— باید در بند متناظر نوشته شود,۱۴۰۵,C,HP-17,نوشتن مبنای عدد در بند متناظر — فعلاً بدون لنگرگاه (سطر 1978),ثبت شد
TO-951,هدف فنی,گام نهم و بند ۲.۲ ردیف ارتفاع نصب و بند ۳.۷.,۴,—,— باید در بند متناظر نوشته شود,۱۴۰۵,C,HP-17,نوشتن مبنای عدد در بند متناظر — فعلاً بدون لنگرگاه (سطر 2029),ثبت شد
TO-952,هدف فنی,ین دو به هم وابسته‌اند ولی یکی نیستند. بند,۱.۶,—,— باید در بند متناظر نوشته شود,۱۴۰۵,C,HP-17,نوشتن مبنای عدد در بند متناظر — فعلاً بدون لنگرگاه (سطر 2033),ثبت شد
SC-233,مقیاس,طولی — کیلوگرم بر متر خط,F2,تبدیل به هکتار نیازمند طول خط است,— باید در بند متناظر نوشته شود,۱۴۰۵,C,HP-17,نوشتن مبنای عدد در بند متناظر — فعلاً بدون لنگرگاه (سطر 2107),ثبت شد
TO-953,هدف فنی,زمانی — روز,F4 و F12,تبدیل به حجمی نیازمند دبی است,— باید در بند متناظر نوشته شود,۱۴۰۵,C,HP-17,نوشتن مبنای عدد در بند متناظر — فعلاً بدون لنگرگاه (سطر 2109),ثبت شد
TO-954,هدف فنی,منبع: بند ۱.۶ محدودیت نهم و بند,۶.۵,بر,— باید در بند متناظر نوشته شود,۱۴۰۵,C,HP-17,نوشتن مبنای عدد در بند متناظر — فعلاً بدون لنگرگاه (سطر 2112),ثبت شد
FN-360,مالی,نگهداری، یعنی کامل، نیمه و قطع، و نسبت دادن m به هر کدام در بند ۳.۱۷.,۲,—,— باید در بند متناظر نوشته شود,۱۴۰۵,C,HP-17,نوشتن مبنای عدد در بند متناظر — فعلاً بدون لنگرگاه (سطر 2237),ثبت شد
TO-955,هدف فنی,منبع: بند ۳.۱۷.۲ و بند ۵.۷ و بند,۱۰.۶,—,— باید در بند متناظر نوشته شود,۱۴۰۵,C,HP-17,نوشتن مبنای عدد در بند متناظر — فعلاً بدون لنگرگاه (سطر 2245),ثبت شد
TO-956,هدف فنی,دفن شدن حصار و از دست رفتن ارتفاع مؤثر,عمق برف در برابر حصار بیش از ۲ متر,متوسط,— باید در بند متناظر نوشته شود,۱۴۰۵,C,HP-17,نوشتن مبنای عدد در بند متناظر — فعلاً بدون لنگرگاه (سطر 2410),ثبت شد
TO-957,هدف فنی,بازبینی عمر سازه,۱۰,ارتفاع مؤثر و تخلخل بازبینی می‌شود,— باید در بند متناظر نوشته شود,۱۴۰۵,C,HP-17,نوشتن مبنای عدد در بند متناظر — فعلاً بدون لنگرگاه (سطر 2420),ثبت شد
TO-958,هدف فنی,ت. جمع دو رقم,۱۰۳٫۳,—,— باید در بند متناظر نوشته شود,۱۴۰۵,C,HP-17,نوشتن مبنای عدد در بند متناظر — فعلاً بدون لنگرگاه (سطر 2434),ثبت شد
TO-959,هدف فنی,۲ — HP-17,ردیف ۵,RR-17-11,— باید در بند متناظر نوشته شود,۱۴۰۵,C,HP-17,نوشتن مبنای عدد در بند متناظر — فعلاً بدون لنگرگاه (سطر 2438),ثبت شد
TO-960,هدف فنی,ن پیوسته، هیچ راهی جز انتقال دستی آب نیست و این کار در جدول,۸.۱,—,— باید در بند متناظر نوشته شود,۱۴۰۵,C,HP-17,نوشتن مبنای عدد در بند متناظر — فعلاً بدون لنگرگاه (سطر 2465),ثبت شد
TO-961,هدف فنی,نیمه‌کاره. بند,۸.۶,—,— باید در بند متناظر نوشته شود,۱۴۰۵,C,HP-17,نوشتن مبنای عدد در بند متناظر — فعلاً بدون لنگرگاه (سطر 2467),ثبت شد
FN-361,مالی,کنند ولی روش اجرایی و زمان آن در جدول ۸.۱ نیامده است. عدد هزینه در بند,۱۰.۶,—,— باید در بند متناظر نوشته شود,۱۴۰۵,C,HP-17,نوشتن مبنای عدد در بند متناظر — فعلاً بدون لنگرگاه (سطر 2468),ثبت شد
TO-962,هدف فنی,منبع: بند ۸.۶ و بند,۱۰.۶,بر,— باید در بند متناظر نوشته شود,۱۴۰۵,C,HP-17,نوشتن مبنای عدد در بند متناظر — فعلاً بدون لنگرگاه (سطر 2476),ثبت شد
FN-362,مالی,نرخ تعویض پوسیدگی,۱۵ دلار بر پایه,خیر,— باید در بند متناظر نوشته شود,۱۴۰۵,C,HP-17,نوشتن مبنای عدد در بند متناظر — فعلاً بدون لنگرگاه (سطر 2490),ثبت شد
TO-963,هدف فنی,نج‌ساله می‌شود، یعنی,۲٫۳۳,—,— باید در بند متناظر نوشته شود,۱۴۰۵,C,HP-17,نوشتن مبنای عدد در بند متناظر — فعلاً بدون لنگرگاه (سطر 2499),ثبت شد
TO-964,هدف فنی,منبع: بند ۲.۹ و بند ۸.۲ و بند,۲.۱,بر,— باید در بند متناظر نوشته شود,۱۴۰۵,C,HP-17,نوشتن مبنای عدد در بند متناظر — فعلاً بدون لنگرگاه (سطر 2509),ثبت شد
TO-965,هدف فنی,منبع: بند ۸.۱۰ و بند ۸.۶ و بند,۱.۱۳,بر,— باید در بند متناظر نوشته شود,۱۴۰۵,C,HP-17,نوشتن مبنای عدد در بند متناظر — فعلاً بدون لنگرگاه (سطر 2525),ثبت شد
TO-966,هدف فنی,ه‌اند. جدول چرخهٔ عمر چهار مرحله دارد و مرحلهٔ بازبینی عمر سازه در سال,۱۰,—,— باید در بند متناظر نوشته شود,۱۴۰۵,C,HP-17,نوشتن مبنای عدد در بند متناظر — فعلاً بدون لنگرگاه (سطر 2589),ثبت شد
TO-967,هدف فنی,تجهیزات و ماشین,سیزده ردیف جدول ۵.۲ — سرمایهٔ تیم و اجارهٔ روزانه تفکیک‌نشده,تأییدنشده,— باید در بند متناظر نوشته شود,۱۴۰۵,C,HP-17,نوشتن مبنای عدد در بند متناظر — فعلاً بدون لنگرگاه (سطر 2605),ثبت شد
TO-968,هدف فنی,دروازهٔ داده و استخراج دادهٔ برف,هشت شاخص جدول ۳.۶ — بدون نرخ تأییدشده,تأییدنشده,— باید در بند متناظر نوشته شود,۱۴۰۵,C,HP-17,نوشتن مبنای عدد در بند متناظر — فعلاً بدون لنگرگاه (سطر 2606),ثبت شد
TO-969,هدف فنی,مجموع قابل بازتولید,۱۲۶ + ۲۴۰ + ۹۰ + ۳۵ = ۴۹۱,۴۹۱,— باید در بند متناظر نوشته شود,۱۴۰۵,C,HP-17,نوشتن مبنای عدد در بند متناظر — فعلاً بدون لنگرگاه (سطر 2608),ثبت شد
TO-970,هدف فنی,منبع: جدول ۵.۱ و جدول ۵.۲ و جدول,۸.۱,بر,— باید در بند متناظر نوشته شود,۱۴۰۵,C,HP-17,نوشتن مبنای عدد در بند متناظر — فعلاً بدون لنگرگاه (سطر 2610),ثبت شد
GV-25,حکمرانی,سهم بهره‌بردار از منفعت بسته,۴۵ درصد از منفعت بسته — GV-01,تأییدنشده,— باید در بند متناظر نوشته شود,۱۴۰۵,C,HP-17,نوشتن مبنای عدد در بند متناظر — فعلاً بدون لنگرگاه (سطر 2615),ثبت شد
TO-971,هدف فنی,صرفه‌جویی آب,بهره‌وری آب ۲۵ تا ۳۰ درصد — TO-01,تأییدنشده,— باید در بند متناظر نوشته شود,۱۴۰۵,C,HP-17,نوشتن مبنای عدد در بند متناظر — فعلاً بدون لنگرگاه (سطر 2619),ثبت شد
TO-972,هدف فنی,مجموع قابل بازتولید,۰ + ۱۴۲ + ۰ + ۰ + تأییدنشده,۱۴۲,— باید در بند متناظر نوشته شود,۱۴۰۵,C,HP-17,نوشتن مبنای عدد در بند متناظر — فعلاً بدون لنگرگاه (سطر 2620),ثبت شد
TO-973,هدف فنی,منبع: جدول ۱.۲ و بند,۱۰.۹,بر,— باید در بند متناظر نوشته شود,۱۴۰۵,C,HP-17,نوشتن مبنای عدد در بند متناظر — فعلاً بدون لنگرگاه (سطر 2622),ثبت شد
FN-363,مالی,اطمینان: سطح C. نرخ تعمیر ۱۰ و ۲۰ دلار از جدول,۸.۲,—,— باید در بند متناظر نوشته شود,۱۴۰۵,C,HP-17,نوشتن مبنای عدد در بند متناظر — فعلاً بدون لنگرگاه (سطر 2698),ثبت شد
TO-974,هدف فنی,مفروضات: دو ردیف از جدول,۹.۱,—,— باید در بند متناظر نوشته شود,۱۴۰۵,C,HP-17,نوشتن مبنای عدد در بند متناظر — فعلاً بدون لنگرگاه (سطر 2715),ثبت شد
TO-975,هدف فنی,سطر خوانش این بخش: بند ۹.۸.,۶,—,— باید در بند متناظر نوشته شود,۱۴۰۵,C,HP-17,نوشتن مبنای عدد در بند متناظر — فعلاً بدون لنگرگاه (سطر 2721),ثبت شد
TO-976,هدف فنی,تأخیر در منفعت,منفعت سالانه ۱۴۲ دلار,تأخیر یک‌ماهه,— باید در بند متناظر نوشته شود,۱۴۰۵,C,HP-17,نوشتن مبنای عدد در بند متناظر — فعلاً بدون لنگرگاه (سطر 2797),ثبت شد
FN-364,مالی,بهٔ دقیق دارد و آن هم‌زمانی هزینهٔ سال پنجم است که عدد,۴٫۲۷,—,— باید در بند متناظر نوشته شود,۱۴۰۵,C,HP-17,نوشتن مبنای عدد در بند متناظر — فعلاً بدون لنگرگاه (سطر 2802),ثبت شد
PR-18,قیمت,عداد ردیف‌های قیمت‌نگذاری‌شده است. دو ردیف از جدول,۹.۱,—,— باید در بند متناظر نوشته شود,۱۴۰۵,C,HP-17,نوشتن مبنای عدد در بند متناظر — فعلاً بدون لنگرگاه (سطر 2809),ثبت شد
TO-977,هدف فنی,لار برای نگهداری سال ۱ است که جمع قابل بازتولید,۴۹۱,—,— باید در بند متناظر نوشته شود,۱۴۰۵,C,HP-17,نوشتن مبنای عدد در بند متناظر — فعلاً بدون لنگرگاه (سطر 2814),ثبت شد
FN-365,مالی,هزینهٔ تجهیزات و داده,۱۰۴ دلار بر هکتار,تأییدنشده,— باید در بند متناظر نوشته شود,۱۴۰۵,C,HP-17,نوشتن مبنای عدد در بند متناظر — فعلاً بدون لنگرگاه (سطر 2884),ثبت شد
TO-978,هدف فنی,متر را با معادل آب برف,۱۵۰,—,— باید در بند متناظر نوشته شود,۱۴۰۵,C,HP-17,نوشتن مبنای عدد در بند متناظر — فعلاً بدون لنگرگاه (سطر 2976),ثبت شد
TO-979,هدف فنی,ند ۲.۱ عمق فروکردن را دست‌کم,۳۰,—,— باید در بند متناظر نوشته شود,۱۴۰۵,C,HP-17,نوشتن مبنای عدد در بند متناظر — فعلاً بدون لنگرگاه (سطر 2989),ثبت شد
TO-980,هدف فنی,ی کف را ۱۰ تا,۱۵,—,— باید در بند متناظر نوشته شود,۱۴۰۵,C,HP-17,نوشتن مبنای عدد در بند متناظر — فعلاً بدون لنگرگاه (سطر 3118),ثبت شد
SC-234,مقیاس,آزمون تخلخل نوری,سنجش بازهٔ ۴۰ تا ۶۰ درصد حصار,روش اندازه‌گیری تخلخل سطحی — خانوادهٔ تأییدنشده,— باید در بند متناظر نوشته شود,۱۴۰۵,C,HP-17,نوشتن مبنای عدد در بند متناظر — فعلاً بدون لنگرگاه (سطر 3391),ثبت شد
TO-981,هدف فنی,چگالی برف توده,اندازه‌گیری ρ_s در مدل F1,نمونه‌برداری حجمی و توزین — خانوادهٔ تأییدنشده,— باید در بند متناظر نوشته شود,۱۴۰۵,C,HP-17,نوشتن مبنای عدد در بند متناظر — فعلاً بدون لنگرگاه (سطر 3393),ثبت شد
TO-982,هدف فنی,معادل آب برف,اندازه‌گیری Swe در مدل F1,روش حرارتی یا وزنی — خانوادهٔ تأییدنشده,— باید در بند متناظر نوشته شود,۱۴۰۵,C,HP-17,نوشتن مبنای عدد در بند متناظر — فعلاً بدون لنگرگاه (سطر 3394),ثبت شد
TO-983,هدف فنی,معادلهٔ انتقال برف و ارتفاع لازم — برگهٔ واقعیت‌نامهٔ شمارهٔ ۳,بند ۳.۳.۱ و بند ۳.۳.۳,برآورده با قید,— باید در بند متناظر نوشته شود,۱۴۰۵,C,HP-17,نوشتن مبنای عدد در بند متناظر — فعلاً بدون لنگرگاه (سطر 3435),ثبت شد
TO-984,هدف فنی,شمارهٔ منحنی رواناب و انتخاب روش هیدرولوژیک — راهنمای مهندسی ملی بخش ۶۳۰,بند ۳.۵.۱ مدل F4,برآورده نشده — نیازمند اقدام,— باید در بند متناظر نوشته شود,۱۴۰۵,C,HP-17,نوشتن مبنای عدد در بند متناظر — فعلاً بدون لنگرگاه (سطر 3437),ثبت شد
ST-44,استاندارد,کف پخش‌کننده و مسیر آب‌رو — استاندارد عملکرد ۵۸۲,بند ۲.۴ و بند ۴.۹ و جدول ۷.۱ ردیف ۶,برآورده نشده — نیازمند اقدام,— باید در بند متناظر نوشته شود,۱۴۰۵,C,HP-17,نوشتن مبنای عدد در بند متناظر — فعلاً بدون لنگرگاه (سطر 3439),ثبت شد
M-110,مواد,ادارهٔ حفاظت خاک آمریکا — راهنمای مهندسی ملی بخش ۶۳۰ فصل ۳,شمارهٔ منحنی رواناب و خلأ انطباق یکم در بند ۱۱.۷,تأیید جزئی — وضعیت ویرایش تأییدنشده,— باید در بند متناظر نوشته شود,۱۴۰۵,C,HP-17,نوشتن مبنای عدد در بند متناظر — فعلاً بدون لنگرگاه (سطر 3467),ثبت شد
TO-985,هدف فنی,فصل ۳. بار استدلال: دو بند. شامل بند ۱۱.۷ خلأ یکم و بند,۱۱.۶,—,— باید در بند متناظر نوشته شود,۱۴۰۵,C,HP-17,نوشتن مبنای عدد در بند متناظر — فعلاً بدون لنگرگاه (سطر 3589),ثبت شد
TO-986,هدف فنی,ع رسمی طرح,۱۴۰۵/۰۱/۰۱,—,— باید در بند متناظر نوشته شود,۱۴۰۵,C,HP-17,نوشتن مبنای عدد در بند متناظر — فعلاً بدون لنگرگاه (سطر 3810),ثبت شد
TO-987,هدف فنی,کد بسته — HP-17,HP-17,بدون واحد,— باید در بند متناظر نوشته شود,۱۴۰۵,C,HP-17,نوشتن مبنای عدد در بند متناظر — فعلاً بدون لنگرگاه (سطر 3814),ثبت شد
TO-988,هدف فنی,اقلیم قابل اجرا,C4 سرد و برف‌گیر,بدون واحد,— باید در بند متناظر نوشته شود,۱۴۰۵,C,HP-17,نوشتن مبنای عدد در بند متناظر — فعلاً بدون لنگرگاه (سطر 3818),ثبت شد
FN-366,مالی,هزینه سرمایه‌ای سال ۱,۴۹۱,دلار در هکتار,— باید در بند متناظر نوشته شود,۱۴۰۵,C,HP-17,نوشتن مبنای عدد در بند متناظر — فعلاً بدون لنگرگاه (سطر 3822),ثبت شد
FN-367,مالی,هزینه حصار برف,۱۲۶,دلار در هکتار,— باید در بند متناظر نوشته شود,۱۴۰۵,C,HP-17,نوشتن مبنای عدد در بند متناظر — فعلاً بدون لنگرگاه (سطر 3823),ثبت شد
FN-368,مالی,هزینه پخش‌کنندهٔ چالهٔ برف,۲۴۰,دلار در هکتار,— باید در بند متناظر نوشته شود,۱۴۰۵,C,HP-17,نوشتن مبنای عدد در بند متناظر — فعلاً بدون لنگرگاه (سطر 3824),ثبت شد
FN-369,مالی,هزینه نیروی کار سال ۱,۹۰,دلار در هکتار,— باید در بند متناظر نوشته شود,۱۴۰۵,C,HP-17,نوشتن مبنای عدد در بند متناظر — فعلاً بدون لنگرگاه (سطر 3825),ثبت شد
FN-370,مالی,هزینه نگهداری سال ۲ تا ۴,۲۵,دلار در هکتار در سال,— باید در بند متناظر نوشته شود,۱۴۰۵,C,HP-17,نوشتن مبنای عدد در بند متناظر — فعلاً بدون لنگرگاه (سطر 3826),ثبت شد
FN-371,مالی,هزینه نگهداری از سال ۵ به بعد,۴۰,دلار در هکتار در سال,— باید در بند متناظر نوشته شود,۱۴۰۵,C,HP-17,نوشتن مبنای عدد در بند متناظر — فعلاً بدون لنگرگاه (سطر 3827),ثبت شد
FN-372,مالی,مجموع هزینهٔ پنج ساله,۶۰۶,دلار در هکتار,— باید در بند متناظر نوشته شود,۱۴۰۵,C,HP-17,نوشتن مبنای عدد در بند متناظر — فعلاً بدون لنگرگاه (سطر 3828),ثبت شد
SC-235,مقیاس,مجموع منفعت پنج ساله,۷۱۰,دلار در هکتار,— باید در بند متناظر نوشته شود,۱۴۰۵,C,HP-17,نوشتن مبنای عدد در بند متناظر — فعلاً بدون لنگرگاه (سطر 3829),ثبت شد
FN-373,مالی,دوره بازگشت بازمحاسبه‌شده,۳٫۹۸,سال,— باید در بند متناظر نوشته شود,۱۴۰۵,C,HP-17,نوشتن مبنای عدد در بند متناظر — فعلاً بدون لنگرگاه (سطر 3830),ثبت شد
FN-374,مالی,نسبت منفعت به هزینه بدون خدمات اکوسیستمی,۰٫۰۰,نسبت,— باید در بند متناظر نوشته شود,۱۴۰۵,C,HP-17,نوشتن مبنای عدد در بند متناظر — فعلاً بدون لنگرگاه (سطر 3832),ثبت شد
TO-989,هدف فنی,معادل آب برف فصل انباشت,۱۵۰,کیلوگرم بر متر مربع,— باید در بند متناظر نوشته شود,۱۴۰۵,C,HP-17,نوشتن مبنای عدد در بند متناظر — فعلاً بدون لنگرگاه (سطر 3842),ثبت شد
TO-990,هدف فنی,چگالی برف توده,۲۵۰,کیلوگرم بر متر مکعب,— باید در بند متناظر نوشته شود,۱۴۰۵,C,HP-17,نوشتن مبنای عدد در بند متناظر — فعلاً بدون لنگرگاه (سطر 3843),ثبت شد
TO-991,هدف فنی,چگالی تودهٔ فرورسته برای بار,۳۵۰,کیلوگرم بر متر مکعب,— باید در بند متناظر نوشته شود,۱۴۰۵,C,HP-17,نوشتن مبنای عدد در بند متناظر — فعلاً بدون لنگرگاه (سطر 3844),ثبت شد
TO-992,هدف فنی,تخلخل نوری حصار,۴۰ تا ۶۰,درصد,— باید در بند متناظر نوشته شود,۱۴۰۵,C,HP-17,نوشتن مبنای عدد در بند متناظر — فعلاً بدون لنگرگاه (سطر 3845),ثبت شد
TO-993,هدف فنی,ارتفاع لازم حصار,۱٫۹۵,متر,— باید در بند متناظر نوشته شود,۱۴۰۵,C,HP-17,نوشتن مبنای عدد در بند متناظر — فعلاً بدون لنگرگاه (سطر 3846),ثبت شد
TO-994,هدف فنی,بازهٔ ارتفاع لازم بدون دادهٔ معادل,۰٫۹۴ تا ۳٫۲۲,متر,— باید در بند متناظر نوشته شود,۱۴۰۵,C,HP-17,نوشتن مبنای عدد در بند متناظر — فعلاً بدون لنگرگاه (سطر 3847),ثبت شد
TO-995,هدف فنی,انتقال برف در فصل انباشت,۳۷٬۰۰۰,کیلوگرم بر متر خط,— باید در بند متناظر نوشته شود,۱۴۰۵,C,HP-17,نوشتن مبنای عدد در بند متناظر — فعلاً بدون لنگرگاه (سطر 3848),ثبت شد
TO-996,هدف فنی,ظرفیت ذخیره در ارتفاع لازم,۳۶٬۹۷۵,کیلوگرم بر متر,— باید در بند متناظر نوشته شود,۱۴۰۵,C,HP-17,نوشتن مبنای عدد در بند متناظر — فعلاً بدون لنگرگاه (سطر 3849),ثبت شد
FN-375,مالی,نسبت رسوب برف,۹۹٫۸,درصد,— باید در بند متناظر نوشته شود,۱۴۰۵,C,HP-17,نوشتن مبنای عدد در بند متناظر — فعلاً بدون لنگرگاه (سطر 3850),ثبت شد
TO-997,هدف فنی,طول تودهٔ برف,۶۵٫۶,متر,— باید در بند متناظر نوشته شود,۱۴۰۵,C,HP-17,نوشتن مبنای عدد در بند متناظر — فعلاً بدون لنگرگاه (سطر 3851),ثبت شد
TO-998,هدف فنی,طول حفاظت بادپناه,۱۹٫۵,متر,— باید در بند متناظر نوشته شود,۱۴۰۵,C,HP-17,نوشتن مبنای عدد در بند متناظر — فعلاً بدون لنگرگاه (سطر 3852),ثبت شد
TO-999,هدف فنی,بازهٔ زاویهٔ حاد باد سازگار,۸٫۴ تا ۱۷٫۰,درجه,— باید در بند متناظر نوشته شود,۱۴۰۵,C,HP-17,نوشتن مبنای عدد در بند متناظر — فعلاً بدون لنگرگاه (سطر 3853),ثبت شد
TO-1000,هدف فنی,فشار جانبی دریفت,۴٫۱۲۰,پاسکال,— باید در بند متناظر نوشته شود,۱۴۰۵,C,HP-17,نوشتن مبنای عدد در بند متناظر — فعلاً بدون لنگرگاه (سطر 3854),ثبت شد
TO-1001,هدف فنی,گشتاور واژگونی,۱٬۴۸۳,نیوتن‌متر بر متر,— باید در بند متناظر نوشته شود,۱۴۰۵,C,HP-17,نوشتن مبنای عدد در بند متناظر — فعلاً بدون لنگرگاه (سطر 3855),ثبت شد
TO-1002,هدف فنی,بار قائم هر پایه,۴۶٫۶,نیوتن,— باید در بند متناظر نوشته شود,۱۴۰۵,C,HP-17,نوشتن مبنای عدد در بند متناظر — فعلاً بدون لنگرگاه (سطر 3856),ثبت شد
TO-1003,هدف فنی,فشار برف روی پخش‌کننده,۲٬۲۸۹,پاسکال,— باید در بند متناظر نوشته شود,۱۴۰۵,C,HP-17,نوشتن مبنای عدد در بند متناظر — فعلاً بدون لنگرگاه (سطر 3857),ثبت شد
FN-376,مالی,نسبت سطح به حجم هدف,۱٫۵,متر مربع بر متر مکعب,— باید در بند متناظر نوشته شود,۱۴۰۵,C,HP-17,نوشتن مبنای عدد در بند متناظر — فعلاً بدون لنگرگاه (سطر 3858),ثبت شد
FN-377,مالی,نسبت سطح به حجم تودهٔ پخش‌شده,۱٫۶۷,متر مربع بر متر مکعب,— باید در بند متناظر نوشته شود,۱۴۰۵,C,HP-17,نوشتن مبنای عدد در بند متناظر — فعلاً بدون لنگرگاه (سطر 3859),ثبت شد
FN-378,مالی,نسبت سطح به حجم تودهٔ متمرکز,۰٫۵۲,متر مربع بر متر مکعب,— باید در بند متناظر نوشته شود,۱۴۰۵,C,HP-17,نوشتن مبنای عدد در بند متناظر — فعلاً بدون لنگرگاه (سطر 3860),ثبت شد
TO-1004,هدف فنی,دبی رهاسازی,۰٫۶۹۴,لیتر بر ثانیه,— باید در بند متناظر نوشته شود,۱۴۰۵,C,HP-17,نوشتن مبنای عدد در بند متناظر — فعلاً بدون لنگرگاه (سطر 3861),ثبت شد
TO-1005,هدف فنی,کمینهٔ پنجرهٔ رهاسازی,۱۳٫۹,روز,— باید در بند متناظر نوشته شود,۱۴۰۵,C,HP-17,نوشتن مبنای عدد در بند متناظر — فعلاً بدون لنگرگاه (سطر 3862),ثبت شد
TO-1006,هدف فنی,شاخص کفایت داده — آستانهٔ دروازه,۹۰,از ۱۰۰,— باید در بند متناظر نوشته شود,۱۴۰۵,C,HP-17,نوشتن مبنای عدد در بند متناظر — فعلاً بدون لنگرگاه (سطر 3864),ثبت شد
SC-236,مقیاس,تعداد واحد پخش‌کننده,۲,واحد در هکتار,— باید در بند متناظر نوشته شود,۱۴۰۵,C,HP-17,نوشتن مبنای عدد در بند متناظر — فعلاً بدون لنگرگاه (سطر 3865),ثبت شد
SC-237,مقیاس,طول خط حصار,۷,متر در هکتار,— باید در بند متناظر نوشته شود,۱۴۰۵,C,HP-17,نوشتن مبنای عدد در بند متناظر — فعلاً بدون لنگرگاه (سطر 3866),ثبت شد
TO-1007,هدف فنی,قطر پایه,۱۲,سانتی‌متر,— باید در بند متناظر نوشته شود,۱۴۰۵,C,HP-17,نوشتن مبنای عدد در بند متناظر — فعلاً بدون لنگرگاه (سطر 3867),ثبت شد
SC-238,مقیاس,زمان اجرا با روش دستی,۴٫۵,روز-کارگر در هکتار,— باید در بند متناظر نوشته شود,۱۴۰۵,C,HP-17,نوشتن مبنای عدد در بند متناظر — فعلاً بدون لنگرگاه (سطر 3868),ثبت شد
SC-239,مقیاس,زمان اجرا با روش ماشینی,۲٫۷,روز-کارگر در هکتار,— باید در بند متناظر نوشته شود,۱۴۰۵,C,HP-17,نوشتن مبنای عدد در بند متناظر — فعلاً بدون لنگرگاه (سطر 3869),ثبت شد
FN-379,مالی,نرخ روز کاری — HP-17,۲۰,دلار بر روز-کارگر,— باید در بند متناظر نوشته شود,۱۴۰۵,C,HP-17,نوشتن مبنای عدد در بند متناظر — فعلاً بدون لنگرگاه (سطر 3870),ثبت شد
TO-1008,هدف فنی,شعاع ممنوعیت منبع حرارتی,۵۰,متر,— باید در بند متناظر نوشته شود,۱۴۰۵,C,HP-17,نوشتن مبنای عدد در بند متناظر — فعلاً بدون لنگرگاه (سطر 3877),ثبت شد
TO-1009,هدف فنی,فاصلهٔ حداقلی کارگر تا خط حصار,۵,متر,— باید در بند متناظر نوشته شود,۱۴۰۵,C,HP-17,نوشتن مبنای عدد در بند متناظر — فعلاً بدون لنگرگاه (سطر 3878),ثبت شد
TO-1010,هدف فنی,افق تحلیل این بسته,۵,سال,— باید در بند متناظر نوشته شود,۱۴۰۵,C,HP-17,نوشتن مبنای عدد در بند متناظر — فعلاً بدون لنگرگاه (سطر 3881),ثبت شد
SC-240,مقیاس,مغایرت — زمان اجرای فصل ۴ در برابر جمع جدول ۵.۳,۳٫۴ در برابر ۴٫۵,روز-کارگر در هکتار,— باید در بند متناظر نوشته شود,۱۴۰۵,C,HP-17,نوشتن مبنای عدد در بند متناظر — فعلاً بدون لنگرگاه (سطر 3887),ثبت شد
TO-1011,هدف فنی,ضریب گرادیان چگالی k,۳,بدون بعد,— باید در بند متناظر نوشته شود,۱۴۰۵,C,HP-17,نوشتن مبنای عدد در بند متناظر — فعلاً بدون لنگرگاه (سطر 3888),ثبت شد
TO-1012,هدف فنی,توان گرادیان m,۰٫۵,بدون بعد,— باید در بند متناظر نوشته شود,۱۴۰۵,C,HP-17,نوشتن مبنای عدد در بند متناظر — فعلاً بدون لنگرگاه (سطر 3889),ثبت شد
TO-1013,هدف فنی,چگالی میانگین عمقی ρ,۳۰۰,کیلوگرم بر متر مکعب,— باید در بند متناظر نوشته شود,۱۴۰۵,C,HP-17,نوشتن مبنای عدد در بند متناظر — فعلاً بدون لنگرگاه (سطر 3890),ثبت شد
TO-1014,هدف فنی,معادل آب برف با پروفیل,۱۸۰,کیلوگرم بر متر مربع,— باید در بند متناظر نوشته شود,۱۴۰۵,C,HP-17,نوشتن مبنای عدد در بند متناظر — فعلاً بدون لنگرگاه (سطر 3891),ثبت شد
TO-1015,هدف فنی,ارتفاع لازم با پروفیل تصحیح‌شده,۲٫۱۸,متر,— باید در بند متناظر نوشته شود,۱۴۰۵,C,HP-17,نوشتن مبنای عدد در بند متناظر — فعلاً بدون لنگرگاه (سطر 3892),ثبت شد
TO-1016,هدف فنی,بازده تله‌گیری ε,۰٫۴۵,بدون بعد,— باید در بند متناظر نوشته شود,۱۴۰۵,C,HP-17,نوشتن مبنای عدد در بند متناظر — فعلاً بدون لنگرگاه (سطر 3893),ثبت شد
TO-1017,هدف فنی,بازده گردآوری η,۰٫۷۲۵,بدون بعد,— باید در بند متناظر نوشته شود,۱۴۰۵,C,HP-17,نوشتن مبنای عدد در بند متناظر — فعلاً بدون لنگرگاه (سطر 3894),ثبت شد
TO-1018,هدف فنی,ارتفاع لازم تصحیح‌شده با بازده,۱٫۷۳,متر,— باید در بند متناظر نوشته شود,۱۴۰۵,C,HP-17,نوشتن مبنای عدد در بند متناظر — فعلاً بدون لنگرگاه (سطر 3895),ثبت شد
TO-1019,هدف فنی,دامنهٔ ارتفاع با بازده فرض,۱٫۶۲ تا ۱٫۸۱,متر,— باید در بند متناظر نوشته شود,۱۴۰۵,C,HP-17,نوشتن مبنای عدد در بند متناظر — فعلاً بدون لنگرگاه (سطر 3896),ثبت شد
TO-1020,هدف فنی,مقاومت برشی لایهٔ ضعیف,۶۰۰,پاسکال,— باید در بند متناظر نوشته شود,۱۴۰۵,C,HP-17,نوشتن مبنای عدد در بند متناظر — فعلاً بدون لنگرگاه (سطر 3897),ثبت شد
FN-380,مالی,نسبت برشی SR,۱٫۹۶,بدون بعد,— باید در بند متناظر نوشته شود,۱۴۰۵,C,HP-17,نوشتن مبنای عدد در بند متناظر — فعلاً بدون لنگرگاه (سطر 3898),ثبت شد
FN-381,مالی,نسبت برشی با صفحهٔ ضخیم‌تر,۲٫۹۴,بدون بعد,— باید در بند متناظر نوشته شود,۱۴۰۵,C,HP-17,نوشتن مبنای عدد در بند متناظر — فعلاً بدون لنگرگاه (سطر 3899),ثبت شد
TO-1021,هدف فنی,مدول برشی صفحه,۱٫۰,مگاپاسکال,— باید در بند متناظر نوشته شود,۱۴۰۵,C,HP-17,نوشتن مبنای عدد در بند متناظر — فعلاً بدون لنگرگاه (سطر 3900),ثبت شد
TO-1022,هدف فنی,کرنش برشی γ,۰٫۰۰۲۹۴,بدون بعد,— باید در بند متناظر نوشته شود,۱۴۰۵,C,HP-17,نوشتن مبنای عدد در بند متناظر — فعلاً بدون لنگرگاه (سطر 3901),ثبت شد
TO-1023,هدف فنی,شیب بحرانی گسترش عرضی β_c,۲۸,درجه,— باید در بند متناظر نوشته شود,۱۴۰۵,C,HP-17,نوشتن مبنای عدد در بند متناظر — فعلاً بدون لنگرگاه (سطر 3902),ثبت شد
SC-241,مقیاس,فشار باد سطحی q_w,۱۴۱٫۷۵,پاسکال,— باید در بند متناظر نوشته شود,۱۴۰۵,C,HP-17,نوشتن مبنای عدد در بند متناظر — فعلاً بدون لنگرگاه (سطر 3903),ثبت شد
TO-1024,هدف فنی,نیروی باد روی یک دهانه,۸۲۹٫۲,نیوتن,— باید در بند متناظر نوشته شود,۱۴۰۵,C,HP-17,نوشتن مبنای عدد در بند متناظر — فعلاً بدون لنگرگاه (سطر 3904),ثبت شد
TO-1025,هدف فنی,ضریب اطمینان در برابر بار برف,۹٫۰۸,بدون بعد,— باید در بند متناظر نوشته شود,۱۴۰۵,C,HP-17,نوشتن مبنای عدد در بند متناظر — فعلاً بدون لنگرگاه (سطر 3905),ثبت شد
FN-382,مالی,نسبت بار باد حدی به بار برف,۰٫۹۳,بدون بعد,— باید در بند متناظر نوشته شود,۱۴۰۵,C,HP-17,نوشتن مبنای عدد در بند متناظر — فعلاً بدون لنگرگاه (سطر 3906),ثبت شد
FN-383,مالی,نرخ ذوب درجه‌روز,۲۰,میلی‌متر بر روز,— باید در بند متناظر نوشته شود,۱۴۰۵,C,HP-17,نوشتن مبنای عدد در بند متناظر — فعلاً بدون لنگرگاه (سطر 3907),ثبت شد
TO-1026,هدف فنی,پنجرهٔ طبیعی ذوب,۱۰,روز,— باید در بند متناظر نوشته شود,۱۴۰۵,C,HP-17,نوشتن مبنای عدد در بند متناظر — فعلاً بدون لنگرگاه (سطر 3908),ثبت شد
FN-384,مالی,کسری پنجرهٔ طبیعی نسبت به کمینه,۳٫۹,روز,— باید در بند متناظر نوشته شود,۱۴۰۵,C,HP-17,نوشتن مبنای عدد در بند متناظر — فعلاً بدون لنگرگاه (سطر 3909),ثبت شد
TO-1027,هدف فنی,دمای هوای لازم برای پنجرهٔ قابل دفاع,۱۰٫۷۹,درجه,— باید در بند متناظر نوشته شود,۱۴۰۵,C,HP-17,نوشتن مبنای عدد در بند متناظر — فعلاً بدون لنگرگاه (سطر 3910),ثبت شد
TO-1028,هدف فنی,غلظت نمک در برف انباشته,۲,میلی‌گرم بر لیتر,— باید در بند متناظر نوشته شود,۱۴۰۵,C,HP-17,نوشتن مبنای عدد در بند متناظر — فعلاً بدون لنگرگاه (سطر 3911),ثبت شد
FN-385,مالی,نسبت تمرکز جریان R,۲٫۰,بدون بعد,— باید در بند متناظر نوشته شود,۱۴۰۵,C,HP-17,نوشتن مبنای عدد در بند متناظر — فعلاً بدون لنگرگاه (سطر 3912),ثبت شد
TO-1029,هدف فنی,افزایش شوری خروجی,۲,درصد,— باید در بند متناظر نوشته شود,۱۴۰۵,C,HP-17,نوشتن مبنای عدد در بند متناظر — فعلاً بدون لنگرگاه (سطر 3913),ثبت شد
TO-1030,هدف فنی,بار نمک افزوده,۲٫۴,کیلوگرم,— باید در بند متناظر نوشته شود,۱۴۰۵,C,HP-17,نوشتن مبنای عدد در بند متناظر — فعلاً بدون لنگرگاه (سطر 3914),ثبت شد
TO-1031,هدف فنی,انرژی خالص لکهٔ برف,۲۵۰,وات بر متر مربع,— باید در بند متناظر نوشته شود,۱۴۰۵,C,HP-17,نوشتن مبنای عدد در بند متناظر — فعلاً بدون لنگرگاه (سطر 3915),ثبت شد
FN-386,مالی,نرخ ذوب لکهٔ نازک,۶۴٫۷,میلی‌متر بر روز,— باید در بند متناظر نوشته شود,۱۴۰۵,C,HP-17,نوشتن مبنای عدد در بند متناظر — فعلاً بدون لنگرگاه (سطر 3916),ثبت شد
TO-1032,هدف فنی,اختلاف زمان ذوب بدون سایه,۱٫۵۵,روز,— باید در بند متناظر نوشته شود,۱۴۰۵,C,HP-17,نوشتن مبنای عدد در بند متناظر — فعلاً بدون لنگرگاه (سطر 3917),ثبت شد
TO-1033,هدف فنی,اختلاف زمان ذوب با سایهٔ توده,۲٫۲۱,روز,— باید در بند متناظر نوشته شود,۱۴۰۵,C,HP-17,نوشتن مبنای عدد در بند متناظر — فعلاً بدون لنگرگاه (سطر 3918),ثبت شد
TO-1034,هدف فنی,ضریب ماندگاری برف k_r,۰٫۳۰,بدون بعد,— باید در بند متناظر نوشته شود,۱۴۰۵,C,HP-17,نوشتن مبنای عدد در بند متناظر — فعلاً بدون لنگرگاه (سطر 3919),ثبت شد
TO-1035,هدف فنی,برف قابل گردآوری در آبخیز,۲٫۵۲۰,متر مکعب,— باید در بند متناظر نوشته شود,۱۴۰۵,C,HP-17,نوشتن مبنای عدد در بند متناظر — فعلاً بدون لنگرگاه (سطر 3920),ثبت شد
TO-1036,هدف فنی,ضریب افت سالانهٔ ظرفیت λ,۰٫۱۶,بر سال,— باید در بند متناظر نوشته شود,۱۴۰۵,C,HP-17,نوشتن مبنای عدد در بند متناظر — فعلاً بدون لنگرگاه (سطر 3922),ثبت شد
TO-1037,هدف فنی,آستانهٔ خروج از سرویس C_min,۵۰,درصد,— باید در بند متناظر نوشته شود,۱۴۰۵,C,HP-17,نوشتن مبنای عدد در بند متناظر — فعلاً بدون لنگرگاه (سطر 3923),ثبت شد
TO-1038,هدف فنی,عمر طراحی با کسری نگهداری ۰٫۷۵,۵٫۴,سال,— باید در بند متناظر نوشته شود,۱۴۰۵,C,HP-17,نوشتن مبنای عدد در بند متناظر — فعلاً بدون لنگرگاه (سطر 3924),ثبت شد
TO-1039,هدف فنی,ظرفیت پس از پنج سال با کسری ۰٫۷۵,۵۲٫۸,درصد,— باید در بند متناظر نوشته شود,۱۴۰۵,C,HP-17,نوشتن مبنای عدد در بند متناظر — فعلاً بدون لنگرگاه (سطر 3925),ثبت شد
FN-387,مالی,سقف مجاز هزینهٔ داده برای حفظ نسبت یک,۱۰۴,دلار در هکتار,— باید در بند متناظر نوشته شود,۱۴۰۵,C,HP-17,نوشتن مبنای عدد در بند متناظر — فعلاً بدون لنگرگاه (سطر 3926),ثبت شد
FN-388,مالی,هزینهٔ بازسازی یک‌بارهٔ سناریوی کسری,۶۳٫۳,دلار در هکتار,— باید در بند متناظر نوشته شود,۱۴۰۵,C,HP-17,نوشتن مبنای عدد در بند متناظر — فعلاً بدون لنگرگاه (سطر 3927),ثبت شد
FN-389,مالی,هزینهٔ بازسازی کف پخش‌کننده,۴۰,دلار در هکتار,— باید در بند متناظر نوشته شود,۱۴۰۵,C,HP-17,نوشتن مبنای عدد در بند متناظر — فعلاً بدون لنگرگاه (سطر 3928),ثبت شد
FN-390,مالی,هزینهٔ بازسازی در سناریوی تجمعی,۱۰۳٫۳,دلار در هکتار,— باید در بند متناظر نوشته شود,۱۴۰۵,C,HP-17,نوشتن مبنای عدد در بند متناظر — فعلاً بدون لنگرگاه (سطر 3929),ثبت شد
SC-242,مقیاس,سرمایهٔ افزودهٔ دو واحد پخش‌کننده,۲۴۰,دلار در هکتار,— باید در بند متناظر نوشته شود,۱۴۰۵,C,HP-17,نوشتن مبنای عدد در بند متناظر — فعلاً بدون لنگرگاه (سطر 3930),ثبت شد
FN-391,مالی,نسبت منفعت به هزیده در پایهٔ محافظه‌کارانه,۰٫۵۶,نسبت,— باید در بند متناظر نوشته شود,۱۴۰۵,C,HP-17,نوشتن مبنای عدد در بند متناظر — فعلاً بدون لنگرگاه (سطر 3931),ثبت شد
FN-392,مالی,نسبت منفعت به هزیده در ده سال با همان مفروضات,۰٫۸۵,نسبت,— باید در بند متناظر نوشته شود,۱۴۰۵,C,HP-17,نوشتن مبنای عدد در بند متناظر — فعلاً بدون لنگرگاه (سطر 3932),ثبت شد
FN-393,مالی,نسبت منفعت به هزیده در سناریوی تودهٔ جامانده,۰٫۸۴,نسبت,— باید در بند متناظر نوشته شود,۱۴۰۵,C,HP-17,نوشتن مبنای عدد در بند متناظر — فعلاً بدون لنگرگاه (سطر 3933),ثبت شد
FN-394,مالی,دامنهٔ نسبت منفعت به هزیده در شش سناریو,۰٫۰۰ تا ۱٫۱۷,نسبت,— باید در بند متناظر نوشته شود,۱۴۰۵,C,HP-17,نوشتن مبنای عدد در بند متناظر — فعلاً بدون لنگرگاه (سطر 3934),ثبت شد
FN-395,مالی,نرخ مجاز متری برای حفظ نسبت یک,۲۶,دلار بر متر,— باید در بند متناظر نوشته شود,۱۴۰۵,C,HP-17,نوشتن مبنای عدد در بند متناظر — فعلاً بدون لنگرگاه (سطر 3935),ثبت شد
TO-1040,هدف فنی,اندازهٔ نمونهٔ برف برای چگالی,۱۰,سانتی‌متر مکعب,— باید در بند متناظر نوشته شود,۱۴۰۵,C,HP-17,نوشتن مبنای عدد در بند متناظر — فعلاً بدون لنگرگاه (سطر 3936),ثبت شد
TO-1041,هدف فنی,اختلاف آستانهٔ له‌شدگی توری,۱۰,واحد درصد,— باید در بند متناظر نوشته شود,۱۴۰۵,C,HP-17,نوشتن مبنای عدد در بند متناظر — فعلاً بدون لنگرگاه (سطر 3938),ثبت شد
TO-1042,هدف فنی,اختلاف تخلخل نوری دو ارتفاع,بیشتر از ۱۰,واحد درصد,— باید در بند متناظر نوشته شود,۱۴۰۵,C,HP-17,نوشتن مبنای عدد در بند متناظر — فعلاً بدون لنگرگاه (سطر 3939),ثبت شد
SC-243,مقیاس,مجموع زمان اجرای فصل ۵,۴٫۵,روز-کارگر در هکتار,— باید در بند متناظر نوشته شود,۱۴۰۵,C,HP-17,نوشتن مبنای عدد در بند متناظر — فعلاً بدون لنگرگاه (سطر 3942),ثبت شد
FN-396,مالی,هزینهٔ پنج خطای اجرایی,۱۲٫۳,دلار در هکتار,— باید در بند متناظر نوشته شود,۱۴۰۵,C,HP-17,نوشتن مبنای عدد در بند متناظر — فعلاً بدون لنگرگاه (سطر 3945),ثبت شد
SC-244,مقیاس,تعداد واحد پخش‌کنندهٔ بیشینه در زمستان پر‌برف,۴,واحد در هکتار,— باید در بند متناظر نوشته شود,۱۴۰۵,C,HP-17,نوشتن مبنای عدد در بند متناظر — فعلاً بدون لنگرگاه (سطر 3946),ثبت شد
TO-1043,هدف فنی,سال از کار افتادن در سناریوی تجمعی,۴,سال,— باید در بند متناظر نوشته شود,۱۴۰۵,C,HP-17,نوشتن مبنای عدد در بند متناظر — فعلاً بدون لنگرگاه (سطر 3947),ثبت شد
SC-245,مقیاس,طول خط حصار,۷,متر بر هکتار,— باید در بند متناظر نوشته شود,۱۴۰۵,C,HP-17,نوشتن مبنای عدد در بند متناظر — فعلاً بدون لنگرگاه (سطر 4188),ثبت شد
TO-1044,هدف فنی,عمق فروکردن پایه,۳۰,سانتی‌متر,— باید در بند متناظر نوشته شود,۱۴۰۵,C,HP-17,نوشتن مبنای عدد در بند متناظر — فعلاً بدون لنگرگاه (سطر 4190),ثبت شد
TO-1045,هدف فنی,تخلخل توری,۴۰ تا ۶۰,درصد,— باید در بند متناظر نوشته شود,۱۴۰۵,C,HP-17,نوشتن مبنای عدد در بند متناظر — فعلاً بدون لنگرگاه (سطر 4191),ثبت شد
TO-1046,هدف فنی,فاصلهٔ اتصال زنجیر,۱٫۵,متر,— باید در بند متناظر نوشته شود,۱۴۰۵,C,HP-17,نوشتن مبنای عدد در بند متناظر — فعلاً بدون لنگرگاه (سطر 4192),ثبت شد
M-111,مواد,زاویهٔ چوب مهار,۴۵,درجه,— باید در بند متناظر نوشته شود,۱۴۰۵,C,HP-17,نوشتن مبنای عدد در بند متناظر — فعلاً بدون لنگرگاه (سطر 4193),ثبت شد
TO-1047,هدف فنی,عرض پشتهٔ پخش‌کننده,۱۰ تا ۱۵,متر,— باید در بند متناظر نوشته شود,۱۴۰۵,C,HP-17,نوشتن مبنای عدد در بند متناظر — فعلاً بدون لنگرگاه (سطر 4194),ثبت شد
TO-1048,هدف فنی,شیب کف پخش‌کننده,۱۰ تا ۱۵,درصد,— باید در بند متناظر نوشته شود,۱۴۰۵,C,HP-17,نوشتن مبنای عدد در بند متناظر — فعلاً بدون لنگرگاه (سطر 4195),ثبت شد
M-112,مواد,اندازهٔ سنگ کف,۵ تا ۱۵,سانتی‌متر,— باید در بند متناظر نوشته شود,۱۴۰۵,C,HP-17,نوشتن مبنای عدد در بند متناظر — فعلاً بدون لنگرگاه (سطر 4196),ثبت شد
M-113,مواد,اندازهٔ سنگ مهار,۱۰ تا ۲۰,سانتی‌متر,— باید در بند متناظر نوشته شود,۱۴۰۵,C,HP-17,نوشتن مبنای عدد در بند متناظر — فعلاً بدون لنگرگاه (سطر 4197),ثبت شد
SC-246,مقیاس,تعداد واحد پخش‌کننده,۲,واحد بر هکتار,— باید در بند متناظر نوشته شود,۱۴۰۵,C,HP-17,نوشتن مبنای عدد در بند متناظر — فعلاً بدون لنگرگاه (سطر 4198),ثبت شد
FN-397,مالی,هزینهٔ حصار برف,۱۲۶,دلار در هکتار,— باید در بند متناظر نوشته شود,۱۴۰۵,C,HP-17,نوشتن مبنای عدد در بند متناظر — فعلاً بدون لنگرگاه (سطر 4199),ثبت شد
FN-398,مالی,هزینهٔ پخش‌کننده,۲۴۰,دلار در هکتار,— باید در بند متناظر نوشته شود,۱۴۰۵,C,HP-17,نوشتن مبنای عدد در بند متناظر — فعلاً بدون لنگرگاه (سطر 4200),ثبت شد
TO-1049,هدف فنی,جمع مزد چهار روز — HP-17,۸۰۰,دلار,— باید در بند متناظر نوشته شود,۱۴۰۵,C,HP-17,نوشتن مبنای عدد در بند متناظر — فعلاً بدون لنگرگاه (سطر 4202),ثبت شد
SC-247,مقیاس,زمان کار هر هکتار,۴٫۵,روز-کارگر در هکتار,— باید در بند متناظر نوشته شود,۱۴۰۵,C,HP-17,نوشتن مبنای عدد در بند متناظر — فعلاً بدون لنگرگاه (سطر 4203),ثبت شد
TO-1050,هدف فنی,شاخص کفایت داده,۹۰,از ۱۰۰,— باید در بند متناظر نوشته شود,۱۴۰۵,C,HP-17,نوشتن مبنای عدد در بند متناظر — فعلاً بدون لنگرگاه (سطر 4204),ثبت شد
TO-1051,هدف فنی,عمق برف کنار حصار,۰٫۵ تا ۲,متر,— باید در بند متناظر نوشته شود,۱۴۰۵,C,HP-17,نوشتن مبنای عدد در بند متناظر — فعلاً بدون لنگرگاه (سطر 4207),ثبت شد
TO-1052,هدف فنی,ذوب زودتر در زمین تخلیه‌شده,۷,روز,— باید در بند متناظر نوشته شود,۱۴۰۵,C,HP-17,نوشتن مبنای عدد در بند متناظر — فعلاً بدون لنگرگاه (سطر 4208),ثبت شد
TO-1053,هدف فنی,فاصلهٔ حداقلی کارگر تا حصار,۵,متر,— باید در بند متناظر نوشته شود,۱۴۰۵,C,HP-17,نوشتن مبنای عدد در بند متناظر — فعلاً بدون لنگرگاه (سطر 4209),ثبت شد
TO-1054,هدف فنی,انحراف جهت حصار,۱۰,درجه,— باید در بند متناظر نوشته شود,۱۴۰۵,C,HP-17,نوشتن مبنای عدد در بند متناظر — فعلاً بدون لنگرگاه (سطر 4211),ثبت شد
TO-1055,هدف فنی,فرض طراحی‌اند و بدون استعلام رسمی قطعی نیستند؛ چهار جدول کشاورز ۲ و,۳,—,— باید در بند متناظر نوشته شود,۱۴۰۵,C,HP-17,نوشتن مبنای عدد در بند متناظر — فعلاً بدون لنگرگاه (سطر 4232),ثبت شد
PL-20,پایلوت,ه‌ای طرح هستند و پایلوت متناظر ندارند. ستون پایلوت آن‌ها در فصل,۶,—,— باید در بند متناظر نوشته شود,۱۴۰۵,C,HP-18,نوشتن مبنای عدد در بند متناظر — فعلاً بدون لنگرگاه (سطر 24),ثبت شد
FN-399,مالی,۶۰ تا ۷۰ درصد در سال ۱ و ۸۰ درصد نسبت به سال ۱ در سال,۳,—,— باید در بند متناظر نوشته شود,۱۴۰۵,C,HP-18,نوشتن مبنای عدد در بند متناظر — فعلاً بدون لنگرگاه (سطر 82),ثبت شد
TO-1056,هدف فنی,و مقدار «پس از» بازهٔ ۵۰ تا ۷۰ درصد در سال,۵,—,— باید در بند متناظر نوشته شود,۱۴۰۵,C,HP-18,نوشتن مبنای عدد در بند متناظر — فعلاً بدون لنگرگاه (سطر 82),ثبت شد
PL-21,پایلوت,اقلیم‌های قابل اجرا — HP-18,C6 و C9 و C10,سه ردهٔ منطقه‌ای بدون پایلوت — فاقد پایلوت — نیازمند خط پایه,— باید در بند متناظر نوشته شود,۱۴۰۵,C,HP-18,نوشتن مبنای عدد در بند متناظر — فعلاً بدون لنگرگاه (سطر 97),ثبت شد
TO-1057,هدف فنی,قاعدهٔ خواندن جدول,۱٫۲,—,— باید در بند متناظر نوشته شود,۱۴۰۵,C,HP-18,نوشتن مبنای عدد در بند متناظر — فعلاً بدون لنگرگاه (سطر 118),ثبت شد
TO-1058,هدف فنی,نیاز به آب,در C6 و C9 مصرف آب طراحی صفر است و گام ۷ بسته می‌ماند,قید آب سخت است — هر مترمکعب تزریق‌شده در این اقلیم‌ها تبخیر می‌شود و در C10 الزام آبشویی محاسبه‌شده عدد تأییدنشده است,— باید در بند متناظر نوشته شود,۱۴۰۵,C,HP-18,نوشتن مبنای عدد در بند متناظر — فعلاً بدون لنگرگاه (سطر 237),ثبت شد
TO-1059,هدف فنی,میراث فرهنگی,ده جزء روش بومی در بند ۱٫۷٫۱۰ فهرست شد و شش جزء آن در طراحی حفظ شده است,هیچ عدد کمّی برای هیچ‌یک از این روش‌ها در سند دانش بومی و تاریخی طرح ثبت نشده است,— باید در بند متناظر نوشته شود,۱۴۰۵,C,HP-18,نوشتن مبنای عدد در بند متناظر — فعلاً بدون لنگرگاه (سطر 239),ثبت شد
PR-19,قیمت,قابلیت اجرا,همهٔ ابزارها دستی یا قرضی از کارگاه و همهٔ مواد از منبع محلی با شعاع ۱۰ تا ۲۰ کیلومتر است,هیچ مادهٔ وارداتی نیست و هر مادهٔ گران‌قیمت در بازار بیرون از دسترس کارگاه محلی است,— باید در بند متناظر نوشته شود,۱۴۰۵,C,HP-18,نوشتن مبنای عدد در بند متناظر — فعلاً بدون لنگرگاه (سطر 243),ثبت شد
TO-1060,هدف فنی,ه معادل ۱۶ نفر-روز می‌شود. هشت شاخص کمّی جدول ۱٫۲، معیار پذیرش فصل,۷,—,— باید در بند متناظر نوشته شود,۱۴۰۵,C,HP-18,نوشتن مبنای عدد در بند متناظر — فعلاً بدون لنگرگاه (سطر 333),ثبت شد
TO-1061,هدف فنی,ورز و در شعاع اعلام‌شدهٔ,۱۰,—,— باید در بند متناظر نوشته شود,۱۴۰۵,C,HP-18,نوشتن مبنای عدد در بند متناظر — فعلاً بدون لنگرگاه (سطر 351),ثبت شد
M-114,مواد,مادهٔ آلی پیش از اصلاح,۰٫۲ درصد وزنی,زیر ۰٫۱ درصد رد شود,— باید در بند متناظر نوشته شود,۱۴۰۵,C,HP-18,نوشتن مبنای عدد در بند متناظر — فعلاً بدون لنگرگاه (سطر 398),ثبت شد
SP-33,گونه,گونه: هر گونه سهمی از ۰٫۷ کیلوگرم بذر می‌گیرد، ولی تقسیم دقیق در جدول,۲٫۴,—,— باید در بند متناظر نوشته شود,۱۴۰۵,C,HP-18,نوشتن مبنای عدد در بند متناظر — فعلاً بدون لنگرگاه (سطر 749),ثبت شد
TO-1062,هدف فنی,نه به ۲۱۰ متر می‌رسد. با H_d = ۳ متر، v_d یک‌سوم می‌شود و به,۱۴۰,—,— باید در بند متناظر نوشته شود,۱۴۰۵,C,HP-18,نوشتن مبنای عدد در بند متناظر — فعلاً بدون لنگرگاه (سطر 866),ثبت شد
MD-13,مدل شبیه‌سازی,درصد می‌دهد و مدل ۱۱ در همان تراکم و همان ضریب حفاظتی، کاهش,۷۰,—,— باید در بند متناظر نوشته شود,۱۴۰۵,C,HP-18,نوشتن مبنای عدد در بند متناظر — فعلاً بدون لنگرگاه (سطر 1201),ثبت شد
TO-1063,هدف فنی,وی کل روش دستی را ۲۰۸ نفر-ساعت و ظرفیت چهار روز را,۱۲۸,—,— باید در بند متناظر نوشته شود,۱۴۰۵,C,HP-18,نوشتن مبنای عدد در بند متناظر — فعلاً بدون لنگرگاه (سطر 1727),ثبت شد
PL-22,پایلوت,چهار ستون پایلوت دارد و سه ردهٔ اقلیمی در بندهای ۶٫۷ تا,۶٫۹,—,— باید در بند متناظر نوشته شود,۱۴۰۵,C,HP-18,نوشتن مبنای عدد در بند متناظر — فعلاً بدون لنگرگاه (سطر 1764),ثبت شد
TO-1064,هدف فنی,کسری بارش مؤثر,۶۱ درصد,۲۶ درصد,— باید در بند متناظر نوشته شود,۱۴۰۵,C,HP-18,نوشتن مبنای عدد در بند متناظر — فعلاً بدون لنگرگاه (سطر 1870),ثبت شد
FN-400,مالی,هزینهٔ سرمایه‌ای در شوک ($/ha),جدول ۹٫۳,تأییدنشده,— باید در بند متناظر نوشته شود,۱۴۰۵,C,HP-18,نوشتن مبنای عدد در بند متناظر — فعلاً بدون لنگرگاه (سطر 1915),ثبت شد
FN-401,مالی,بار گردوغبار (درصد کاهش نسبت به خط پایه),۵۰ تا ۷۰ در سال ۵,بارگیر و خط پایهٔ ثبت‌شده,— باید در بند متناظر نوشته شود,۱۴۰۵,C,HP-18,نوشتن مبنای عدد در بند متناظر — فعلاً بدون لنگرگاه (سطر 2016),ثبت شد
TO-1065,هدف فنی,آن‌ها در جدول ۸٫۱ دیده نمی‌شود. این یک خلأ بودجهٔ ثبت‌شده است و در بند,۹٫۶,—,— باید در بند متناظر نوشته شود,۱۴۰۵,C,HP-18,نوشتن مبنای عدد در بند متناظر — فعلاً بدون لنگرگاه (سطر 2086),ثبت شد
FN-402,مالی,نرخ فرسایش بادی محلی,۱۰,تأییدنشده,— باید در بند متناظر نوشته شود,۱۴۰۵,C,HP-18,نوشتن مبنای عدد در بند متناظر — فعلاً بدون لنگرگاه (سطر 2169),ثبت شد
TO-1066,هدف فنی,بار گردوغبار,۱۰,تأییدنشده,— باید در بند متناظر نوشته شود,۱۴۰۵,C,HP-18,نوشتن مبنای عدد در بند متناظر — فعلاً بدون لنگرگاه (سطر 2170),ثبت شد
M-115,مواد,مادهٔ آلی خاک تلمبار,۲,تأییدنشده,— باید در بند متناظر نوشته شود,۱۴۰۵,C,HP-18,نوشتن مبنای عدد در بند متناظر — فعلاً بدون لنگرگاه (سطر 2171),ثبت شد
TO-1067,هدف فنی,جمع — HP-18,۲۲,—,— باید در بند متناظر نوشته شود,۱۴۰۵,C,HP-18,نوشتن مبنای عدد در بند متناظر — فعلاً بدون لنگرگاه (سطر 2172),ثبت شد
TO-1068,هدف فنی,ب منبع: جدول ۷٫۱ و جدول ۸٫۱ و بند,۹٫۱,—,— باید در بند متناظر نوشته شود,۱۴۰۵,C,HP-18,نوشتن مبنای عدد در بند متناظر — فعلاً بدون لنگرگاه (سطر 2173),ثبت شد
FN-403,مالی,بازنشستگی یا بازطراحی,بالای ۱۰,نرخ بقای زیر ۱۵ درصد یا ضریب اطمینان زیر ۱٫۲۵,— باید در بند متناظر نوشته شود,۱۴۰۵,C,HP-18,نوشتن مبنای عدد در بند متناظر — فعلاً بدون لنگرگاه (سطر 2239),ثبت شد
TO-1069,هدف فنی,ر حالی که جدول ۸٫۱ سال ۵ را با ردیف‌های کامل,۱۰۴,—,— باید در بند متناظر نوشته شود,۱۴۰۵,C,HP-18,نوشتن مبنای عدد در بند متناظر — فعلاً بدون لنگرگاه (سطر 2302),ثبت شد
TO-1070,هدف فنی,ازگشت جدید جدول ۸٫۷ — ۱۷۶ دلار از راه‌حل ۸X و راه‌حل,۱۴۹٫۹,—,— باید در بند متناظر نوشته شود,۱۴۰۵,C,HP-18,نوشتن مبنای عدد در بند متناظر — فعلاً بدون لنگرگاه (سطر 2331),ثبت شد
FN-404,مالی,لار می‌شود، در حالی که نرخ روز کاری کارگر ساده,۱۴,—,— باید در بند متناظر نوشته شود,۱۴۰۵,C,HP-18,نوشتن مبنای عدد در بند متناظر — فعلاً بدون لنگرگاه (سطر 2409),ثبت شد
SP-34,گونه,شاخه‌برگ گونه‌کاه و تاغ,۰٫۲ تن در هکتار × ۱۴۰ دلار بر تن = ۲۸ دلار — از سال ۳,—,— باید در بند متناظر نوشته شود,۱۴۰۵,C,HP-18,نوشتن مبنای عدد در بند متناظر — فعلاً بدون لنگرگاه (سطر 2446),ثبت شد
TO-1071,هدف فنی,نان: C — فرض طراحی. بازده,۴۵,—,— باید در بند متناظر نوشته شود,۱۴۰۵,C,HP-18,نوشتن مبنای عدد در بند متناظر — فعلاً بدون لنگرگاه (سطر 2518),ثبت شد
SP-35,گونه,برای گونه‌کاه و تاغ در سه ردهٔ اقلیمی این بسته تأییدنشده است و در بند,۹٫۹۰,—,— باید در بند متناظر نوشته شود,۱۴۰۵,C,HP-18,نوشتن مبنای عدد در بند متناظر — فعلاً بدون لنگرگاه (سطر 2518),ثبت شد
TO-1072,هدف فنی,ینان: C — فرض طراحی. خودِ عدد,۲۰۰,—,— باید در بند متناظر نوشته شود,۱۴۰۵,C,HP-18,نوشتن مبنای عدد در بند متناظر — فعلاً بدون لنگرگاه (سطر 2536),ثبت شد
TO-1073,هدف فنی,ریوی تجمعی می‌دهد در برابر دامنهٔ ۱۱۰ تا ۱۹۹ دلار جدول,۹٫۳,—,— باید در بند متناظر نوشته شود,۱۴۰۵,C,HP-18,نوشتن مبنای عدد در بند متناظر — فعلاً بدون لنگرگاه (سطر 2560),ثبت شد
TO-1074,هدف فنی,بند ۹٫۷ و سند بستهٔ بهینهٔ هر اقلیم بخش,۶,—,— باید در بند متناظر نوشته شود,۱۴۰۵,C,HP-18,نوشتن مبنای عدد در بند متناظر — فعلاً بدون لنگرگاه (سطر 2592),ثبت شد
TO-1075,هدف فنی,ترین متغیر است. جدول,۹٫۵,—,— باید در بند متناظر نوشته شود,۱۴۰۵,C,HP-18,نوشتن مبنای عدد در بند متناظر — فعلاً بدون لنگرگاه (سطر 2705),ثبت شد
TO-1076,هدف فنی,حالت‌های ایمنی کارگر,RR-18-۰۲ تا RR-18-۰۵,فاقد شناسه,— باید در بند متناظر نوشته شود,۱۴۰۵,C,HP-18,نوشتن مبنای عدد در بند متناظر — فعلاً بدون لنگرگاه (سطر 3056),ثبت شد
TO-1077,هدف فنی,حالت‌های حکمرانی,RR-18-۰۶ و RR-18-۰۷ و RR-18-۱۰ و RR-18-۱۱ و RR-18-۱۳,فاقد شناسه,— باید در بند متناظر نوشته شود,۱۴۰۵,C,HP-18,نوشتن مبنای عدد در بند متناظر — فعلاً بدون لنگرگاه (سطر 3057),ثبت شد
TO-1078,هدف فنی,حالت‌های فنی,RR-18-۰۱ و RR-18-۰۸ و RR-18-۰۹ و RR-18-۱۲ و RR-18-۱۴,فاقد شناسه,— باید در بند متناظر نوشته شود,۱۴۰۵,C,HP-18,نوشتن مبنای عدد در بند متناظر — فعلاً بدون لنگرگاه (سطر 3058),ثبت شد
R-18,ریسک,حالت خرابی خودِ بسته,RR-18-۱۵,فاقد شناسه,— باید در بند متناظر نوشته شود,۱۴۰۵,C,HP-18,نوشتن مبنای عدد در بند متناظر — فعلاً بدون لنگرگاه (سطر 3059),ثبت شد
TO-1079,هدف فنی,جمع — HP-18,۱۵ شناسه,همه فاقد شناسه,— باید در بند متناظر نوشته شود,۱۴۰۵,C,HP-18,نوشتن مبنای عدد در بند متناظر — فعلاً بدون لنگرگاه (سطر 3060),ثبت شد
TO-1080,هدف فنی,راهنمای FAO — الزام آبشویی,بند ۶٫۹ · بند ۴٫۴ · بند ۱۰٫۲ ردیف بستر چاه و آبخوان,برآورده با قید,— باید در بند متناظر نوشته شود,۱۴۰۵,C,HP-18,نوشتن مبنای عدد در بند متناظر — فعلاً بدون لنگرگاه (سطر 3165),ثبت شد
TO-1081,هدف فنی,راهنمای ملی ۶۳۰ فصل ۳,بند ۱۰٫۲ و بند ۵٫۷,به کار رفته — شمارهٔ ویرایش تأییدنشده,— باید در بند متناظر نوشته شود,۱۴۰۵,C,HP-18,نوشتن مبنای عدد در بند متناظر — فعلاً بدون لنگرگاه (سطر 3254),ثبت شد
TO-1082,هدف فنی,شت ردیف این جدول همان هشت قلمی هستند که در فصل ۶ و بند,۱٫۶,—,— باید در بند متناظر نوشته شود,۱۴۰۵,C,HP-18,نوشتن مبنای عدد در بند متناظر — فعلاً بدون لنگرگاه (سطر 3441),ثبت شد
TO-1083,هدف فنی,عدهٔ هشت ردیف: هشت ردیف این جدول همان هشت قلمی هستند که در فصل ۶ و بند,۱٫۶,—,— باید در بند متناظر نوشته شود,۱۴۰۵,C,HP-18,نوشتن مبنای عدد در بند متناظر — فعلاً بدون لنگرگاه (سطر 3441),ثبت شد
TO-1084,هدف فنی,رسمی طرح,۱۴۰۵/۰۱/۰۱,—,— باید در بند متناظر نوشته شود,۱۴۰۵,C,HP-18,نوشتن مبنای عدد در بند متناظر — فعلاً بدون لنگرگاه (سطر 3551),ثبت شد
FN-405,مالی,هزینهٔ سرمایه‌ای (CAPEX) — زیرسازهٔ پوشش گیاهی متحرک,۲۶۰,دلار در هکتار,— باید در بند متناظر نوشته شود,۱۴۰۵,C,HP-18,نوشتن مبنای عدد در بند متناظر — فعلاً بدون لنگرگاه (سطر 3554),ثبت شد
FN-406,مالی,هزینهٔ سرمایه‌ای (CAPEX) — زیرسازهٔ کمربند تلمبار,۱۴۰,دلار در هکتار,— باید در بند متناظر نوشته شود,۱۴۰۵,C,HP-18,نوشتن مبنای عدد در بند متناظر — فعلاً بدون لنگرگاه (سطر 3555),ثبت شد
FN-407,مالی,هزینهٔ سرمایه‌ای (CAPEX) — تجهیزات و حمل مشترک,۲۵۹,دلار در هکتار,— باید در بند متناظر نوشته شود,۱۴۰۵,C,HP-18,نوشتن مبنای عدد در بند متناظر — فعلاً بدون لنگرگاه (سطر 3556),ثبت شد
FN-408,مالی,هزینهٔ سرمایه‌ای (CAPEX) — جمع,۶۵۹,دلار در هکتار,— باید در بند متناظر نوشته شود,۱۴۰۵,C,HP-18,نوشتن مبنای عدد در بند متناظر — فعلاً بدون لنگرگاه (سطر 3557),ثبت شد
FN-409,مالی,هزینهٔ عملیاتی سال ۲ تا ۵,۱۰۴,دلار در هکتار در سال,— باید در بند متناظر نوشته شود,۱۴۰۵,C,HP-18,نوشتن مبنای عدد در بند متناظر — فعلاً بدون لنگرگاه (سطر 3558),ثبت شد
FN-410,مالی,هزینهٔ عملیاتی سال ۶ تا ۱۰,۵۶,دلار در هکتار در سال,— باید در بند متناظر نوشته شود,۱۴۰۵,C,HP-18,نوشتن مبنای عدد در بند متناظر — فعلاً بدون لنگرگاه (سطر 3559),ثبت شد
FN-411,مالی,هزینهٔ کل افق ده ساله,۱٬۳۵۵,دلار در هکتار,— باید در بند متناظر نوشته شود,۱۴۰۵,C,HP-18,نوشتن مبنای عدد در بند متناظر — فعلاً بدون لنگرگاه (سطر 3560),ثبت شد
SC-248,مقیاس,منفعت مستقیم افق ده ساله,۲۳۲,دلار در هکتار,— باید در بند متناظر نوشته شود,۱۴۰۵,C,HP-18,نوشتن مبنای عدد در بند متناظر — فعلاً بدون لنگرگاه (سطر 3561),ثبت شد
FN-412,مالی,نسبت بسته‌ای مالی خالص,۰٫۱۷,نسبت,— باید در بند متناظر نوشته شود,۱۴۰۵,C,HP-18,نوشتن مبنای عدد در بند متناظر — فعلاً بدون لنگرگاه (سطر 3562),ثبت شد
FN-413,مالی,هزینهٔ اجتناب‌شدهٔ لازم برای بازگشت,۱۴۰,دلار در هکتار در سال,— باید در بند متناظر نوشته شود,۱۴۰۵,C,HP-18,نوشتن مبنای عدد در بند متناظر — فعلاً بدون لنگرگاه (سطر 3563),ثبت شد
FN-414,مالی,نرخ روز کاری کارگر ساده,۱۴,دلار بر روز-کارگر,— باید در بند متناظر نوشته شود,۱۴۰۵,C,HP-18,نوشتن مبنای عدد در بند متناظر — فعلاً بدون لنگرگاه (سطر 3565),ثبت شد
FN-415,مالی,نرخ روز کاری کارگر ماهر,۲۲,دلار بر روز-کارگر,— باید در بند متناظر نوشته شود,۱۴۰۵,C,HP-18,نوشتن مبنای عدد در بند متناظر — فعلاً بدون لنگرگاه (سطر 3566),ثبت شد
FN-416,مالی,نرخ روز کاری سرکارگر فنی,۳۰,دلار بر روز-کارگر,— باید در بند متناظر نوشته شود,۱۴۰۵,C,HP-18,نوشتن مبنای عدد در بند متناظر — فعلاً بدون لنگرگاه (سطر 3567),ثبت شد
SC-249,مقیاس,کارگری سال ۱ — زیرسازهٔ ۶a,۱۰,روز-کار در هکتار,— باید در بند متناظر نوشته شود,۱۴۰۵,C,HP-18,نوشتن مبنای عدد در بند متناظر — فعلاً بدون لنگرگاه (سطر 3568),ثبت شد
SC-250,مقیاس,کارگری سال ۱ — زیرسازهٔ ۶b,۶,روز-کار در هکتار,— باید در بند متناظر نوشته شود,۱۴۰۵,C,HP-18,نوشتن مبنای عدد در بند متناظر — فعلاً بدون لنگرگاه (سطر 3569),ثبت شد
SC-251,مقیاس,کارگری کل سال ۱,۱۶,نفر-روز در هکتار,— باید در بند متناظر نوشته شود,۱۴۰۵,C,HP-18,نوشتن مبنای عدد در بند متناظر — فعلاً بدون لنگرگاه (سطر 3570),ثبت شد
TO-1085,هدف فنی,زمان کل اجرا,۴,روز کاری با ۴ نفر,— باید در بند متناظر نوشته شود,۱۴۰۵,C,HP-18,نوشتن مبنای عدد در بند متناظر — فعلاً بدون لنگرگاه (سطر 3571),ثبت شد
SC-252,مقیاس,روش دستی — مجموع نفر-ساعت,۲۰۸,نفر-ساعت در هکتار,— باید در بند متناظر نوشته شود,۱۴۰۵,C,HP-18,نوشتن مبنای عدد در بند متناظر — فعلاً بدون لنگرگاه (سطر 3572),ثبت شد
SC-253,مقیاس,روش دستی — مجموع روز کاری,۲۶,روز کاری در هکتار,— باید در بند متناظر نوشته شود,۱۴۰۵,C,HP-18,نوشتن مبنای عدد در بند متناظر — فعلاً بدون لنگرگاه (سطر 3573),ثبت شد
SC-254,مقیاس,روش ماشینی — مجموع نفر-ساعت,۹۶,نفر-ساعت در هکتار,— باید در بند متناظر نوشته شود,۱۴۰۵,C,HP-18,نوشتن مبنای عدد در بند متناظر — فعلاً بدون لنگرگاه (سطر 3574),ثبت شد
SC-255,مقیاس,روش ماشینی — مجموع روز کاری,۱۲,روز کاری در هکتار,— باید در بند متناظر نوشته شود,۱۴۰۵,C,HP-18,نوشتن مبنای عدد در بند متناظر — فعلاً بدون لنگرگاه (سطر 3575),ثبت شد
SC-256,مقیاس,تراکم لکهٔ کاشت,۲۰۰,مترمربع در هکتار,— باید در بند متناظر نوشته شود,۱۴۰۵,C,HP-18,نوشتن مبنای عدد در بند متناظر — فعلاً بدون لنگرگاه (سطر 3576),ثبت شد
SC-257,مقیاس,طول کمربند تلمبار,۴۰,متر در هکتار,— باید در بند متناظر نوشته شود,۱۴۰۵,C,HP-18,نوشتن مبنای عدد در بند متناظر — فعلاً بدون لنگرگاه (سطر 3577),ثبت شد
TO-1086,هدف فنی,عرض مبنای کمربند تلمبار,۱۰,متر,— باید در بند متناظر نوشته شود,۱۴۰۵,C,HP-18,نوشتن مبنای عدد در بند متناظر — فعلاً بدون لنگرگاه (سطر 3578),ثبت شد
TO-1087,هدف فنی,ارتفاع کمربند تلمبار,۱٫۰,متر,— باید در بند متناظر نوشته شود,۱۴۰۵,C,HP-18,نوشتن مبنای عدد در بند متناظر — فعلاً بدون لنگرگاه (سطر 3579),ثبت شد
SC-258,مقیاس,حجم خاک تلمبار,۴۰۰,مترمکعب در هکتار,— باید در بند متناظر نوشته شود,۱۴۰۵,C,HP-18,نوشتن مبنای عدد در بند متناظر — فعلاً بدون لنگرگاه (سطر 3580),ثبت شد
SC-259,مقیاس,مصرف پسماند دامی,۴٫۵,تن در هکتار,— باید در بند متناظر نوشته شود,۱۴۰۵,C,HP-18,نوشتن مبنای عدد در بند متناظر — فعلاً بدون لنگرگاه (سطر 3581),ثبت شد
M-116,مواد,مادهٔ آلی لازم خاک تلمبار,۳٫۲,درصد وزنی,— باید در بند متناظر نوشته شود,۱۴۰۵,C,HP-18,نوشتن مبنای عدد در بند متناظر — فعلاً بدون لنگرگاه (سطر 3582),ثبت شد
SC-260,مقیاس,کسری مادهٔ آلی در نمونهٔ محاسبه,۰٫۵۹,تن در هکتار,— باید در بند متناظر نوشته شود,۱۴۰۵,C,HP-18,نوشتن مبنای عدد در بند متناظر — فعلاً بدون لنگرگاه (سطر 3583),ثبت شد
M-117,مواد,ترکیب خاک تلمبار — شن,۷۸,درصد وزنی,— باید در بند متناظر نوشته شود,۱۴۰۵,C,HP-18,نوشتن مبنای عدد در بند متناظر — فعلاً بدون لنگرگاه (سطر 3584),ثبت شد
M-118,مواد,ترکیب خاک تلمبار — سیلت,۱۶,درصد وزنی,— باید در بند متناظر نوشته شود,۱۴۰۵,C,HP-18,نوشتن مبنای عدد در بند متناظر — فعلاً بدون لنگرگاه (سطر 3585),ثبت شد
M-119,مواد,ترکیب خاک تلمبار — رس,۶,درصد وزنی,— باید در بند متناظر نوشته شود,۱۴۰۵,C,HP-18,نوشتن مبنای عدد در بند متناظر — فعلاً بدون لنگرگاه (سطر 3586),ثبت شد
FN-417,مالی,نرخ بذر بادرو و گونه‌کاه,۲٫۵,گرم در مترمربع,— باید در بند متناظر نوشته شود,۱۴۰۵,C,HP-18,نوشتن مبنای عدد در بند متناظر — فعلاً بدون لنگرگاه (سطر 3587),ثبت شد
TO-1088,هدف فنی,تراکم حصیره,۲۵۰,شاخه در مترمربع,— باید در بند متناظر نوشته شود,۱۴۰۵,C,HP-18,نوشتن مبنای عدد در بند متناظر — فعلاً بدون لنگرگاه (سطر 3588),ثبت شد
SC-261,مقیاس,تعداد چوب مهار,۶۰,عدد در هکتار,— باید در بند متناظر نوشته شود,۱۴۰۵,C,HP-18,نوشتن مبنای عدد در بند متناظر — فعلاً بدون لنگرگاه (سطر 3589),ثبت شد
TO-1089,هدف فنی,ضریب بی‌بعد باغنولد,۰٫۱,بدون بُعد,— باید در بند متناظر نوشته شود,۱۴۰۵,C,HP-18,نوشتن مبنای عدد در بند متناظر — فعلاً بدون لنگرگاه (سطر 3590),ثبت شد
TO-1090,هدف فنی,ضریب تبدیل به سرعت باد ۱۰ متری,۰٫۰۴,بدون بُعد,— باید در بند متناظر نوشته شود,۱۴۰۵,C,HP-18,نوشتن مبنای عدد در بند متناظر — فعلاً بدون لنگرگاه (سطر 3591),ثبت شد
TO-1091,هدف فنی,سرعت تنش برشی آستانه,۰٫۲۳۳,متر بر ثانیه,— باید در بند متناظر نوشته شود,۱۴۰۵,C,HP-18,نوشتن مبنای عدد در بند متناظر — فعلاً بدون لنگرگاه (سطر 3592),ثبت شد
TO-1092,هدف فنی,سرعت باد آستانه در ارتفاع ۱۰ متری,۵٫۸,متر بر ثانیه,— باید در بند متناظر نوشته شود,۱۴۰۵,C,HP-18,نوشتن مبنای عدد در بند متناظر — فعلاً بدون لنگرگاه (سطر 3593),ثبت شد
TO-1093,هدف فنی,ضریب بی‌بعد لتو,۰٫۰۴,بدون بُعد,— باید در بند متناظر نوشته شود,۱۴۰۵,C,HP-18,نوشتن مبنای عدد در بند متناظر — فعلاً بدون لنگرگاه (سطر 3594),ثبت شد
TO-1094,هدف فنی,ظرفیت انتقال شن در نمونهٔ محاسبه,۰٫۶۴۰,کیلوگرم بر متر بر ثانیه,— باید در بند متناظر نوشته شود,۱۴۰۵,C,HP-18,نوشتن مبنای عدد در بند متناظر — فعلاً بدون لنگرگاه (سطر 3595),ثبت شد
FN-418,مالی,نرخ پیشروی تپهٔ شنی بدون پوشش,۴۲۰,متر در سال,— باید در بند متناظر نوشته شود,۱۴۰۵,C,HP-18,نوشتن مبنای عدد در بند متناظر — فعلاً بدون لنگرگاه (سطر 3596),ثبت شد
TO-1095,هدف فنی,ضریب اطمینان شیب تلمبار در نمونهٔ محاسبه,۱٫۴۵,بدون بُعد,— باید در بند متناظر نوشته شود,۱۴۰۵,C,HP-18,نوشتن مبنای عدد در بند متناظر — فعلاً بدون لنگرگاه (سطر 3597),ثبت شد
TO-1096,هدف فنی,زاویهٔ حد بحرانی تلمبار,۲۷٫۵,درجه,— باید در بند متناظر نوشته شود,۱۴۰۵,C,HP-18,نوشتن مبنای عدد در بند متناظر — فعلاً بدون لنگرگاه (سطر 3598),ثبت شد
TO-1097,هدف فنی,کاهش بار گردوغبار با پوشش,۵۵,درصد,— باید در بند متناظر نوشته شود,۱۴۰۵,C,HP-18,نوشتن مبنای عدد در بند متناظر — فعلاً بدون لنگرگاه (سطر 3599),ثبت شد
FN-419,مالی,تراکم پوشش هدف,۰٫۱۸ تا ۰٫۲۴,نسبت پوشش سطح,— باید در بند متناظر نوشته شود,۱۴۰۵,C,HP-18,نوشتن مبنای عدد در بند متناظر — فعلاً بدون لنگرگاه (سطر 3600),ثبت شد
FN-420,مالی,نرخ بقای استقرار لکه — سال ۱,۶۰ تا ۷۰,درصد,— باید در بند متناظر نوشته شود,۱۴۰۵,C,HP-18,نوشتن مبنای عدد در بند متناظر — فعلاً بدون لنگرگاه (سطر 3601),ثبت شد
FN-421,مالی,نرخ بقای استقرار لکه — سال ۳ نسبت به سال ۱,۸۰,درصد,— باید در بند متناظر نوشته شود,۱۴۰۵,C,HP-18,نوشتن مبنای عدد در بند متناظر — فعلاً بدون لنگرگاه (سطر 3602),ثبت شد
SC-262,مقیاس,زمان نگهداری سالانه — HP-18,۴٫۸,روز کاری در هکتار,— باید در بند متناظر نوشته شود,۱۴۰۵,C,HP-18,نوشتن مبنای عدد در بند متناظر — فعلاً بدون لنگرگاه (سطر 3603),ثبت شد
FN-422,مالی,هزینهٔ مواد مصرفی نگهداری,۸,دلار در هکتار در سال,— باید در بند متناظر نوشته شود,۱۴۰۵,C,HP-18,نوشتن مبنای عدد در بند متناظر — فعلاً بدون لنگرگاه (سطر 3604),ثبت شد
FN-423,مالی,نسبت بسته‌ای با خدمات اکوسیستمی — یادداشت غیرنقدی,۱٫۶۰,نسبت,— باید در بند متناظر نوشته شود,۱۴۰۵,C,HP-18,نوشتن مبنای عدد در بند متناظر — فعلاً بدون لنگرگاه (سطر 3609),ثبت شد
FN-424,مالی,نسبت استقرار بستهٔ HP-18 به هزینهٔ کامل,۱۴٫۵,درصد,— باید در بند متناظر نوشته شود,۱۴۰۵,C,HP-18,نوشتن مبنای عدد در بند متناظر — فعلاً بدون لنگرگاه (سطر 3615),ثبت شد
SC-263,مقیاس,کاهش فرسایش سالانه — هدف این بسته,زیر ۵,تن در هکتار در سال,— باید در بند متناظر نوشته شود,۱۴۰۵,C,HP-18,نوشتن مبنای عدد در بند متناظر — فعلاً بدون لنگرگاه (سطر 3623),ثبت شد
TO-1098,هدف فنی,حداقل بارش مؤثر لازم برای استقرار در C9,۶۸,میلی‌متر در سال,— باید در بند متناظر نوشته شود,۱۴۰۵,C,HP-18,نوشتن مبنای عدد در بند متناظر — فعلاً بدون لنگرگاه (سطر 3626),ثبت شد
TO-1099,هدف فنی,حداقل بارش مؤثر لازم برای استقرار در C6,۱۰۲,میلی‌متر در سال,— باید در بند متناظر نوشته شود,۱۴۰۵,C,HP-18,نوشتن مبنای عدد در بند متناظر — فعلاً بدون لنگرگاه (سطر 3627),ثبت شد
TO-1100,هدف فنی,کسری بارش مؤثر در C9,۱۸,میلی‌متر در سال,— باید در بند متناظر نوشته شود,۱۴۰۵,C,HP-18,نوشتن مبنای عدد در بند متناظر — فعلاً بدون لنگرگاه (سطر 3628),ثبت شد
TO-1101,هدف فنی,کسری بارش مؤثر در C6,۶۲,میلی‌متر در سال,— باید در بند متناظر نوشته شود,۱۴۰۵,C,HP-18,نوشتن مبنای عدد در بند متناظر — فعلاً بدون لنگرگاه (سطر 3629),ثبت شد
TO-1102,هدف فنی,معادل باد آستانه با پوشش پوسته‌دار,۱۱٫۲,متر بر ثانیه,— باید در بند متناظر نوشته شود,۱۴۰۵,C,HP-18,نوشتن مبنای عدد در بند متناظر — فعلاً بدون لنگرگاه (سطر 3630),ثبت شد
TO-1103,هدف فنی,ضریب حفاظتی فرض طراحی,۰٫۳۰,بدون بُعد,— باید در بند متناظر نوشته شود,۱۴۰۵,C,HP-18,نوشتن مبنای عدد در بند متناظر — فعلاً بدون لنگرگاه (سطر 3631),ثبت شد
TO-1104,هدف فنی,ظرفیت انتقال با ضریب حفاظتی در نمونهٔ محاسبه,۰٫۱۹۲,کیلوگرم بر متر بر ثانیه,— باید در بند متناظر نوشته شود,۱۴۰۵,C,HP-18,نوشتن مبنای عدد در بند متناظر — فعلاً بدون لنگرگاه (سطر 3632),ثبت شد
FN-425,مالی,نرخ پیشروی تپه با ضریب حفاظتی,۱۲۶,متر در سال,— باید در بند متناظر نوشته شود,۱۴۰۵,C,HP-18,نوشتن مبنای عدد در بند متناظر — فعلاً بدون لنگرگاه (سطر 3633),ثبت شد
FN-426,مالی,نرخ نفوذ با پوستهٔ آب‌گریز,۴٫۵۳,میلی‌متر در ساعت,— باید در بند متناظر نوشته شود,۱۴۰۵,C,HP-18,نوشتن مبنای عدد در بند متناظر — فعلاً بدون لنگرگاه (سطر 3634),ثبت شد
FN-427,مالی,کاهش نرخ نفوذ بر اثر پوستهٔ آب‌گریز,۶۲,درصد,— باید در بند متناظر نوشته شود,۱۴۰۵,C,HP-18,نوشتن مبنای عدد در بند متناظر — فعلاً بدون لنگرگاه (سطر 3635),ثبت شد
TO-1105,هدف فنی,شاخص آب‌گریزی فرض,۰٫۷۰,بدون بُعد,— باید در بند متناظر نوشته شود,۱۴۰۵,C,HP-18,نوشتن مبنای عدد در بند متناظر — فعلاً بدون لنگرگاه (سطر 3636),ثبت شد
TO-1106,هدف فنی,ضریب آب‌بندی فرض,۰٫۳۵,بدون بُعد,— باید در بند متناظر نوشته شود,۱۴۰۵,C,HP-18,نوشتن مبنای عدد در بند متناظر — فعلاً بدون لنگرگاه (سطر 3637),ثبت شد
SC-264,مقیاس,بار سوخت سطحی در نمونهٔ محاسبه,۵٫۲۸,تن در هکتار,— باید در بند متناظر نوشته شود,۱۴۰۵,C,HP-18,نوشتن مبنای عدد در بند متناظر — فعلاً بدون لنگرگاه (سطر 3638),ثبت شد
SC-265,مقیاس,معادل بار سوخت برای ضخامت ۵ سانتی‌متری بقایا,۴٫۴,تن در هکتار,— باید در بند متناظر نوشته شود,۱۴۰۵,C,HP-18,نوشتن مبنای عدد در بند متناظر — فعلاً بدون لنگرگاه (سطر 3639),ثبت شد
TO-1107,هدف فنی,کسر پنجرهٔ مجاز سوزاندن تجویزی,۰٫۲۵,بدون بُعد,— باید در بند متناظر نوشته شود,۱۴۰۵,C,HP-18,نوشتن مبنای عدد در بند متناظر — فعلاً بدون لنگرگاه (سطر 3640),ثبت شد
TO-1108,هدف فنی,طول پنجرهٔ سوزاندن تجویزی,۹۰,روز,— باید در بند متناظر نوشته شود,۱۴۰۵,C,HP-18,نوشتن مبنای عدد در بند متناظر — فعلاً بدون لنگرگاه (سطر 3641),ثبت شد
SC-266,مقیاس,تراکم تمرکز دام پیش از پاسخ حکمرانی,۶۰۰,دام در هکتار,— باید در بند متناظر نوشته شود,۱۴۰۵,C,HP-18,نوشتن مبنای عدد در بند متناظر — فعلاً بدون لنگرگاه (سطر 3642),ثبت شد
SC-267,مقیاس,تراکم تمرکز دام پس از دو پاسخ حکمرانی,۶۷,دام در هکتار,— باید در بند متناظر نوشته شود,۱۴۰۵,C,HP-18,نوشتن مبنای عدد در بند متناظر — فعلاً بدون لنگرگاه (سطر 3643),ثبت شد
SC-268,مقیاس,تراکم مرجع تحمل دام,۴۰۰,دام در هکتار,— باید در بند متناظر نوشته شود,۱۴۰۵,C,HP-18,نوشتن مبنای عدد در بند متناظر — فعلاً بدون لنگرگاه (سطر 3644),ثبت شد
SC-269,مقیاس,اندازهٔ سطح پناه‌دار هدف,۱٫۲,هکتار,— باید در بند متناظر نوشته شود,۱۴۰۵,C,HP-18,نوشتن مبنای عدد در بند متناظر — فعلاً بدون لنگرگاه (سطر 3645),ثبت شد
SC-270,مقیاس,بار گردوغبار معلق با پوشش,۹٫۷,کیلوگرم در هکتار در سال,— باید در بند متناظر نوشته شود,۱۴۰۵,C,HP-18,نوشتن مبنای عدد در بند متناظر — فعلاً بدون لنگرگاه (سطر 3646),ثبت شد
SC-271,مقیاس,بار گردوغبار معلق سطح لخت,۳۲٫۳,کیلوگرم در هکتار در سال,— باید در بند متناظر نوشته شود,۱۴۰۵,C,HP-18,نوشتن مبنای عدد در بند متناظر — فعلاً بدون لنگرگاه (سطر 3647),ثبت شد
TO-1109,هدف فنی,کاهش انتشار گردوغبار با پوشش,۷۰,درصد,— باید در بند متناظر نوشته شود,۱۴۰۵,C,HP-18,نوشتن مبنای عدد در بند متناظر — فعلاً بدون لنگرگاه (سطر 3648),ثبت شد
FN-428,مالی,نرخ بقای استقرار — سناریوی بدبینانه,۳۵,درصد,— باید در بند متناظر نوشته شود,۱۴۰۵,C,HP-18,نوشتن مبنای عدد در بند متناظر — فعلاً بدون لنگرگاه (سطر 3649),ثبت شد
SC-272,مقیاس,بازده سالانه — سناریوی خوش‌بینانه,۴۵,دلار در هکتار در سال,— باید در بند متناظر نوشته شود,۱۴۰۵,C,HP-18,نوشتن مبنای عدد در بند متناظر — فعلاً بدون لنگرگاه (سطر 3650),ثبت شد
FN-429,مالی,هزینهٔ سرمایه‌ای با شوک دستمزد,۸۱۹,دلار در هکتار,— باید در بند متناظر نوشته شود,۱۴۰۵,C,HP-18,نوشتن مبنای عدد در بند متناظر — فعلاً بدون لنگرگاه (سطر 3651),ثبت شد
FN-430,مالی,هزینهٔ سرمایه‌ای با شوک آب در C10,۸۵۹,دلار در هکتار,— باید در بند متناظر نوشته شود,۱۴۰۵,C,HP-18,نوشتن مبنای عدد در بند متناظر — فعلاً بدون لنگرگاه (سطر 3652),ثبت شد
FN-431,مالی,هزینهٔ ده‌ساله در سناریوی رهاسازی,۹۷۱,دلار در هکتار,— باید در بند متناظر نوشته شود,۱۴۰۵,C,HP-18,نوشتن مبنای عدد در بند متناظر — فعلاً بدون لنگرگاه (سطر 3653),ثبت شد
SC-273,مقیاس,منفعت ده‌ساله در سناریوی رهاسازی,۹۲,دلار در هکتار,— باید در بند متناظر نوشته شود,۱۴۰۵,C,HP-18,نوشتن مبنای عدد در بند متناظر — فعلاً بدون لنگرگاه (سطر 3654),ثبت شد
FN-432,مالی,نسبت بسته‌ای در سناریوی رهاسازی,۰٫۰۹,نسبت,— باید در بند متناظر نوشته شود,۱۴۰۵,C,HP-18,نوشتن مبنای عدد در بند متناظر — فعلاً بدون لنگرگاه (سطر 3655),ثبت شد
FN-433,مالی,شرط بازگشت در سناریوی رهاسازی,۱۱۰,دلار در هکتار در سال,— باید در بند متناظر نوشته شود,۱۴۰۵,C,HP-18,نوشتن مبنای عدد در بند متناظر — فعلاً بدون لنگرگاه (سطر 3656),ثبت شد
TO-1110,هدف فنی,سال بازنشستگی فنی در سناریوی رهاسازی,۷,سال,— باید در بند متناظر نوشته شود,۱۴۰۵,C,HP-18,نوشتن مبنای عدد در بند متناظر — فعلاً بدون لنگرگاه (سطر 3657),ثبت شد
TO-1111,هدف فنی,حداقل عمر عملکردی قابل قبول,۳,سال,— باید در بند متناظر نوشته شود,۱۴۰۵,C,HP-18,نوشتن مبنای عدد در بند متناظر — فعلاً بدون لنگرگاه (سطر 3658),ثبت شد
TO-1112,هدف فنی,افت عمر به ازای هر واحد کسری نگهداری,۲٫۵,سال بر واحد,— باید در بند متناظر نوشته شود,۱۴۰۵,C,HP-18,نوشتن مبنای عدد در بند متناظر — فعلاً بدون لنگرگاه (سطر 3659),ثبت شد
FN-434,مالی,جمع هزینهٔ سه سناریوی خرابی تجمعی,۲۱۲,دلار در هکتار,— باید در بند متناظر نوشته شود,۱۴۰۵,C,HP-18,نوشتن مبنای عدد در بند متناظر — فعلاً بدون لنگرگاه (سطر 3660),ثبت شد
FN-435,مالی,هزینهٔ کل با پاسخ سناریوی تجمعی S-M1,۱٬۴۳۱,دلار در هکتار,— باید در بند متناظر نوشته شود,۱۴۰۵,C,HP-18,نوشتن مبنای عدد در بند متناظر — فعلاً بدون لنگرگاه (سطر 3661),ثبت شد
FN-436,مالی,هزینهٔ کل با پاسخ سناریوی تجمعی S-M2,۱٬۴۲۵,دلار در هکتار,— باید در بند متناظر نوشته شود,۱۴۰۵,C,HP-18,نوشتن مبنای عدد در بند متناظر — فعلاً بدون لنگرگاه (سطر 3662),ثبت شد
FN-437,مالی,هزینهٔ کل با پاسخ سناریوی تجمعی S-M3,۱٬۴۲۱,دلار در هکتار,— باید در بند متناظر نوشته شود,۱۴۰۵,C,HP-18,نوشتن مبنای عدد در بند متناظر — فعلاً بدون لنگرگاه (سطر 3663),ثبت شد
FN-438,مالی,جمع هزینهٔ مواد افق ده ساله,۸۸,دلار در هکتار,— باید در بند متناظر نوشته شود,۱۴۰۵,C,HP-18,نوشتن مبنای عدد در بند متناظر — فعلاً بدون لنگرگاه (سطر 3664),ثبت شد
FN-439,مالی,سهم مواد از هزینهٔ کل افق ده ساله,۰٫۰۷,نسبت,— باید در بند متناظر نوشته شود,۱۴۰۵,C,HP-18,نوشتن مبنای عدد در بند متناظر — فعلاً بدون لنگرگاه (سطر 3665),ثبت شد
TO-1113,هدف فنی,ظرفیت روزانهٔ تیم چهار نفره,۳۲,نفر-ساعت,— باید در بند متناظر نوشته شود,۱۴۰۵,C,HP-18,نوشتن مبنای عدد در بند متناظر — فعلاً بدون لنگرگاه (سطر 3666),ثبت شد
TO-1114,هدف فنی,زمان تقویمی روش دستی خالص,۶٫۵,روز تقویمی,— باید در بند متناظر نوشته شود,۱۴۰۵,C,HP-18,نوشتن مبنای عدد در بند متناظر — فعلاً بدون لنگرگاه (سطر 3667),ثبت شد
TO-1115,هدف فنی,اختلاف ظرفیت دستی و پذیرش بسته,۱۰,نفر-روز,— باید در بند متناظر نوشته شود,۱۴۰۵,C,HP-18,نوشتن مبنای عدد در بند متناظر — فعلاً بدون لنگرگاه (سطر 3668),ثبت شد
FN-440,مالی,هزینهٔ نگهداری تجهیزات,۱۴,دلار در هکتار در سال,— باید در بند متناظر نوشته شود,۱۴۰۵,C,HP-18,نوشتن مبنای عدد در بند متناظر — فعلاً بدون لنگرگاه (سطر 3669),ثبت شد
FN-441,مالی,معادل بازدهی پایه بازگشت,۱٬۱۲۳,دلار در هکتار,— باید در بند متناظر نوشته شود,۱۴۰۵,C,HP-18,نوشتن مبنای عدد در بند متناظر — فعلاً بدون لنگرگاه (سطر 3670),ثبت شد
MD-14,مدل شبیه‌سازی,تعداد مدل‌های محاسباتی,۱۲,مدل,— باید در بند متناظر نوشته شود,۱۴۰۵,C,HP-18,نوشتن مبنای عدد در بند متناظر — فعلاً بدون لنگرگاه (سطر 3671),ثبت شد
R-19,ریسک,تعداد حالت خرابی در رجیستری — HP-18,۱۵,حالت,— باید در بند متناظر نوشته شود,۱۴۰۵,C,HP-18,نوشتن مبنای عدد در بند متناظر — فعلاً بدون لنگرگاه (سطر 3672),ثبت شد
TO-1116,هدف فنی,تعداد سناریوی اقتصادی — HP-18,۶,سناریو,— باید در بند متناظر نوشته شود,۱۴۰۵,C,HP-18,نوشتن مبنای عدد در بند متناظر — فعلاً بدون لنگرگاه (سطر 3673),ثبت شد
TO-1117,هدف فنی,تعداد سناریوی اقلیمی,۳,سناریو,— باید در بند متناظر نوشته شود,۱۴۰۵,C,HP-18,نوشتن مبنای عدد در بند متناظر — فعلاً بدون لنگرگاه (سطر 3674),ثبت شد
TO-1118,هدف فنی,تعداد نمونهٔ شکست مستند,۳,نمونه,— باید در بند متناظر نوشته شود,۱۴۰۵,C,HP-18,نوشتن مبنای عدد در بند متناظر — فعلاً بدون لنگرگاه (سطر 3675),ثبت شد
TO-1119,هدف فنی,تعداد الزام با وضعیت برآورده,۴,ردیف,— باید در بند متناظر نوشته شود,۱۴۰۵,C,HP-18,نوشتن مبنای عدد در بند متناظر — فعلاً بدون لنگرگاه (سطر 3677),ثبت شد
TO-1120,هدف فنی,تعداد الزام با وضعیت برآورده با قید,۱۲,ردیف,— باید در بند متناظر نوشته شود,۱۴۰۵,C,HP-18,نوشتن مبنای عدد در بند متناظر — فعلاً بدون لنگرگاه (سطر 3678),ثبت شد
TO-1121,هدف فنی,تعداد الزام با وضعیت برآورده نشده,۴,ردیف,— باید در بند متناظر نوشته شود,۱۴۰۵,C,HP-18,نوشتن مبنای عدد در بند متناظر — فعلاً بدون لنگرگاه (سطر 3679),ثبت شد
TO-1122,هدف فنی,سطر مغایرت,کاهش بار باد: مدل ۴ در تراکم پوشش ۰٫۲۰ کاهش ۵۵ درصد می‌دهد در برابر کاهش ۷۰ درصدی مدل ۱۱ در همان تراکم,درصد,— باید در بند متناظر نوشته شود,۱۴۰۵,C,HP-18,نوشتن مبنای عدد در بند متناظر — فعلاً بدون لنگرگاه (سطر 3684),ثبت شد
TO-1123,هدف فنی,سطر مغایرت,نرخ کارگری زیرسازهٔ ۶a: ۰٫۱ روز-کار در مترمربع در سند بستهٔ بهینهٔ هر اقلیم در برابر ۰٫۰۵ روز-کار در مترمربع بازمحاسبه‌شده در این کتابچه,روز-کار در مترمربع,— باید در بند متناظر نوشته شود,۱۴۰۵,C,HP-18,نوشتن مبنای عدد در بند متناظر — فعلاً بدون لنگرگاه (سطر 3685),ثبت شد
SC-274,مقیاس,سطر مغایرت,هزینهٔ زیرسازهٔ ۶a: ۲۶۰ دلار در سند بستهٔ بهینهٔ هر اقلیم در برابر ۵۲۰ دلار بازمحاسبه‌شده از نرخ واحد ۲٫۶۰ دلار در مترمربع,دلار در هکتار,— باید در بند متناظر نوشته شود,۱۴۰۵,C,HP-18,نوشتن مبنای عدد در بند متناظر — فعلاً بدون لنگرگاه (سطر 3686),ثبت شد
SC-275,مقیاس,سطر مغایرت,هزینهٔ زیرسازهٔ ۶b: ۱۴۰ دلار در سند بستهٔ بهینهٔ هر اقلیم در برابر ۹۸ دلار بازمحاسبه‌شده از نرخ ۰٫۱ روز-کار در متر,دلار در هکتار,— باید در بند متناظر نوشته شود,۱۴۰۵,C,HP-18,نوشتن مبنای عدد در بند متناظر — فعلاً بدون لنگرگاه (سطر 3687),ثبت شد
SC-276,مقیاس,سطر مغایرت,هزینهٔ جمع دو زیرسازه: ۴۰۰ دلار در سند بستهٔ بهینهٔ هر اقلیم در برابر ۶۵۹ دلار با افزوده‌شدن تجهیزات و حمل در این کتابچه,دلار در هکتار,— باید در بند متناظر نوشته شود,۱۴۰۵,C,HP-18,نوشتن مبنای عدد در بند متناظر — فعلاً بدون لنگرگاه (سطر 3688),ثبت شد
SC-277,مقیاس,سطر مغایرت,هزینهٔ یکسان زیرسازهٔ ۶a در دو جدول اقلیمی سند بستهٔ بهینهٔ هر اقلیم: ۲۶۰ دلار برای C6 و ۳۱۰ دلار برای C9، در حالی که زیرسازه و تراکم آن یکسان است,دلار در هکتار,— باید در بند متناظر نوشته شود,۱۴۰۵,C,HP-18,نوشتن مبنای عدد در بند متناظر — فعلاً بدون لنگرگاه (سطر 3689),ثبت شد
TO-1124,هدف فنی,عرض و ارتفاع تلمبار,۱۰ و ۱٫۰,متر,— باید در بند متناظر نوشته شود,۱۴۰۵,C,HP-18,نوشتن مبنای عدد در بند متناظر — فعلاً بدون لنگرگاه (سطر 3933),ثبت شد
M-120,مواد,مادهٔ آلی لازم تلمبار,۳٫۲,درصد وزنی,— باید در بند متناظر نوشته شود,۱۴۰۵,C,HP-18,نوشتن مبنای عدد در بند متناظر — فعلاً بدون لنگرگاه (سطر 3936),ثبت شد
FN-442,مالی,نرخ بذر بادرو,۰٫۵,کیلوگرم در هکتار,— باید در بند متناظر نوشته شود,۱۴۰۵,C,HP-18,نوشتن مبنای عدد در بند متناظر — فعلاً بدون لنگرگاه (سطر 3937),ثبت شد
TO-1125,هدف فنی,تراکم حصیره,۲۰۰ تا ۳۰۰,شاخه در مترمربع,— باید در بند متناظر نوشته شود,۱۴۰۵,C,HP-18,نوشتن مبنای عدد در بند متناظر — فعلاً بدون لنگرگاه (سطر 3938),ثبت شد
TO-1126,هدف فنی,اختلاف شیب لکه,حداکثر ۵,درصد,— باید در بند متناظر نوشته شود,۱۴۰۵,C,HP-18,نوشتن مبنای عدد در بند متناظر — فعلاً بدون لنگرگاه (سطر 3940),ثبت شد
TO-1127,هدف فنی,ارتفاع تلمبار,۱ تا ۱٫۵,متر,— باید در بند متناظر نوشته شود,۱۴۰۵,C,HP-18,نوشتن مبنای عدد در بند متناظر — فعلاً بدون لنگرگاه (سطر 3941),ثبت شد
TO-1128,هدف فنی,شیب تلمبار,حداکثر ۲۵,درصد,— باید در بند متناظر نوشته شود,۱۴۰۵,C,HP-18,نوشتن مبنای عدد در بند متناظر — فعلاً بدون لنگرگاه (سطر 3942),ثبت شد
SC-278,مقیاس,طول تلمبار در حالت تشدید,۶۰,متر در هکتار,— باید در بند متناظر نوشته شود,۱۴۰۵,C,HP-18,نوشتن مبنای عدد در بند متناظر — فعلاً بدون لنگرگاه (سطر 3943),ثبت شد
TO-1129,هدف فنی,پیشروی شن — آستانهٔ مداخله,۱۰۰,متر در سال,— باید در بند متناظر نوشته شود,۱۴۰۵,C,HP-18,نوشتن مبنای عدد در بند متناظر — فعلاً بدون لنگرگاه (سطر 3944),ثبت شد
TO-1130,هدف فنی,پیشروی شن — آستانهٔ بازطراحی,۲۰۰,متر در سال,— باید در بند متناظر نوشته شود,۱۴۰۵,C,HP-18,نوشتن مبنای عدد در بند متناظر — فعلاً بدون لنگرگاه (سطر 3945),ثبت شد
FN-443,مالی,نرخ بقای استقرار — سال ۱,۶۰ تا ۷۰,درصد,— باید در بند متناظر نوشته شود,۱۴۰۵,C,HP-18,نوشتن مبنای عدد در بند متناظر — فعلاً بدون لنگرگاه (سطر 3946),ثبت شد
FN-444,مالی,پوشش سطح لکه,۰٫۱۸ تا ۰٫۲۴,نسبت سطح,— باید در بند متناظر نوشته شود,۱۴۰۵,C,HP-18,نوشتن مبنای عدد در بند متناظر — فعلاً بدون لنگرگاه (سطر 3947),ثبت شد
TO-1131,هدف فنی,کاهش بار گرد و غبار,۵۰ تا ۷۰,درصد در سال ۵,— باید در بند متناظر نوشته شود,۱۴۰۵,C,HP-18,نوشتن مبنای عدد در بند متناظر — فعلاً بدون لنگرگاه (سطر 3948),ثبت شد
FN-445,مالی,نرخ فرسایش بادی,زیر ۵,تن در هکتار در سال,— باید در بند متناظر نوشته شود,۱۴۰۵,C,HP-18,نوشتن مبنای عدد در بند متناظر — فعلاً بدون لنگرگاه (سطر 3949),ثبت شد
TO-1132,هدف فنی,ضریب اطمینان شیب,۱٫۲۵,بدون بُعد,— باید در بند متناظر نوشته شود,۱۴۰۵,C,HP-18,نوشتن مبنای عدد در بند متناظر — فعلاً بدون لنگرگاه (سطر 3950),ثبت شد
TO-1133,هدف فنی,سرعت باد برای توقف کار,۵٫۸,متر بر ثانیه,— باید در بند متناظر نوشته شود,۱۴۰۵,C,HP-18,نوشتن مبنای عدد در بند متناظر — فعلاً بدون لنگرگاه (سطر 3951),ثبت شد
TO-1134,هدف فنی,دمای هوا برای توقف کار,۴۰,درجهٔ سلسیوس,— باید در بند متناظر نوشته شود,۱۴۰۵,C,HP-18,نوشتن مبنای عدد در بند متناظر — فعلاً بدون لنگرگاه (سطر 3952),ثبت شد
TO-1135,هدف فنی,فاصلهٔ ایمن از عقرب و مار,۲,متر,— باید در بند متناظر نوشته شود,۱۴۰۵,C,HP-18,نوشتن مبنای عدد در بند متناظر — فعلاً بدون لنگرگاه (سطر 3953),ثبت شد
TO-1136,هدف فنی,شعاع ممنوعهٔ چرا پیرامون آب,۱۵۰,متر,— باید در بند متناظر نوشته شود,۱۴۰۵,C,HP-18,نوشتن مبنای عدد در بند متناظر — فعلاً بدون لنگرگاه (سطر 3954),ثبت شد
CB-13,کربن,پیکربندی بقاپذیری تلمبار,۵,سانتی‌متر ضخامت بقایا,— باید در بند متناظر نوشته شود,۱۴۰۵,C,HP-18,نوشتن مبنای عدد در بند متناظر — فعلاً بدون لنگرگاه (سطر 3955),ثبت شد
TO-1137,هدف فنی,زمان اجرا,۴,روز کاری با ۴ نفر,— باید در بند متناظر نوشته شود,۱۴۰۵,C,HP-18,نوشتن مبنای عدد در بند متناظر — فعلاً بدون لنگرگاه (سطر 3956),ثبت شد
SC-279,مقیاس,نفر-روز اجرا — HP-18,۱۶,نفر-روز در هکتار,— باید در بند متناظر نوشته شود,۱۴۰۵,C,HP-18,نوشتن مبنای عدد در بند متناظر — فعلاً بدون لنگرگاه (سطر 3957),ثبت شد
FN-446,مالی,نرخ روز کاری سرکارگر,۳۰,دلار بر روز,— باید در بند متناظر نوشته شود,۱۴۰۵,C,HP-18,نوشتن مبنای عدد در بند متناظر — فعلاً بدون لنگرگاه (سطر 3958),ثبت شد
FN-447,مالی,نرخ روز کاری کارگر ماهر,۲۲,دلار بر روز,— باید در بند متناظر نوشته شود,۱۴۰۵,C,HP-18,نوشتن مبنای عدد در بند متناظر — فعلاً بدون لنگرگاه (سطر 3959),ثبت شد
FN-448,مالی,نرخ روز کاری کارگر ساده,۱۴,دلار بر روز,— باید در بند متناظر نوشته شود,۱۴۰۵,C,HP-18,نوشتن مبنای عدد در بند متناظر — فعلاً بدون لنگرگاه (سطر 3960),ثبت شد
TO-1138,هدف فنی,جمع مزد چهار روز — HP-18,۳۲۰,دلار,— باید در بند متناظر نوشته شود,۱۴۰۵,C,HP-18,نوشتن مبنای عدد در بند متناظر — فعلاً بدون لنگرگاه (سطر 3961),ثبت شد
FN-449,مالی,هزینهٔ کل مواد,۸۰,دلار در هکتار,— باید در بند متناظر نوشته شود,۱۴۰۵,C,HP-18,نوشتن مبنای عدد در بند متناظر — فعلاً بدون لنگرگاه (سطر 3962),ثبت شد
FN-450,مالی,هزینهٔ کل کار,۶۵۹,دلار در هکتار,— باید در بند متناظر نوشته شود,۱۴۰۵,C,HP-18,نوشتن مبنای عدد در بند متناظر — فعلاً بدون لنگرگاه (سطر 3963),ثبت شد
TO-1139,هدف فنی,حداقل بارش مؤثر لازم — C9,۶۸,میلی‌متر در سال,— باید در بند متناظر نوشته شود,۱۴۰۵,C,HP-18,نوشتن مبنای عدد در بند متناظر — فعلاً بدون لنگرگاه (سطر 3964),ثبت شد
TO-1140,هدف فنی,حداقل بارش مؤثر لازم — C6,۱۰۲,میلی‌متر در سال,— باید در بند متناظر نوشته شود,۱۴۰۵,C,HP-18,نوشتن مبنای عدد در بند متناظر — فعلاً بدون لنگرگاه (سطر 3965),ثبت شد
TO-1141,هدف فنی,آستانهٔ گسست بارش,۷۰,میلی‌متر در سال,— باید در بند متناظر نوشته شود,۱۴۰۵,C,HP-18,نوشتن مبنای عدد در بند متناظر — فعلاً بدون لنگرگاه (سطر 3966),ثبت شد
TO-1142,هدف فنی,معادل باد آستانه با پوشش,۱۱٫۲,متر بر ثانیه,— باید در بند متناظر نوشته شود,۱۴۰۵,C,HP-18,نوشتن مبنای عدد در بند متناظر — فعلاً بدون لنگرگاه (سطر 3967),ثبت شد
FN-451,مالی,نرخ پیشروی شن با پوشش,۱۲۶,متر در سال,— باید در بند متناظر نوشته شود,۱۴۰۵,C,HP-18,نوشتن مبنای عدد در بند متناظر — فعلاً بدون لنگرگاه (سطر 3968),ثبت شد
TO-1143,هدف فنی,کسری بارش مؤثر — C9,۱۸,میلی‌متر در سال,— باید در بند متناظر نوشته شود,۱۴۰۵,C,HP-18,نوشتن مبنای عدد در بند متناظر — فعلاً بدون لنگرگاه (سطر 3969),ثبت شد
TO-1144,هدف فنی,ضخامت بقایا برای سوزاندن,۵,سانتی‌متر,— باید در بند متناظر نوشته شود,۱۴۰۵,C,HP-18,نوشتن مبنای عدد در بند متناظر — فعلاً بدون لنگرگاه (سطر 3970),ثبت شد
SC-280,مقیاس,معادل بار سوخت برای سوزاندن,۴٫۴,تن در هکتار,— باید در بند متناظر نوشته شود,۱۴۰۵,C,HP-18,نوشتن مبنای عدد در بند متناظر — فعلاً بدون لنگرگاه (سطر 3971),ثبت شد
TO-1145,هدف فنی,پنجرهٔ سوزاندن تجویزی,۹۰,روز,— باید در بند متناظر نوشته شود,۱۴۰۵,C,HP-18,نوشتن مبنای عدد در بند متناظر — فعلاً بدون لنگرگاه (سطر 3972),ثبت شد
SC-281,مقیاس,تراکم تمرکز دام — پیش از پاسخ,۶۰۰,دام در هکتار,— باید در بند متناظر نوشته شود,۱۴۰۵,C,HP-18,نوشتن مبنای عدد در بند متناظر — فعلاً بدون لنگرگاه (سطر 3973),ثبت شد
SC-282,مقیاس,تراکم تمرکز دام — پس از پاسخ,۶۷,دام در هکتار,— باید در بند متناظر نوشته شود,۱۴۰۵,C,HP-18,نوشتن مبنای عدد در بند متناظر — فعلاً بدون لنگرگاه (سطر 3974),ثبت شد
TO-1146,هدف فنی,سقف روزهای چرا در سال,۱۰۵,روز,— باید در بند متناظر نوشته شود,۱۴۰۵,C,HP-18,نوشتن مبنای عدد در بند متناظر — فعلاً بدون لنگرگاه (سطر 3976),ثبت شد
TO-1147,هدف فنی,مدت دورهٔ چرای هر نوبت,۴۰,روز,— باید در بند متناظر نوشته شود,۱۴۰۵,C,HP-18,نوشتن مبنای عدد در بند متناظر — فعلاً بدون لنگرگاه (سطر 3977),ثبت شد
SC-283,مقیاس,بار گردوغبار با پوشش,۹٫۷,کیلوگرم در هکتار در سال,— باید در بند متناظر نوشته شود,۱۴۰۵,C,HP-18,نوشتن مبنای عدد در بند متناظر — فعلاً بدون لنگرگاه (سطر 3978),ثبت شد
TO-1148,هدف فنی,سال بازنشستگی فنی در حالت رهاسازی,۷,سال,— باید در بند متناظر نوشته شود,۱۴۰۵,C,HP-18,نوشتن مبنای عدد در بند متناظر — فعلاً بدون لنگرگاه (سطر 3979),ثبت شد
FN-452,مالی,هزینهٔ ده‌ساله در حالت رهاسازی,۹۷۱,دلار در هکتار,— باید در بند متناظر نوشته شود,۱۴۰۵,C,HP-18,نوشتن مبنای عدد در بند متناظر — فعلاً بدون لنگرگاه (سطر 3980),ثبت شد
FN-453,مالی,هزینهٔ آبیاری استقرار در C10,۲۰۰,دلار در هکتار,— باید در بند متناظر نوشته شود,۱۴۰۵,C,HP-18,نوشتن مبنای عدد در بند متناظر — فعلاً بدون لنگرگاه (سطر 3981),ثبت شد
PR-20,قیمت,هزینهٔ سرمایه,کمترین سهم در سبد — کمتر از ۲ درصد کل طرح,قیمت واحد در رجیستر ثبت نشده، CAPEX تأییدنشده,— باید در بند متناظر نوشته شود,۱۴۰۵,C,HP-19,نوشتن مبنای عدد در بند متناظر — فعلاً بدون لنگرگاه (سطر 146),ثبت شد
FN-454,مالی,نسبت بذر گلدهنده به بذر زراعی,مقدار هدف طراحی — بند ۶٫۲,مقدار بدون ثبت — تأییدنشده,— باید در بند متناظر نوشته شود,۱۴۰۵,C,HP-19,نوشتن مبنای عدد در بند متناظر — فعلاً بدون لنگرگاه (سطر 226),ثبت شد
TO-1149,هدف فنی,مقدار هدف طراحی برای R_f در این فصل,۴۰۰,—,— باید در بند متناظر نوشته شود,۱۴۰۵,C,HP-19,نوشتن مبنای عدد در بند متناظر — فعلاً بدون لنگرگاه (سطر 312),ثبت شد
SP-36,گونه,ن: C — فرض طراحی. تقویم واقعی گل‌دهی هر گونه در فصل,۶,—,— باید در بند متناظر نوشته شود,۱۴۰۵,C,HP-19,نوشتن مبنای عدد در بند متناظر — فعلاً بدون لنگرگاه (سطر 340),ثبت شد
TO-1150,هدف فنی,سرپرست کارگاه — HP-19,۱,آموزش‌دیدهٔ بسته,— باید در بند متناظر نوشته شود,۱۴۰۵,C,HP-19,نوشتن مبنای عدد در بند متناظر — فعلاً بدون لنگرگاه (سطر 517),ثبت شد
TO-1151,هدف فنی,کارگر فنی,۲,بدون تخصص ویژه,— باید در بند متناظر نوشته شود,۱۴۰۵,C,HP-19,نوشتن مبنای عدد در بند متناظر — فعلاً بدون لنگرگاه (سطر 518),ثبت شد
TO-1152,هدف فنی,کارآموز محلی — HP-19,۱,بدون تخصص ویژه,— باید در بند متناظر نوشته شود,۱۴۰۵,C,HP-19,نوشتن مبنای عدد در بند متناظر — فعلاً بدون لنگرگاه (سطر 519),ثبت شد
TO-1153,هدف فنی,منبع جدول,۵٫۲,—,— باید در بند متناظر نوشته شود,۱۴۰۵,C,HP-19,نوشتن مبنای عدد در بند متناظر — فعلاً بدون لنگرگاه (سطر 540),ثبت شد
TO-1154,هدف فنی,طول دورهٔ بدون بارش (روز),بند ۳٫۵,— (صفر),— باید در بند متناظر نوشته شود,۱۴۰۵,C,HP-19,نوشتن مبنای عدد در بند متناظر — فعلاً بدون لنگرگاه (سطر 630),ثبت شد
PL-23,پایلوت,ستون PL-03 از `PL-03` در `HDR.csv`,۱۰۰,—,— باید در بند متناظر نوشته شود,۱۴۰۵,C,HP-19,نوشتن مبنای عدد در بند متناظر — فعلاً بدون لنگرگاه (سطر 639),ثبت شد
PL-24,پایلوت,وضعیت داده,پایلوت موجود — ۱۰۰ هکتار (PL-03),فاقد پایلوت — نیازمند خط پایه,— باید در بند متناظر نوشته شود,۱۴۰۵,C,HP-19,نوشتن مبنای عدد در بند متناظر — فعلاً بدون لنگرگاه (سطر 644),ثبت شد
TO-1155,هدف فنی,ر در سال است که با زمان فصلی بند ۵٫۹ و,۵٫۱۰,—,— باید در بند متناظر نوشته شود,۱۴۰۵,C,HP-19,نوشتن مبنای عدد در بند متناظر — فعلاً بدون لنگرگاه (سطر 716),ثبت شد
EM-09,تجهیزات,تأسیس — HP-19,۱,کاشت اولیه و آبشخور تازه,— باید در بند متناظر نوشته شود,۱۴۰۵,C,HP-19,نوشتن مبنای عدد در بند متناظر — فعلاً بدون لنگرگاه (سطر 737),ثبت شد
TO-1156,هدف فنی,توسعه — HP-19,۲ تا ۳,لکه‌های گل هنوز ناقص,— باید در بند متناظر نوشته شود,۱۴۰۵,C,HP-19,نوشتن مبنای عدد در بند متناظر — فعلاً بدون لنگرگاه (سطر 738),ثبت شد
TO-1157,هدف فنی,بلوغ — HP-19,۴ تا ۵,پوشش گل پیوسته می‌شود,— باید در بند متناظر نوشته شود,۱۴۰۵,C,HP-19,نوشتن مبنای عدد در بند متناظر — فعلاً بدون لنگرگاه (سطر 739),ثبت شد
TO-1158,هدف فنی,نگهداشت — HP-19,۶ تا ۱۰,پوشش کامل، نیاز به بازطراحی دوره‌ای,— باید در بند متناظر نوشته شود,۱۴۰۵,C,HP-19,نوشتن مبنای عدد در بند متناظر — فعلاً بدون لنگرگاه (سطر 740),ثبت شد
SP-37,گونه,بازطراحی — HP-19,۱۰ به بعد,بازطراحی گونه‌ای و هندسه‌ای,— باید در بند متناظر نوشته شود,۱۴۰۵,C,HP-19,نوشتن مبنای عدد در بند متناظر — فعلاً بدون لنگرگاه (سطر 741),ثبت شد
TO-1159,هدف فنی,نیروی کار اجرا — HP-19,جدول ۵٫۳: ۱۴۷ نفر-ساعت × نرخ روزانه — نرخ تأییدنشده,تأییدنشده,— باید در بند متناظر نوشته شود,۱۴۰۵,C,HP-19,نوشتن مبنای عدد در بند متناظر — فعلاً بدون لنگرگاه (سطر 760),ثبت شد
TO-1160,هدف فنی,نیروی کار نگهداری — HP-19,جدول ۵٫۳: ۷۲ نفر-ساعت در سال × نرخ روزانه — نرخ تأییدنشده,—,— باید در بند متناظر نوشته شود,۱۴۰۵,C,HP-19,نوشتن مبنای عدد در بند متناظر — فعلاً بدون لنگرگاه (سطر 761),ثبت شد
TO-1161,هدف فنی,تعمیرات اساسی — HP-19,بند ۸٫۴: تعویض کف سال ۵ · تعویض چوب سال ۱۰,تأییدنشده,— باید در بند متناظر نوشته شود,۱۴۰۵,C,HP-19,نوشتن مبنای عدد در بند متناظر — فعلاً بدون لنگرگاه (سطر 762),ثبت شد
TO-1162,هدف فنی,اجارهٔ ترالو — HP-19,جدول ۵٫۲ — نرخ اجارهٔ روزانهٔ تأییدنشده,تأییدنشده,— باید در بند متناظر نوشته شود,۱۴۰۵,C,HP-19,نوشتن مبنای عدد در بند متناظر — فعلاً بدون لنگرگاه (سطر 763),ثبت شد
FN-455,مالی,مجموع CAPEX — HP-19,مجموع ردیف‌های سرمایه‌ای سال ۱,تأییدنشده,— باید در بند متناظر نوشته شود,۱۴۰۵,C,HP-19,نوشتن مبنای عدد در بند متناظر — فعلاً بدون لنگرگاه (سطر 764),ثبت شد
FN-456,مالی,محاسبهٔ نمونه: مجموع هزینه قابل بازتولید نیست (بند,۹٫۲,—,— باید در بند متناظر نوشته شود,۱۴۰۵,C,HP-19,نوشتن مبنای عدد در بند متناظر — فعلاً بدون لنگرگاه (سطر 795),ثبت شد
FN-457,مالی,مجموع هزینه قابل بازتولید نیست (بند,۹٫۲,—,— باید در بند متناظر نوشته شود,۱۴۰۵,C,HP-19,نوشتن مبنای عدد در بند متناظر — فعلاً بدون لنگرگاه (سطر 795),ثبت شد
TO-1163,هدف فنی,هٔ کارگر و کارآموز در `HDR.csv` ثبت شود. سطرهای `مجموع` جدول‌های ۵٫۱ و,۹٫۱,—,— باید در بند متناظر نوشته شود,۱۴۰۵,C,HP-19,نوشتن مبنای عدد در بند متناظر — فعلاً بدون لنگرگاه (سطر 822),ثبت شد
TO-1164,هدف فنی,تغییر در چرخهٔ آب آبراهه,C7,نیازمند خط پایه,— باید در بند متناظر نوشته شود,۱۴۰۵,C,HP-19,نوشتن مبنای عدد در بند متناظر — فعلاً بدون لنگرگاه (سطر 883),ثبت شد
TO-1165,هدف فنی,ضریب طراحی عرض کریدور k_w,۲٫۰,بدون بعد,— باید در بند متناظر نوشته شود,۱۴۰۵,C,HP-19,نوشتن مبنای عدد در بند متناظر — فعلاً بدون لنگرگاه (سطر 1106),ثبت شد
TO-1166,هدف فنی,شعاع جست‌وجوی مؤثر کلنه R_f,۴۰۰,متر,— باید در بند متناظر نوشته شود,۱۴۰۵,C,HP-19,نوشتن مبنای عدد در بند متناظر — فعلاً بدون لنگرگاه (سطر 1107),ثبت شد
TO-1167,هدف فنی,کف ماه‌های هم‌پوشان m_target,۸,ماه,— باید در بند متناظر نوشته شود,۱۴۰۵,C,HP-19,نوشتن مبنای عدد در بند متناظر — فعلاً بدون لنگرگاه (سطر 1108),ثبت شد
TO-1168,هدف فنی,سقف نمایهٔ شکاف غذایی k_GI,۰٫۳۰,بدون بعد,— باید در بند متناظر نوشته شود,۱۴۰۵,C,HP-19,نوشتن مبنای عدد در بند متناظر — فعلاً بدون لنگرگاه (سطر 1109),ثبت شد
TO-1169,هدف فنی,دب روزانهٔ هدف Q_d,۰٫۰۰۲,متر مکعب بر روز,— باید در بند متناظر نوشته شود,۱۴۰۵,C,HP-19,نوشتن مبنای عدد در بند متناظر — فعلاً بدون لنگرگاه (سطر 1110),ثبت شد
TO-1170,هدف فنی,ضریب اطمینان ذخیره k_s,۱٫۵,بدون بعد,— باید در بند متناظر نوشته شود,۱۴۰۵,C,HP-19,نوشتن مبنای عدد در بند متناظر — فعلاً بدون لنگرگاه (سطر 1111),ثبت شد
TO-1171,هدف فنی,ضریب هدررفت تبخیری k_evap,۰٫۲۰,بدون بعد,— باید در بند متناظر نوشته شود,۱۴۰۵,C,HP-19,نوشتن مبنای عدد در بند متناظر — فعلاً بدون لنگرگاه (سطر 1112),ثبت شد
TO-1172,هدف فنی,ضریب هدررفت نشتی k_seep,۰٫۱۰,بدون بعد,— باید در بند متناظر نوشته شود,۱۴۰۵,C,HP-19,نوشتن مبنای عدد در بند متناظر — فعلاً بدون لنگرگاه (سطر 1113),ثبت شد
TO-1173,هدف فنی,جمع نفر-ساعت اجرای اولیه,۱۴۷,نفر-ساعت,— باید در بند متناظر نوشته شود,۱۴۰۵,C,HP-19,نوشتن مبنای عدد در بند متناظر — فعلاً بدون لنگرگاه (سطر 1116),ثبت شد
TO-1174,هدف فنی,جمع نفر-ساعت نگهداری سالانه,۷۲,نفر-ساعت در سال,— باید در بند متناظر نوشته شود,۱۴۰۵,C,HP-19,نوشتن مبنای عدد در بند متناظر — فعلاً بدون لنگرگاه (سطر 1117),ثبت شد
SC-284,مقیاس,زمان نگهداری سالانه — HP-19,۰٫۱۹,روز کاری بر هکتار در سال,— باید در بند متناظر نوشته شود,۱۴۰۵,C,HP-19,نوشتن مبنای عدد در بند متناظر — فعلاً بدون لنگرگاه (سطر 1118),ثبت شد
TO-1175,هدف فنی,مغایرت: دستور بسته C6 را در دامنهٔ اقلیمی نیاورده اما اقلیم‌های کاربرد را C3 و C7 اعلام کرده,بخش تالابی C6 — کارکرد آن به HP-15 منتقل شده,—,— باید در بند متناظر نوشته شود,۱۴۰۵,C,HP-19,نوشتن مبنای عدد در بند متناظر — فعلاً بدون لنگرگاه (سطر 1122),ثبت شد
TO-1176,هدف فنی,شعاع جست‌وجوی کلنه,۴۰۰,متر,— باید در بند متناظر نوشته شود,۱۴۰۵,C,HP-19,نوشتن مبنای عدد در بند متناظر — فعلاً بدون لنگرگاه (سطر 1293),ثبت شد
TO-1177,هدف فنی,ی و مصرفی ۳۸ + انرژی پمپاژ ۴۲ + کنترل و نشت‌یاب,۱۶,—,— باید در بند متناظر نوشته شود,۱۴۰۵,C,HP-20,نوشتن مبنای عدد در بند متناظر — فعلاً بدون لنگرگاه (سطر 11),ثبت شد
PL-25,پایلوت,اقلیم‌های قابل اجرا — HP-20,C2 · C4 · C5 · C7,C2 و C4 دارای پایلوت · C5 و C7 فاقد پایلوت — نیازمند خط پایه · بند ۶٫۶,— باید در بند متناظر نوشته شود,۱۴۰۵,C,HP-20,نوشتن مبنای عدد در بند متناظر — فعلاً بدون لنگرگاه (سطر 92),ثبت شد
TO-1178,هدف فنی,سند کمیسیون جهانی میراث جهانی، و سال,۲۰۱۱,—,— باید در بند متناظر نوشته شود,۱۴۰۵,C,HP-20,نوشتن مبنای عدد در بند متناظر — فعلاً بدون لنگرگاه (سطر 157),ثبت شد
SP-38,گونه,زمان‌بندی بر پایهٔ تراز رطوبت,فاصلهٔ نوبت ۱۳ تا ۱۷ روز در کلاس C2 از محاسبه بیرون می‌آید و به تقویم ثابت وابسته نیست,ضریب گیاه برای هر گونه در جدول ۳٫۳ «تأییدنشده» است و تا کالیبراسیون، فاصلهٔ نوبت واقعی نیست,— باید در بند متناظر نوشته شود,۱۴۰۵,C,HP-20,نوشتن مبنای عدد در بند متناظر — فعلاً بدون لنگرگاه (سطر 226),ثبت شد
ST-45,استاندارد,قید صادقانه: هیچ استاندارد شناسه‌گذاری جهانی برای گلدانک در جدول,۱۱٫۱,—,— باید در بند متناظر نوشته شود,۱۴۰۵,C,HP-20,نوشتن مبنای عدد در بند متناظر — فعلاً بدون لنگرگاه (سطر 530),ثبت شد
PL-26,پایلوت,وضعیت کلاس C5,تصمیم ۱۲,فاقد پایلوت — نیازمند خط پایه,— باید در بند متناظر نوشته شود,۱۴۰۵,C,HP-20,نوشتن مبنای عدد در بند متناظر — فعلاً بدون لنگرگاه (سطر 1621),ثبت شد
PL-27,پایلوت,وضعیت کلاس C7,تصمیم ۱۲,فاقد پایلوت — نیازمند خط پایه,— باید در بند متناظر نوشته شود,۱۴۰۵,C,HP-20,نوشتن مبنای عدد در بند متناظر — فعلاً بدون لنگرگاه (سطر 1622),ثبت شد
TO-1179,هدف فنی,پایان افق,۱۰,بازبینی کامل ضرورت ادامه,— باید در بند متناظر نوشته شود,۱۴۰۵,C,HP-20,نوشتن مبنای عدد در بند متناظر — فعلاً بدون لنگرگاه (سطر 1925),ثبت شد
TO-1180,هدف فنی,سطر پایان افق جدول,۸٫۳,—,— باید در بند متناظر نوشته شود,۱۴۰۵,C,HP-20,نوشتن مبنای عدد در بند متناظر — فعلاً بدون لنگرگاه (سطر 1929),ثبت شد
MD-15,مدل شبیه‌سازی,منبع: بازخوانی افق با مدل بند,۳٫۱۴,—,— باید در بند متناظر نوشته شود,۱۴۰۵,C,HP-20,نوشتن مبنای عدد در بند متناظر — فعلاً بدون لنگرگاه (سطر 1935),ثبت شد
PR-21,قیمت,افزایش عملکرد — HP-20,۱۲۰,اختلاف عملکرد واحد پایلوت با واحد شاهد × قیمت محصول,— باید در بند متناظر نوشته شود,۱۴۰۵,C,HP-20,نوشتن مبنای عدد در بند متناظر — فعلاً بدون لنگرگاه (سطر 2147),ثبت شد
PR-22,قیمت,کاهش هزینهٔ آب,۱۱۵,حجم آزادشده × قیمت آب × رشد ارزشی پنج‌ساله,— باید در بند متناظر نوشته شود,۱۴۰۵,C,HP-20,نوشتن مبنای عدد در بند متناظر — فعلاً بدون لنگرگاه (سطر 2149),ثبت شد
TO-1181,هدف فنی,شرط دوم: خط پایه گام ۱ فصل,۴,—,— باید در بند متناظر نوشته شود,۱۴۰۵,C,HP-20,نوشتن مبنای عدد در بند متناظر — فعلاً بدون لنگرگاه (سطر 2206),ثبت شد
FN-458,مالی,قاعدهٔ بازگشت سرمایهٔ جایگزینی: در بند,۸٫۳,—,— باید در بند متناظر نوشته شود,۱۴۰۵,C,HP-20,نوشتن مبنای عدد در بند متناظر — فعلاً بدون لنگرگاه (سطر 2241),ثبت شد
TO-1182,هدف فنی,بهره‌وری کل آبیاری ایران,۵۷,درصد,— باید در بند متناظر نوشته شود,۱۴۰۵,C,HP-20,نوشتن مبنای عدد در بند متناظر — فعلاً بدون لنگرگاه (سطر 3086),ثبت شد
TO-1183,هدف فنی,نیاز ناخالص آبیاری کشور,۱۰۵,میلیارد متر مکعب در سال,— باید در بند متناظر نوشته شود,۱۴۰۵,C,HP-20,نوشتن مبنای عدد در بند متناظر — فعلاً بدون لنگرگاه (سطر 3087),ثبت شد
TO-1184,هدف فنی,نیاز خالص آبیاری کشور,۴۷,میلیارد متر مکعب در سال,— باید در بند متناظر نوشته شود,۱۴۰۵,C,HP-20,نوشتن مبنای عدد در بند متناظر — فعلاً بدون لنگرگاه (سطر 3088),ثبت شد
FN-459,مالی,نسبت برداشت به نیاز خالص,۲٫۲۳,نسبت,— باید در بند متناظر نوشته شود,۱۴۰۵,C,HP-20,نوشتن مبنای عدد در بند متناظر — فعلاً بدون لنگرگاه (سطر 3089),ثبت شد
FN-460,مالی,برداشت نسبت به منبع تجدیدپذیر,۲٫۲,برابر,— باید در بند متناظر نوشته شود,۱۴۰۵,C,HP-20,نوشتن مبنای عدد در بند متناظر — فعلاً بدون لنگرگاه (سطر 3090),ثبت شد
TO-1185,هدف فنی,بهره‌وری کاربرد آبیاری در خط پایه ملی,۰٫۷۴,بدون بُعد,— باید در بند متناظر نوشته شود,۱۴۰۵,C,HP-20,نوشتن مبنای عدد در بند متناظر — فعلاً بدون لنگرگاه (سطر 3091),ثبت شد
TO-1186,هدف فنی,بهره‌وری انتقال و توزیع در خط پایه ملی,۰٫۷۷,بدون بُعد,— باید در بند متناظر نوشته شود,۱۴۰۵,C,HP-20,نوشتن مبنای عدد در بند متناظر — فعلاً بدون لنگرگاه (سطر 3092),ثبت شد
TO-1187,هدف فنی,بهره‌وری کل آبیاری هدف این بسته,۰٫۷۶۵,بدون بُعد,— باید در بند متناظر نوشته شود,۱۴۰۵,C,HP-20,نوشتن مبنای عدد در بند متناظر — فعلاً بدون لنگرگاه (سطر 3093),ثبت شد
TO-1188,هدف فنی,بهره‌وری انتقال و توزیع هدف این بسته,۰٫۹۰,بدون بُعد,— باید در بند متناظر نوشته شود,۱۴۰۵,C,HP-20,نوشتن مبنای عدد در بند متناظر — فعلاً بدون لنگرگاه (سطر 3094),ثبت شد
TO-1189,هدف فنی,بهره‌وری کاربرد هدف این بسته,۰٫۸۵,بدون بُعد,— باید در بند متناظر نوشته شود,۱۴۰۵,C,HP-20,نوشتن مبنای عدد در بند متناظر — فعلاً بدون لنگرگاه (سطر 3095),ثبت شد
TO-1190,هدف فنی,عمق ناحیهٔ ریشه باغ پسته,۰٫۸,متر,— باید در بند متناظر نوشته شود,۱۴۰۵,C,HP-20,نوشتن مبنای عدد در بند متناظر — فعلاً بدون لنگرگاه (سطر 3096),ثبت شد
TO-1191,هدف فنی,رطوبت در نقطهٔ ظرفیت زراعی,۰٫۲۸,سانتی‌متر بر سانتی‌متر,— باید در بند متناظر نوشته شود,۱۴۰۵,C,HP-20,نوشتن مبنای عدد در بند متناظر — فعلاً بدون لنگرگاه (سطر 3097),ثبت شد
TO-1192,هدف فنی,رطوبت در نقطهٔ پژمردگی دائم,۰٫۱۲,سانتی‌متر بر سانتی‌متر,— باید در بند متناظر نوشته شود,۱۴۰۵,C,HP-20,نوشتن مبنای عدد در بند متناظر — فعلاً بدون لنگرگاه (سطر 3098),ثبت شد
TO-1193,هدف فنی,ظرفیت ذخیرهٔ ناحیهٔ ریشه,۱۲۸,میلی‌متر,— باید در بند متناظر نوشته شود,۱۴۰۵,C,HP-20,نوشتن مبنای عدد در بند متناظر — فعلاً بدون لنگرگاه (سطر 3099),ثبت شد
TO-1194,هدف فنی,تبخیر-تعرق مرجع فرضی بند ۳٫۲,۶٫۸,میلی‌متر بر روز,— باید در بند متناظر نوشته شود,۱۴۰۵,C,HP-20,نوشتن مبنای عدد در بند متناظر — فعلاً بدون لنگرگاه (سطر 3100),ثبت شد
TO-1195,هدف فنی,تبخیر-تعرق مرجع محاسبه‌شده,۵٫۸,میلی‌متر بر روز,— باید در بند متناظر نوشته شود,۱۴۰۵,C,HP-20,نوشتن مبنای عدد در بند متناظر — فعلاً بدون لنگرگاه (سطر 3101),ثبت شد
TO-1196,هدف فنی,تبخیر-تعرق گیاه محاسبه‌شده,۲٫۵,میلی‌متر بر روز,— باید در بند متناظر نوشته شود,۱۴۰۵,C,HP-20,نوشتن مبنای عدد در بند متناظر — فعلاً بدون لنگرگاه (سطر 3102),ثبت شد
TO-1197,هدف فنی,فاصلهٔ نوبت هدف در کلاس C2,۲۵,روز,— باید در بند متناظر نوشته شود,۱۴۰۵,C,HP-20,نوشتن مبنای عدد در بند متناظر — فعلاً بدون لنگرگاه (سطر 3103),ثبت شد
TO-1198,هدف فنی,عمق نوبت هدف,۲۵,میلی‌متر,— باید در بند متناظر نوشته شود,۱۴۰۵,C,HP-20,نوشتن مبنای عدد در بند متناظر — فعلاً بدون لنگرگاه (سطر 3104),ثبت شد
TO-1199,هدف فنی,تعداد نوبت در هر چرخهٔ کلاس C2,۵,نوبت,— باید در بند متناظر نوشته شود,۱۴۰۵,C,HP-20,نوشتن مبنای عدد در بند متناظر — فعلاً بدون لنگرگاه (سطر 3105),ثبت شد
TO-1200,هدف فنی,پراکندگی فشار مجاز هر زیربخش,کمتر از ۵,درصد,— باید در بند متناظر نوشته شود,۱۴۰۵,C,HP-20,نوشتن مبنای عدد در بند متناظر — فعلاً بدون لنگرگاه (سطر 3107),ثبت شد
SC-285,مقیاس,تعداد گردانک در واحد هکتار,۱٬۲۰۰,عدد,— باید در بند متناظر نوشته شود,۱۴۰۵,C,HP-20,نوشتن مبنای عدد در بند متناظر — فعلاً بدون لنگرگاه (سطر 3108),ثبت شد
TO-1201,هدف فنی,حجم مخزن,۲,متر مکعب,— باید در بند متناظر نوشته شود,۱۴۰۵,C,HP-20,نوشتن مبنای عدد در بند متناظر — فعلاً بدون لنگرگاه (سطر 3110),ثبت شد
TO-1202,هدف فنی,آستانهٔ شاخص نشت,کمتر از ۵,درصد,— باید در بند متناظر نوشته شود,۱۴۰۵,C,HP-20,نوشتن مبنای عدد در بند متناظر — فعلاً بدون لنگرگاه (سطر 3113),ثبت شد
TO-1203,هدف فنی,آستانهٔ یکنواختی توزیع,دست‌کم ۹۰,درصد,— باید در بند متناظر نوشته شود,۱۴۰۵,C,HP-20,نوشتن مبنای عدد در بند متناظر — فعلاً بدون لنگرگاه (سطر 3114),ثبت شد
SC-286,مقیاس,الزام آبشویی سالانه در نمونهٔ کلاس C2,۲۴۳,متر مکعب بر هکتار در سال,— باید در بند متناظر نوشته شود,۱۴۰۵,C,HP-20,نوشتن مبنای عدد در بند متناظر — فعلاً بدون لنگرگاه (سطر 3115),ثبت شد
TO-1204,هدف فنی,غلظت نمک در نوار خیس,۳٫۱۲,برابر آب آبیاری,— باید در بند متناظر نوشته شود,۱۴۰۵,C,HP-20,نوشتن مبنای عدد در بند متناظر — فعلاً بدون لنگرگاه (سطر 3116),ثبت شد
TO-1205,هدف فنی,عمر سامانه در نگهداری کامل,۶٫۷,سال,— باید در بند متناظر نوشته شود,۱۴۰۵,C,HP-20,نوشتن مبنای عدد در بند متناظر — فعلاً بدون لنگرگاه (سطر 3117),ثبت شد
TO-1206,هدف فنی,عمر سامانه در کسریابی نیم,۳٫۳,سال,— باید در بند متناظر نوشته شود,۱۴۰۵,C,HP-20,نوشتن مبنای عدد در بند متناظر — فعلاً بدون لنگرگاه (سطر 3118),ثبت شد
FN-461,مالی,هزینهٔ جایگزینی در کسریابی نیم,۲۴,دلار بر هکتار در سال,— باید در بند متناظر نوشته شود,۱۴۰۵,C,HP-20,نوشتن مبنای عدد در بند متناظر — فعلاً بدون لنگرگاه (سطر 3119),ثبت شد
TO-1207,هدف فنی,دبی مورد نیاز هر گردانک در نمونهٔ طراحی,۲,لیتر بر ساعت,— باید در بند متناظر نوشته شود,۱۴۰۵,C,HP-20,نوشتن مبنای عدد در بند متناظر — فعلاً بدون لنگرگاه (سطر 3127),ثبت شد
TO-1208,هدف فنی,قطر داخلی خط جانبی,۲۰,میلی‌متر,— باید در بند متناظر نوشته شود,۱۴۰۵,C,HP-20,نوشتن مبنای عدد در بند متناظر — فعلاً بدون لنگرگاه (سطر 3128),ثبت شد
TO-1209,هدف فنی,قطر داخلی خط فروریز,۱۱۰,میلی‌متر,— باید در بند متناظر نوشته شود,۱۴۰۵,C,HP-20,نوشتن مبنای عدد در بند متناظر — فعلاً بدون لنگرگاه (سطر 3129),ثبت شد
FN-462,مالی,هزینه سرمایه‌ای — سطح S1 پایلوت,۱٬۲۴۰,دلار بر هکتار,— باید در بند متناظر نوشته شود,۱۴۰۵,C,HP-20,نوشتن مبنای عدد در بند متناظر — فعلاً بدون لنگرگاه (سطر 3170),ثبت شد
FN-463,مالی,هزینه عملیاتی — سطح S1 پایلوت,۹۶,دلار بر هکتار در سال,— باید در بند متناظر نوشته شود,۱۴۰۵,C,HP-20,نوشتن مبنای عدد در بند متناظر — فعلاً بدون لنگرگاه (سطر 3171),ثبت شد
FN-464,مالی,دوره بازگشت سرمایه — HP-20,۳٫۵,سال,— باید در بند متناظر نوشته شود,۱۴۰۵,C,HP-20,نوشتن مبنای عدد در بند متناظر — فعلاً بدون لنگرگاه (سطر 3172),ثبت شد
FN-465,مالی,نسبت منفعت به هزینه,۱٫۵۲,نسبت,— باید در بند متناظر نوشته شود,۱۴۰۵,C,HP-20,نوشتن مبنای عدد در بند متناظر — فعلاً بدون لنگرگاه (سطر 3173),ثبت شد
FN-466,مالی,ضریب ارزش سالانهٔ ده‌ساله با نرخ ۱۰ درصد,۶٫۱۴۵,ضریب,— باید در بند متناظر نوشته شود,۱۴۰۵,C,HP-20,نوشتن مبنای عدد در بند متناظر — فعلاً بدون لنگرگاه (سطر 3174),ثبت شد
FN-467,مالی,هزینهٔ لولهٔ فروریز اصلی,۸۲,دلار بر هکتار,— باید در بند متناظر نوشته شود,۱۴۰۵,C,HP-20,نوشتن مبنای عدد در بند متناظر — فعلاً بدون لنگرگاه (سطر 3178),ثبت شد
FN-468,مالی,هزینهٔ لولهٔ توزیع روی ردیف,۲۴۲,دلار بر هکتار,— باید در بند متناظر نوشته شود,۱۴۰۵,C,HP-20,نوشتن مبنای عدد در بند متناظر — فعلاً بدون لنگرگاه (سطر 3179),ثبت شد
FN-469,مالی,هزینهٔ گردانک,۱۰۸,دلار بر هکتار,— باید در بند متناظر نوشته شود,۱۴۰۵,C,HP-20,نوشتن مبنای عدد در بند متناظر — فعلاً بدون لنگرگاه (سطر 3180),ثبت شد
FN-470,مالی,هزینهٔ شیر هوشمند و کنترلر,۹۰,دلار بر هکتار,— باید در بند متناظر نوشته شود,۱۴۰۵,C,HP-20,نوشتن مبنای عدد در بند متناظر — فعلاً بدون لنگرگاه (سطر 3181),ثبت شد
FN-471,مالی,هزینهٔ فلومتر و جعبهٔ پیش‌سنجش,۱۵۰,دلار بر هکتار,— باید در بند متناظر نوشته شود,۱۴۰۵,C,HP-20,نوشتن مبنای عدد در بند متناظر — فعلاً بدون لنگرگاه (سطر 3182),ثبت شد
FN-472,مالی,هزینهٔ حسگر رطوبت و پیکربندی,۱۵۰,دلار بر هکتار,— باید در بند متناظر نوشته شود,۱۴۰۵,C,HP-20,نوشتن مبنای عدد در بند متناظر — فعلاً بدون لنگرگاه (سطر 3183),ثبت شد
FN-473,مالی,هزینهٔ فیلتر و مخزن,۷۵,دلار بر هکتار,— باید در بند متناظر نوشته شود,۱۴۰۵,C,HP-20,نوشتن مبنای عدد در بند متناظر — فعلاً بدون لنگرگاه (سطر 3184),ثبت شد
FN-474,مالی,هزینهٔ اجرا و نصب,۳۴۳,دلار بر هکتار,— باید در بند متناظر نوشته شود,۱۴۰۵,C,HP-20,نوشتن مبنای عدد در بند متناظر — فعلاً بدون لنگرگاه (سطر 3185),ثبت شد
FN-475,مالی,هزینهٔ نگهداری و مصرفی سالانه,۳۸,دلار بر هکتار در سال,— باید در بند متناظر نوشته شود,۱۴۰۵,C,HP-20,نوشتن مبنای عدد در بند متناظر — فعلاً بدون لنگرگاه (سطر 3186),ثبت شد
FN-476,مالی,هزینهٔ انرژی پمپاژ,۴۲,دلار بر هکتار در سال,— باید در بند متناظر نوشته شود,۱۴۰۵,C,HP-20,نوشتن مبنای عدد در بند متناظر — فعلاً بدون لنگرگاه (سطر 3187),ثبت شد
FN-477,مالی,هزینهٔ کنترل و نشت‌یاب,۱۶,دلار بر هکتار در سال,— باید در بند متناظر نوشته شود,۱۴۰۵,C,HP-20,نوشتن مبنای عدد در بند متناظر — فعلاً بدون لنگرگاه (سطر 3188),ثبت شد
SC-287,مقیاس,سرمایهٔ جایگزینی حسگر و شیر,۱۲,دلار بر هکتار در سال,— باید در بند متناظر نوشته شود,۱۴۰۵,C,HP-20,نوشتن مبنای عدد در بند متناظر — فعلاً بدون لنگرگاه (سطر 3189),ثبت شد
SC-288,مقیاس,منفعت نقدی سالانهٔ بسته,۴۵۲,دلار بر هکتار در سال,— باید در بند متناظر نوشته شود,۱۴۰۵,C,HP-20,نوشتن مبنای عدد در بند متناظر — فعلاً بدون لنگرگاه (سطر 3190),ثبت شد
SC-289,مقیاس,سهم خدمات اکوسیستمی بسته,۱۲۰,دلار بر هکتار در سال,— باید در بند متناظر نوشته شود,۱۴۰۵,C,HP-20,نوشتن مبنای عدد در بند متناظر — فعلاً بدون لنگرگاه (سطر 3191),ثبت شد
TO-1210,هدف فنی,عمق ناحیهٔ ریشه در کلاس C2,۰٫۸,متر,— باید در بند متناظر نوشته شود,۱۴۰۵,C,HP-20,نوشتن مبنای عدد در بند متناظر — فعلاً بدون لنگرگاه (سطر 3193),ثبت شد
TO-1211,هدف فنی,عمق ناحیهٔ ریشه در کلاس C4,۰٫۶,متر,— باید در بند متناظر نوشته شود,۱۴۰۵,C,HP-20,نوشتن مبنای عدد در بند متناظر — فعلاً بدون لنگرگاه (سطر 3194),ثبت شد
TO-1212,هدف فنی,عمق نوبت هدف,۱۵ تا ۳۰,میلی‌متر,— باید در بند متناظر نوشته شود,۱۴۰۵,C,HP-20,نوشتن مبنای عدد در بند متناظر — فعلاً بدون لنگرگاه (سطر 3195),ثبت شد
TO-1213,هدف فنی,فاصلهٔ نوبت در کلاس C2,۱۳ تا ۱۷,روز,— باید در بند متناظر نوشته شود,۱۴۰۵,C,HP-20,نوشتن مبنای عدد در بند متناظر — فعلاً بدون لنگرگاه (سطر 3196),ثبت شد
TO-1214,هدف فنی,فاصلهٔ نوبت در کلاس C4,۱۰ تا ۱۴,روز,— باید در بند متناظر نوشته شود,۱۴۰۵,C,HP-20,نوشتن مبنای عدد در بند متناظر — فعلاً بدون لنگرگاه (سطر 3197),ثبت شد
TO-1215,هدف فنی,دبی نامی گردانک,۲,لیتر بر ساعت,— باید در بند متناظر نوشته شود,۱۴۰۵,C,HP-20,نوشتن مبنای عدد در بند متناظر — فعلاً بدون لنگرگاه (سطر 3198),ثبت شد
M-121,مواد,قطر اسمی لولهٔ فروریز,۶۳ تا ۱۱۰,میلی‌متر,— باید در بند متناظر نوشته شود,۱۴۰۵,C,HP-20,نوشتن مبنای عدد در بند متناظر — فعلاً بدون لنگرگاه (سطر 3199),ثبت شد
M-122,مواد,قطر اسمی لولهٔ توزیع,۱۶ تا ۳۲,میلی‌متر,— باید در بند متناظر نوشته شود,۱۴۰۵,C,HP-20,نوشتن مبنای عدد در بند متناظر — فعلاً بدون لنگرگاه (سطر 3200),ثبت شد
SC-290,مقیاس,تعداد حسگر رطوبت در واحد هکتار,۶,عدد,— باید در بند متناظر نوشته شود,۱۴۰۵,C,HP-20,نوشتن مبنای عدد در بند متناظر — فعلاً بدون لنگرگاه (سطر 3201),ثبت شد
SC-291,مقیاس,زمان اجرا در هر واحد هکتار,۱۲,روز کاری,— باید در بند متناظر نوشته شود,۱۴۰۵,C,HP-20,نوشتن مبنای عدد در بند متناظر — فعلاً بدون لنگرگاه (سطر 3202),ثبت شد
TO-1216,هدف فنی,کل نفر-روز اجرا,۲۲,نفر-روز,— باید در بند متناظر نوشته شود,۱۴۰۵,C,HP-20,نوشتن مبنای عدد در بند متناظر — فعلاً بدون لنگرگاه (سطر 3203),ثبت شد
FN-478,مالی,هزینهٔ تجهیزات سرمایهٔ تیم,۶۳۲,دلار,— باید در بند متناظر نوشته شود,۱۴۰۵,C,HP-20,نوشتن مبنای عدد در بند متناظر — فعلاً بدون لنگرگاه (سطر 3204),ثبت شد
R-21,ریسک,تعداد رجیستری ریسک و پاسخ,۷,مدخل,— باید در بند متناظر نوشته شود,۱۴۰۵,C,HP-20,نوشتن مبنای عدد در بند متناظر — فعلاً بدون لنگرگاه (سطر 3205),ثبت شد
R-22,ریسک,تعداد راهکار مستقل ریسک,۱۸,راهکار,— باید در بند متناظر نوشته شود,۱۴۰۵,C,HP-20,نوشتن مبنای عدد در بند متناظر — فعلاً بدون لنگرگاه (سطر 3206),ثبت شد
TO-1217,هدف فنی,مغایرت — بهره‌وری آبیاری ایران,۵۷ درصد در برابر ۶۰ درصد,درصد,— باید در بند متناظر نوشته شود,۱۴۰۵,C,HP-20,نوشتن مبنای عدد در بند متناظر — فعلاً بدون لنگرگاه (سطر 3213),ثبت شد
TO-1218,هدف فنی,مغایرت — عمق نوبت محاسبهٔ نمونه,۳۹ میلی‌متر در برابر بازهٔ ۱۵ تا ۳۰,میلی‌متر,— باید در بند متناظر نوشته شود,۱۴۰۵,C,HP-20,نوشتن مبنای عدد در بند متناظر — فعلاً بدون لنگرگاه (سطر 3214),ثبت شد
FN-479,مالی,مغایرت — نسبت برداشت,۲٫۲ در برابر ۲٫۲۳,برابر,— باید در بند متناظر نوشته شود,۱۴۰۵,C,HP-20,نوشتن مبنای عدد در بند متناظر — فعلاً بدون لنگرگاه (سطر 3215),ثبت شد
TO-1219,هدف فنی,فاصلهٔ نوبت کلاس C2,۲۵,روز,— باید در بند متناظر نوشته شود,۱۴۰۵,C,HP-20,نوشتن مبنای عدد در بند متناظر — فعلاً بدون لنگرگاه (سطر 3497),ثبت شد
TO-1220,هدف فنی,فاصلهٔ نوبت کلاس C4,۱۰ تا ۱۴,روز,— باید در بند متناظر نوشته شود,۱۴۰۵,C,HP-20,نوشتن مبنای عدد در بند متناظر — فعلاً بدون لنگرگاه (سطر 3498),ثبت شد
SC-292,مقیاس,تعداد حسگر رطوبت,۶,عدد در هکتار,— باید در بند متناظر نوشته شود,۱۴۰۵,C,HP-20,نوشتن مبنای عدد در بند متناظر — فعلاً بدون لنگرگاه (سطر 3502),ثبت شد
SC-293,مقیاس,تعداد گردانک در هکتار,۱٬۲۰۰,عدد,— باید در بند متناظر نوشته شود,۱۴۰۵,C,HP-20,نوشتن مبنای عدد در بند متناظر — فعلاً بدون لنگرگاه (سطر 3503),ثبت شد
SC-294,مقیاس,الزام آبشویی سالانه در کلاس C2,۲۴۳,متر مکعب بر هکتار در سال,— باید در بند متناظر نوشته شود,۱۴۰۵,C,HP-20,نوشتن مبنای عدد در بند متناظر — فعلاً بدون لنگرگاه (سطر 3505),ثبت شد
TO-1221,هدف فنی,زمان اجرای هر واحد,۱۲,روز کاری,— باید در بند متناظر نوشته شود,۱۴۰۵,C,HP-20,نوشتن مبنای عدد در بند متناظر — فعلاً بدون لنگرگاه (سطر 3506),ثبت شد
SC-295,مقیاس,زمان شست‌وشوی ماهانه,۰٫۵,روز بر هکتار,— باید در بند متناظر نوشته شود,۱۴۰۵,C,HP-20,نوشتن مبنای عدد در بند متناظر — فعلاً بدون لنگرگاه (سطر 3507),ثبت شد
SC-296,مقیاس,زمان بازدید ماهانه,۰٫۲,روز بر هکتار,— باید در بند متناظر نوشته شود,۱۴۰۵,C,HP-20,نوشتن مبنای عدد در بند متناظر — فعلاً بدون لنگرگاه (سطر 3508),ثبت شد
FN-480,مالی,هزینهٔ نگهداری سالانه,۳۸,دلار بر هکتار,— باید در بند متناظر نوشته شود,۱۴۰۵,C,HP-20,نوشتن مبنای عدد در بند متناظر — فعلاً بدون لنگرگاه (سطر 3509),ثبت شد
FN-481,مالی,هزینهٔ کل سرمایه‌ای,۱٬۲۴۰,دلار بر هکتار,— باید در بند متناظر نوشته شود,۱۴۰۵,C,HP-20,نوشتن مبنای عدد در بند متناظر — فعلاً بدون لنگرگاه (سطر 3510),ثبت شد
TO-1222,هدف فنی,مشخصات پایه: ۲۰۰ تا ۲۰۰۰ متر · بارش ۸۰۰ تا,۱۶۰۰,—,— باید در بند متناظر نوشته شود,۱۴۰۵,C,HP-21,نوشتن مبنای عدد در بند متناظر — فعلاً بدون لنگرگاه (سطر 205),ثبت شد
TO-1223,هدف فنی,مشخصات پایه: ۲۲۰۰ تا ۳۵۰۰ متر · بارش ۴۰۰ تا,۸۰۰,—,— باید در بند متناظر نوشته شود,۱۴۰۵,C,HP-21,نوشتن مبنای عدد در بند متناظر — فعلاً بدون لنگرگاه (سطر 221),ثبت شد
TO-1224,هدف فنی,ومی تأییدشده · ۲۶ خارجی · ۵ بومی‌نشده · ۶ مورد اختلاف · ۷ تعریف‌نشده ·,۱۲,—,— باید در بند متناظر نوشته شود,۱۴۰۵,C,HP-21,نوشتن مبنای عدد در بند متناظر — فعلاً بدون لنگرگاه (سطر 771),ثبت شد
TO-1225,هدف فنی,اهنما در هیچ‌یک از اسناد پرونده ثبت نشده است. سند شواهد جهانی §,۴,—,— باید در بند متناظر نوشته شود,۱۴۰۵,C,HP-21,نوشتن مبنای عدد در بند متناظر — فعلاً بدون لنگرگاه (سطر 998),ثبت شد
TO-1226,هدف فنی,نسخهٔ سند — HP-21,v3.0,نسخه,— باید در بند متناظر نوشته شود,۱۴۰۵,C,HP-21,نوشتن مبنای عدد در بند متناظر — فعلاً بدون لنگرگاه (سطر 1509),ثبت شد
TO-1227,هدف فنی,کد سند — HP-21,HP-21-TOUR-v3.0,کد,— باید در بند متناظر نوشته شود,۱۴۰۵,C,HP-21,نوشتن مبنای عدد در بند متناظر — فعلاً بدون لنگرگاه (سطر 1510),ثبت شد
TO-1228,هدف فنی,کد بسته — HP-21,HP-21,کد,— باید در بند متناظر نوشته شود,۱۴۰۵,C,HP-21,نوشتن مبنای عدد در بند متناظر — فعلاً بدون لنگرگاه (سطر 1511),ثبت شد
TO-1229,هدف فنی,تاریخ تدوین — HP-21,۱۴۰۵,سال,— باید در بند متناظر نوشته شود,۱۴۰۵,C,HP-21,نوشتن مبنای عدد در بند متناظر — فعلاً بدون لنگرگاه (سطر 1512),ثبت شد
SC-297,مقیاس,ارزش اکوتوریسم بازسازی‌شده,۱۰۷٫۶,دلار در هکتار در سال,— باید در بند متناظر نوشته شود,۱۴۰۵,C,HP-21,نوشتن مبنای عدد در بند متناظر — فعلاً بدون لنگرگاه (سطر 1522),ثبت شد
SC-298,مقیاس,باند حساسیت مدل بازسازی,۵۰ تا ۱۳۰,دلار در هکتار در سال,— باید در بند متناظر نوشته شود,۱۴۰۵,C,HP-21,نوشتن مبنای عدد در بند متناظر — فعلاً بدون لنگرگاه (سطر 1523),ثبت شد
SC-299,مقیاس,دامنهٔ پراکندگی اقلیمی,۵۶٫۴ تا ۲۰۰٫۴,دلار در هکتار در سال,— باید در بند متناظر نوشته شود,۱۴۰۵,C,HP-21,نوشتن مبنای عدد در بند متناظر — فعلاً بدون لنگرگاه (سطر 1524),ثبت شد
SC-300,مقیاس,درآمد ناخالص سایت,۱۳۸,دلار در هکتار در سال,— باید در بند متناظر نوشته شود,۱۴۰۵,C,HP-21,نوشتن مبنای عدد در بند متناظر — فعلاً بدون لنگرگاه (سطر 1525),ثبت شد
FN-482,مالی,هزینهٔ بهره‌برداری سایت,۳۰,دلار در هکتار در سال,— باید در بند متناظر نوشته شود,۱۴۰۵,C,HP-21,نوشتن مبنای عدد در بند متناظر — فعلاً بدون لنگرگاه (سطر 1526),ثبت شد
FN-483,مالی,هزینهٔ سرمایه‌ای کار دستی,۱۲۶٫۵۶,دلار بر هکتار,— باید در بند متناظر نوشته شود,۱۴۰۵,C,HP-21,نوشتن مبنای عدد در بند متناظر — فعلاً بدون لنگرگاه (سطر 1527),ثبت شد
FN-484,مالی,نرخ روز کاری — HP-21,۲۰,دلار بر روز-کارگر,— باید در بند متناظر نوشته شود,۱۴۰۵,C,HP-21,نوشتن مبنای عدد در بند متناظر — فعلاً بدون لنگرگاه (سطر 1529),ثبت شد
FN-485,مالی,نسبت منفعت به هزینه بدون اکوتوریسم,۱٫۹۱۲,نسبت,— باید در بند متناظر نوشته شود,۱۴۰۵,C,HP-21,نوشتن مبنای عدد در بند متناظر — فعلاً بدون لنگرگاه (سطر 1532),ثبت شد
TO-1230,هدف فنی,ارزش فعلی خالص بدون اکوتوریسم,+۳۲۸٫۵۸,میلیون دلار,— باید در بند متناظر نوشته شود,۱۴۰۵,C,HP-21,نوشتن مبنای عدد در بند متناظر — فعلاً بدون لنگرگاه (سطر 1533),ثبت شد
TO-1231,هدف فنی,ظرفیت پذیرش پنجرهٔ اوج,۲۴,بازدید در پنجرهٔ ۴ ساعته,— باید در بند متناظر نوشته شود,۱۴۰۵,C,HP-21,نوشتن مبنای عدد در بند متناظر — فعلاً بدون لنگرگاه (سطر 1542),ثبت شد
TO-1232,هدف فنی,ظرفیت فیزیکی هم‌زمان بخش مسیر,۱۵۰,نفر,— باید در بند متناظر نوشته شود,۱۴۰۵,C,HP-21,نوشتن مبنای عدد در بند متناظر — فعلاً بدون لنگرگاه (سطر 1543),ثبت شد
TO-1233,هدف فنی,ظرفیت بهداشتی پنجرهٔ اوج,۲۴,نفر,— باید در بند متناظر نوشته شود,۱۴۰۵,C,HP-21,نوشتن مبنای عدد در بند متناظر — فعلاً بدون لنگرگاه (سطر 1544),ثبت شد
TO-1234,هدف فنی,ظرفیت مدیریتی پنجرهٔ اوج,۴۰,نفر,— باید در بند متناظر نوشته شود,۱۴۰۵,C,HP-21,نوشتن مبنای عدد در بند متناظر — فعلاً بدون لنگرگاه (سطر 1545),ثبت شد
SC-301,مقیاس,مساحت مؤثر هر بازدیدکننده,۴,مترمربع,— باید در بند متناظر نوشته شود,۱۴۰۵,C,HP-21,نوشتن مبنای عدد در بند متناظر — فعلاً بدون لنگرگاه (سطر 1546),ثبت شد
FN-486,مالی,نسبت بازدیدکننده به راهنما,۲۰,نفر بر راهنما,— باید در بند متناظر نوشته شود,۱۴۰۵,C,HP-21,نوشتن مبنای عدد در بند متناظر — فعلاً بدون لنگرگاه (سطر 1547),ثبت شد
TO-1235,هدف فنی,نوبت استفاده از هر توالت,۳,نوبت در ساعت,— باید در بند متناظر نوشته شود,۱۴۰۵,C,HP-21,نوشتن مبنای عدد در بند متناظر — فعلاً بدون لنگرگاه (سطر 1548),ثبت شد
TO-1236,هدف فنی,بازدید-روز روزانهٔ سایت,۴۸,بازدید در روز,— باید در بند متناظر نوشته شود,۱۴۰۵,C,HP-21,نوشتن مبنای عدد در بند متناظر — فعلاً بدون لنگرگاه (سطر 1549),ثبت شد
TO-1237,هدف فنی,بازدید-روز سالانهٔ سایت,۴٬۳۲۰ تا ۱۱٬۵۲۰,بازدید در سال,— باید در بند متناظر نوشته شود,۱۴۰۵,C,HP-21,نوشتن مبنای عدد در بند متناظر — فعلاً بدون لنگرگاه (سطر 1550),ثبت شد
TO-1238,هدف فنی,روز فعال سالانه به تفکیک اقلیم,۹۰ تا ۲۴۰,روز,— باید در بند متناظر نوشته شود,۱۴۰۵,C,HP-21,نوشتن مبنای عدد در بند متناظر — فعلاً بدون لنگرگاه (سطر 1551),ثبت شد
SC-302,مقیاس,طول شبکهٔ مسیر توسعه‌یافته,۴۰,متر بر هکتار,— باید در بند متناظر نوشته شود,۱۴۰۵,C,HP-21,نوشتن مبنای عدد در بند متناظر — فعلاً بدون لنگرگاه (سطر 1554),ثبت شد
TO-1239,هدف فنی,عرض مسیر,۱٫۲ و ۱٫۵,متر,— باید در بند متناظر نوشته شود,۱۴۰۵,C,HP-21,نوشتن مبنای عدد در بند متناظر — فعلاً بدون لنگرگاه (سطر 1555),ثبت شد
TO-1240,هدف فنی,شیب طولی حداکثر مسیر,۵ تا ۸,درصد,— باید در بند متناظر نوشته شود,۱۴۰۵,C,HP-21,نوشتن مبنای عدد در بند متناظر — فعلاً بدون لنگرگاه (سطر 1556),ثبت شد
SC-303,مقیاس,حجم سنگ مسیر,۷٫۲,مترمکعب بر هکتار,— باید در بند متناظر نوشته شود,۱۴۰۵,C,HP-21,نوشتن مبنای عدد در بند متناظر — فعلاً بدون لنگرگاه (سطر 1557),ثبت شد
SC-304,مقیاس,تعداد نیمکت,۰٫۱۳,عدد بر هکتار,— باید در بند متناظر نوشته شود,۱۴۰۵,C,HP-21,نوشتن مبنای عدد در بند متناظر — فعلاً بدون لنگرگاه (سطر 1558),ثبت شد
SC-305,مقیاس,تعداد توالت,۰٫۰۲,عدد بر هکتار,— باید در بند متناظر نوشته شود,۱۴۰۵,C,HP-21,نوشتن مبنای عدد در بند متناظر — فعلاً بدون لنگرگاه (سطر 1559),ثبت شد
SC-306,مقیاس,تعداد نقطهٔ آب,۰٫۰۲,عدد بر هکتار,— باید در بند متناظر نوشته شود,۱۴۰۵,C,HP-21,نوشتن مبنای عدد در بند متناظر — فعلاً بدون لنگرگاه (سطر 1560),ثبت شد
SC-307,مقیاس,تعداد جای پارکینگ,۰٫۱۵,عدد بر هکتار,— باید در بند متناظر نوشته شود,۱۴۰۵,C,HP-21,نوشتن مبنای عدد در بند متناظر — فعلاً بدون لنگرگاه (سطر 1561),ثبت شد
SC-308,مقیاس,سقف سطح سخت کارگاهی,۴,درصد مساحت عرصه,— باید در بند متناظر نوشته شود,۱۴۰۵,C,HP-21,نوشتن مبنای عدد در بند متناظر — فعلاً بدون لنگرگاه (سطر 1562),ثبت شد
TO-1241,هدف فنی,ظرفیت مخزن نقطهٔ آب,۵۰۰,لیتر,— باید در بند متناظر نوشته شود,۱۴۰۵,C,HP-21,نوشتن مبنای عدد در بند متناظر — فعلاً بدون لنگرگاه (سطر 1563),ثبت شد
TO-1242,هدف فنی,ظرفیت نقطهٔ آب,۱۰۰,لیتر در ساعت,— باید در بند متناظر نوشته شود,۱۴۰۵,C,HP-21,نوشتن مبنای عدد در بند متناظر — فعلاً بدون لنگرگاه (سطر 1564),ثبت شد
TO-1243,هدف فنی,تفکیک بازدید داخلی,۷۰,درصد,— باید در بند متناظر نوشته شود,۱۴۰۵,C,HP-21,نوشتن مبنای عدد در بند متناظر — فعلاً بدون لنگرگاه (سطر 1567),ثبت شد
TO-1244,هدف فنی,تفکیک بازدید منطقه‌ای,۲۵,درصد,— باید در بند متناظر نوشته شود,۱۴۰۵,C,HP-21,نوشتن مبنای عدد در بند متناظر — فعلاً بدون لنگرگاه (سطر 1568),ثبت شد
TO-1245,هدف فنی,تفکیک بازدید فرامنطقه‌ای,۵,درصد,— باید در بند متناظر نوشته شود,۱۴۰۵,C,HP-21,نوشتن مبنای عدد در بند متناظر — فعلاً بدون لنگرگاه (سطر 1569),ثبت شد
TO-1246,هدف فنی,فاصلهٔ آتش‌بند کوره تا زیرساخت بازدید,۱۰,متر,— باید در بند متناظر نوشته شود,۱۴۰۵,C,HP-21,نوشتن مبنای عدد در بند متناظر — فعلاً بدون لنگرگاه (سطر 1582),ثبت شد
TO-1247,هدف فنی,فاصلهٔ آتش‌بند کوره تا انبار سوخت,۲۵,متر,— باید در بند متناظر نوشته شود,۱۴۰۵,C,HP-21,نوشتن مبنای عدد در بند متناظر — فعلاً بدون لنگرگاه (سطر 1583),ثبت شد
TO-1248,هدف فنی,فاصلهٔ آتش‌بند کوره تا پهنهٔ اصلی بازدید,۵۰,متر,— باید در بند متناظر نوشته شود,۱۴۰۵,C,HP-21,نوشتن مبنای عدد در بند متناظر — فعلاً بدون لنگرگاه (سطر 1584),ثبت شد
M-123,مواد,شعاع خاک مرطوب پیرامون دهانهٔ کوره,۲,متر,— باید در بند متناظر نوشته شود,۱۴۰۵,C,HP-21,نوشتن مبنای عدد در بند متناظر — فعلاً بدون لنگرگاه (سطر 1585),ثبت شد
TO-1249,هدف فنی,مدت نگهبانی پس از خاموشی کوره,۴۸,ساعت,— باید در بند متناظر نوشته شود,۱۴۰۵,C,HP-21,نوشتن مبنای عدد در بند متناظر — فعلاً بدون لنگرگاه (سطر 1586),ثبت شد
TO-1250,هدف فنی,دمای فعال‌سازی کورهٔ بیوچار,۵۵۰ تا ۶۵۰,درجهٔ سلسیوس,— باید در بند متناظر نوشته شود,۱۴۰۵,C,HP-21,نوشتن مبنای عدد در بند متناظر — فعلاً بدون لنگرگاه (سطر 1587),ثبت شد
TO-1251,هدف فنی,ابعاد و عمق کورهٔ بیوچار,۲ در ۳ و ۱٫۵,متر,— باید در بند متناظر نوشته شود,۱۴۰۵,C,HP-21,نوشتن مبنای عدد در بند متناظر — فعلاً بدون لنگرگاه (سطر 1588),ثبت شد
FN-487,مالی,نرخ تبدیل بیوچار,۲۵ تا ۳۰,درصد,— باید در بند متناظر نوشته شود,۱۴۰۵,C,HP-21,نوشتن مبنای عدد در بند متناظر — فعلاً بدون لنگرگاه (سطر 1589),ثبت شد
TO-1252,هدف فنی,ساعت بازدید سازمان‌یافته در اقلیم گرم,۷ تا ۱۱ و ۱۶ تا ۱۹,ساعت,— باید در بند متناظر نوشته شود,۱۴۰۵,C,HP-21,نوشتن مبنای عدد در بند متناظر — فعلاً بدون لنگرگاه (سطر 1590),ثبت شد
TO-1253,هدف فنی,آب کمک اول در اقلیم گرم,۲,لیتر بر نفر,— باید در بند متناظر نوشته شود,۱۴۰۵,C,HP-21,نوشتن مبنای عدد در بند متناظر — فعلاً بدون لنگرگاه (سطر 1591),ثبت شد
TO-1254,هدف فنی,آستانهٔ سازگارشی پیش از بازدید بالای ۲۵۰۰ متر,۲,روز,— باید در بند متناظر نوشته شود,۱۴۰۵,C,HP-21,نوشتن مبنای عدد در بند متناظر — فعلاً بدون لنگرگاه (سطر 1592),ثبت شد
TO-1255,هدف فنی,ضریب اطمینان شیب گسست,۱٫۳,بدون بعد,— باید در بند متناظر نوشته شود,۱۴۰۵,C,HP-21,نوشتن مبنای عدد در بند متناظر — فعلاً بدون لنگرگاه (سطر 1593),ثبت شد
GV-26,حکمرانی,مدت آموزش کارگروهی,۲,روز,— باید در بند متناظر نوشته شود,۱۴۰۵,C,HP-21,نوشتن مبنای عدد در بند متناظر — فعلاً بدون لنگرگاه (سطر 1595),ثبت شد
TO-1256,هدف فنی,جمع مدت آموزش,۶,روز,— باید در بند متناظر نوشته شود,۱۴۰۵,C,HP-21,نوشتن مبنای عدد در بند متناظر — فعلاً بدون لنگرگاه (سطر 1596),ثبت شد
GV-27,حکمرانی,حداقل تصمیم اصلاحی کارگروه محلی در سال,۳,تصمیم,— باید در بند متناظر نوشته شود,۱۴۰۵,C,HP-21,نوشتن مبنای عدد در بند متناظر — فعلاً بدون لنگرگاه (سطر 1614),ثبت شد
TO-1257,هدف فنی,بستهٔ منفی صریح اقلیم‌ها,`C6` و `C9`,—,— باید در بند متناظر نوشته شود,۱۴۰۵,C,HP-21,نوشتن مبنای عدد در بند متناظر — فعلاً بدون لنگرگاه (سطر 1630),ثبت شد
SC-309,مقیاس,طول راه,۴۰,متر بر هکتار,— باید در بند متناظر نوشته شود,۱۴۰۵,C,HP-21,نوشتن مبنای عدد در بند متناظر — فعلاً بدون لنگرگاه (سطر 1911),ثبت شد
TO-1258,هدف فنی,عرض راه,۱٫۲ و ۱٫۵,متر,— باید در بند متناظر نوشته شود,۱۴۰۵,C,HP-21,نوشتن مبنای عدد در بند متناظر — فعلاً بدون لنگرگاه (سطر 1912),ثبت شد
TO-1259,هدف فنی,شیب حداکثر راه,۵ تا ۸,درصد,— باید در بند متناظر نوشته شود,۱۴۰۵,C,HP-21,نوشتن مبنای عدد در بند متناظر — فعلاً بدون لنگرگاه (سطر 1913),ثبت شد
M-124,مواد,ضخامت سنگ راه,۱۵,سانتی‌متر,— باید در بند متناظر نوشته شود,۱۴۰۵,C,HP-21,نوشتن مبنای عدد در بند متناظر — فعلاً بدون لنگرگاه (سطر 1914),ثبت شد
TO-1260,هدف فنی,فاصلهٔ زهکش عرضی,۵ تا ۲۰,متر,— باید در بند متناظر نوشته شود,۱۴۰۵,C,HP-21,نوشتن مبنای عدد در بند متناظر — فعلاً بدون لنگرگاه (سطر 1915),ثبت شد
TO-1261,هدف فنی,فاصلهٔ سکو,۱٬۰۰۰,متر,— باید در بند متناظر نوشته شود,۱۴۰۵,C,HP-21,نوشتن مبنای عدد در بند متناظر — فعلاً بدون لنگرگاه (سطر 1916),ثبت شد
TO-1262,هدف فنی,اندازهٔ سکو,۳ در ۳,متر,— باید در بند متناظر نوشته شود,۱۴۰۵,C,HP-21,نوشتن مبنای عدد در بند متناظر — فعلاً بدون لنگرگاه (سطر 1917),ثبت شد
TO-1263,هدف فنی,بلندی سکو,۴۰,سانتی‌متر,— باید در بند متناظر نوشته شود,۱۴۰۵,C,HP-21,نوشتن مبنای عدد در بند متناظر — فعلاً بدون لنگرگاه (سطر 1918),ثبت شد
SC-310,مقیاس,شیب سطح سکو,۲,درصد,— باید در بند متناظر نوشته شود,۱۴۰۵,C,HP-21,نوشتن مبنای عدد در بند متناظر — فعلاً بدون لنگرگاه (سطر 1919),ثبت شد
TO-1264,هدف فنی,فاصلهٔ نیمکت,۳۰۰,متر,— باید در بند متناظر نوشته شود,۱۴۰۵,C,HP-21,نوشتن مبنای عدد در بند متناظر — فعلاً بدون لنگرگاه (سطر 1920),ثبت شد
TO-1265,هدف فنی,تعداد نیمکت,۱۳,عدد,— باید در بند متناظر نوشته شود,۱۴۰۵,C,HP-21,نوشتن مبنای عدد در بند متناظر — فعلاً بدون لنگرگاه (سطر 1921),ثبت شد
TO-1266,هدف فنی,ارتفاع نشیمن,۴۵,سانتی‌متر,— باید در بند متناظر نوشته شود,۱۴۰۵,C,HP-21,نوشتن مبنای عدد در بند متناظر — فعلاً بدون لنگرگاه (سطر 1922),ثبت شد
TO-1267,هدف فنی,عمق نشیمن,۴۰,سانتی‌متر,— باید در بند متناظر نوشته شود,۱۴۰۵,C,HP-21,نوشتن مبنای عدد در بند متناظر — فعلاً بدون لنگرگاه (سطر 1923),ثبت شد
TO-1268,هدف فنی,تعداد سایبان,۲,عدد,— باید در بند متناظر نوشته شود,۱۴۰۵,C,HP-21,نوشتن مبنای عدد در بند متناظر — فعلاً بدون لنگرگاه (سطر 1924),ثبت شد
TO-1269,هدف فنی,ابعاد سایبان,۳ در ۳,متر,— باید در بند متناظر نوشته شود,۱۴۰۵,C,HP-21,نوشتن مبنای عدد در بند متناظر — فعلاً بدون لنگرگاه (سطر 1925),ثبت شد
TO-1270,هدف فنی,ارتفاع پایهٔ سایبان,۲٫۲,متر,— باید در بند متناظر نوشته شود,۱۴۰۵,C,HP-21,نوشتن مبنای عدد در بند متناظر — فعلاً بدون لنگرگاه (سطر 1926),ثبت شد
TO-1271,هدف فنی,حجم مخزن آب,۵۰۰,لیتر,— باید در بند متناظر نوشته شود,۱۴۰۵,C,HP-21,نوشتن مبنای عدد در بند متناظر — فعلاً بدون لنگرگاه (سطر 1927),ثبت شد
TO-1272,هدف فنی,تعداد توالت,۲,عدد,— باید در بند متناظر نوشته شود,۱۴۰۵,C,HP-21,نوشتن مبنای عدد در بند متناظر — فعلاً بدون لنگرگاه (سطر 1929),ثبت شد
TO-1273,هدف فنی,فاصلهٔ توالت از آب,۳۰,متر,— باید در بند متناظر نوشته شود,۱۴۰۵,C,HP-21,نوشتن مبنای عدد در بند متناظر — فعلاً بدون لنگرگاه (سطر 1931),ثبت شد
TO-1274,هدف فنی,تعداد ظرف پسماند,۳ در هر توقف,عدد,— باید در بند متناظر نوشته شود,۱۴۰۵,C,HP-21,نوشتن مبنای عدد در بند متناظر — فعلاً بدون لنگرگاه (سطر 1932),ثبت شد
TO-1275,هدف فنی,تعداد تابلو,۱۳,عدد,— باید در بند متناظر نوشته شود,۱۴۰۵,C,HP-21,نوشتن مبنای عدد در بند متناظر — فعلاً بدون لنگرگاه (سطر 1933),ثبت شد
TO-1276,هدف فنی,طول متن تابلو,۴۰,واژه,— باید در بند متناظر نوشته شود,۱۴۰۵,C,HP-21,نوشتن مبنای عدد در بند متناظر — فعلاً بدون لنگرگاه (سطر 1934),ثبت شد
TO-1277,هدف فنی,تعداد جای پارکینگ,۱۵,جای,— باید در بند متناظر نوشته شود,۱۴۰۵,C,HP-21,نوشتن مبنای عدد در بند متناظر — فعلاً بدون لنگرگاه (سطر 1935),ثبت شد
TO-1278,هدف فنی,ابعاد جای پارکینگ,۲٫۵ در ۵,متر,— باید در بند متناظر نوشته شود,۱۴۰۵,C,HP-21,نوشتن مبنای عدد در بند متناظر — فعلاً بدون لنگرگاه (سطر 1936),ثبت شد
TO-1279,هدف فنی,ظرفیت پنجرهٔ اوج,۲۴,بازدید,— باید در بند متناظر نوشته شود,۱۴۰۵,C,HP-21,نوشتن مبنای عدد در بند متناظر — فعلاً بدون لنگرگاه (سطر 1937),ثبت شد
TO-1280,هدف فنی,ظرفیت روزانه,۴۸,بازدید,— باید در بند متناظر نوشته شود,۱۴۰۵,C,HP-21,نوشتن مبنای عدد در بند متناظر — فعلاً بدون لنگرگاه (سطر 1938),ثبت شد
FN-488,مالی,نسبت بازدیدکننده به راهنما,۲۰,نفر,— باید در بند متناظر نوشته شود,۱۴۰۵,C,HP-21,نوشتن مبنای عدد در بند متناظر — فعلاً بدون لنگرگاه (سطر 1939),ثبت شد
TO-1281,هدف فنی,اندازهٔ گروه,۲۰,نفر,— باید در بند متناظر نوشته شود,۱۴۰۵,C,HP-21,نوشتن مبنای عدد در بند متناظر — فعلاً بدون لنگرگاه (سطر 1940),ثبت شد
SC-311,مقیاس,درآمد خالص سایت,۱۰۸,دلار بر هکتار در سال,— باید در بند متناظر نوشته شود,۱۴۰۵,C,HP-21,نوشتن مبنای عدد در بند متناظر — فعلاً بدون لنگرگاه (سطر 1942),ثبت شد
FN-489,مالی,هزینهٔ کار دستی,۱۲۶٫۵۶,دلار بر هکتار,— باید در بند متناظر نوشته شود,۱۴۰۵,C,HP-21,نوشتن مبنای عدد در بند متناظر — فعلاً بدون لنگرگاه (سطر 1943),ثبت شد
FN-490,مالی,نرخ روز کاری — HP-21,۲۰,دلار,— باید در بند متناظر نوشته شود,۱۴۰۵,C,HP-21,نوشتن مبنای عدد در بند متناظر — فعلاً بدون لنگرگاه (سطر 1944),ثبت شد
SC-312,مقیاس,نفر-روز ساخت,۶٫۳,نفر-روز بر هکتار,— باید در بند متناظر نوشته شود,۱۴۰۵,C,HP-21,نوشتن مبنای عدد در بند متناظر — فعلاً بدون لنگرگاه (سطر 1945),ثبت شد
TO-1282,هدف فنی,نفر-روز بهره‌برداری,۱۳۰,نفر-روز در سال,— باید در بند متناظر نوشته شود,۱۴۰۵,C,HP-21,نوشتن مبنای عدد در بند متناظر — فعلاً بدون لنگرگاه (سطر 1946),ثبت شد
TO-1283,هدف فنی,مدت آموزش,۶,روز,— باید در بند متناظر نوشته شود,۱۴۰۵,C,HP-21,نوشتن مبنای عدد در بند متناظر — فعلاً بدون لنگرگاه (سطر 1947),ثبت شد
TO-1284,هدف فنی,آب کمک اول در گرما,۲,لیتر بر نفر,— باید در بند متناظر نوشته شود,۱۴۰۵,C,HP-21,نوشتن مبنای عدد در بند متناظر — فعلاً بدون لنگرگاه (سطر 1950),ثبت شد
TO-1285,هدف فنی,آب کمک اول در غیرگرما,۱,لیتر بر نفر,— باید در بند متناظر نوشته شود,۱۴۰۵,C,HP-21,نوشتن مبنای عدد در بند متناظر — فعلاً بدون لنگرگاه (سطر 1951),ثبت شد
TO-1286,هدف فنی,ساعت بازدید در گرما,۷ تا ۱۱ و ۱۶ تا ۱۹,ساعت,— باید در بند متناظر نوشته شود,۱۴۰۵,C,HP-21,نوشتن مبنای عدد در بند متناظر — فعلاً بدون لنگرگاه (سطر 1952),ثبت شد
TO-1287,هدف فنی,فاصلهٔ آتش‌بند کوره تا زیرساخت,۱۰,متر,— باید در بند متناظر نوشته شود,۱۴۰۵,C,HP-21,نوشتن مبنای عدد در بند متناظر — فعلاً بدون لنگرگاه (سطر 1953),ثبت شد
TO-1288,هدف فنی,فاصلهٔ آتش‌بند کوره تا پهنهٔ بازدید,۵۰,متر,— باید در بند متناظر نوشته شود,۱۴۰۵,C,HP-21,نوشتن مبنای عدد در بند متناظر — فعلاً بدون لنگرگاه (سطر 1955),ثبت شد
M-125,مواد,شعاع خاک مرطوب کوره,۲,متر,— باید در بند متناظر نوشته شود,۱۴۰۵,C,HP-21,نوشتن مبنای عدد در بند متناظر — فعلاً بدون لنگرگاه (سطر 1956),ثبت شد
FN-491,مالی,نسبت بزرگسال به کودک,۵,کودک,— باید در بند متناظر نوشته شود,۱۴۰۵,C,HP-21,نوشتن مبنای عدد در بند متناظر — فعلاً بدون لنگرگاه (سطر 1957),ثبت شد
TO-1289,هدف فنی,سن کودک بدون بخش آب,۵,سال,— باید در بند متناظر نوشته شود,۱۴۰۵,C,HP-21,نوشتن مبنای عدد در بند متناظر — فعلاً بدون لنگرگاه (سطر 1958),ثبت شد
TO-1290,هدف فنی,کنترل پایداری محصول,فعالیت آبی هدف ۰٫۶۰ در برابر حد رد ۰٫۶۵ — حاشیهٔ ۰٫۰۵ واحد,بدون رطوبت‌سنج کالیبره، هیچ عددی قابل اتکا نیست و بازده انبار قابل پیش‌بینی نیست,— باید در بند متناظر نوشته شود,۱۴۰۵,C,HP-22,نوشتن مبنای عدد در بند متناظر — فعلاً بدون لنگرگاه (سطر 270),ثبت شد
GV-28,حکمرانی,سهم زنان از کارگاه,چهار نفر از هفت نفر تیم پایه — بالاتر از کف ۵۰ درصد سهم زنان در کارگروه‌های منظر (GV-06),سهم دستمزد زنان و مردان تفکیک‌نشده است و رقم هیچ‌یک تأییدنشده,— باید در بند متناظر نوشته شود,۱۴۰۵,C,HP-22,نوشتن مبنای عدد در بند متناظر — فعلاً بدون لنگرگاه (سطر 274),ثبت شد
PR-23,قیمت,انرژی نگهداری,بار سرمایش نمونه ۶۰۰ کیلوجول برای ۲۰۰ کیلوگرم در دوازده ساعت,هر ساعت کارکرد سرمایش، برق مصرف می‌کند و قیمت هر کیلووات‌ساعت تأییدنشده,— باید در بند متناظر نوشته شود,۱۴۰۵,C,HP-22,نوشتن مبنای عدد در بند متناظر — فعلاً بدون لنگرگاه (سطر 277),ثبت شد
TO-1291,هدف فنی,و، تصمیم مهندسی است و نیازمند محاسبهٔ بار باد و بار برف روی سقف در بند,۱۰٫۲,—,— باید در بند متناظر نوشته شود,۱۴۰۵,C,HP-22,نوشتن مبنای عدد در بند متناظر — فعلاً بدون لنگرگاه (سطر 437),ثبت شد
TO-1292,هدف فنی,رف بسته‌بندی، ضریب رسانش بند,۳٫۷,—,— باید در بند متناظر نوشته شود,۱۴۰۵,C,HP-22,نوشتن مبنای عدد در بند متناظر — فعلاً بدون لنگرگاه (سطر 567),ثبت شد
ST-46,استاندارد,تغییر نوع محصول,رطوبت هدف جدول ۲٫۲,آزمون ایزوترم,— باید در بند متناظر نوشته شود,۱۴۰۵,C,HP-22,نوشتن مبنای عدد در بند متناظر — فعلاً بدون لنگرگاه (سطر 571),ثبت شد
ST-47,استاندارد,تغییر جنس ظرف,ضریب رسانش بند ۳٫۷,آزمون رسانش,— باید در بند متناظر نوشته شود,۱۴۰۵,C,HP-22,نوشتن مبنای عدد در بند متناظر — فعلاً بدون لنگرگاه (سطر 572),ثبت شد
TO-1293,هدف فنی,د و دلیلش را می‌نویسد. بند,۲٫۱۲,—,— باید در بند متناظر نوشته شود,۱۴۰۵,C,HP-22,نوشتن مبنای عدد در بند متناظر — فعلاً بدون لنگرگاه (سطر 601),ثبت شد
TO-1294,هدف فنی,I برای روز صاف,۲۰,مگاژول بر مترمربع در روز,— باید در بند متناظر نوشته شود,۱۴۰۵,C,HP-22,نوشتن مبنای عدد در بند متناظر — فعلاً بدون لنگرگاه (سطر 626),ثبت شد
TO-1295,هدف فنی,دول تجهیزات بند,۵٫۲,—,— باید در بند متناظر نوشته شود,۱۴۰۵,C,HP-22,نوشتن مبنای عدد در بند متناظر — فعلاً بدون لنگرگاه (سطر 933),ثبت شد
TO-1296,هدف فنی,گام یکم,۱ روز کاری,نیازمند خط پایه,— باید در بند متناظر نوشته شود,۱۴۰۵,C,HP-22,نوشتن مبنای عدد در بند متناظر — فعلاً بدون لنگرگاه (سطر 1197),ثبت شد
TO-1297,هدف فنی,گام دوم,۳ روز کاری,نیازمند خط پایه,— باید در بند متناظر نوشته شود,۱۴۰۵,C,HP-22,نوشتن مبنای عدد در بند متناظر — فعلاً بدون لنگرگاه (سطر 1198),ثبت شد
TO-1298,هدف فنی,گام سوم,۳ روز کاری,نیازمند خط پایه,— باید در بند متناظر نوشته شود,۱۴۰۵,C,HP-22,نوشتن مبنای عدد در بند متناظر — فعلاً بدون لنگرگاه (سطر 1199),ثبت شد
TO-1299,هدف فنی,گام چهارم,۹ روز کاری,نیازمند خط پایه,— باید در بند متناظر نوشته شود,۱۴۰۵,C,HP-22,نوشتن مبنای عدد در بند متناظر — فعلاً بدون لنگرگاه (سطر 1200),ثبت شد
TO-1300,هدف فنی,گام پنجم,۲ روز کاری,نیازمند خط پایه,— باید در بند متناظر نوشته شود,۱۴۰۵,C,HP-22,نوشتن مبنای عدد در بند متناظر — فعلاً بدون لنگرگاه (سطر 1201),ثبت شد
TO-1301,هدف فنی,گام ششم,۸ روز کاری,نیازمند خط پایه,— باید در بند متناظر نوشته شود,۱۴۰۵,C,HP-22,نوشتن مبنای عدد در بند متناظر — فعلاً بدون لنگرگاه (سطر 1202),ثبت شد
TO-1302,هدف فنی,جمع — HP-22,۲۶ روز کاری,نیازمند خط پایه,— باید در بند متناظر نوشته شود,۱۴۰۵,C,HP-22,نوشتن مبنای عدد در بند متناظر — فعلاً بدون لنگرگاه (سطر 1203),ثبت شد
TO-1303,هدف فنی,سرپرست کارگاه — HP-22,۱,مدیریت تولید و ثبت,— باید در بند متناظر نوشته شود,۱۴۰۵,C,HP-22,نوشتن مبنای عدد در بند متناظر — فعلاً بدون لنگرگاه (سطر 1286),ثبت شد
TO-1304,هدف فنی,سورتینگ‌کار زن,۲,سورتینگ دستی,— باید در بند متناظر نوشته شود,۱۴۰۵,C,HP-22,نوشتن مبنای عدد در بند متناظر — فعلاً بدون لنگرگاه (سطر 1287),ثبت شد
TO-1305,هدف فنی,بسته‌بند زن,۲,بسته‌بندی، دوخت و برچسب,— باید در بند متناظر نوشته شود,۱۴۰۵,C,HP-22,نوشتن مبنای عدد در بند متناظر — فعلاً بدون لنگرگاه (سطر 1289),ثبت شد
TO-1306,هدف فنی,دفتر ثبت,۱,ثبت و بایگانی,— باید در بند متناظر نوشته شود,۱۴۰۵,C,HP-22,نوشتن مبنای عدد در بند متناظر — فعلاً بدون لنگرگاه (سطر 1290),ثبت شد
TO-1307,هدف فنی,مجموع — HP-22,۷,—,— باید در بند متناظر نوشته شود,۱۴۰۵,C,HP-22,نوشتن مبنای عدد در بند متناظر — فعلاً بدون لنگرگاه (سطر 1291),ثبت شد
SC-313,مقیاس,خشک‌کن خورشیدی با سطح ۱۲ مترمربع,۱,گام چهارم — خشک‌کردن,— باید در بند متناظر نوشته شود,۱۴۰۵,C,HP-22,نوشتن مبنای عدد در بند متناظر — فعلاً بدون لنگرگاه (سطر 1297),ثبت شد
TO-1308,هدف فنی,توری خشک‌کن ضدزنگ,۲,گام چهارم — بستر لایهٔ محصول,— باید در بند متناظر نوشته شود,۱۴۰۵,C,HP-22,نوشتن مبنای عدد در بند متناظر — فعلاً بدون لنگرگاه (سطر 1298),ثبت شد
TO-1309,هدف فنی,رطوبت‌سنج غله و میوه,۱,گام یکم، سوم و چهارم — سنجش رطوبت,— باید در بند متناظر نوشته شود,۱۴۰۵,C,HP-22,نوشتن مبنای عدد در بند متناظر — فعلاً بدون لنگرگاه (سطر 1299),ثبت شد
TO-1310,هدف فنی,میز سورتینگ با شیب,۱,گام سوم — سورتینگ و توزین جریان رد,— باید در بند متناظر نوشته شود,۱۴۰۵,C,HP-22,نوشتن مبنای عدد در بند متناظر — فعلاً بدون لنگرگاه (سطر 1300),ثبت شد
TO-1311,هدف فنی,ترازوی جریان رد سورتینگ,۱,گام سوم — سنجش درصد رد,— باید در بند متناظر نوشته شود,۱۴۰۵,C,HP-22,نوشتن مبنای عدد در بند متناظر — فعلاً بدون لنگرگاه (سطر 1301),ثبت شد
TO-1312,هدف فنی,ترازوی عمومی,۱,گام یکم — ثبت وزن محموله,— باید در بند متناظر نوشته شود,۱۴۰۵,C,HP-22,نوشتن مبنای عدد در بند متناظر — فعلاً بدون لنگرگاه (سطر 1302),ثبت شد
TO-1313,هدف فنی,دستگاه دوخت و پلم,۱,گام پنجم — دوخت درز ظرف,— باید در بند متناظر نوشته شود,۱۴۰۵,C,HP-22,نوشتن مبنای عدد در بند متناظر — فعلاً بدون لنگرگاه (سطر 1303),ثبت شد
EM-10,تجهیزات,دستگاه پایستوریزه‌کن کوچک,۱,مسیر شیر — پایستوریزه‌سازی,— باید در بند متناظر نوشته شود,۱۴۰۵,C,HP-22,نوشتن مبنای عدد در بند متناظر — فعلاً بدون لنگرگاه (سطر 1304),ثبت شد
TO-1314,هدف فنی,اتاق سرد کوچک با عایق,۱,گام ششم — نگهداری کنترل‌شده,— باید در بند متناظر نوشته شود,۱۴۰۵,C,HP-22,نوشتن مبنای عدد در بند متناظر — فعلاً بدون لنگرگاه (سطر 1305),ثبت شد
TO-1315,هدف فنی,دستگاه سرمایش اتاق سرد,۱,گام ششم — حفظ دمای ۴ درجهٔ سانتی‌گراد,— باید در بند متناظر نوشته شود,۱۴۰۵,C,HP-22,نوشتن مبنای عدد در بند متناظر — فعلاً بدون لنگرگاه (سطر 1306),ثبت شد
TO-1316,هدف فنی,درشت‌کن یا الک درشت‌بند,۱,گام سوم — درشت‌بندی,— باید در بند متناظر نوشته شود,۱۴۰۵,C,HP-22,نوشتن مبنای عدد در بند متناظر — فعلاً بدون لنگرگاه (سطر 1307),ثبت شد
TO-1317,هدف فنی,چاقوی باغبانی و قیچی,۶,گام دوم — پیش‌تصفیه,— باید در بند متناظر نوشته شود,۱۴۰۵,C,HP-22,نوشتن مبنای عدد در بند متناظر — فعلاً بدون لنگرگاه (سطر 1308),ثبت شد
TO-1318,هدف فنی,سینک و ظرف شست‌وشو,۱,گام دوم — شست‌وشو,— باید در بند متناظر نوشته شود,۱۴۰۵,C,HP-22,نوشتن مبنای عدد در بند متناظر — فعلاً بدون لنگرگاه (سطر 1309),ثبت شد
TO-1319,هدف فنی,‌الزحمه‌ای در رجیستری طرح ثبت نشده است، بنابراین هر دو ستون دلاری جدول,۵٫۱,—,— باید در بند متناظر نوشته شود,۱۴۰۵,C,HP-22,نوشتن مبنای عدد در بند متناظر — فعلاً بدون لنگرگاه (سطر 1526),ثبت شد
SC-314,مقیاس,ضریب تصحیح رطوبت روی سطح خشک‌کن,۱٫۰ برای پایلوت خشک (فرض طراحی),۱٫۰,— باید در بند متناظر نوشته شود,۱۴۰۵,C,HP-22,نوشتن مبنای عدد در بند متناظر — فعلاً بدون لنگرگاه (سطر 1555),ثبت شد
TO-1320,هدف فنی,ی برای تابش ۲۰ مگاژول بر مترمربع در روز همان مقدار جدول,۳٫۲,—,— باید در بند متناظر نوشته شود,۱۴۰۵,C,HP-22,نوشتن مبنای عدد در بند متناظر — فعلاً بدون لنگرگاه (سطر 1580),ثبت شد
TO-1321,هدف فنی,یازمند خط پایه است و در این سناریو فرض طراحی,۴۰,—,— باید در بند متناظر نوشته شود,۱۴۰۵,C,HP-22,نوشتن مبنای عدد در بند متناظر — فعلاً بدون لنگرگاه (سطر 1580),ثبت شد
TO-1322,هدف فنی,گاژول بر مترمربع در روز همان مقدار مقایسهٔ حساسیت بند,۳٫۲٫۴,—,— باید در بند متناظر نوشته شود,۱۴۰۵,C,HP-22,نوشتن مبنای عدد در بند متناظر — فعلاً بدون لنگرگاه (سطر 1588),ثبت شد
TO-1323,هدف فنی,ناریو فرض طراحی ۷۵ درصد گرفته می‌شود · ضریب تصحیح رطوبت تالش,۱٫۵,—,— باید در بند متناظر نوشته شود,۱۴۰۵,C,HP-22,نوشتن مبنای عدد در بند متناظر — فعلاً بدون لنگرگاه (سطر 1588),ثبت شد
TO-1324,هدف فنی,ر روز و رطوبت نسبی هوای فصل گرم,۵۵,—,— باید در بند متناظر نوشته شود,۱۴۰۵,C,HP-22,نوشتن مبنای عدد در بند متناظر — فعلاً بدون لنگرگاه (سطر 1596),ثبت شد
TO-1325,هدف فنی,ل ۶٫۱ در وضعیت فعلی، هر دو حالت را نشان می‌دهد: ضریب تصحیح رطوبت ۱٫۵ و,۱٫۲,—,— باید در بند متناظر نوشته شود,۱۴۰۵,C,HP-22,نوشتن مبنای عدد در بند متناظر — فعلاً بدون لنگرگاه (سطر 1642),ثبت شد
M-126,مواد,خشک‌کن ۱۸ مترمربع به ازای هر تن مادهٔ تر در روز، یعنی ضریب تصحیح رطوبت,۱٫۵,—,— باید در بند متناظر نوشته شود,۱۴۰۵,C,HP-22,نوشتن مبنای عدد در بند متناظر — فعلاً بدون لنگرگاه (سطر 1657),ثبت شد
SC-315,مقیاس,پارامتر اصلی طراحی: سطح خشک‌کن,۱۴٫۴,—,— باید در بند متناظر نوشته شود,۱۴۰۵,C,HP-22,نوشتن مبنای عدد در بند متناظر — فعلاً بدون لنگرگاه (سطر 1662),ثبت شد
SC-316,مقیاس,ع‌بندی تفصیل چهار پایلوت — سطح اطمینان: C (فرض طراحی) · ضریب ۱٫۵ و سطح,۱۴٫۴,—,— باید در بند متناظر نوشته شود,۱۴۰۵,C,HP-22,نوشتن مبنای عدد در بند متناظر — فعلاً بدون لنگرگاه (سطر 1672),ثبت شد
TO-1326,هدف فنی,د خط پایه است و در این کتابچه ساخته نشده. بند,۶٫۱۳,—,— باید در بند متناظر نوشته شود,۱۴۰۵,C,HP-22,نوشتن مبنای عدد در بند متناظر — فعلاً بدون لنگرگاه (سطر 1727),ثبت شد
TO-1327,هدف فنی,۰ تا ۴۵۰ میلی‌متر برای دیشموک، ۲۰۰ تا ۲۵۰ برای بهبهان و ۸۰۰ تا,۱۶۰۰,—,— باید در بند متناظر نوشته شود,۱۴۰۵,C,HP-22,نوشتن مبنای عدد در بند متناظر — فعلاً بدون لنگرگاه (سطر 1729),ثبت شد
PL-28,پایلوت,رقم رطوبت نسبی برای هیچ‌یک از چهار پایلوت ثبت نشده است و هفت ردیف جدول,۶٫۱,—,— باید در بند متناظر نوشته شود,۱۴۰۵,C,HP-22,نوشتن مبنای عدد در بند متناظر — فعلاً بدون لنگرگاه (سطر 1729),ثبت شد
PL-29,پایلوت,ک‌ترین مدخل فصل ۱۰ در هر پایلوت را نام می‌برد. بند,۶٫۱۳,—,— باید در بند متناظر نوشته شود,۱۴۰۵,C,HP-22,نوشتن مبنای عدد در بند متناظر — فعلاً بدون لنگرگاه (سطر 1729),ثبت شد
TO-1328,هدف فنی,جدول — HP-22,۸٫۱,—,— باید در بند متناظر نوشته شود,۱۴۰۵,C,HP-22,نوشتن مبنای عدد در بند متناظر — فعلاً بدون لنگرگاه (سطر 1905),ثبت شد
TO-1329,هدف فنی,سال نخست,۱,همهٔ اجزا تازه و ظرفیت کامل,— باید در بند متناظر نوشته شود,۱۴۰۵,C,HP-22,نوشتن مبنای عدد در بند متناظر — فعلاً بدون لنگرگاه (سطر 1940),ثبت شد
TO-1330,هدف فنی,دورهٔ بهره‌برداری پایدار,۲ تا ۵,ظرفیت خشک‌کن ثابت و توری نیازمند تعویض جزئی,— باید در بند متناظر نوشته شود,۱۴۰۵,C,HP-22,نوشتن مبنای عدد در بند متناظر — فعلاً بدون لنگرگاه (سطر 1941),ثبت شد
TO-1331,هدف فنی,دورهٔ فرسایش,۶ تا ۹,افت راندمان حرارتی اسکلت و افزایش نشتی اتاق سرد,— باید در بند متناظر نوشته شود,۱۴۰۵,C,HP-22,نوشتن مبنای عدد در بند متناظر — فعلاً بدون لنگرگاه (سطر 1942),ثبت شد
TO-1332,هدف فنی,دورهٔ تعمیر اساسی,۱۰,توری و عایق و اسکلت به پایان عمر فنی خود نزدیک می‌شوند,— باید در بند متناظر نوشته شود,۱۴۰۵,C,HP-22,نوشتن مبنای عدد در بند متناظر — فعلاً بدون لنگرگاه (سطر 1943),ثبت شد
TO-1333,هدف فنی,پایان عمر فنی,بیش از ۱۰,تعویض کامل اسکلت، توری و اتاق سرد,— باید در بند متناظر نوشته شود,۱۴۰۵,C,HP-22,نوشتن مبنای عدد در بند متناظر — فعلاً بدون لنگرگاه (سطر 1944),ثبت شد
TO-1334,هدف فنی,، همان جدول,۸٫۱,—,— باید در بند متناظر نوشته شود,۱۴۰۵,C,HP-22,نوشتن مبنای عدد در بند متناظر — فعلاً بدون لنگرگاه (سطر 1966),ثبت شد
TO-1335,هدف فنی,زمانی این پنج ردیف، از بند ۸٫۴ و جدول,۸٫۳,—,— باید در بند متناظر نوشته شود,۱۴۰۵,C,HP-22,نوشتن مبنای عدد در بند متناظر — فعلاً بدون لنگرگاه (سطر 1994),ثبت شد
TO-1336,هدف فنی,تیغهٔ درشت‌کن,ندارد — تیزکردن ماهانه در جدول ۸٫۱,نیازمند خط پایه,— باید در بند متناظر نوشته شود,۱۴۰۵,C,HP-22,نوشتن مبنای عدد در بند متناظر — فعلاً بدون لنگرگاه (سطر 2022),ثبت شد
TO-1337,هدف فنی,چاقوی سورتینگ,ندارد — تیزکردن ماهانه در جدول ۸٫۱,نیازمند خط پایه,— باید در بند متناظر نوشته شود,۱۴۰۵,C,HP-22,نوشتن مبنای عدد در بند متناظر — فعلاً بدون لنگرگاه (سطر 2023),ثبت شد
TO-1338,هدف فنی,نوار آب‌بندی اتاق سرد,ندارد — آزمون نشتی شش‌ماهه در جدول ۸٫۱,نیازمند خط پایه,— باید در بند متناظر نوشته شود,۱۴۰۵,C,HP-22,نوشتن مبنای عدد در بند متناظر — فعلاً بدون لنگرگاه (سطر 2024),ثبت شد
TO-1339,هدف فنی,رله و فیوز دستگاه دوخت,ندارد — سرویس ماهانه در جدول ۸٫۱,نیازمند خط پایه,— باید در بند متناظر نوشته شود,۱۴۰۵,C,HP-22,نوشتن مبنای عدد در بند متناظر — فعلاً بدون لنگرگاه (سطر 2025),ثبت شد
TO-1340,هدف فنی,یت دارد و مجموع نفر-روز سالانهٔ آن,۹۰٫۴,—,— باید در بند متناظر نوشته شود,۱۴۰۵,C,HP-22,نوشتن مبنای عدد در بند متناظر — فعلاً بدون لنگرگاه (سطر 2078),ثبت شد
TO-1341,هدف فنی,خشک‌کن خورشیدی,۱۲ مترمربع × قیمت هر مترمربع — قیمت تأییدنشده — نیازمند سه استعلام,تأییدنشده,— باید در بند متناظر نوشته شود,۱۴۰۵,C,HP-22,نوشتن مبنای عدد در بند متناظر — فعلاً بدون لنگرگاه (سطر 2089),ثبت شد
TO-1342,هدف فنی,توری خشک‌کن,۲ عدد × قیمت هر توری — قیمت تأییدنشده,تأییدنشده,— باید در بند متناظر نوشته شود,۱۴۰۵,C,HP-22,نوشتن مبنای عدد در بند متناظر — فعلاً بدون لنگرگاه (سطر 2090),ثبت شد
TO-1343,هدف فنی,رطوبت‌سنج و ترازوی جریان رد,۲ دستگاه × قیمت هر دستگاه — قیمت تأییدنشده,تأییدنشده,— باید در بند متناظر نوشته شود,۱۴۰۵,C,HP-22,نوشتن مبنای عدد در بند متناظر — فعلاً بدون لنگرگاه (سطر 2091),ثبت شد
TO-1344,هدف فنی,میز سورتینگ و درشت‌کن,۲ واحد × قیمت هر واحد — قیمت تأییدنشده,تأییدنشده,— باید در بند متناظر نوشته شود,۱۴۰۵,C,HP-22,نوشتن مبنای عدد در بند متناظر — فعلاً بدون لنگرگاه (سطر 2092),ثبت شد
TO-1345,هدف فنی,دستگاه دوخت و پلم,۱ دستگاه × قیمت هر دستگاه — قیمت تأییدنشده,تأییدنشده,— باید در بند متناظر نوشته شود,۱۴۰۵,C,HP-22,نوشتن مبنای عدد در بند متناظر — فعلاً بدون لنگرگاه (سطر 2093),ثبت شد
TO-1346,هدف فنی,دستگاه پایستوریزه‌کن کوچک,۱ دستگاه × قیمت هر دستگاه — قیمت تأییدنشده,تأییدنشده,— باید در بند متناظر نوشته شود,۱۴۰۵,C,HP-22,نوشتن مبنای عدد در بند متناظر — فعلاً بدون لنگرگاه (سطر 2094),ثبت شد
TO-1347,هدف فنی,اتاق سرد و دستگاه سرمایش,۱ واحد × قیمت هر واحد — قیمت تأییدنشده,تأییدنشده,— باید در بند متناظر نوشته شود,۱۴۰۵,C,HP-22,نوشتن مبنای عدد در بند متناظر — فعلاً بدون لنگرگاه (سطر 2095),ثبت شد
TO-1348,هدف فنی,سینک و ظرف و ابزار دستی,۱ ست × قیمت هر ست — قیمت تأییدنشده,تأییدنشده,— باید در بند متناظر نوشته شود,۱۴۰۵,C,HP-22,نوشتن مبنای عدد در بند متناظر — فعلاً بدون لنگرگاه (سطر 2096),ثبت شد
TO-1349,هدف فنی,نیروی کار اجرا — HP-22,۵۲ نفر-روز در دوره × قیمت هر نفر-روز — قیمت تأییدنشده,تأییدنشده,— باید در بند متناظر نوشته شود,۱۴۰۵,C,HP-22,نوشتن مبنای عدد در بند متناظر — فعلاً بدون لنگرگاه (سطر 2097),ثبت شد
TO-1350,هدف فنی,نگهداری سالانه — HP-22,۹۰٫۴ نفر-روز در سال × قیمت هر نفر-روز — قیمت تأییدنشده,تأییدنشده,— باید در بند متناظر نوشته شود,۱۴۰۵,C,HP-22,نوشتن مبنای عدد در بند متناظر — فعلاً بدون لنگرگاه (سطر 2098),ثبت شد
FN-492,مالی,بازمحاسبهٔ بازگشت سرمایه از جدول‌های ۹٫۱ و,۹٫۲,—,— باید در بند متناظر نوشته شود,۱۴۰۵,C,HP-22,نوشتن مبنای عدد در بند متناظر — فعلاً بدون لنگرگاه (سطر 2135),ثبت شد
TO-1351,هدف فنی,ایه از جدول‌های ۹٫۱ و,۹٫۲,—,— باید در بند متناظر نوشته شود,۱۴۰۵,C,HP-22,نوشتن مبنای عدد در بند متناظر — فعلاً بدون لنگرگاه (سطر 2135),ثبت شد
FN-493,مالی,بازمحاسبهٔ نسبت منفعت به هزینه از جدول‌های ۹٫۱ و,۹٫۲,—,— باید در بند متناظر نوشته شود,۱۴۰۵,C,HP-22,نوشتن مبنای عدد در بند متناظر — فعلاً بدون لنگرگاه (سطر 2144),ثبت شد
FN-494,مالی,حاسبهٔ نسبت منفعت به هزینه از جدول‌های ۹٫۱ و,۹٫۲,—,— باید در بند متناظر نوشته شود,۱۴۰۵,C,HP-22,نوشتن مبنای عدد در بند متناظر — فعلاً بدون لنگرگاه (سطر 2144),ثبت شد
TO-1352,هدف فنی,شکست زنجیرهٔ سرد,۰٫۹۰,۰٫۹۶,— باید در بند متناظر نوشته شود,۱۴۰۵,C,HP-22,نوشتن مبنای عدد در بند متناظر — فعلاً بدون لنگرگاه (سطر 2234),ثبت شد
TO-1353,هدف فنی,از دست رفتن آب پنیر,۰٫۹۰,۰٫۷۷,— باید در بند متناظر نوشته شود,۱۴۰۵,C,HP-22,نوشتن مبنای عدد در بند متناظر — فعلاً بدون لنگرگاه (سطر 2235),ثبت شد
SC-317,مقیاس,سطح خشک‌کن به ازای هر تن,۱۲ مترمربع,۱۸ مترمربع,— باید در بند متناظر نوشته شود,۱۴۰۵,C,HP-22,نوشتن مبنای عدد در بند متناظر — فعلاً بدون لنگرگاه (سطر 2256),ثبت شد
TO-1354,هدف فنی,مدت نگهداری,۲۰ روز,۱۰ روز,— باید در بند متناظر نوشته شود,۱۴۰۵,C,HP-22,نوشتن مبنای عدد در بند متناظر — فعلاً بدون لنگرگاه (سطر 2257),ثبت شد
TO-1355,هدف فنی,نفر-روز اجرا — HP-22,۵۲ نفر-روز,۲۹ نفر-روز,— باید در بند متناظر نوشته شود,۱۴۰۵,C,HP-22,نوشتن مبنای عدد در بند متناظر — فعلاً بدون لنگرگاه (سطر 2258),ثبت شد
TO-1356,هدف فنی,نفر-روز نگهداری,۹۰٫۴ نفر-روز,نیازمند خط پایه,— باید در بند متناظر نوشته شود,۱۴۰۵,C,HP-22,نوشتن مبنای عدد در بند متناظر — فعلاً بدون لنگرگاه (سطر 2259),ثبت شد
FN-495,مالی,ه است. بازمحاسبهٔ دورهٔ بازگشت سرمایه از جدول‌های ۹٫۱ و,۹٫۲,—,— باید در بند متناظر نوشته شود,۱۴۰۵,C,HP-22,نوشتن مبنای عدد در بند متناظر — فعلاً بدون لنگرگاه (سطر 2368),ثبت شد
TO-1357,هدف فنی,ی‌شود نه برای کران. بند,۹٫۱۲,—,— باید در بند متناظر نوشته شود,۱۴۰۵,C,HP-22,نوشتن مبنای عدد در بند متناظر — فعلاً بدون لنگرگاه (سطر 2368),ثبت شد
SC-318,مقیاس,هر هکتار ثبت می‌کند و بند,۲٫۱۲,—,— باید در بند متناظر نوشته شود,۱۴۰۵,C,HP-22,نوشتن مبنای عدد در بند متناظر — فعلاً بدون لنگرگاه (سطر 2615),ثبت شد
TO-1358,هدف فنی,سطوح حداکثر آلاینده‌ها — تأیید آزمایشگاهی سم قارچی,بند ۱۱٫۳ ردیف ششم,برآورده نشده — نیازمند اقدام,— باید در بند متناظر نوشته شود,۱۴۰۵,C,HP-22,نوشتن مبنای عدد در بند متناظر — فعلاً بدون لنگرگاه (سطر 2901),ثبت شد
ST-48,استاندارد,ایمنی و سلامت شغلی ISO 45001 — آموزش کارگر,بند ۵٫۸ جدول ۵٫۷,برآورده با قید,— باید در بند متناظر نوشته شود,۱۴۰۵,C,HP-22,نوشتن مبنای عدد در بند متناظر — فعلاً بدون لنگرگاه (سطر 2905),ثبت شد
TO-1359,هدف فنی,پایش وزن و اندازه‌گیری — کالیبراسیون ترازوی جریان رد,بند ۸٫۱ فصل ۷ کالیبراسیون شش‌ماهه,برآورده با قید,— باید در بند متناظر نوشته شود,۱۴۰۵,C,HP-22,نوشتن مبنای عدد در بند متناظر — فعلاً بدون لنگرگاه (سطر 2909),ثبت شد
SC-319,مقیاس,سهم خدمات اکوسیستمی بستهٔ HP-22,۰,دلار در هکتار در سال,— باید در بند متناظر نوشته شود,۱۴۰۵,C,HP-22,نوشتن مبنای عدد در بند متناظر — فعلاً بدون لنگرگاه (سطر 3428),ثبت شد
TO-1360,هدف فنی,گرمای نهان تبخیر آب,۲٫۴۵,مگاژول بر کیلوگرم,— باید در بند متناظر نوشته شود,۱۴۰۵,C,HP-22,نوشتن مبنای عدد در بند متناظر — فعلاً بدون لنگرگاه (سطر 3435),ثبت شد
TO-1361,هدف فنی,بازده تبدیل انرژی به تبخیر,۰٫۳۵,بدون بُعد,— باید در بند متناظر نوشته شود,۱۴۰۵,C,HP-22,نوشتن مبنای عدد در بند متناظر — فعلاً بدون لنگرگاه (سطر 3436),ثبت شد
TO-1362,هدف فنی,تابش خورشید فرض طراحی برای روز صاف,۲۰,مگاژول بر مترمربع در روز,— باید در بند متناظر نوشته شود,۱۴۰۵,C,HP-22,نوشتن مبنای عدد در بند متناظر — فعلاً بدون لنگرگاه (سطر 3437),ثبت شد
FN-496,مالی,نرخ بحرانی خشک‌کردن,۰٫۷۳,کیلوگرم بر مترمربع در ساعت,— باید در بند متناظر نوشته شود,۱۴۰۵,C,HP-22,نوشتن مبنای عدد در بند متناظر — فعلاً بدون لنگرگاه (سطر 3438),ثبت شد
TO-1363,هدف فنی,زمان خشک‌کردن در نمونهٔ ۶۰ کیلوگرم آب,۱٫۷۵,روز,— باید در بند متناظر نوشته شود,۱۴۰۵,C,HP-22,نوشتن مبنای عدد در بند متناظر — فعلاً بدون لنگرگاه (سطر 3439),ثبت شد
TO-1364,هدف فنی,زمان خشک‌کردن در شرایط تابش ابری,۲٫۹۲,روز,— باید در بند متناظر نوشته شود,۱۴۰۵,C,HP-22,نوشتن مبنای عدد در بند متناظر — فعلاً بدون لنگرگاه (سطر 3440),ثبت شد
TO-1365,هدف فنی,فعالیت آبی هدف محصول خشک,۰٫۶۰ یا کمتر,بدون بُعد,— باید در بند متناظر نوشته شود,۱۴۰۵,C,HP-22,نوشتن مبنای عدد در بند متناظر — فعلاً بدون لنگرگاه (سطر 3441),ثبت شد
TO-1366,هدف فنی,حد مجاز فعالیت آبی محصول,۰٫۶۵,بدون بُعد,— باید در بند متناظر نوشته شود,۱۴۰۵,C,HP-22,نوشتن مبنای عدد در بند متناظر — فعلاً بدون لنگرگاه (سطر 3442),ثبت شد
TO-1367,هدف فنی,رطوبت وزنی هدف میوهٔ خشک,۱۲,درصد,— باید در بند متناظر نوشته شود,۱۴۰۵,C,HP-22,نوشتن مبنای عدد در بند متناظر — فعلاً بدون لنگرگاه (سطر 3443),ثبت شد
TO-1368,هدف فنی,حد مجاز رطوبت وزنی میوهٔ خشک,۱۴,درصد,— باید در بند متناظر نوشته شود,۱۴۰۵,C,HP-22,نوشتن مبنای عدد در بند متناظر — فعلاً بدون لنگرگاه (سطر 3444),ثبت شد
TO-1369,هدف فنی,رطوبت وزنی هدف غلات و حبوبات,۱۳,درصد,— باید در بند متناظر نوشته شود,۱۴۰۵,C,HP-22,نوشتن مبنای عدد در بند متناظر — فعلاً بدون لنگرگاه (سطر 3445),ثبت شد
TO-1370,هدف فنی,رطوبت وزنی هدف سبزی خشک,۷,درصد,— باید در بند متناظر نوشته شود,۱۴۰۵,C,HP-22,نوشتن مبنای عدد در بند متناظر — فعلاً بدون لنگرگاه (سطر 3446),ثبت شد
TO-1371,هدف فنی,حداقل اختلاف فعالیت آبی محصول از هوا,۰٫۰۵,بدون بُعد,— باید در بند متناظر نوشته شود,۱۴۰۵,C,HP-22,نوشتن مبنای عدد در بند متناظر — فعلاً بدون لنگرگاه (سطر 3447),ثبت شد
TO-1372,هدف فنی,فعالیت آبی تعادلی در انبار ۲۵ درجه و ۵۵ درصد,۰٫۵۵,بدون بُعد,— باید در بند متناظر نوشته شود,۱۴۰۵,C,HP-22,نوشتن مبنای عدد در بند متناظر — فعلاً بدون لنگرگاه (سطر 3448),ثبت شد
TO-1373,هدف فنی,بازده زنجیره در مسیر میوه,۰٫۹۰,بدون بُعد,— باید در بند متناظر نوشته شود,۱۴۰۵,C,HP-22,نوشتن مبنای عدد در بند متناظر — فعلاً بدون لنگرگاه (سطر 3449),ثبت شد
TO-1374,هدف فنی,بازده زنجیره در مسیر غله,۰٫۹۵,بدون بُعد,— باید در بند متناظر نوشته شود,۱۴۰۵,C,HP-22,نوشتن مبنای عدد در بند متناظر — فعلاً بدون لنگرگاه (سطر 3450),ثبت شد
TO-1375,هدف فنی,درصد رد سورتینگ در حالت پایه,۴,درصد,— باید در بند متناظر نوشته شود,۱۴۰۵,C,HP-22,نوشتن مبنای عدد در بند متناظر — فعلاً بدون لنگرگاه (سطر 3451),ثبت شد
TO-1376,هدف فنی,تلفات فرآوری در حالت پایه,۶,درصد,— باید در بند متناظر نوشته شود,۱۴۰۵,C,HP-22,نوشتن مبنای عدد در بند متناظر — فعلاً بدون لنگرگاه (سطر 3452),ثبت شد
EM-11,تجهیزات,کسر بسته‌شدن چرخهٔ مواد در مسیر شیر,۰٫۹۶,بدون بُعد,— باید در بند متناظر نوشته شود,۱۴۰۵,C,HP-22,نوشتن مبنای عدد در بند متناظر — فعلاً بدون لنگرگاه (سطر 3453),ثبت شد
TO-1377,هدف فنی,کسر بسته‌شدن چرخهٔ مواد در مسیر میوه,۰٫۴۰,بدون بُعد,— باید در بند متناظر نوشته شود,۱۴۰۵,C,HP-22,نوشتن مبنای عدد در بند متناظر — فعلاً بدون لنگرگاه (سطر 3454),ثبت شد
EM-12,تجهیزات,کسر بسته‌شدن چرخهٔ مواد در مسیر شیر بدون فروش آب پنیر,۰٫۷۷,بدون بُعد,— باید در بند متناظر نوشته شود,۱۴۰۵,C,HP-22,نوشتن مبنای عدد در بند متناظر — فعلاً بدون لنگرگاه (سطر 3455),ثبت شد
FN-497,مالی,ثابت نرخ تلفات زنجیرهٔ سرد,۰٫۰۲,بر یک روز,— باید در بند متناظر نوشته شود,۱۴۰۵,C,HP-22,نوشتن مبنای عدد در بند متناظر — فعلاً بدون لنگرگاه (سطر 3456),ثبت شد
TO-1378,هدف فنی,کسر تلفات در ۱۰ روز نگهداری,۰٫۱۸,بدون بُعد,— باید در بند متناظر نوشته شود,۱۴۰۵,C,HP-22,نوشتن مبنای عدد در بند متناظر — فعلاً بدون لنگرگاه (سطر 3457),ثبت شد
TO-1379,هدف فنی,کسر تلفات در ۲۰ روز نگهداری,۰٫۳۳,بدون بُعد,— باید در بند متناظر نوشته شود,۱۴۰۵,C,HP-22,نوشتن مبنای عدد در بند متناظر — فعلاً بدون لنگرگاه (سطر 3458),ثبت شد
TO-1380,هدف فنی,بار سرمایش در نمونهٔ ۲۰۰ کیلوگرم,۶۰۰,کیلوجول,— باید در بند متناظر نوشته شود,۱۴۰۵,C,HP-22,نوشتن مبنای عدد در بند متناظر — فعلاً بدون لنگرگاه (سطر 3459),ثبت شد
EM-13,تجهیزات,زمان ماند هدف شیر خام تا پایستوریزه‌سازی,۲,ساعت,— باید در بند متناظر نوشته شود,۱۴۰۵,C,HP-22,نوشتن مبنای عدد در بند متناظر — فعلاً بدون لنگرگاه (سطر 3460),ثبت شد
SC-320,مقیاس,سطح خشک‌کن به ازای هر تن مادهٔ تر در روز,۱۲,مترمربع,— باید در بند متناظر نوشته شود,۱۴۰۵,C,HP-22,نوشتن مبنای عدد در بند متناظر — فعلاً بدون لنگرگاه (سطر 3461),ثبت شد
TO-1381,هدف فنی,ضریب تصحیح رطوبت در تالش,۱٫۵,بدون بُعد,— باید در بند متناظر نوشته شود,۱۴۰۵,C,HP-22,نوشتن مبنای عدد در بند متناظر — فعلاً بدون لنگرگاه (سطر 3462),ثبت شد
TO-1382,هدف فنی,ضریب تصحیح رطوبت در یاسوج,۱٫۲,بدون بُعد,— باید در بند متناظر نوشته شود,۱۴۰۵,C,HP-22,نوشتن مبنای عدد در بند متناظر — فعلاً بدون لنگرگاه (سطر 3463),ثبت شد
TO-1383,هدف فنی,دمای نگهداری اتاق سرد,۴,درجهٔ سانتی‌گراد,— باید در بند متناظر نوشته شود,۱۴۰۵,C,HP-22,نوشتن مبنای عدد در بند متناظر — فعلاً بدون لنگرگاه (سطر 3464),ثبت شد
TO-1384,هدف فنی,حد رد دمای نگهداری اتاق سرد,۸,درجهٔ سانتی‌گراد,— باید در بند متناظر نوشته شود,۱۴۰۵,C,HP-22,نوشتن مبنای عدد در بند متناظر — فعلاً بدون لنگرگاه (سطر 3465),ثبت شد
TO-1385,هدف فنی,رطوبت نسبی هدف هوای انبار,۵۵,درصد,— باید در بند متناظر نوشته شود,۱۴۰۵,C,HP-22,نوشتن مبنای عدد در بند متناظر — فعلاً بدون لنگرگاه (سطر 3466),ثبت شد
TO-1386,هدف فنی,حد رد رطوبت نسبی هوای انبار,۶۵,درصد,— باید در بند متناظر نوشته شود,۱۴۰۵,C,HP-22,نوشتن مبنای عدد در بند متناظر — فعلاً بدون لنگرگاه (سطر 3467),ثبت شد
TO-1387,هدف فنی,تعداد نفر تیم پایهٔ فرآوری,۷,نفر,— باید در بند متناظر نوشته شود,۱۴۰۵,C,HP-22,نوشتن مبنای عدد در بند متناظر — فعلاً بدون لنگرگاه (سطر 3468),ثبت شد
GV-29,حکمرانی,سهم زنان از تیم پایه,۴,نفر,— باید در بند متناظر نوشته شود,۱۴۰۵,C,HP-22,نوشتن مبنای عدد در بند متناظر — فعلاً بدون لنگرگاه (سطر 3469),ثبت شد
TO-1388,هدف فنی,نفر-روز اجرا در یک دورهٔ کامل,۵۲,نفر-روز,— باید در بند متناظر نوشته شود,۱۴۰۵,C,HP-22,نوشتن مبنای عدد در بند متناظر — فعلاً بدون لنگرگاه (سطر 3470),ثبت شد
TO-1389,هدف فنی,نفر-روز نگهداری سالانه,۹۰٫۴,نفر-روز در سال,— باید در بند متناظر نوشته شود,۱۴۰۵,C,HP-22,نوشتن مبنای عدد در بند متناظر — فعلاً بدون لنگرگاه (سطر 3471),ثبت شد
TO-1390,هدف فنی,کاهش طول دوره با ماشینی‌سازی,۱۰٫۷,روز کاری,— باید در بند متناظر نوشته شود,۱۴۰۵,C,HP-22,نوشتن مبنای عدد در بند متناظر — فعلاً بدون لنگرگاه (سطر 3472),ثبت شد
TO-1391,هدف فنی,اثر ماشینی‌سازی بر طول دوره,۴۱,درصد,— باید در بند متناظر نوشته شود,۱۴۰۵,C,HP-22,نوشتن مبنای عدد در بند متناظر — فعلاً بدون لنگرگاه (سطر 3473),ثبت شد
TO-1392,هدف فنی,مدت نگهداری پیش از تحویل,۲۰,روز,— باید در بند متناظر نوشته شود,۱۴۰۵,C,HP-22,نوشتن مبنای عدد در بند متناظر — فعلاً بدون لنگرگاه (سطر 3474),ثبت شد
TO-1393,هدف فنی,جمع ستون زمان جدول ۸٫۱ در برابر جمع چهار میلهٔ شکل ۸٫۱,۹۰٫۴ در برابر ۸۹٫۴ — اختلاف ۱ نفر-روز,نفر-روز در سال,— باید در بند متناظر نوشته شود,۱۴۰۵,C,HP-22,نوشتن مبنای عدد در بند متناظر — فعلاً بدون لنگرگاه (سطر 3490),ثبت شد
FN-498,مالی,بازگشت سرمایهٔ سربرگ در برابر بازمحاسبهٔ فصل ۹,۰ در برابر تأییدنشده,سال,— باید در بند متناظر نوشته شود,۱۴۰۵,C,HP-22,نوشتن مبنای عدد در بند متناظر — فعلاً بدون لنگرگاه (سطر 3491),ثبت شد
TO-1394,هدف فنی,تعداد کاهش لگاریتمی در نمونهٔ فرآیند پایستوریزه‌سازی,۴٫۷۸,بدون بُعد,— باید در بند متناظر نوشته شود,۱۴۰۵,C,HP-22,نوشتن مبنای عدد در بند متناظر — فعلاً بدون لنگرگاه (سطر 3492),ثبت شد
TO-1395,هدف فنی,مدت کاهش لگاریتمی در دمای فرآوری,۰٫۰۵۲۳,min,— باید در بند متناظر نوشته شود,۱۴۰۵,C,HP-22,نوشتن مبنای عدد در بند متناظر — فعلاً بدون لنگرگاه (سطر 3493),ثبت شد
TO-1396,هدف فنی,مدت کاهش لگاریتمی مرجع در ۶۰ درجهٔ سانتی‌گراد,۰٫۰۰۳۳,min,— باید در بند متناظر نوشته شود,۱۴۰۵,C,HP-22,نوشتن مبنای عدد در بند متناظر — فعلاً بدون لنگرگاه (سطر 3494),ثبت شد
TO-1397,هدف فنی,پارامتر z فرض طراحی,۱۰,درجهٔ سانتی‌گراد,— باید در بند متناظر نوشته شود,۱۴۰۵,C,HP-22,نوشتن مبنای عدد در بند متناظر — فعلاً بدون لنگرگاه (سطر 3495),ثبت شد
TO-1398,هدف فنی,دمای فرآیند پایستوریزه‌سازی,۷۲,درجهٔ سانتی‌گراد,— باید در بند متناظر نوشته شود,۱۴۰۵,C,HP-22,نوشتن مبنای عدد در بند متناظر — فعلاً بدون لنگرگاه (سطر 3496),ثبت شد
TO-1399,هدف فنی,مدت ماند در دمای فرآوری,۰٫۲۵,min,— باید در بند متناظر نوشته شود,۱۴۰۵,C,HP-22,نوشتن مبنای عدد در بند متناظر — فعلاً بدون لنگرگاه (سطر 3497),ثبت شد
TO-1400,هدف فنی,افزایش رطوبت بسته در بیست روز نگهداری,منفی ۳٫۰,گرم,— باید در بند متناظر نوشته شود,۱۴۰۵,C,HP-22,نوشتن مبنای عدد در بند متناظر — فعلاً بدون لنگرگاه (سطر 3498),ثبت شد
TO-1401,هدف فنی,حاشیهٔ تحمل رطوبت بسته,۴٫۰,گرم,— باید در بند متناظر نوشته شود,۱۴۰۵,C,HP-22,نوشتن مبنای عدد در بند متناظر — فعلاً بدون لنگرگاه (سطر 3499),ثبت شد
TO-1402,هدف فنی,ضریب رسانش فرض طراحی کیسهٔ بسته‌بندی,۲٫۰,گرم بر مترمربع در روز بر پاسکال,— باید در بند متناظر نوشته شود,۱۴۰۵,C,HP-22,نوشتن مبنای عدد در بند متناظر — فعلاً بدون لنگرگاه (سطر 3500),ثبت شد
R-23,ریسک,شاخص ناحیهٔ خطر آفلاتوکسین در نمونهٔ گندم انبار,۱٫۰۸,بدون بُعد,— باید در بند متناظر نوشته شود,۱۴۰۵,C,HP-22,نوشتن مبنای عدد در بند متناظر — فعلاً بدون لنگرگاه (سطر 3501),ثبت شد
TO-1403,هدف فنی,رطوبت بحرانی قارچ ذخیره‌ای,۰٫۱۲,درصد کسر اعشاری,— باید در بند متناظر نوشته شود,۱۴۰۵,C,HP-22,نوشتن مبنای عدد در بند متناظر — فعلاً بدون لنگرگاه (سطر 3502),ثبت شد
TO-1404,هدف فنی,دمای بهینهٔ رشد قارچ ذخیره‌ای,۲۵,درجهٔ سانتی‌گراد,— باید در بند متناظر نوشته شود,۱۴۰۵,C,HP-22,نوشتن مبنای عدد در بند متناظر — فعلاً بدون لنگرگاه (سطر 3503),ثبت شد
TO-1405,هدف فنی,حد سازگاری بالای رشد قارچ,۴۰,درجهٔ سانتی‌گراد,— باید در بند متناظر نوشته شود,۱۴۰۵,C,HP-22,نوشتن مبنای عدد در بند متناظر — فعلاً بدون لنگرگاه (سطر 3504),ثبت شد
TO-1406,هدف فنی,کسر تلفات در زنجیرهٔ سرد شکسته با سه چرخهٔ اختلال,۰٫۳۶,بدون بُعد,— باید در بند متناظر نوشته شود,۱۴۰۵,C,HP-22,نوشتن مبنای عدد در بند متناظر — فعلاً بدون لنگرگاه (سطر 3505),ثبت شد
FN-499,مالی,افزایش نرخ تلفات به ازای هر چرخهٔ اختلال,۰٫۰۱۵,بر یک روز,— باید در بند متناظر نوشته شود,۱۴۰۵,C,HP-22,نوشتن مبنای عدد در بند متناظر — فعلاً بدون لنگرگاه (سطر 3506),ثبت شد
TO-1407,هدف فنی,شاخص یکنواختی خشک‌کردن در نمونهٔ سه‌نقطه‌ای,۰٫۲۴,بدون بُعد,— باید در بند متناظر نوشته شود,۱۴۰۵,C,HP-22,نوشتن مبنای عدد در بند متناظر — فعلاً بدون لنگرگاه (سطر 3507),ثبت شد
TO-1408,هدف فنی,آستانهٔ شاخص یکنواختی خشک‌کردن,۰٫۰۲,بدون بُعد,— باید در بند متناظر نوشته شود,۱۴۰۵,C,HP-22,نوشتن مبنای عدد در بند متناظر — فعلاً بدون لنگرگاه (سطر 3508),ثبت شد
TO-1409,هدف فنی,کسر رسیدگی پنیر در ده روز,۰٫۵۹,بدون بُعد,— باید در بند متناظر نوشته شود,۱۴۰۵,C,HP-22,نوشتن مبنای عدد در بند متناظر — فعلاً بدون لنگرگاه (سطر 3509),ثبت شد
TO-1410,هدف فنی,کسر افت بافت پنیر در ده روز,۰٫۳۰,بدون بُعد,— باید در بند متناظر نوشته شود,۱۴۰۵,C,HP-22,نوشتن مبنای عدد در بند متناظر — فعلاً بدون لنگرگاه (سطر 3510),ثبت شد
TO-1411,هدف فنی,شاخص تمرکز ارزش در ساختار فرض طراحی,۰٫۷۰,بدون بُعد,— باید در بند متناظر نوشته شود,۱۴۰۵,C,HP-22,نوشتن مبنای عدد در بند متناظر — فعلاً بدون لنگرگاه (سطر 3511),ثبت شد
TO-1412,هدف فنی,شاخص تمرکز ارزش در حالت واسطه‌محور,۰٫۵۵,بدون بُعد,— باید در بند متناظر نوشته شود,۱۴۰۵,C,HP-22,نوشتن مبنای عدد در بند متناظر — فعلاً بدون لنگرگاه (سطر 3512),ثبت شد
GV-30,حکمرانی,آستانهٔ افت سهم دامدار در زنجیره,۰٫۲۵,بدون بُعد,— باید در بند متناظر نوشته شود,۱۴۰۵,C,HP-22,نوشتن مبنای عدد در بند متناظر — فعلاً بدون لنگرگاه (سطر 3513),ثبت شد
TO-1413,هدف فنی,عمر باقی‌ماندهٔ اسکلت با کسر کمبود نگهداری ۰٫۲۰,۸٫۱,سال,— باید در بند متناظر نوشته شود,۱۴۰۵,C,HP-22,نوشتن مبنای عدد در بند متناظر — فعلاً بدون لنگرگاه (سطر 3514),ثبت شد
TO-1414,هدف فنی,عمر باقی‌ماندهٔ اسکلت با کسر کمبود نگهداری ۰٫۵۰,۵٫۶,سال,— باید در بند متناظر نوشته شود,۱۴۰۵,C,HP-22,نوشتن مبنای عدد در بند متناظر — فعلاً بدون لنگرگاه (سطر 3515),ثبت شد
TO-1415,هدف فنی,حساسیت عمر به کمبود نگهداری,۰٫۵,بر یک واحد کسر,— باید در بند متناظر نوشته شود,۱۴۰۵,C,HP-22,نوشتن مبنای عدد در بند متناظر — فعلاً بدون لنگرگاه (سطر 3516),ثبت شد
SC-321,مقیاس,سطح خشک‌کن در تالش به ازای هر تن مادهٔ تر,۱۸,مترمربع,— باید در بند متناظر نوشته شود,۱۴۰۵,C,HP-22,نوشتن مبنای عدد در بند متناظر — فعلاً بدون لنگرگاه (سطر 3517),ثبت شد
SC-322,مقیاس,سطح خشک‌کن در یاسوج به ازای هر تن مادهٔ تر,۱۴٫۴,مترمربع,— باید در بند متناظر نوشته شود,۱۴۰۵,C,HP-22,نوشتن مبنای عدد در بند متناظر — فعلاً بدون لنگرگاه (سطر 3518),ثبت شد
TO-1416,هدف فنی,فعالیت آبی تعادلی در انبار با رطوبت نسبی ۴۰ درصد,۰٫۴۰,بدون بُعد,— باید در بند متناظر نوشته شود,۱۴۰۵,C,HP-22,نوشتن مبنای عدد در بند متناظر — فعلاً بدون لنگرگاه (سطر 3519),ثبت شد
TO-1417,هدف فنی,فعالیت آبی تعادلی در انبار با رطوبت نسبی ۷۵ درصد,۰٫۷۵,بدون بُعد,— باید در بند متناظر نوشته شود,۱۴۰۵,C,HP-22,نوشتن مبنای عدد در بند متناظر — فعلاً بدون لنگرگاه (سطر 3520),ثبت شد
TO-1418,هدف فنی,زمان خشک‌کردن در شرایط تابش ابری در تحلیل حساسیت,۲٫۹۲,روز,— باید در بند متناظر نوشته شود,۱۴۰۵,C,HP-22,نوشتن مبنای عدد در بند متناظر — فعلاً بدون لنگرگاه (سطر 3521),ثبت شد
R-24,ریسک,تعداد مدخل‌های رجیستری ریسک و پاسخ,۱۷,مدخل,— باید در بند متناظر نوشته شود,۱۴۰۵,C,HP-22,نوشتن مبنای عدد در بند متناظر — فعلاً بدون لنگرگاه (سطر 3522),ثبت شد
SC-323,مقیاس,تعداد مدخل‌های ریسک با سطح پیش از پاسخ R4,۱,مدخل,— باید در بند متناظر نوشته شود,۱۴۰۵,C,HP-22,نوشتن مبنای عدد در بند متناظر — فعلاً بدون لنگرگاه (سطر 3523),ثبت شد
TO-1419,هدف فنی,تعداد نمونه‌های مستند مطالعهٔ شکست,۵,نمونه,— باید در بند متناظر نوشته شود,۱۴۰۵,C,HP-22,نوشتن مبنای عدد در بند متناظر — فعلاً بدون لنگرگاه (سطر 3524),ثبت شد
FN-500,مالی,نسبت دورهٔ نگهداری به دورهٔ کل فرآوری,۲۰ از ۲۶ روز کاری,روز کاری,— باید در بند متناظر نوشته شود,۱۴۰۵,C,HP-22,نوشتن مبنای عدد در بند متناظر — فعلاً بدون لنگرگاه (سطر 3530),ثبت شد
TO-1420,هدف فنی,تعداد دفعات تجمعی نگهداری تا سال پنجم,۴۵۲,نوبت,— باید در بند متناظر نوشته شود,۱۴۰۵,C,HP-22,نوشتن مبنای عدد در بند متناظر — فعلاً بدون لنگرگاه (سطر 3531),ثبت شد
TO-1421,هدف فنی,میانگین کسر کمبود نگهداری در پنج سال,۰٫۲۲,بدون بُعد,— باید در بند متناظر نوشته شود,۱۴۰۵,C,HP-22,نوشتن مبنای عدد در بند متناظر — فعلاً بدون لنگرگاه (سطر 3532),ثبت شد
TO-1422,هدف فنی,تعداد نقاط سرمایه‌گذاری دوره‌ای در افق ده ساله,۵,نقطه,— باید در بند متناظر نوشته شود,۱۴۰۵,C,HP-22,نوشتن مبنای عدد در بند متناظر — فعلاً بدون لنگرگاه (سطر 3533),ثبت شد
TO-1423,هدف فنی,تعداد روش‌های بومی تحلیل‌شده در بند ۱٫۷,۱۰,روش,— باید در بند متناظر نوشته شود,۱۴۰۵,C,HP-22,نوشتن مبنای عدد در بند متناظر — فعلاً بدون لنگرگاه (سطر 3534),ثبت شد
TO-1424,هدف فنی,تعداد دلایل افول روش‌های بومی,۸,دلیل,— باید در بند متناظر نوشته شود,۱۴۰۵,C,HP-22,نوشتن مبنای عدد در بند متناظر — فعلاً بدون لنگرگاه (سطر 3535),ثبت شد
TO-1425,هدف فنی,تعداد بسته‌های شریک در جدول تلفیق,۲۳,بسته,— باید در بند متناظر نوشته شود,۱۴۰۵,C,HP-22,نوشتن مبنای عدد در بند متناظر — فعلاً بدون لنگرگاه (سطر 3536),ثبت شد
TO-1426,هدف فنی,تعداد قلم‌های جدول مزایا و معایب,۱۰,قلم,— باید در بند متناظر نوشته شود,۱۴۰۵,C,HP-22,نوشتن مبنای عدد در بند متناظر — فعلاً بدون لنگرگاه (سطر 3537),ثبت شد
TO-1427,هدف فنی,تعداد بسته‌های شریک با ترکیب ممنوع ثبت‌شده,۱۶,بسته,— باید در بند متناظر نوشته شود,۱۴۰۵,C,HP-22,نوشتن مبنای عدد در بند متناظر — فعلاً بدون لنگرگاه (سطر 3538),ثبت شد
TO-1428,هدف فنی,فاصلهٔ فعالیت آبی محصول از فعالیت آبی هوا در نمونهٔ تالش,۰٫۰۴,بدون بُعد,— باید در بند متناظر نوشته شود,۱۴۰۵,C,HP-22,نوشتن مبنای عدد در بند متناظر — فعلاً بدون لنگرگاه (سطر 3548),ثبت شد
TO-1429,هدف فنی,اختلاف مغایرت بین جدول ۱۰٫۵ و جدول ۱۰٫۷ در شمار پاسخ دو مدخل,سه پاسخ در بند ۱۰٫۶ در برابر سه پاسخ در جدول ۱۰٫۷ — هر دو سه هستند,پاسخ,— باید در بند متناظر نوشته شود,۱۴۰۵,C,HP-22,نوشتن مبنای عدد در بند متناظر — فعلاً بدون لنگرگاه (سطر 3549),ثبت شد
TO-1430,هدف فنی,کسر برنامهٔ نگهداری انجام‌نشده در سال سوم سناریو,۰٫۳۰,بدون بُعد,— باید در بند متناظر نوشته شود,۱۴۰۵,C,HP-22,نوشتن مبنای عدد در بند متناظر — فعلاً بدون لنگرگاه (سطر 3550),ثبت شد
TO-1431,هدف فنی,عمر باقی‌ماندهٔ اسکلت در سال چهارم سناریو,۷٫۲,سال,— باید در بند متناظر نوشته شود,۱۴۰۵,C,HP-22,نوشتن مبنای عدد در بند متناظر — فعلاً بدون لنگرگاه (سطر 3551),ثبت شد
PR-24,قیمت,حسیاسیت قیمت سربه‌سر به افت بازده زنجیره,۱۵٫۴,درصد,— باید در بند متناظر نوشته شود,۱۴۰۵,C,HP-22,نوشتن مبنای عدد در بند متناظر — فعلاً بدون لنگرگاه (سطر 3552),ثبت شد
PR-25,قیمت,حساسیت قیمت سربه‌سر به بهبود بازده زنجیره,۲٫۲,درصد,— باید در بند متناظر نوشته شود,۱۴۰۵,C,HP-22,نوشتن مبنای عدد در بند متناظر — فعلاً بدون لنگرگاه (سطر 3553),ثبت شد
FN-501,مالی,تعداد اقلام تشکیل‌دهندهٔ هزینه,۱۶,قلم,— باید در بند متناظر نوشته شود,۱۴۰۵,C,HP-22,نوشتن مبنای عدد در بند متناظر — فعلاً بدون لنگرگاه (سطر 3554),ثبت شد
FN-502,مالی,تعداد اقلام هزینهٔ فاقد واحد کار,۰,قلم,— باید در بند متناظر نوشته شود,۱۴۰۵,C,HP-22,نوشتن مبنای عدد در بند متناظر — فعلاً بدون لنگرگاه (سطر 3555),ثبت شد
TO-1432,هدف فنی,تعداد خطوط درآمد با شرط فروش پیش از دوره,۱,خط,— باید در بند متناظر نوشته شود,۱۴۰۵,C,HP-22,نوشتن مبنای عدد در بند متناظر — فعلاً بدون لنگرگاه (سطر 3557),ثبت شد
TO-1433,هدف فنی,تعداد آستانه‌های تغییر تصمیم فصل ۹,۸,آستانه,— باید در بند متناظر نوشته شود,۱۴۰۵,C,HP-22,نوشتن مبنای عدد در بند متناظر — فعلاً بدون لنگرگاه (سطر 3558),ثبت شد
SC-324,مقیاس,تعداد سطوح مقیاس تعریف‌شده,۵,سطح,— باید در بند متناظر نوشته شود,۱۴۰۵,C,HP-22,نوشتن مبنای عدد در بند متناظر — فعلاً بدون لنگرگاه (سطر 3559),ثبت شد
TO-1434,هدف فنی,تعداد شرط ورود به عملیات اجرایی,۷,شرط,— باید در بند متناظر نوشته شود,۱۴۰۵,C,HP-22,نوشتن مبنای عدد در بند متناظر — فعلاً بدون لنگرگاه (سطر 3560),ثبت شد
TO-1435,هدف فنی,تعداد حالت اضطراری,۸,حالت,— باید در بند متناظر نوشته شود,۱۴۰۵,C,HP-22,نوشتن مبنای عدد در بند متناظر — فعلاً بدون لنگرگاه (سطر 3561),ثبت شد
R-25,ریسک,تعداد مدخل‌های بی‌جبران ریسک,۴,مدخل,— باید در بند متناظر نوشته شود,۱۴۰۵,C,HP-22,نوشتن مبنای عدد در بند متناظر — فعلاً بدون لنگرگاه (سطر 3562),ثبت شد
MD-16,مدل شبیه‌سازی,تعداد جفت‌های وابستهٔ مدل,۷,جفت,— باید در بند متناظر نوشته شود,۱۴۰۵,C,HP-22,نوشتن مبنای عدد در بند متناظر — فعلاً بدون لنگرگاه (سطر 3563),ثبت شد
MD-17,مدل شبیه‌سازی,تعداد خطای رایج در به‌کارگیری مدل,۶,خطا,— باید در بند متناظر نوشته شود,۱۴۰۵,C,HP-22,نوشتن مبنای عدد در بند متناظر — فعلاً بدون لنگرگاه (سطر 3564),ثبت شد
TO-1436,هدف فنی,تعداد واحد اندازه‌گیری به کاررفته,۱۶,واحد,— باید در بند متناظر نوشته شود,۱۴۰۵,C,HP-22,نوشتن مبنای عدد در بند متناظر — فعلاً بدون لنگرگاه (سطر 3565),ثبت شد
TO-1437,هدف فنی,تعداد بندهای ساختاری کتابچه,۱۰۶,بند,— باید در بند متناظر نوشته شود,۱۴۰۵,C,HP-22,نوشتن مبنای عدد در بند متناظر — فعلاً بدون لنگرگاه (سطر 3566),ثبت شد
TO-1438,هدف فنی,تعداد شناسهٔ رجیستری به کاررفته و پیشنهادی,۲۸,شناسه,— باید در بند متناظر نوشته شود,۱۴۰۵,C,HP-22,نوشتن مبنای عدد در بند متناظر — فعلاً بدون لنگرگاه (سطر 3567),ثبت شد
TO-1439,هدف فنی,تعداد دروازهٔ کنترل کیفیت,۶,دروازه,— باید در بند متناظر نوشته شود,۱۴۰۵,C,HP-22,نوشتن مبنای عدد در بند متناظر — فعلاً بدون لنگرگاه (سطر 3568),ثبت شد
TO-1440,هدف فنی,تعداد ستون‌های دفتر نگهداری,۱۰,ستون,— باید در بند متناظر نوشته شود,۱۴۰۵,C,HP-22,نوشتن مبنای عدد در بند متناظر — فعلاً بدون لنگرگاه (سطر 3569),ثبت شد
TO-1441,هدف فنی,تعداد مهارت لازم برای تکنسین,۴,مهارت,— باید در بند متناظر نوشته شود,۱۴۰۵,C,HP-22,نوشتن مبنای عدد در بند متناظر — فعلاً بدون لنگرگاه (سطر 3572),ثبت شد
ST-49,استاندارد,تعداد اجرای نکردنی از آزمون‌های جدول ۱۱٫۹,۳,آزمون,— باید در بند متناظر نوشته شود,۱۴۰۵,C,HP-22,نوشتن مبنای عدد در بند متناظر — فعلاً بدون لنگرگاه (سطر 3573),ثبت شد
TO-1442,هدف فنی,تعداد قید باز در جدول تطبیق,۷,قید,— باید در بند متناظر نوشته شود,۱۴۰۵,C,HP-22,نوشتن مبنای عدد در بند متناظر — فعلاً بدون لنگرگاه (سطر 3575),ثبت شد
TO-1443,هدف فنی,تعداد کانال فروش هدف,۴,کانال,— باید در بند متناظر نوشته شود,۱۴۰۵,C,HP-22,نوشتن مبنای عدد در بند متناظر — فعلاً بدون لنگرگاه (سطر 3578),ثبت شد
TO-1444,هدف فنی,تعداد نقاط بحرانی کنترل,۶,نقطه,— باید در بند متناظر نوشته شود,۱۴۰۵,C,HP-22,نوشتن مبنای عدد در بند متناظر — فعلاً بدون لنگرگاه (سطر 3579),ثبت شد
TO-1445,هدف فنی,تعداد بازهٔ گزارش دوره‌ای,۶,بازه,— باید در بند متناظر نوشته شود,۱۴۰۵,C,HP-22,نوشتن مبنای عدد در بند متناظر — فعلاً بدون لنگرگاه (سطر 3580),ثبت شد
TO-1446,هدف فنی,تعداد تصمیم خارج از دسترس کشاورز,۲,تصمیم,— باید در بند متناظر نوشته شود,۱۴۰۵,C,HP-22,نوشتن مبنای عدد در بند متناظر — فعلاً بدون لنگرگاه (سطر 3581),ثبت شد
TO-1447,هدف فنی,تعداد روش بومی با دلیل افول مستند,۱۰,روش,— باید در بند متناظر نوشته شود,۱۴۰۵,C,HP-22,نوشتن مبنای عدد در بند متناظر — فعلاً بدون لنگرگاه (سطر 3582),ثبت شد
M-127,مواد,تعداد مادهٔ مصرفی نیازمند خط پایه در جدول ۲٫۸,۳,ردیف,— باید در بند متناظر نوشته شود,۱۴۰۵,C,HP-22,نوشتن مبنای عدد در بند متناظر — فعلاً بدون لنگرگاه (سطر 3583),ثبت شد
PR-26,قیمت,تعداد مادهٔ مصرفی با قیمت تأییدنشده,۹,ردیف,— باید در بند متناظر نوشته شود,۱۴۰۵,C,HP-22,نوشتن مبنای عدد در بند متناظر — فعلاً بدون لنگرگاه (سطر 3584),ثبت شد
TO-1448,هدف فنی,تعداد مرحلهٔ اجرایی هر عملیات,۶,مرحله,— باید در بند متناظر نوشته شود,۱۴۰۵,C,HP-22,نوشتن مبنای عدد در بند متناظر — فعلاً بدون لنگرگاه (سطر 3585),ثبت شد
TO-1449,هدف فنی,تعداد روش تأمین سنتی تحلیل‌شده,۹,روش,— باید در بند متناظر نوشته شود,۱۴۰۵,C,HP-22,نوشتن مبنای عدد در بند متناظر — فعلاً بدون لنگرگاه (سطر 3586),ثبت شد
TO-1450,هدف فنی,تعداد قاعدهٔ ممنوعیت تأمین,۴,قاعده,— باید در بند متناظر نوشته شود,۱۴۰۵,C,HP-22,نوشتن مبنای عدد در بند متناظر — فعلاً بدون لنگرگاه (سطر 3587),ثبت شد
M-128,مواد,تعداد قاعدهٔ تغییر ماده,۳,قاعده,— باید در بند متناظر نوشته شود,۱۴۰۵,C,HP-22,نوشتن مبنای عدد در بند متناظر — فعلاً بدون لنگرگاه (سطر 3588),ثبت شد
M-129,مواد,تعداد قاعدهٔ تغییر ماده نیازمند خط پایه,۲,قاعده,— باید در بند متناظر نوشته شود,۱۴۰۵,C,HP-22,نوشتن مبنای عدد در بند متناظر — فعلاً بدون لنگرگاه (سطر 3589),ثبت شد
TO-1451,هدف فنی,تعداد سناریوی اقتصادی — HP-22,۶,سناریو,— باید در بند متناظر نوشته شود,۱۴۰۵,C,HP-22,نوشتن مبنای عدد در بند متناظر — فعلاً بدون لنگرگاه (سطر 3590),ثبت شد
TO-1452,هدف فنی,تعداد نمونهٔ مستند مطالعهٔ شکست با منبع نام‌بردنی,۵,نمونه,— باید در بند متناظر نوشته شود,۱۴۰۵,C,HP-22,نوشتن مبنای عدد در بند متناظر — فعلاً بدون لنگرگاه (سطر 3591),ثبت شد
TO-1453,هدف فنی,تعداد علت شکستِ تبدیل‌شده به قاعده,۷,علت,— باید در بند متناظر نوشته شود,۱۴۰۵,C,HP-22,نوشتن مبنای عدد در بند متناظر — فعلاً بدون لنگرگاه (سطر 3592),ثبت شد
TO-1454,هدف فنی,تعداد قاعدهٔ تصمیم مشتق از سه سناریوی اقلیمی,۴,قاعده,— باید در بند متناظر نوشته شود,۱۴۰۵,C,HP-22,نوشتن مبنای عدد در بند متناظر — فعلاً بدون لنگرگاه (سطر 3593),ثبت شد
SC-325,مقیاس,تعداد مدخل ریسک با سطح ریسک پیش از پاسخ R4,۱,مدخل,— باید در بند متناظر نوشته شود,۱۴۰۵,C,HP-22,نوشتن مبنای عدد در بند متناظر — فعلاً بدون لنگرگاه (سطر 3594),ثبت شد
R-26,ریسک,تعداد مدخل ریسک با چهار پاسخ,۵,مدخل,— باید در بند متناظر نوشته شود,۱۴۰۵,C,HP-22,نوشتن مبنای عدد در بند متناظر — فعلاً بدون لنگرگاه (سطر 3595),ثبت شد
R-27,ریسک,تعداد مدخل ریسک با سه پاسخ,۹,مدخل,— باید در بند متناظر نوشته شود,۱۴۰۵,C,HP-22,نوشتن مبنای عدد در بند متناظر — فعلاً بدون لنگرگاه (سطر 3596),ثبت شد
R-28,ریسک,تعداد مدخل ریسک با دو پاسخ,۲,مدخل,— باید در بند متناظر نوشته شود,۱۴۰۵,C,HP-22,نوشتن مبنای عدد در بند متناظر — فعلاً بدون لنگرگاه (سطر 3597),ثبت شد
TO-1455,هدف فنی,میان جدول ۸٫۱ و شکل,۸٫۱,—,— باید در بند متناظر نوشته شود,۱۴۰۵,C,HP-22,نوشتن مبنای عدد در بند متناظر — فعلاً بدون لنگرگاه (سطر 3599),ثبت شد
TO-1456,هدف فنی,گاهی سم قارچی که در جدول,۱۱٫۵,—,— باید در بند متناظر نوشته شود,۱۴۰۵,C,HP-22,نوشتن مبنای عدد در بند متناظر — فعلاً بدون لنگرگاه (سطر 3599),ثبت شد
TO-1457,هدف فنی,ساعت کاری هر روز کاری,۸,ساعت در روز,— باید در بند متناظر نوشته شود,۱۴۰۵,C,HP-22,نوشتن مبنای عدد در بند متناظر — فعلاً بدون لنگرگاه (سطر 3914),ثبت شد
TO-1458,هدف فنی,تعداد نفر تیم پایه,۷,نفر,— باید در بند متناظر نوشته شود,۱۴۰۵,C,HP-22,نوشتن مبنای عدد در بند متناظر — فعلاً بدون لنگرگاه (سطر 3915),ثبت شد
GV-31,حکمرانی,سهم زنان از تیم پایه,۴,نفر از ۷ نفر,— باید در بند متناظر نوشته شود,۱۴۰۵,C,HP-22,نوشتن مبنای عدد در بند متناظر — فعلاً بدون لنگرگاه (سطر 3916),ثبت شد
TO-1459,هدف فنی,هدف تبدیل پسماند به درآمد,۷۰,درصد,— باید در بند متناظر نوشته شود,۱۴۰۵,C,HP-22,نوشتن مبنای عدد در بند متناظر — فعلاً بدون لنگرگاه (سطر 3917),ثبت شد
TO-1460,هدف فنی,رطوبت هدف میوهٔ خشک,۱۲,درصد,— باید در بند متناظر نوشته شود,۱۴۰۵,C,HP-22,نوشتن مبنای عدد در بند متناظر — فعلاً بدون لنگرگاه (سطر 3918),ثبت شد
TO-1461,هدف فنی,حد مجاز رطوبت میوهٔ خشک,۱۴,درصد,— باید در بند متناظر نوشته شود,۱۴۰۵,C,HP-22,نوشتن مبنای عدد در بند متناظر — فعلاً بدون لنگرگاه (سطر 3919),ثبت شد
TO-1462,هدف فنی,رطوبت هدف غله,۱۳,درصد,— باید در بند متناظر نوشته شود,۱۴۰۵,C,HP-22,نوشتن مبنای عدد در بند متناظر — فعلاً بدون لنگرگاه (سطر 3920),ثبت شد
TO-1463,هدف فنی,رطوبت هدف سبزی خشک,۷,درصد,— باید در بند متناظر نوشته شود,۱۴۰۵,C,HP-22,نوشتن مبنای عدد در بند متناظر — فعلاً بدون لنگرگاه (سطر 3921),ثبت شد
TO-1464,هدف فنی,فعالیت آبی هدف,۰٫۶۰,بدون بُعد,— باید در بند متناظر نوشته شود,۱۴۰۵,C,HP-22,نوشتن مبنای عدد در بند متناظر — فعلاً بدون لنگرگاه (سطر 3922),ثبت شد
FN-503,مالی,نرخ بحرانی بارگذاری خشک‌کن,۰٫۷۳,کیلوگرم بر مترمربع در ساعت,— باید در بند متناظر نوشته شود,۱۴۰۵,C,HP-22,نوشتن مبنای عدد در بند متناظر — فعلاً بدون لنگرگاه (سطر 3923),ثبت شد
TO-1465,هدف فنی,بازهٔ درصد رد سورتینگ,۳ تا ۷,درصد,— باید در بند متناظر نوشته شود,۱۴۰۵,C,HP-22,نوشتن مبنای عدد در بند متناظر — فعلاً بدون لنگرگاه (سطر 3924),ثبت شد
TO-1466,هدف فنی,حد رد درصد رد سورتینگ,۱۰,درصد,— باید در بند متناظر نوشته شود,۱۴۰۵,C,HP-22,نوشتن مبنای عدد در بند متناظر — فعلاً بدون لنگرگاه (سطر 3925),ثبت شد
EM-14,تجهیزات,زمان ماند هدف شیر خام,۲,ساعت,— باید در بند متناظر نوشته شود,۱۴۰۵,C,HP-22,نوشتن مبنای عدد در بند متناظر — فعلاً بدون لنگرگاه (سطر 3926),ثبت شد
EM-15,تجهیزات,حدل رد زمان ماند شیر خام,۴,ساعت,— باید در بند متناظر نوشته شود,۱۴۰۵,C,HP-22,نوشتن مبنای عدد در بند متناظر — فعلاً بدون لنگرگاه (سطر 3927),ثبت شد
TO-1467,هدف فنی,حد رد دمای انبار,۸,درجهٔ سانتی‌گراد,— باید در بند متناظر نوشته شود,۱۴۰۵,C,HP-22,نوشتن مبنای عدد در بند متناظر — فعلاً بدون لنگرگاه (سطر 3928),ثبت شد
TO-1468,هدف فنی,رطوبت هدف انبار,۵۵,درصد,— باید در بند متناظر نوشته شود,۱۴۰۵,C,HP-22,نوشتن مبنای عدد در بند متناظر — فعلاً بدون لنگرگاه (سطر 3929),ثبت شد
TO-1469,هدف فنی,حد رد رطوبت انبار,۶۵,درصد,— باید در بند متناظر نوشته شود,۱۴۰۵,C,HP-22,نوشتن مبنای عدد در بند متناظر — فعلاً بدون لنگرگاه (سطر 3930),ثبت شد
TO-1470,هدف فنی,فاصلهٔ بسته از دیوار,۱۰,سانتی‌متر,— باید در بند متناظر نوشته شود,۱۴۰۵,C,HP-22,نوشتن مبنای عدد در بند متناظر — فعلاً بدون لنگرگاه (سطر 3931),ثبت شد
SC-326,مقیاس,سطح خشک‌کن هر کارگاه,۱۲,مترمربع,— باید در بند متناظر نوشته شود,۱۴۰۵,C,HP-22,نوشتن مبنای عدد در بند متناظر — فعلاً بدون لنگرگاه (سطر 3933),ثبت شد
TO-1471,هدف فنی,نمونهٔ ردیف فرم روزانه,۱۴۰۵/۰۴/۰۵,تاریخ,— باید در بند متناظر نوشته شود,۱۴۰۵,C,HP-22,نوشتن مبنای عدد در بند متناظر — فعلاً بدون لنگرگاه (سطر 3934),ثبت شد
TO-1472,هدف فنی,اختلاف حداقل و حداکثر دمای انبار,۲,درجهٔ سانتی‌گراد,— باید در بند متناظر نوشته شود,۱۴۰۵,C,HP-22,نوشتن مبنای عدد در بند متناظر — فعلاً بدون لنگرگاه (سطر 3935),ثبت شد
SC-327,مقیاس,اختلاف رطوبت سه نقطهٔ سطح,۱,واحد کسر اعشاری,— باید در بند متناظر نوشته شود,۱۴۰۵,C,HP-22,نوشتن مبنای عدد در بند متناظر — فعلاً بدون لنگرگاه (سطر 3936),ثبت شد
R-29,ریسک,شاخص ناحیهٔ خطر آفلاتوکسین,۱٫۰,بدون بُعد,— باید در بند متناظر نوشته شود,۱۴۰۵,C,HP-22,نوشتن مبنای عدد در بند متناظر — فعلاً بدون لنگرگاه (سطر 3938),ثبت شد
R-30,ریسک,شاخص ناحیهٔ خطر آفلاتوکسین در گندم انبار,۱٫۰۸,بدون بُعد,— باید در بند متناظر نوشته شود,۱۴۰۵,C,HP-22,نوشتن مبنای عدد در بند متناظر — فعلاً بدون لنگرگاه (سطر 3939),ثبت شد
TO-1473,هدف فنی,حداقل فاصلهٔ فعالیت آبی محصول از هوا,۰٫۰۵,بدون بُعد,— باید در بند متناظر نوشته شود,۱۴۰۵,C,HP-22,نوشتن مبنای عدد در بند متناظر — فعلاً بدون لنگرگاه (سطر 3940),ثبت شد
GV-32,حکمرانی,سهم شما از ارزش در ساختار فرض طراحی,۰٫۴۰,بدون بُعد,— باید در بند متناظر نوشته شود,۱۴۰۵,C,HP-22,نوشتن مبنای عدد در بند متناظر — فعلاً بدون لنگرگاه (سطر 3942),ثبت شد
TO-1474,هدف فنی,کسر بسته‌شدن چرخهٔ مواد پس از حذف خط آب پنیر,۰٫۷۷,بدون بُعد,— باید در بند متناظر نوشته شود,۱۴۰۵,C,HP-22,نوشتن مبنای عدد در بند متناظر — فعلاً بدون لنگرگاه (سطر 3944),ثبت شد
TO-1475,هدف فنی,کسر تلفات در بیست روز نگهداری,۰٫۳۳,بدون بُعد,— باید در بند متناظر نوشته شود,۱۴۰۵,C,HP-22,نوشتن مبنای عدد در بند متناظر — فعلاً بدون لنگرگاه (سطر 3945),ثبت شد
TO-1476,هدف فنی,کسر تلفات با سه اختلال سرمایش,۰٫۳۶,بدون بُعد,— باید در بند متناظر نوشته شود,۱۴۰۵,C,HP-22,نوشتن مبنای عدد در بند متناظر — فعلاً بدون لنگرگاه (سطر 3946),ثبت شد
TO-1477,هدف فنی,کسر برنامهٔ نگهداری انجام‌نشده در آستانهٔ توقف,۰٫۳۰,بدون بُعد,— باید در بند متناظر نوشته شود,۱۴۰۵,C,HP-22,نوشتن مبنای عدد در بند متناظر — فعلاً بدون لنگرگاه (سطر 3947),ثبت شد
TO-1478,هدف فنی,عمر باقی‌ماندهٔ اسکلت در آستانهٔ توقف,۷٫۲,سال,— باید در بند متناظر نوشته شود,۱۴۰۵,C,HP-22,نوشتن مبنای عدد در بند متناظر — فعلاً بدون لنگرگاه (سطر 3948),ثبت شد
TO-1479,هدف فنی,بازده زنجیره در حالت بدبینانه,۰٫۷۸,بدون بُعد,— باید در بند متناظر نوشته شود,۱۴۰۵,C,HP-22,نوشتن مبنای عدد در بند متناظر — فعلاً بدون لنگرگاه (سطر 3949),ثبت شد
TO-1480,هدف فنی,حداقل نفر آموزش‌دیده در هر نقش کلیدی,۲,نفر,— باید در بند متناظر نوشته شود,۱۴۰۵,C,HP-22,نوشتن مبنای عدد در بند متناظر — فعلاً بدون لنگرگاه (سطر 3951),ثبت شد
TO-1481,هدف فنی,تعداد دماسنج انبار,۳,عدد,— باید در بند متناظر نوشته شود,۱۴۰۵,C,HP-22,نوشتن مبنای عدد در بند متناظر — فعلاً بدون لنگرگاه (سطر 3952),ثبت شد
TO-1482,هدف فنی,تعداد ابزارهای ایمنی فردی هر کارگر,۳,عدد یا جفت,— باید در بند متناظر نوشته شود,۱۴۰۵,C,HP-22,نوشتن مبنای عدد در بند متناظر — فعلاً بدون لنگرگاه (سطر 3953),ثبت شد
SC-328,مقیاس,سطح هشدار دمای اتاق سرد,۶,درجهٔ سانتی‌گراد,— باید در بند متناظر نوشته شود,۱۴۰۵,C,HP-22,نوشتن مبنای عدد در بند متناظر — فعلاً بدون لنگرگاه (سطر 3955),ثبت شد
TO-1483,هدف فنی,تعداد دفعات گذر از حد هشدار در یک هفته,۱,بار,— باید در بند متناظر نوشته شود,۱۴۰۵,C,HP-22,نوشتن مبنای عدد در بند متناظر — فعلاً بدون لنگرگاه (سطر 3956),ثبت شد
TO-1484,هدف فنی,مدت نگهداری برای تحویل پنیر,۲۰,روز,— باید در بند متناظر نوشته شود,۱۴۰۵,C,HP-22,نوشتن مبنای عدد در بند متناظر — فعلاً بدون لنگرگاه (سطر 3960),ثبت شد
TO-1485,هدف فنی,تعداد روزهای شست‌وشوی سینک و سطوح,۵۲,نوبت در سال,— باید در بند متناظر نوشته شود,۱۴۰۵,C,HP-22,نوشتن مبنای عدد در بند متناظر — فعلاً بدون لنگرگاه (سطر 3961),ثبت شد
TO-1486,هدف فنی,تعداد دفعات تمیز کردن توری,۱۲,نوبت در سال,— باید در بند متناظر نوشته شود,۱۴۰۵,C,HP-22,نوشتن مبنای عدد در بند متناظر — فعلاً بدون لنگرگاه (سطر 3962),ثبت شد
ST-50,استاندارد,تعداد دفعات آزمون نشتی هوا,۲,نوبت در سال,— باید در بند متناظر نوشته شود,۱۴۰۵,C,HP-22,نوشتن مبنای عدد در بند متناظر — فعلاً بدون لنگرگاه (سطر 3963),ثبت شد
SC-329,مقیاس,سطح هشدار دمای انبار برای شمارش اختلاف,۶,درجهٔ سانتی‌گراد,— باید در بند متناظر نوشته شود,۱۴۰۵,C,HP-22,نوشتن مبنای عدد در بند متناظر — فعلاً بدون لنگرگاه (سطر 3964),ثبت شد
GV-33,حکمرانی,سهم زن و مرد از کار سورتینگ,۲ نفر زن از ۲ نفر سورتینگ,نفر,— باید در بند متناظر نوشته شود,۱۴۰۵,C,HP-22,نوشتن مبنای عدد در بند متناظر — فعلاً بدون لنگرگاه (سطر 3966),ثبت شد
FN-504,مالی,تعداد نوبت بازگشت پیش از دور ریختن,۳,نوبت,— باید در بند متناظر نوشته شود,۱۴۰۵,C,HP-22,نوشتن مبنای عدد در بند متناظر — فعلاً بدون لنگرگاه (سطر 3968),ثبت شد
TO-1487,هدف فنی,شمارهٔ تصمیم ممنوعیت ترکیب بسته‌ها,تصمیم ۲۰,شمارهٔ تصمیم,— باید در بند متناظر نوشته شود,۱۴۰۵,C,HP-22,نوشتن مبنای عدد در بند متناظر — فعلاً بدون لنگرگاه (سطر 3970),ثبت شد
FN-505,مالی,نسبت ساعت کار به کل دوره,۸ ساعت در ۲۶ روز کاری,ساعت,— باید در بند متناظر نوشته شود,۱۴۰۵,C,HP-22,نوشتن مبنای عدد در بند متناظر — فعلاً بدون لنگرگاه (سطر 3972),ثبت شد
TO-1488,هدف فنی,تعداد نمونهٔ پرشدهٔ فرم روزانه,۴,ردیف,— باید در بند متناظر نوشته شود,۱۴۰۵,C,HP-22,نوشتن مبنای عدد در بند متناظر — فعلاً بدون لنگرگاه (سطر 3977),ثبت شد
TO-1489,هدف فنی,تعداد بندهای راهنمای کشاورز,۱۲,بند,— باید در بند متناظر نوشته شود,۱۴۰۵,C,HP-22,نوشتن مبنای عدد در بند متناظر — فعلاً بدون لنگرگاه (سطر 3978),ثبت شد
TO-1490,هدف فنی,تعداد پرسش‌های بند یازده,۲۰,پرسش,— باید در بند متناظر نوشته شود,۱۴۰۵,C,HP-22,نوشتن مبنای عدد در بند متناظر — فعلاً بدون لنگرگاه (سطر 3979),ثبت شد
TO-1491,هدف فنی,تعداد گام‌های بند پنج,۸۸,گام,— باید در بند متناظر نوشته شود,۱۴۰۵,C,HP-22,نوشتن مبنای عدد در بند متناظر — فعلاً بدون لنگرگاه (سطر 3980),ثبت شد
TO-1492,هدف فنی,ضریب تصحیح رطوبت تالش,۱٫۵,—,— باید در بند متناظر نوشته شود,۱۴۰۵,C,HP-22,نوشتن مبنای عدد در بند متناظر — فعلاً بدون لنگرگاه (سطر 3992),ثبت شد
FN-506,مالی,نرخ روز کارگر در جدول ۵٫۱ فصل,۵,—,— باید در بند متناظر نوشته شود,۱۴۰۵,C,HP-22,نوشتن مبنای عدد در بند متناظر — فعلاً بدون لنگرگاه (سطر 4001),ثبت شد
FN-507,مالی,هیچ رقم هزینه‌ای ندارد. بنابراین هر ردیف هزینه در فصل ۵ و فصل ۸ و فصل,۹,—,— باید در بند متناظر نوشته شود,۱۴۰۵,C,HP-23,نوشتن مبنای عدد در بند متناظر — فعلاً بدون لنگرگاه (سطر 26),ثبت شد
FN-508,مالی,هیچ سندی نیست و ساختنش ممنوع است. هیچ نسبت اقتصادی در فصل,۱,—,— باید در بند متناظر نوشته شود,۱۴۰۵,C,HP-23,نوشتن مبنای عدد در بند متناظر — فعلاً بدون لنگرگاه (سطر 83),ثبت شد
TO-1493,هدف فنی,پوشش حق وتو,`G-01` با پوشش ۱۰۰ درصد مداخلات فنی — سطح B,سازوکار رسمی وتو در رجیستری با اقدام «نیازمند تعریف رسمی» باقی است و روی کاغذ قابل اجرا نیست,— باید در بند متناظر نوشته شود,۱۴۰۵,C,HP-23,نوشتن مبنای عدد در بند متناظر — فعلاً بدون لنگرگاه (سطر 326),ثبت شد
TO-1494,هدف فنی,ع: جدول داخلی این کتابچه · فصل‌های ۱ و ۳ و ۶ و ۷ و ۹ و,۱۰,—,— باید در بند متناظر نوشته شود,۱۴۰۵,C,HP-23,نوشتن مبنای عدد در بند متناظر — فعلاً بدون لنگرگاه (سطر 333),ثبت شد
TO-1495,هدف فنی,منبع: بند ۳٫۶ و بند ۳٫۱۳ و بند ۹٫۱ و بند,۳٫۲,—,— باید در بند متناظر نوشته شود,۱۴۰۵,C,HP-23,نوشتن مبنای عدد در بند متناظر — فعلاً بدون لنگرگاه (سطر 433),ثبت شد
TO-1496,هدف فنی,منبع: جدول ۱٫۱۳ و جدول,۷٫۲,—,— باید در بند متناظر نوشته شود,۱۴۰۵,C,HP-23,نوشتن مبنای عدد در بند متناظر — فعلاً بدون لنگرگاه (سطر 492),ثبت شد
PL-30,پایلوت,ا به ازای یک پایلوت,۱۰۰,—,— باید در بند متناظر نوشته شود,۱۴۰۵,C,HP-23,نوشتن مبنای عدد در بند متناظر — فعلاً بدون لنگرگاه (سطر 668),ثبت شد
TO-1497,هدف فنی,فرم صورت‌جلسه,۲۰۰,برگ,— باید در بند متناظر نوشته شود,۱۴۰۵,C,HP-23,نوشتن مبنای عدد در بند متناظر — فعلاً بدون لنگرگاه (سطر 672),ثبت شد
TO-1498,هدف فنی,دفتر تصمیم,۴,جلد,— باید در بند متناظر نوشته شود,۱۴۰۵,C,HP-23,نوشتن مبنای عدد در بند متناظر — فعلاً بدون لنگرگاه (سطر 673),ثبت شد
TO-1499,هدف فنی,دستگاه ثبت دادهٔ موبایل,۱,دستگاه,— باید در بند متناظر نوشته شود,۱۴۰۵,C,HP-23,نوشتن مبنای عدد در بند متناظر — فعلاً بدون لنگرگاه (سطر 674),ثبت شد
TO-1500,هدف فنی,باتری یدکی دستگاه,۱,باتری,— باید در بند متناظر نوشته شود,۱۴۰۵,C,HP-23,نوشتن مبنای عدد در بند متناظر — فعلاً بدون لنگرگاه (سطر 675),ثبت شد
TO-1501,هدف فنی,چاپگر کاغذی,۱,دستگاه,— باید در بند متناظر نوشته شود,۱۴۰۵,C,HP-23,نوشتن مبنای عدد در بند متناظر — فعلاً بدون لنگرگاه (سطر 676),ثبت شد
TO-1502,هدف فنی,میکروفن جلسه,۱,دستگاه,— باید در بند متناظر نوشته شود,۱۴۰۵,C,HP-23,نوشتن مبنای عدد در بند متناظر — فعلاً بدون لنگرگاه (سطر 677),ثبت شد
TO-1503,هدف فنی,تخته وایت‌برد,۱,عدد,— باید در بند متناظر نوشته شود,۱۴۰۵,C,HP-23,نوشتن مبنای عدد در بند متناظر — فعلاً بدون لنگرگاه (سطر 678),ثبت شد
TO-1504,هدف فنی,تابلوی قطعهٔ نمایش,۲۰,تابلو,— باید در بند متناظر نوشته شود,۱۴۰۵,C,HP-23,نوشتن مبنای عدد در بند متناظر — فعلاً بدون لنگرگاه (سطر 679),ثبت شد
TO-1505,هدف فنی,جعبهٔ اطفا,۱,جعبه با ۲۰ لیتر آب و شن,— باید در بند متناظر نوشته شود,۱۴۰۵,C,HP-23,نوشتن مبنای عدد در بند متناظر — فعلاً بدون لنگرگاه (سطر 681),ثبت شد
TO-1506,هدف فنی,بستهٔ کمک اول,۱,بسته,— باید در بند متناظر نوشته شود,۱۴۰۵,C,HP-23,نوشتن مبنای عدد در بند متناظر — فعلاً بدون لنگرگاه (سطر 682),ثبت شد
TO-1507,هدف فنی,متر لیزری,۱,دستگاه,— باید در بند متناظر نوشته شود,۱۴۰۵,C,HP-23,نوشتن مبنای عدد در بند متناظر — فعلاً بدون لنگرگاه (سطر 683),ثبت شد
TO-1508,هدف فنی,دول ۱۰٫۳ و بند,۲٫۱۱,—,— باید در بند متناظر نوشته شود,۱۴۰۵,C,HP-23,نوشتن مبنای عدد در بند متناظر — فعلاً بدون لنگرگاه (سطر 684),ثبت شد
TO-1509,هدف فنی,منبع: جدول ۲٫۴ و بند,۲٫۵,—,— باید در بند متناظر نوشته شود,۱۴۰۵,C,HP-23,نوشتن مبنای عدد در بند متناظر — فعلاً بدون لنگرگاه (سطر 731),ثبت شد
TO-1510,هدف فنی,یچ رقمی در رجیستری ثبت نشده، مقایسهٔ عددی این سه ردیف ممکن نیست و جدول,۹٫۱,—,— باید در بند متناظر نوشته شود,۱۴۰۵,C,HP-23,نوشتن مبنای عدد در بند متناظر — فعلاً بدون لنگرگاه (سطر 759),ثبت شد
PR-27,قیمت,صل نیامده است، چون این بسته در مجموعه رقم هزینه ندارد و قیمت‌ها در فصل,۹,—,— باید در بند متناظر نوشته شود,۱۴۰۵,C,HP-23,نوشتن مبنای عدد در بند متناظر — فعلاً بدون لنگرگاه (سطر 815),ثبت شد
TO-1511,هدف فنی,ٔ سال بسته تعریف می‌کند. بند,۲٫۱۳,—,— باید در بند متناظر نوشته شود,۱۴۰۵,C,HP-23,نوشتن مبنای عدد در بند متناظر — فعلاً بدون لنگرگاه (سطر 817),ثبت شد
TO-1512,هدف فنی,وی کار این بسته از جدول,۵٫۱,—,— باید در بند متناظر نوشته شود,۱۴۰۵,C,HP-23,نوشتن مبنای عدد در بند متناظر — فعلاً بدون لنگرگاه (سطر 903),ثبت شد
TO-1513,هدف فنی,بند صریح: **جمع ردیف‌های کمّی این جدول,۱۱۳,—,— باید در بند متناظر نوشته شود,۱۴۰۵,C,HP-23,نوشتن مبنای عدد در بند متناظر — فعلاً بدون لنگرگاه (سطر 1034),ثبت شد
TO-1514,هدف فنی,۵٫۶٫۵ درصد بار کاری,بند ۳٫۵٫۳,سه ردیف آن تأییدنشده است,— باید در بند متناظر نوشته شود,۱۴۰۵,C,HP-23,نوشتن مبنای عدد در بند متناظر — فعلاً بدون لنگرگاه (سطر 1498),ثبت شد
TO-1515,هدف فنی,۲٫۲۵ سال آستانهٔ بازنگری,بند ۳٫۱۳٫۲,ضریب کسری تأییدنشده است,— باید در بند متناظر نوشته شود,۱۴۰۵,C,HP-23,نوشتن مبنای عدد در بند متناظر — فعلاً بدون لنگرگاه (سطر 1503),ثبت شد
PL-31,پایلوت,روز در سال به ازای هر پایلوت است و معادل آن,۰٫۸۳,—,— باید در بند متناظر نوشته شود,۱۴۰۵,C,HP-23,نوشتن مبنای عدد در بند متناظر — فعلاً بدون لنگرگاه (سطر 1512),ثبت شد
TO-1516,هدف فنی,منبع: بند ۹٫۱ و جدول,۱۰٫۶,—,— باید در بند متناظر نوشته شود,۱۴۰۵,C,HP-23,نوشتن مبنای عدد در بند متناظر — فعلاً بدون لنگرگاه (سطر 1640),ثبت شد
GV-34,حکمرانی,سرپرست کارگروه منظر,۱,مدیریت محلی و امضای صورت‌جلسه,— باید در بند متناظر نوشته شود,۱۴۰۵,C,HP-23,نوشتن مبنای عدد در بند متناظر — فعلاً بدون لنگرگاه (سطر 1747),ثبت شد
GV-35,حکمرانی,نایب‌سرپرست کارگروه — از جنسیت مقابل سرپرست,۱,پشتیبانی اجرایی,— باید در بند متناظر نوشته شود,۱۴۰۵,C,HP-23,نوشتن مبنای عدد در بند متناظر — فعلاً بدون لنگرگاه (سطر 1748),ثبت شد
TO-1517,هدف فنی,دبیر صورت‌جلسه,۱ — زن,ثبت دقیق و بایگانی,— باید در بند متناظر نوشته شود,۱۴۰۵,C,HP-23,نوشتن مبنای عدد در بند متناظر — فعلاً بدون لنگرگاه (سطر 1749),ثبت شد
TO-1518,هدف فنی,نمایندهٔ زنان بهره‌بردار,۱ — زن,بیان دیدگاه بهره‌برداران زن,— باید در بند متناظر نوشته شود,۱۴۰۵,C,HP-23,نوشتن مبنای عدد در بند متناظر — فعلاً بدون لنگرگاه (سطر 1750),ثبت شد
GV-36,حکمرانی,نمایندهٔ جوانان کارگروه,۱,ارتباط با جوانان عرصه,— باید در بند متناظر نوشته شود,۱۴۰۵,C,HP-23,نوشتن مبنای عدد در بند متناظر — فعلاً بدون لنگرگاه (سطر 1751),ثبت شد
TO-1519,هدف فنی,حسابرس صندوق محلی,۱,حسابداری و بی‌طرفی,— باید در بند متناظر نوشته شود,۱۴۰۵,C,HP-23,نوشتن مبنای عدد در بند متناظر — فعلاً بدون لنگرگاه (سطر 1752),ثبت شد
GV-37,حکمرانی,میانجی شکایت — بیرون از کارگروه,۱,میانجیگری و شنیدن طرفین,— باید در بند متناظر نوشته شود,۱۴۰۵,C,HP-23,نوشتن مبنای عدد در بند متناظر — فعلاً بدون لنگرگاه (سطر 1753),ثبت شد
TO-1520,هدف فنی,مدرس روش اصلی مزرعه‌ای,۲ — یک زن و یک مرد,آموزش روش و کارگزاری,— باید در بند متناظر نوشته شود,۱۴۰۵,C,HP-23,نوشتن مبنای عدد در بند متناظر — فعلاً بدون لنگرگاه (سطر 1754),ثبت شد
TO-1521,هدف فنی,مدرس تبدیل و بازار محصول,۱,تبدیل و بازاررسانی,— باید در بند متناظر نوشته شود,۱۴۰۵,C,HP-23,نوشتن مبنای عدد در بند متناظر — فعلاً بدون لنگرگاه (سطر 1755),ثبت شد
TO-1522,هدف فنی,مدرس ثبت دادهٔ موبایل,۱,ثبت فرم آفلاین,— باید در بند متناظر نوشته شود,۱۴۰۵,C,HP-23,نوشتن مبنای عدد در بند متناظر — فعلاً بدون لنگرگاه (سطر 1756),ثبت شد
M-130,مواد,کارشناس فنی — بیرون از کارگروه,۱,مهندسی آب و خاک,— باید در بند متناظر نوشته شود,۱۴۰۵,C,HP-23,نوشتن مبنای عدد در بند متناظر — فعلاً بدون لنگرگاه (سطر 1757),ثبت شد
FN-509,مالی,ستون حق‌الزحمهٔ روزانه و ستون هزینهٔ,۴,—,— باید در بند متناظر نوشته شود,۱۴۰۵,C,HP-23,نوشتن مبنای عدد در بند متناظر — فعلاً بدون لنگرگاه (سطر 1760),ثبت شد
TO-1523,هدف فنی,دفتر تصمیم چهارجلدی,۴,ثبت وضعیت تصمیم هر فصل,— باید در بند متناظر نوشته شود,۱۴۰۵,C,HP-23,نوشتن مبنای عدد در بند متناظر — فعلاً بدون لنگرگاه (سطر 1766),ثبت شد
TO-1524,هدف فنی,فرم صورت‌جلسه چاپی,۲۰۰ برگ,توزیع به اعضا و بایگانی,— باید در بند متناظر نوشته شود,۱۴۰۵,C,HP-23,نوشتن مبنای عدد در بند متناظر — فعلاً بدون لنگرگاه (سطر 1767),ثبت شد
TO-1525,هدف فنی,ابزار پایش مشارکتی آفلاین `KoboToolbox`,۱,ثبت فرم بدون شبکه,— باید در بند متناظر نوشته شود,۱۴۰۵,C,HP-23,نوشتن مبنای عدد در بند متناظر — فعلاً بدون لنگرگاه (سطر 1768),ثبت شد
TO-1526,هدف فنی,باتری یدکی دستگاه,۱,تداوم ثبت در روزهای کاری پیوسته,— باید در بند متناظر نوشته شود,۱۴۰۵,C,HP-23,نوشتن مبنای عدد در بند متناظر — فعلاً بدون لنگرگاه (سطر 1769),ثبت شد
TO-1527,هدف فنی,چاپگر کاغذی,۱,چاپ فرم و صورت‌جلسه,— باید در بند متناظر نوشته شود,۱۴۰۵,C,HP-23,نوشتن مبنای عدد در بند متناظر — فعلاً بدون لنگرگاه (سطر 1770),ثبت شد
TO-1528,هدف فنی,میکروفن جلسه,۱,ثبت گفت‌وگو برای صورت‌جلسهٔ دوزبانه,— باید در بند متناظر نوشته شود,۱۴۰۵,C,HP-23,نوشتن مبنای عدد در بند متناظر — فعلاً بدون لنگرگاه (سطر 1771),ثبت شد
TO-1529,هدف فنی,تخته وایت‌برد,۱,ارائهٔ نقشهٔ عرصه در جلسه,— باید در بند متناظر نوشته شود,۱۴۰۵,C,HP-23,نوشتن مبنای عدد در بند متناظر — فعلاً بدون لنگرگاه (سطر 1772),ثبت شد
TO-1530,هدف فنی,ساعت‌سنج جلسه,۱,ثبت زمان شروع و پایان جلسه,— باید در بند متناظر نوشته شود,۱۴۰۵,C,HP-23,نوشتن مبنای عدد در بند متناظر — فعلاً بدون لنگرگاه (سطر 1773),ثبت شد
TO-1531,هدف فنی,جعبهٔ اطفای آتش با ۲۰ لیتر آب و شن,۱,اطفای اولیهٔ جایگاه,— باید در بند متناظر نوشته شود,۱۴۰۵,C,HP-23,نوشتن مبنای عدد در بند متناظر — فعلاً بدون لنگرگاه (سطر 1774),ثبت شد
TO-1532,هدف فنی,بستهٔ کمک اول,۱,رسیدگی اولیه,— باید در بند متناظر نوشته شود,۱۴۰۵,C,HP-23,نوشتن مبنای عدد در بند متناظر — فعلاً بدون لنگرگاه (سطر 1775),ثبت شد
TO-1533,هدف فنی,تابلوی اعلان عمومی,۱,اعلام فهرست بهره‌برداران,— باید در بند متناظر نوشته شود,۱۴۰۵,C,HP-23,نوشتن مبنای عدد در بند متناظر — فعلاً بدون لنگرگاه (سطر 1776),ثبت شد
TO-1534,هدف فنی,متر لیزری برای کارشناس فنی,۱,سنجش جایگاه,— باید در بند متناظر نوشته شود,۱۴۰۵,C,HP-23,نوشتن مبنای عدد در بند متناظر — فعلاً بدون لنگرگاه (سطر 1777),ثبت شد
TO-1535,هدف فنی,تابلوی هر قطعهٔ نمایش,۲۰,نشان‌گذاری قطعه,— باید در بند متناظر نوشته شود,۱۴۰۵,C,HP-23,نوشتن مبنای عدد در بند متناظر — فعلاً بدون لنگرگاه (سطر 1779),ثبت شد
TO-1536,هدف فنی,منبع: بند ۳٫۴ و بند ۳٫۸ و جدول,۷٫۱,—,— باید در بند متناظر نوشته شود,۱۴۰۵,C,HP-23,نوشتن مبنای عدد در بند متناظر — فعلاً بدون لنگرگاه (سطر 1869),ثبت شد
TO-1537,هدف فنی,منبع: جدول ۵٫۲ و جدول,۱۰٫۳,—,— باید در بند متناظر نوشته شود,۱۴۰۵,C,HP-23,نوشتن مبنای عدد در بند متناظر — فعلاً بدون لنگرگاه (سطر 1950),ثبت شد
TO-1538,هدف فنی,منبع: بند ۹٫۱۰ و بند,۹٫۹,—,— باید در بند متناظر نوشته شود,۱۴۰۵,C,HP-23,نوشتن مبنای عدد در بند متناظر — فعلاً بدون لنگرگاه (سطر 1996),ثبت شد
TO-1539,هدف فنی,عادل ۶۰ روز کاری، مبنا نیست. هر دو ستون مالی جدول ۵٫۱ و سطر مجموع جدول,۵٫۲,—,— باید در بند متناظر نوشته شود,۱۴۰۵,C,HP-23,نوشتن مبنای عدد در بند متناظر — فعلاً بدون لنگرگاه (سطر 2002),ثبت شد
TO-1540,هدف فنی,چگالی مشارکت,بند ۶٫۱,تأییدنشده — نیازمند خط پایه,— باید در بند متناظر نوشته شود,۱۴۰۵,C,HP-23,نوشتن مبنای عدد در بند متناظر — فعلاً بدون لنگرگاه (سطر 2016),ثبت شد
TO-1541,هدف فنی,تراکم نهاد محلی,`G-02`,تأییدنشده — نیازمند خط پایه,— باید در بند متناظر نوشته شود,۱۴۰۵,C,HP-23,نوشتن مبنای عدد در بند متناظر — فعلاً بدون لنگرگاه (سطر 2017),ثبت شد
TO-1542,هدف فنی,بارش سالانه — زمینهٔ اقلیمی,`PL-05` و `NS-16` و `NS-17` و `NS-18`,۳۰۰ تا ۴۵۰ میلی‌متر,— باید در بند متناظر نوشته شود,۱۴۰۵,C,HP-23,نوشتن مبنای عدد در بند متناظر — فعلاً بدون لنگرگاه (سطر 2032),ثبت شد
PL-32,پایلوت,ارش سالانهٔ این پایلوت دو رقم متفاوت دارد: ۸۰۰ تا,۱۶۰۰,—,— باید در بند متناظر نوشته شود,۱۴۰۵,C,HP-23,نوشتن مبنای عدد در بند متناظر — فعلاً بدون لنگرگاه (سطر 2046),ثبت شد
TO-1543,هدف فنی,منبع: جدول,۶٫۱,—,— باید در بند متناظر نوشته شود,۱۴۰۵,C,HP-23,نوشتن مبنای عدد در بند متناظر — فعلاً بدون لنگرگاه (سطر 2067),ثبت شد
TO-1544,هدف فنی,منبع: بند ۳٫۶ تا بند,۳٫۱۲,—,— باید در بند متناظر نوشته شود,۱۴۰۵,C,HP-23,نوشتن مبنای عدد در بند متناظر — فعلاً بدون لنگرگاه (سطر 2146),ثبت شد
TO-1545,هدف فنی,منبع: جدول ۷٫۱ و بند,۳٫۶,—,— باید در بند متناظر نوشته شود,۱۴۰۵,C,HP-23,نوشتن مبنای عدد در بند متناظر — فعلاً بدون لنگرگاه (سطر 2252),ثبت شد
FN-510,مالی,نسبت زنان کمتر از ۵۰ درصد,رد در گیت گام ۱ و گام ۷,متوسط,— باید در بند متناظر نوشته شود,۱۴۰۵,C,HP-23,نوشتن مبنای عدد در بند متناظر — فعلاً بدون لنگرگاه (سطر 2356),ثبت شد
TO-1546,هدف فنی,پروندهٔ شکایت از ۱۰ روز کاری گذشته,نقض `S-07` و پرونده در فهرست نقض مهلت,متوسط,— باید در بند متناظر نوشته شود,۱۴۰۵,C,HP-23,نوشتن مبنای عدد در بند متناظر — فعلاً بدون لنگرگاه (سطر 2358),ثبت شد
GV-38,حکمرانی,نفر-روز ثبت‌شده با دفتر کارگروه نمی‌خواند,اختلاف در گام ۶,متوسط,— باید در بند متناظر نوشته شود,۱۴۰۵,C,HP-23,نوشتن مبنای عدد در بند متناظر — فعلاً بدون لنگرگاه (سطر 2363),ثبت شد
TO-1547,هدف فنی,مدرسهٔ مزرعه‌ای کمتر از پنج مدرسه فعال است,رد در شاخص سیزده فصل ۷,متوسط,— باید در بند متناظر نوشته شود,۱۴۰۵,C,HP-23,نوشتن مبنای عدد در بند متناظر — فعلاً بدون لنگرگاه (سطر 2364),ثبت شد
FN-511,مالی,نجام نشود، هزینهٔ نگهداری با هزینهٔ عملیاتی جدول,۹٫۱,—,— باید در بند متناظر نوشته شود,۱۴۰۵,C,HP-23,نوشتن مبنای عدد در بند متناظر — فعلاً بدون لنگرگاه (سطر 2378),ثبت شد
TO-1548,هدف فنی,منبع: بند ۳٫۱۲ و بند,۸٫۳,—,— باید در بند متناظر نوشته شود,۱۴۰۵,C,HP-23,نوشتن مبنای عدد در بند متناظر — فعلاً بدون لنگرگاه (سطر 2425),ثبت شد
TO-1549,هدف فنی,بازبینی فرمول‌های محاسبه,بله — فصل ۳,خیر,— باید در بند متناظر نوشته شود,۱۴۰۵,C,HP-23,نوشتن مبنای عدد در بند متناظر — فعلاً بدون لنگرگاه (سطر 2436),ثبت شد
TO-1550,هدف فنی,تطبیق تقویم با فصل کاری,بله — فصل ۴,خیر,— باید در بند متناظر نوشته شود,۱۴۰۵,C,HP-23,نوشتن مبنای عدد در بند متناظر — فعلاً بدون لنگرگاه (سطر 2437),ثبت شد
TO-1551,هدف فنی,پیمایش چگالی مشارکت,بله — فصل ۶,خیر,— باید در بند متناظر نوشته شود,۱۴۰۵,C,HP-23,نوشتن مبنای عدد در بند متناظر — فعلاً بدون لنگرگاه (سطر 2439),ثبت شد
TO-1552,هدف فنی,نمونه‌گیری صددرصدی صورت‌جلسه,بله — فصل ۷,خیر,— باید در بند متناظر نوشته شود,۱۴۰۵,C,HP-23,نوشتن مبنای عدد در بند متناظر — فعلاً بدون لنگرگاه (سطر 2440),ثبت شد
TO-1553,هدف فنی,جدول — HP-23,۸٫۱۱,—,— باید در بند متناظر نوشته شود,۱۴۰۵,C,HP-23,نوشتن مبنای عدد در بند متناظر — فعلاً بدون لنگرگاه (سطر 2470),ثبت شد
TO-1554,هدف فنی,جدول ۹٫۱ سطر نگهداری,نرخ روز کاری برای ۵۴ روز کاری سالانه,`HPX-WAGE-23`,— باید در بند متناظر نوشته شود,۱۴۰۵,C,HP-23,نوشتن مبنای عدد در بند متناظر — فعلاً بدون لنگرگاه (سطر 2478),ثبت شد
FN-512,مالی,: **تا وقتی این هشت ردیف تأیید نشود، جمع ستون هزینه در جدول ۸٫۱ و جدول,۹٫۱,—,— باید در بند متناظر نوشته شود,۱۴۰۵,C,HP-23,نوشتن مبنای عدد در بند متناظر — فعلاً بدون لنگرگاه (سطر 2482),ثبت شد
TO-1555,هدف فنی,ندارد. شانزده حالت خطا با علت و نشانه و راهکار در جدول,۸٫۲,—,— باید در بند متناظر نوشته شود,۱۴۰۵,C,HP-23,نوشتن مبنای عدد در بند متناظر — فعلاً بدون لنگرگاه (سطر 2486),ثبت شد
TO-1556,هدف فنی,قمی ثبت نشده است. بنابراین فصل,۹,—,— باید در بند متناظر نوشته شود,۱۴۰۵,C,HP-23,نوشتن مبنای عدد در بند متناظر — فعلاً بدون لنگرگاه (سطر 2494),ثبت شد
GV-39,حکمرانی,راه‌اندازی کارگروه و جایگاه,۱۶ نفر-روز × نرخ روز کاری,تأییدنشده,— باید در بند متناظر نوشته شود,۱۴۰۵,C,HP-23,نوشتن مبنای عدد در بند متناظر — فعلاً بدون لنگرگاه (سطر 2500),ثبت شد
TO-1557,هدف فنی,چاپ و ترجمه,۲۰۰ برگ × قیمت هر بسته,تأییدنشده,— باید در بند متناظر نوشته شود,۱۴۰۵,C,HP-23,نوشتن مبنای عدد در بند متناظر — فعلاً بدون لنگرگاه (سطر 2502),ثبت شد
TO-1558,هدف فنی,چهار جلسهٔ فصلی,۷۰ نفر-روز × نرخ روز کاری,تأییدنشده,— باید در بند متناظر نوشته شود,۱۴۰۵,C,HP-23,نوشتن مبنای عدد در بند متناظر — فعلاً بدون لنگرگاه (سطر 2503),ثبت شد
TO-1559,هدف فنی,بیست جلسهٔ مدرسهٔ مزرعه‌ای,۷۲ نفر-روز × نرخ روز کاری,تأییدنشده,— باید در بند متناظر نوشته شود,۱۴۰۵,C,HP-23,نوشتن مبنای عدد در بند متناظر — فعلاً بدون لنگرگاه (سطر 2504),ثبت شد
TO-1560,هدف فنی,بستن سال و حسابرسی,۲۸ نفر-روز × نرخ روز کاری,تأییدنشده,— باید در بند متناظر نوشته شود,۱۴۰۵,C,HP-23,نوشتن مبنای عدد در بند متناظر — فعلاً بدون لنگرگاه (سطر 2505),ثبت شد
SP-39,گونه,بذر و قطعات نمایش,۵ مدرسه × ۴ قطعه × بذر تأییدنشده,تأییدنشده,— باید در بند متناظر نوشته شود,۱۴۰۵,C,HP-23,نوشتن مبنای عدد در بند متناظر — فعلاً بدون لنگرگاه (سطر 2506),ثبت شد
TO-1561,هدف فنی,میانجی شکایت,۴ نفر-روز × نرخ میانجی,تأییدنشده,— باید در بند متناظر نوشته شود,۱۴۰۵,C,HP-23,نوشتن مبنای عدد در بند متناظر — فعلاً بدون لنگرگاه (سطر 2508),ثبت شد
TO-1562,هدف فنی,نگهداری و پایش,۵۴ روز کاری × نرخ روز کاری,تأییدنشده,— باید در بند متناظر نوشته شود,۱۴۰۵,C,HP-23,نوشتن مبنای عدد در بند متناظر — فعلاً بدون لنگرگاه (سطر 2509),ثبت شد
GV-40,حکمرانی,سهم بهره‌بردار,سود ناخالص قرارداد × ۰٫۴۵,تأییدنشده,— باید در بند متناظر نوشته شود,۱۴۰۵,C,HP-23,نوشتن مبنای عدد در بند متناظر — فعلاً بدون لنگرگاه (سطر 2514),ثبت شد
FN-513,مالی,ول‌های ۹٫۱ و ۹٫۲ انجام می‌شود: هزینهٔ سال نخست برابر مجموع ده سطر جدول,۹٫۱,—,— باید در بند متناظر نوشته شود,۱۴۰۵,C,HP-23,نوشتن مبنای عدد در بند متناظر — فعلاً بدون لنگرگاه (سطر 2524),ثبت شد
GV-41,حکمرانی,ده است؛ منفعت سال نخست برابر مجموع پنج سهم جدول,۹٫۲,—,— باید در بند متناظر نوشته شود,۱۴۰۵,C,HP-23,نوشتن مبنای عدد در بند متناظر — فعلاً بدون لنگرگاه (سطر 2524),ثبت شد
TO-1563,هدف فنی,A₁ که در جدول,۱۲٫۲,—,— باید در بند متناظر نوشته شود,۱۴۰۵,C,HP-23,نوشتن مبنای عدد در بند متناظر — فعلاً بدون لنگرگاه (سطر 2524),ثبت شد
TO-1564,هدف فنی,BC = B ÷ C که در جدول,۱۲٫۲,—,— باید در بند متناظر نوشته شود,۱۴۰۵,C,HP-23,نوشتن مبنای عدد در بند متناظر — فعلاً بدون لنگرگاه (سطر 2528),ثبت شد
FN-514,مالی,افزایش نفر-روز,رشد نفر-روز بیش از ۲۰۰ نفر-روز سالانه,رشد مستقیم هزینهٔ نیروی کار,— باید در بند متناظر نوشته شود,۱۴۰۵,C,HP-23,نوشتن مبنای عدد در بند متناظر — فعلاً بدون لنگرگاه (سطر 2543),ثبت شد
TO-1565,هدف فنی,منبع: بند ۹٫۱ تا,۹٫۴,—,— باید در بند متناظر نوشته شود,۱۴۰۵,C,HP-23,نوشتن مبنای عدد در بند متناظر — فعلاً بدون لنگرگاه (سطر 2546),ثبت شد
GV-42,حکمرانی,است. ستون سوم «ورودی درآمد» شامل پنج جعبهٔ سهم‌های جدول,۹٫۲,—,— باید در بند متناظر نوشته شود,۱۴۰۵,C,HP-23,نوشتن مبنای عدد در بند متناظر — فعلاً بدون لنگرگاه (سطر 2547),ثبت شد
FN-515,مالی,ارقام حاصل فرض طراحی: هزینهٔ سال نخست برابر مجموع ده سطر جدول,۹٫۱,—,— باید در بند متناظر نوشته شود,۱۴۰۵,C,HP-23,نوشتن مبنای عدد در بند متناظر — فعلاً بدون لنگرگاه (سطر 2557),ثبت شد
TO-1566,هدف فنی,موع ده سطر جدول,۹٫۱,—,— باید در بند متناظر نوشته شود,۱۴۰۵,C,HP-23,نوشتن مبنای عدد در بند متناظر — فعلاً بدون لنگرگاه (سطر 2557),ثبت شد
TO-1567,هدف فنی,بع: جدول ۹٫۴ تا جدول,۹٫۸,—,— باید در بند متناظر نوشته شود,۱۴۰۵,C,HP-23,نوشتن مبنای عدد در بند متناظر — فعلاً بدون لنگرگاه (سطر 2617),ثبت شد
TO-1568,هدف فنی,منبع: بند — HP-23,۳٫۱۱٫۲,—,— باید در بند متناظر نوشته شود,۱۴۰۵,C,HP-23,نوشتن مبنای عدد در بند متناظر — فعلاً بدون لنگرگاه (سطر 2650),ثبت شد
TO-1569,هدف فنی,*این جدول، نسخهٔ منفی فصل ۹ است.** کاری که فصل,۹,—,— باید در بند متناظر نوشته شود,۱۴۰۵,C,HP-23,نوشتن مبنای عدد در بند متناظر — فعلاً بدون لنگرگاه (سطر 2681),ثبت شد
TO-1570,هدف فنی,بر پایهٔ `GV-01` تا `GV-05` مصوب است و مجموع آن‌ها,۱۰۰,—,— باید در بند متناظر نوشته شود,۱۴۰۵,C,HP-23,نوشتن مبنای عدد در بند متناظر — فعلاً بدون لنگرگاه (سطر 2685),ثبت شد
SC-330,مقیاس,07` برابر ۶۲۹٫۹۵ دلار در هکتار در سال است. چهار سناریوی حساسیت در جدول,۹٫۳,—,— باید در بند متناظر نوشته شود,۱۴۰۵,C,HP-23,نوشتن مبنای عدد در بند متناظر — فعلاً بدون لنگرگاه (سطر 2685),ثبت شد
TO-1571,هدف فنی,دارد که در جدول,۱۰٫۶,—,— باید در بند متناظر نوشته شود,۱۴۰۵,C,HP-23,نوشتن مبنای عدد در بند متناظر — فعلاً بدون لنگرگاه (سطر 2933),ثبت شد
TO-1572,هدف فنی,بازرسی کار کشاورزی — کنوانسیون شمارهٔ ۱۲۹ سال ۱۹۶۹,جدول ۱۰٫۱ ایمنی و سلامت شغلی و جدول ۱۰٫۳ تجهیزات حفاظت فردی,برآورده با قید,— باید در بند متناظر نوشته شود,۱۴۰۵,C,HP-23,نوشتن مبنای عدد در بند متناظر — فعلاً بدون لنگرگاه (سطر 3001),ثبت شد
TO-1573,هدف فنی,حقوق کارگر روستایی و مشارکت آنان — کنوانسیون شمارهٔ ۱۶۹ سال ۲۰۰۰,بند ۳٫۵ دسته‌بندی شغل و بند ۱٫۵ سه سطر غیرقابل‌حذف,برآورده با قید,— باید در بند متناظر نوشته شود,۱۴۰۵,C,HP-23,نوشتن مبنای عدد در بند متناظر — فعلاً بدون لنگرگاه (سطر 3003),ثبت شد
TO-1574,هدف فنی,کنترل کیفیت پرونده — `ST-11` نسخهٔ ۲۰۲۶,جدول ۷٫۲ چک‌لیست شانزده‌ردیفی,برآورده با قید,— باید در بند متناظر نوشته شود,۱۴۰۵,C,HP-23,نوشتن مبنای عدد در بند متناظر — فعلاً بدون لنگرگاه (سطر 3016),ثبت شد
GV-43,حکمرانی,چرا سهم من از سود این‌قدر است؟,سهم ۴۵ درصد مصوب است ولی سود ناخالص تأییدنشده است,به امور مالی طرح,— باید در بند متناظر نوشته شود,۱۴۰۵,C,HP-23,نوشتن مبنای عدد در بند متناظر — فعلاً بدون لنگرگاه (سطر 3421),ثبت شد
TO-1575,هدف فنی,قرارداد هوشمند. هر حالت یک پاسخ جایگزین دوم با محرک کمّی در جدول,۱۰٫۹,—,— باید در بند متناظر نوشته شود,۱۴۰۵,C,HP-23,نوشتن مبنای عدد در بند متناظر — فعلاً بدون لنگرگاه (سطر 3437),ثبت شد
TO-1576,هدف فنی,نسخهٔ سند — HP-23,v3.0,نسخه,— باید در بند متناظر نوشته شود,۱۴۰۵,C,HP-23,نوشتن مبنای عدد در بند متناظر — فعلاً بدون لنگرگاه (سطر 3446),ثبت شد
TO-1577,هدف فنی,کد سند — HP-23,HP-23-ENG-v3.0,کد,— باید در بند متناظر نوشته شود,۱۴۰۵,C,HP-23,نوشتن مبنای عدد در بند متناظر — فعلاً بدون لنگرگاه (سطر 3447),ثبت شد
TO-1578,هدف فنی,کد بسته — HP-23,HP-23,کد,— باید در بند متناظر نوشته شود,۱۴۰۵,C,HP-23,نوشتن مبنای عدد در بند متناظر — فعلاً بدون لنگرگاه (سطر 3448),ثبت شد
TO-1579,هدف فنی,تاریخ تدوین — HP-23,۱۴۰۵,سال,— باید در بند متناظر نوشته شود,۱۴۰۵,C,HP-23,نوشتن مبنای عدد در بند متناظر — فعلاً بدون لنگرگاه (سطر 3449),ثبت شد
TO-1580,هدف فنی,بارش سالانهٔ تالش — تعارض ثبت‌شده,۸۰۰ تا ۱۶۰۰ در برابر تأییدنشده,میلی‌متر,— باید در بند متناظر نوشته شود,۱۴۰۵,C,HP-23,نوشتن مبنای عدد در بند متناظر — فعلاً بدون لنگرگاه (سطر 3464),ثبت شد
FN-516,مالی,نرخ پایش مشارکتی — هدف,۷۵,درصد,— باید در بند متناظر نوشته شود,۱۴۰۵,C,HP-23,نوشتن مبنای عدد در بند متناظر — فعلاً بدون لنگرگاه (سطر 3490),ثبت شد
TO-1581,هدف فنی,تعداد تصمیم اصلاحی — شرط اعتبار,دست‌کم ۱ در هر پایلوت,تصمیم,— باید در بند متناظر نوشته شود,۱۴۰۵,C,HP-23,نوشتن مبنای عدد در بند متناظر — فعلاً بدون لنگرگاه (سطر 3491),ثبت شد
TO-1582,هدف فنی,تعداد تصمیم اصلاحی — ساختار سالم,۳ و بیشتر,تصمیم در سال,— باید در بند متناظر نوشته شود,۱۴۰۵,C,HP-23,نوشتن مبنای عدد در بند متناظر — فعلاً بدون لنگرگاه (سطر 3492),ثبت شد
TO-1583,هدف فنی,تعداد جلسات تصمیم در سال,۴,جلسه,— باید در بند متناظر نوشته شود,۱۴۰۵,C,HP-23,نوشتن مبنای عدد در بند متناظر — فعلاً بدون لنگرگاه (سطر 3493),ثبت شد
TO-1584,هدف فنی,حداقل نمایندهٔ رسمی در هر جلسه,۲,نفر,— باید در بند متناظر نوشته شود,۱۴۰۵,C,HP-23,نوشتن مبنای عدد در بند متناظر — فعلاً بدون لنگرگاه (سطر 3494),ثبت شد
TO-1585,هدف فنی,تعداد جلسات مدرسهٔ مزرعه‌ای در سال,۲۰,جلسه,— باید در بند متناظر نوشته شود,۱۴۰۵,C,HP-23,نوشتن مبنای عدد در بند متناظر — فعلاً بدون لنگرگاه (سطر 3495),ثبت شد
PL-33,پایلوت,تقاضای نیروی کار بسته,۲۰۰,نفر-روز در سال در هر پایلوت,— باید در بند متناظر نوشته شود,۱۴۰۵,C,HP-23,نوشتن مبنای عدد در بند متناظر — فعلاً بدون لنگرگاه (سطر 3496),ثبت شد
TO-1586,هدف فنی,تقاضای نیروی کار گام چهارم,۷۰,نفر-روز,— باید در بند متناظر نوشته شود,۱۴۰۵,C,HP-23,نوشتن مبنای عدد در بند متناظر — فعلاً بدون لنگرگاه (سطر 3497),ثبت شد
TO-1587,هدف فنی,تقاضای نیروی کار گام پنجم,۷۲,نفر-روز,— باید در بند متناظر نوشته شود,۱۴۰۵,C,HP-23,نوشتن مبنای عدد در بند متناظر — فعلاً بدون لنگرگاه (سطر 3498),ثبت شد
TO-1588,هدف فنی,نفر-ساعت کل بسته به روش دستی,۱٬۶۰۰,نفر-ساعت,— باید در بند متناظر نوشته شود,۱۴۰۵,C,HP-23,نوشتن مبنای عدد در بند متناظر — فعلاً بدون لنگرگاه (سطر 3499),ثبت شد
TO-1589,هدف فنی,نفر-ساعت گام چهارم به روش ماشینی,۴۸۰,نفر-ساعت,— باید در بند متناظر نوشته شود,۱۴۰۵,C,HP-23,نوشتن مبنای عدد در بند متناظر — فعلاً بدون لنگرگاه (سطر 3500),ثبت شد
TO-1590,هدف فنی,ساعت کاری در روز کاری,۸,ساعت,— باید در بند متناظر نوشته شود,۱۴۰۵,C,HP-23,نوشتن مبنای عدد در بند متناظر — فعلاً بدون لنگرگاه (سطر 3501),ثبت شد
TO-1591,هدف فنی,روز کاری در سال,۲۴۰,روز,— باید در بند متناظر نوشته شود,۱۴۰۵,C,HP-23,نوشتن مبنای عدد در بند متناظر — فعلاً بدون لنگرگاه (سطر 3502),ثبت شد
PL-34,پایلوت,شغل تمام‌وقت معادل هر پایلوت,۰٫۸۳,شغل,— باید در بند متناظر نوشته شود,۱۴۰۵,C,HP-23,نوشتن مبنای عدد در بند متناظر — فعلاً بدون لنگرگاه (سطر 3503),ثبت شد
PL-35,پایلوت,نگهداری سالانهٔ بسته,۵۴,روز کاری در هر پایلوت,— باید در بند متناظر نوشته شود,۱۴۰۵,C,HP-23,نوشتن مبنای عدد در بند متناظر — فعلاً بدون لنگرگاه (سطر 3507),ثبت شد
SC-331,مقیاس,مقیاس سطح ریسک,احتمال و شدت هر یک از ۱ تا ۵,مقیاس,— باید در بند متناظر نوشته شود,۱۴۰۵,C,HP-23,نوشتن مبنای عدد در بند متناظر — فعلاً بدون لنگرگاه (سطر 3508),ثبت شد
SC-332,مقیاس,باند سطح ریسک,۱ تا ۴ کم و ۵ تا ۹ متوسط و ۱۰ تا ۱۵ بالا و ۱۶ تا ۲۵ بحرانی,باند,— باید در بند متناظر نوشته شود,۱۴۰۵,C,HP-23,نوشتن مبنای عدد در بند متناظر — فعلاً بدون لنگرگاه (سطر 3509),ثبت شد
TO-1592,هدف فنی,کمترین تعداد رأیدهندهٔ مستقل,۵,نفر,— باید در بند متناظر نوشته شود,۱۴۰۵,C,HP-23,نوشتن مبنای عدد در بند متناظر — فعلاً بدون لنگرگاه (سطر 3510),ثبت شد
TO-1593,هدف فنی,سقف نفر-روز هر نقش,۲۰۰,نفر-روز در سال,— باید در بند متناظر نوشته شود,۱۴۰۵,C,HP-23,نوشتن مبنای عدد در بند متناظر — فعلاً بدون لنگرگاه (سطر 3511),ثبت شد
GV-44,حکمرانی,سهم کشاورز بهره‌بردار — مقدار بازنشسته,۲۰ درصد در برابر ۴۵ درصد,درصد,— باید در بند متناظر نوشته شود,۱۴۰۵,C,HP-23,نوشتن مبنای عدد در بند متناظر — فعلاً بدون لنگرگاه (سطر 3526),ثبت شد
SC-333,مقیاس,سقف خدمات اکوسیستمی — مقدار بازنشسته,۹۰۷ در برابر ۶۲۹٫۹۵,دلار در هکتار در سال,— باید در بند متناظر نوشته شود,۱۴۰۵,C,HP-23,نوشتن مبنای عدد در بند متناظر — فعلاً بدون لنگرگاه (سطر 3527),ثبت شد
TO-1594,هدف فنی,بارش سالانهٔ تالش — دو مقدار,۸۰۰ تا ۱۶۰۰ در برابر تأییدنشده,میلی‌متر,— باید در بند متناظر نوشته شود,۱۴۰۵,C,HP-23,نوشتن مبنای عدد در بند متناظر — فعلاً بدون لنگرگاه (سطر 3529),ثبت شد
FN-517,مالی,شکاف میان هزینهٔ نیروی کار و شمار شغل,تأییدنشده در برابر ۰٫۸۳ شغل,دلار و شغل,— باید در بند متناظر نوشته شود,۱۴۰۵,C,HP-23,نوشتن مبنای عدد در بند متناظر — فعلاً بدون لنگرگاه (سطر 3530),ثبت شد
TO-1595,هدف فنی,زمان ماند در وضعیت — فرض طراحی,۵ تا ۱۲۰,دقیقه,— باید در بند متناظر نوشته شود,۱۴۰۵,C,HP-23,نوشتن مبنای عدد در بند متناظر — فعلاً بدون لنگرگاه (سطر 3532),ثبت شد
TO-1596,هدف فنی,زمان چرخهٔ کامل پیشنهاد — فرض طراحی,۱۷ تا ۲۱۰,دقیقه,— باید در بند متناظر نوشته شود,۱۴۰۵,C,HP-23,نوشتن مبنای عدد در بند متناظر — فعلاً بدون لنگرگاه (سطر 3533),ثبت شد
TO-1597,هدف فنی,ظرفیت جلسه — سقف پیشنهاد,۴,پیشنهاد در هر جلسه,— باید در بند متناظر نوشته شود,۱۴۰۵,C,HP-23,نوشتن مبنای عدد در بند متناظر — فعلاً بدون لنگرگاه (سطر 3534),ثبت شد
GV-45,حکمرانی,سهم بار کاری بسته‌های شریک از کارگروه,۵۶٫۵,درصد,— باید در بند متناظر نوشته شود,۱۴۰۵,C,HP-23,نوشتن مبنای عدد در بند متناظر — فعلاً بدون لنگرگاه (سطر 3535),ثبت شد
TO-1598,هدف فنی,شاخص تصاحب نخبگان — آستانهٔ تصاحب آشکار,۰٫۷۵,بدون بعد,— باید در بند متناظر نوشته شود,۱۴۰۵,C,HP-23,نوشتن مبنای عدد در بند متناظر — فعلاً بدون لنگرگاه (سطر 3536),ثبت شد
TO-1599,هدف فنی,شاخص تصاحب نخبگان — آستانهٔ توقف,۰٫۵,بدون بعد,— باید در بند متناظر نوشته شود,۱۴۰۵,C,HP-23,نوشتن مبنای عدد در بند متناظر — فعلاً بدون لنگرگاه (سطر 3537),ثبت شد
TO-1600,هدف فنی,کف رأیدهندهٔ مستقل در هر رأی,۵,نفر,— باید در بند متناظر نوشته شود,۱۴۰۵,C,HP-23,نوشتن مبنای عدد در بند متناظر — فعلاً بدون لنگرگاه (سطر 3538),ثبت شد
TO-1601,هدف فنی,شاخص حضور مؤثر زنان — آستانهٔ هشدار,۸۰,درصد,— باید در بند متناظر نوشته شود,۱۴۰۵,C,HP-23,نوشتن مبنای عدد در بند متناظر — فعلاً بدون لنگرگاه (سطر 3539),ثبت شد
TO-1602,هدف فنی,شکاف مشارکت جنسیتی — نمونهٔ محاسبه,۵۴٫۳,درصد,— باید در بند متناظر نوشته شود,۱۴۰۵,C,HP-23,نوشتن مبنای عدد در بند متناظر — فعلاً بدون لنگرگاه (سطر 3540),ثبت شد
TO-1603,هدف فنی,تناژ شکایت — نمونهٔ محاسبه,۱٫۵,پرونده در هفته,— باید در بند متناظر نوشته شود,۱۴۰۵,C,HP-23,نوشتن مبنای عدد در بند متناظر — فعلاً بدون لنگرگاه (سطر 3541),ثبت شد
TO-1604,هدف فنی,ظرفیت پاسخ‌گویی ماهانهٔ میانجی — نمونهٔ محاسبه,۲٫۲,پرونده در ماه,— باید در بند متناظر نوشته شود,۱۴۰۵,C,HP-23,نوشتن مبنای عدد در بند متناظر — فعلاً بدون لنگرگاه (سطر 3542),ثبت شد
TO-1605,هدف فنی,ضریب اشباع کانال — نمونهٔ محاسبه,۲٫۹۵,بدون بعد,— باید در بند متناظر نوشته شود,۱۴۰۵,C,HP-23,نوشتن مبنای عدد در بند متناظر — فعلاً بدون لنگرگاه (سطر 3543),ثبت شد
TO-1606,هدف فنی,شاخص امنیت مالکیت — نمونهٔ محاسبه,۶۲٫۵,درصد,— باید در بند متناظر نوشته شود,۱۴۰۵,C,HP-23,نوشتن مبنای عدد در بند متناظر — فعلاً بدون لنگرگاه (سطر 3544),ثبت شد
FN-518,مالی,نرخ جابه‌جایی کار فصلی — نمونهٔ محاسبه,۴۰,درصد,— باید در بند متناظر نوشته شود,۱۴۰۵,C,HP-23,نوشتن مبنای عدد در بند متناظر — فعلاً بدون لنگرگاه (سطر 3545),ثبت شد
TO-1607,هدف فنی,ضریب رقابت بر سر بهره‌بردار — نمونهٔ محاسبه,۴۰,درصد,— باید در بند متناظر نوشته شود,۱۴۰۵,C,HP-23,نوشتن مبنای عدد در بند متناظر — فعلاً بدون لنگرگاه (سطر 3546),ثبت شد
GV-46,حکمرانی,ضریب جینی سهم دریافتی — توزیع مصوب,۰٫۲۵,بدون بعد,— باید در بند متناظر نوشته شود,۱۴۰۵,C,HP-23,نوشتن مبنای عدد در بند متناظر — فعلاً بدون لنگرگاه (سطر 3547),ثبت شد
GV-47,حکمرانی,ضریب جینی سهم دریافتی — توزیع تک‌سهمی,۰٫۶۸,بدون بعد,— باید در بند متناظر نوشته شود,۱۴۰۵,C,HP-23,نوشتن مبنای عدد در بند متناظر — فعلاً بدون لنگرگاه (سطر 3548),ثبت شد
TO-1608,هدف فنی,ضریب بازتوزیع درون بهره‌برداران — نمونهٔ محاسبه,۲۶٫۷,درصد,— باید در بند متناظر نوشته شود,۱۴۰۵,C,HP-23,نوشتن مبنای عدد در بند متناظر — فعلاً بدون لنگرگاه (سطر 3549),ثبت شد
GV-48,حکمرانی,شاخص تداوم کارگروه — نمونهٔ محاسبه,۳۳٫۶,درصد,— باید در بند متناظر نوشته شود,۱۴۰۵,C,HP-23,نوشتن مبنای عدد در بند متناظر — فعلاً بدون لنگرگاه (سطر 3550),ثبت شد
TO-1609,هدف فنی,ضریب کسری نگهداری سالانهٔ ساختار,۰٫۲,بدون بعد در سال,— باید در بند متناظر نوشته شود,۱۴۰۵,C,HP-23,نوشتن مبنای عدد در بند متناظر — فعلاً بدون لنگرگاه (سطر 3551),ثبت شد
TO-1610,هدف فنی,سال آستانهٔ بازنگری ساختار — نمونهٔ محاسبه,۲٫۲۵,سال,— باید در بند متناظر نوشته شود,۱۴۰۵,C,HP-23,نوشتن مبنای عدد در بند متناظر — فعلاً بدون لنگرگاه (سطر 3552),ثبت شد
TO-1611,هدف فنی,تعداد حالت خراب در رجیستری فصل ۱۰,۱۷,حالت,— باید در بند متناظر نوشته شود,۱۴۰۵,C,HP-23,نوشتن مبنای عدد در بند متناظر — فعلاً بدون لنگرگاه (سطر 3555),ثبت شد
TO-1612,هدف فنی,تعداد پاسخ مستقل هر حالت خراب,۲,پاسخ,— باید در بند متناظر نوشته شود,۱۴۰۵,C,HP-23,نوشتن مبنای عدد در بند متناظر — فعلاً بدون لنگرگاه (سطر 3556),ثبت شد
SC-334,مقیاس,بالاترین سطح ریسک پیش از پاسخ,۲۰,عدد,— باید در بند متناظر نوشته شود,۱۴۰۵,C,HP-23,نوشتن مبنای عدد در بند متناظر — فعلاً بدون لنگرگاه (سطر 3557),ثبت شد
SC-335,مقیاس,حالت خراب با بالاترین سطح,`RR-23-07` و `RR-23-14`,حالت,— باید در بند متناظر نوشته شود,۱۴۰۵,C,HP-23,نوشتن مبنای عدد در بند متناظر — فعلاً بدون لنگرگاه (سطر 3558),ثبت شد
TO-1613,هدف فنی,تعداد نمونهٔ مستند مطالعهٔ شکست,۳,نمونه,— باید در بند متناظر نوشته شود,۱۴۰۵,C,HP-23,نوشتن مبنای عدد در بند متناظر — فعلاً بدون لنگرگاه (سطر 3560),ثبت شد
TO-1614,هدف فنی,تعداد نهاد بومی تحلیل‌شده,۷,نهاد,— باید در بند متناظر نوشته شود,۱۴۰۵,C,HP-23,نوشتن مبنای عدد در بند متناظر — فعلاً بدون لنگرگاه (سطر 3562),ثبت شد
TO-1615,هدف فنی,تعداد جزء زنده از نهادهای بومی,۳,جزء,— باید در بند متناظر نوشته شود,۱۴۰۵,C,HP-23,نوشتن مبنای عدد در بند متناظر — فعلاً بدون لنگرگاه (سطر 3563),ثبت شد
TO-1616,هدف فنی,تعداد جزء کنارگذاشته‌شده از نهادهای بومی,۴,جزء,— باید در بند متناظر نوشته شود,۱۴۰۵,C,HP-23,نوشتن مبنای عدد در بند متناظر — فعلاً بدون لنگرگاه (سطر 3564),ثبت شد
TO-1617,هدف فنی,تعداد سناریوی اقلیمی فصل ۶,۳,سناریو,— باید در بند متناظر نوشته شود,۱۴۰۵,C,HP-23,نوشتن مبنای عدد در بند متناظر — فعلاً بدون لنگرگاه (سطر 3565),ثبت شد
TO-1618,هدف فنی,تعداد سناریوی اقتصادی فصل ۹,۵,سناریو,— باید در بند متناظر نوشته شود,۱۴۰۵,C,HP-23,نوشتن مبنای عدد در بند متناظر — فعلاً بدون لنگرگاه (سطر 3566),ثبت شد
FN-519,مالی,نرخ پایش مشارکتی در سناریوی تصاحب,۱۰۰,درصد,— باید در بند متناظر نوشته شود,۱۴۰۵,C,HP-23,نوشتن مبنای عدد در بند متناظر — فعلاً بدون لنگرگاه (سطر 3567),ثبت شد
TO-1619,هدف فنی,پرچم اعتبار در سناریوی تصاحب,۱,پرچم,— باید در بند متناظر نوشته شود,۱۴۰۵,C,HP-23,نوشتن مبنای عدد در بند متناظر — فعلاً بدون لنگرگاه (سطر 3568),ثبت شد
FN-520,مالی,نرخ پایش مشارکتی در سناریوی کاهش مشارکت,۷۵,درصد,— باید در بند متناظر نوشته شود,۱۴۰۵,C,HP-23,نوشتن مبنای عدد در بند متناظر — فعلاً بدون لنگرگاه (سطر 3569),ثبت شد
TO-1620,هدف فنی,تقاضای نیروی کار در سناریوی رشد,۴۰۰,نفر-روز در سال,— باید در بند متناظر نوشته شود,۱۴۰۵,C,HP-23,نوشتن مبنای عدد در بند متناظر — فعلاً بدون لنگرگاه (سطر 3570),ثبت شد
TO-1621,هدف فنی,شغل تمام‌وقت معادل در سناریوی رشد,۱٫۶۶,شغل,— باید در بند متناظر نوشته شود,۱۴۰۵,C,HP-23,نوشتن مبنای عدد در بند متناظر — فعلاً بدون لنگرگاه (سطر 3571),ثبت شد
TO-1622,هدف فنی,تعداد مسیر شکست گام,۶,مسیر,— باید در بند متناظر نوشته شود,۱۴۰۵,C,HP-23,نوشتن مبنای عدد در بند متناظر — فعلاً بدون لنگرگاه (سطر 3591),ثبت شد
R-31,ریسک,تعداد مسیر خرابی تجمعی,۳,مسیر,— باید در بند متناظر نوشته شود,۱۴۰۵,C,HP-23,نوشتن مبنای عدد در بند متناظر — فعلاً بدون لنگرگاه (سطر 3592),ثبت شد
TO-1623,هدف فنی,تعداد مسیر پایان افق,۳,مسیر,— باید در بند متناظر نوشته شود,۱۴۰۵,C,HP-23,نوشتن مبنای عدد در بند متناظر — فعلاً بدون لنگرگاه (سطر 3593),ثبت شد
TO-1624,هدف فنی,گوشی هوشمند برای ثبت فرم,۱,دستگاه,— باید در بند متناظر نوشته شود,۱۴۰۵,C,HP-23,نوشتن مبنای عدد در بند متناظر — فعلاً بدون لنگرگاه (سطر 3650),ثبت شد
TO-1625,هدف فنی,دفترچهٔ ثبت شخصی,۱,دفتر,— باید در بند متناظر نوشته شود,۱۴۰۵,C,HP-23,نوشتن مبنای عدد در بند متناظر — فعلاً بدون لنگرگاه (سطر 3651),ثبت شد
TO-1626,هدف فنی,کفش بسته و محکم,۱,جفت,— باید در بند متناظر نوشته شود,۱۴۰۵,C,HP-23,نوشتن مبنای عدد در بند متناظر — فعلاً بدون لنگرگاه (سطر 3653),ثبت شد
TO-1627,هدف فنی,دستکش کار,۱,جفت,— باید در بند متناظر نوشته شود,۱۴۰۵,C,HP-23,نوشتن مبنای عدد در بند متناظر — فعلاً بدون لنگرگاه (سطر 3654),ثبت شد
TO-1628,هدف فنی,بطری آب یک لیتری,۱,بطری,— باید در بند متناظر نوشته شود,۱۴۰۵,C,HP-23,نوشتن مبنای عدد در بند متناظر — فعلاً بدون لنگرگاه (سطر 3655),ثبت شد
TO-1629,هدف فنی,تابلوی هر قطعهٔ نمایش,۱,تابلو,— باید در بند متناظر نوشته شود,۱۴۰۵,C,HP-23,نوشتن مبنای عدد در بند متناظر — فعلاً بدون لنگرگاه (سطر 3662),ثبت شد
GV-49,حکمرانی,سرپرست کارگروه,۱,کل سال,— باید در بند متناظر نوشته شود,۱۴۰۵,C,HP-23,نوشتن مبنای عدد در بند متناظر — فعلاً بدون لنگرگاه (سطر 3676),ثبت شد
TO-1630,هدف فنی,دبیر صورت‌جلسه,۱,کل سال,— باید در بند متناظر نوشته شود,۱۴۰۵,C,HP-23,نوشتن مبنای عدد در بند متناظر — فعلاً بدون لنگرگاه (سطر 3678),ثبت شد
TO-1631,هدف فنی,نمایندهٔ زنان بهره‌بردار,۱,کل سال,— باید در بند متناظر نوشته شود,۱۴۰۵,C,HP-23,نوشتن مبنای عدد در بند متناظر — فعلاً بدون لنگرگاه (سطر 3679),ثبت شد
TO-1632,هدف فنی,نمایندهٔ جوانان,۱,کل سال,— باید در بند متناظر نوشته شود,۱۴۰۵,C,HP-23,نوشتن مبنای عدد در بند متناظر — فعلاً بدون لنگرگاه (سطر 3680),ثبت شد
TO-1633,هدف فنی,حسابرس صندوق محلی,۱,کل سال,— باید در بند متناظر نوشته شود,۱۴۰۵,C,HP-23,نوشتن مبنای عدد در بند متناظر — فعلاً بدون لنگرگاه (سطر 3681),ثبت شد
GV-50,حکمرانی,میانجی شکایت,۱,بیرون از کارگروه,— باید در بند متناظر نوشته شود,۱۴۰۵,C,HP-23,نوشتن مبنای عدد در بند متناظر — فعلاً بدون لنگرگاه (سطر 3682),ثبت شد
TO-1634,هدف فنی,مدرس روش اصلی مزرعه‌ای,۲,فقط در دوره‌ها,— باید در بند متناظر نوشته شود,۱۴۰۵,C,HP-23,نوشتن مبنای عدد در بند متناظر — فعلاً بدون لنگرگاه (سطر 3683),ثبت شد
TO-1635,هدف فنی,مدرس تبدیل و بازار محصول,۱,فقط در دوره‌ها,— باید در بند متناظر نوشته شود,۱۴۰۵,C,HP-23,نوشتن مبنای عدد در بند متناظر — فعلاً بدون لنگرگاه (سطر 3684),ثبت شد
TO-1636,هدف فنی,مدرس ثبت دادهٔ موبایل,۱,فقط در دوره‌ها,— باید در بند متناظر نوشته شود,۱۴۰۵,C,HP-23,نوشتن مبنای عدد در بند متناظر — فعلاً بدون لنگرگاه (سطر 3685),ثبت شد
TO-1637,هدف فنی,تعداد جلسات مدرسهٔ مزرعه‌ای,۲۰,جلسه,— باید در بند متناظر نوشته شود,۱۴۰۵,C,HP-23,نوشتن مبنای عدد در بند متناظر — فعلاً بدون لنگرگاه (سطر 3938),ثبت شد
TO-1638,هدف فنی,مهلت ارسال دستور جلسه,۲,روز کاری,— باید در بند متناظر نوشته شود,۱۴۰۵,C,HP-23,نوشتن مبنای عدد در بند متناظر — فعلاً بدون لنگرگاه (سطر 3940),ثبت شد
TO-1639,هدف فنی,حداقل نمایندهٔ رسمی در جلسه,۲,نفر,— باید در بند متناظر نوشته شود,۱۴۰۵,C,HP-23,نوشتن مبنای عدد در بند متناظر — فعلاً بدون لنگرگاه (سطر 3941),ثبت شد
TO-1640,هدف فنی,شرط اعتبار تصمیم,دست‌کم ۱,تصمیم در سال,— باید در بند متناظر نوشته شود,۱۴۰۵,C,HP-23,نوشتن مبنای عدد در بند متناظر — فعلاً بدون لنگرگاه (سطر 3945),ثبت شد
FN-521,مالی,هدف نرخ پایش مشارکتی,۷۵,درصد,— باید در بند متناظر نوشته شود,۱۴۰۵,C,HP-23,نوشتن مبنای عدد در بند متناظر — فعلاً بدون لنگرگاه (سطر 3946),ثبت شد
TO-1641,هدف فنی,سه حالت مجاز تصمیم,۳,حالت,— باید در بند متناظر نوشته شود,۱۴۰۵,C,HP-23,نوشتن مبنای عدد در بند متناظر — فعلاً بدون لنگرگاه (سطر 3947),ثبت شد
SC-336,مقیاس,مساحت قطعهٔ نمایش,۱۰۰,مترمربع,— باید در بند متناظر نوشته شود,۱۴۰۵,C,HP-23,نوشتن مبنای عدد در بند متناظر — فعلاً بدون لنگرگاه (سطر 3952),ثبت شد
SC-337,مقیاس,حداقل مساحت قطعه,۵۰,مترمربع,— باید در بند متناظر نوشته شود,۱۴۰۵,C,HP-23,نوشتن مبنای عدد در بند متناظر — فعلاً بدون لنگرگاه (سطر 3953),ثبت شد
TO-1642,هدف فنی,تعداد قطعه در هر مدرسه,۴,قطعه,— باید در بند متناظر نوشته شود,۱۴۰۵,C,HP-23,نوشتن مبنای عدد در بند متناظر — فعلاً بدون لنگرگاه (سطر 3954),ثبت شد
TO-1643,هدف فنی,فاصلهٔ قطعه از مسیر,۲,متر,— باید در بند متناظر نوشته شود,۱۴۰۵,C,HP-23,نوشتن مبنای عدد در بند متناظر — فعلاً بدون لنگرگاه (سطر 3955),ثبت شد
TO-1644,هدف فنی,تعداد مدرس در هر دوره,۲,مدرس,— باید در بند متناظر نوشته شود,۱۴۰۵,C,HP-23,نوشتن مبنای عدد در بند متناظر — فعلاً بدون لنگرگاه (سطر 3956),ثبت شد
TO-1645,هدف فنی,حجم آب جعبهٔ اطفا,۲۰,لیتر,— باید در بند متناظر نوشته شود,۱۴۰۵,C,HP-23,نوشتن مبنای عدد در بند متناظر — فعلاً بدون لنگرگاه (سطر 3957),ثبت شد
