id,domain,indicator,value,unit,source_primary,year,confidence,consumers,action,status
FN-29,مالی,هزینه سرمایه‌ای (CAPEX) — کرانه پایین — HP-01,۲۰۰,دلار در هکتار,فرض طراحی — بی‌لنگرگاه: باید در بند متناظر کتابچه لنگر شود,۱۴۰۵,C,HP-01,تعیین بند متناظر و نوشتن مبنای عدد در همان بند,ثبت شد
FN-30,مالی,هزینه سرمایه‌ای (CAPEX) — کرانه بالا — HP-01,۴۰۰,دلار در هکتار,فرض طراحی — بی‌لنگرگاه: باید در بند متناظر کتابچه لنگر شود,۱۴۰۵,C,HP-01,تعیین بند متناظر و نوشتن مبنای عدد در همان بند,ثبت شد
FN-31,مالی,هزینه سرمایه‌ای (CAPEX) — میانگین سناریوی پایه,۳۰۰,دلار در هکتار,فرض طراحی — بی‌لنگرگاه: باید در بند متناظر کتابچه لنگر شود,۱۴۰۵,C,HP-01,تعیین بند متناظر و نوشتن مبنای عدد در همان بند,ثبت شد
FN-36,مالی,هزینه عملیاتی (OPEX) سالانه — HP-01,۲۰,دلار در هکتار در سال,فرض طراحی — بی‌لنگرگاه: باید در بند متناظر کتابچه لنگر شود,۱۴۰۵,C,HP-01,تعیین بند متناظر و نوشتن مبنای عدد در همان بند,ثبت شد
SC-06,مقیاس,حجم ذخیره آب قابل دسترس (AWC) در عمق ریشه,۷۵۰ (۷۵ میلی‌متر),مترمکعب در هکتار,فرض طراحی — بی‌لنگرگاه: باید در بند متناظر کتابچه لنگر شود,۱۴۰۵,C,HP-01,تعیین بند متناظر و نوشتن مبنای عدد در همان بند,ثبت شد
TO-12,هدف فنی,نرخ نفوذ نهایی هدف (fc) — HP-01,۴۰ (از ۴–۱۰),میلی‌متر بر ساعت,تصمیم طراحی — بند ۱۰.۳,۱۴۰۵,C,HP-01,تثبیت مبنای تصمیم و بازبینی در فاز کالیبراسیون,ثبت شد
TO-13,هدف فنی,رواناب سالانه هدف,۳۰ (از ۹۰),میلی‌متر در سال,فرض طراحی — بند ۳.۲,۱۴۰۵,C,HP-01,تعیین مبنای عدد و بازبینی در فاز کالیبراسیون,ثبت شد
ES-10,خدمات اکوسیستمی,تغذیه آبخوان هدف,۶۰ (از ۱۵),میلی‌متر در سال,فرض طراحی — بی‌لنگرگاه: باید در بند متناظر کتابچه لنگر شود,۱۴۰۵,C,HP-01,تعیین بند متناظر و نوشتن مبنای عدد در همان بند,ثبت شد
SC-07,مقیاس,نیاز بیوچار برای سطح S3,۴۲۶٬۰۰۰,تن,فرض طراحی — بی‌لنگرگاه: باید در بند متناظر کتابچه لنگر شود,۱۴۰۵,C,HP-01,تعیین بند متناظر و نوشتن مبنای عدد در همان بند,ثبت شد
TO-14,هدف فنی,تعداد لایه‌های پروفیل سازه,۶ (مالچ، خاک لومی، بیوچار، زهکش قلوه‌سنگی، خاک رس، بستر),لایه,فرض طراحی — بند ۳.۳,۱۴۰۵,C,HP-01,تعیین مبنای عدد و بازبینی در فاز کالیبراسیون,ثبت شد
TO-15,هدف فنی,ضخامت لایه‌های پروفیل (لایه ۱ تا ۵) — HP-01,۵–۱۰، ۲۰–۳۰، ۱۰–۱۵، ۱۵–۲۰، ۳۰–۵۰,سانتی‌متر,فرض طراحی — بند ۳.۳,۱۴۰۵,C,HP-01,تعیین مبنای عدد و بازبینی در فاز کالیبراسیون,ثبت شد
TO-16,هدف فنی,عمق طراحی بر حسب اقلیم (دیشموک، بهبهان، تالش، یاسوج),۱٫۵–۲٫۰، ۱٫۰–۱٫۵، ۱٫۰–۱٫۵، ۲٫۰–۲٫۵,متر,فرض طراحی — بی‌لنگرگاه: باید در بند متناظر کتابچه لنگر شود,۱۴۰۵,C,HP-01,تعیین بند متناظر و نوشتن مبنای عدد در همان بند,ثبت شد
SC-08,مقیاس,تراکم سلول بر حسب اقلیم (دیشموک، بهبهان، تالش، یاسوج),۲۵، ۳۵، ۱۸، ۲۵,واحد در هکتار,فرض طراحی — بند ۲.۳,۱۴۰۵,C,HP-01,تعیین مبنای عدد و بازبینی در فاز کالیبراسیون,ثبت شد
SC-09,مقیاس,زمان اجرا در هر هکتار — HP-01,۱۰,روز کاری (تیم ۵ نفره),فرض طراحی — بی‌لنگرگاه: باید در بند متناظر کتابچه لنگر شود,۱۴۰۵,C,HP-01,تعیین بند متناظر و نوشتن مبنای عدد در همان بند,ثبت شد
TO-17,هدف فنی,عمر مفید سازه — HP-01,۵۰–۱۰۰+,سال,فرض طراحی — بند ۲.۱,۱۴۰۵,C,HP-01,تعیین مبنای عدد و بازبینی در فاز کالیبراسیون,ثبت شد
TO-18,هدف فنی,معیار پذیرش دبی زهکشی کف,بیش از ۱۰,لیتر بر دقیقه بر متر طول زهکش,تصمیم طراحی — بند ۲.۱,۱۴۰۵,C,HP-01,تثبیت مبنای تصمیم و بازبینی در فاز کالیبراسیون,ثبت شد
TO-19,هدف فنی,آستانه ایمنی حفاری چاله نفوذی,بیش از ۱٫۵ عمق، نیازمند شورینگ یا شیب‌بندی ایمن,متر,فرض طراحی — بی‌لنگرگاه: باید در بند متناظر کتابچه لنگر شود,۱۴۰۵,C,HP-01,تعیین بند متناظر و نوشتن مبنای عدد در همان بند,ثبت شد
TO-20,هدف فنی,دمای بیوچار تازه پیش از مصرف,تا ۸۰ (۴۸ ساعت خنک‌شدن),درجه سانتی‌گراد,فرض طراحی — بی‌لنگرگاه: باید در بند متناظر کتابچه لنگر شود,۱۴۰۵,C,HP-01,تعیین بند متناظر و نوشتن مبنای عدد در همان بند,ثبت شد
M-01,ماده,سقف سرعت باد مجاز برای عملیات خاکی,۴۰,کیلومتر بر ساعت,تصمیم طراحی — بی‌لنگرگاه: باید در بند متناظر کتابچه لنگر شود,۱۴۰۵,C,HP-01,تعیین بند متناظر و نوشتن مبنای عدد در همان بند,ثبت شد
FN-38,مالی,هزینه سرمایه‌ای (CAPEX) — کرانه پایین — HP-02,۲۰۰,دلار در هکتار,فرض طراحی — بند ۱.۱,۱۴۰۵,C,HP-02,تعیین مبنای عدد و بازبینی در فاز کالیبراسیون,ثبت شد
FN-39,مالی,هزینه سرمایه‌ای (CAPEX) — کرانه بالا — HP-02,۵۰۰,دلار در هکتار,فرض طراحی — بند ۱.۱,۱۴۰۵,C,HP-02,تعیین مبنای عدد و بازبینی در فاز کالیبراسیون,ثبت شد
FN-40,مالی,هزینه سرمایه‌ای (CAPEX) — مقدار پایه — HP-02,۳۵۰,دلار در هکتار,فرض طراحی — بند ۱.۱,۱۴۰۵,C,HP-02,تعیین مبنای عدد و بازبینی در فاز کالیبراسیون,ثبت شد
FN-41,مالی,هزینه عملیاتی (OPEX) سالانه — HP-02,۱۵,دلار در هکتار در سال,فرض طراحی — بند ۱.۱,۱۴۰۵,C,HP-02,تعیین مبنای عدد و بازبینی در فاز کالیبراسیون,ثبت شد
TO-21,هدف فنی,زمان ماند هیدرولیکی — هدف,۱۶۰ (از ۴۰),ثانیه,فرض طراحی — بی‌لنگرگاه: باید در بند متناظر کتابچه لنگر شود,۱۴۰۵,C,HP-02,تعیین بند متناظر و نوشتن مبنای عدد در همان بند,ثبت شد
TO-22,هدف فنی,نرخ نفوذ — هدف,۴۰ (از ۸),میلی‌متر بر ساعت,تصمیم طراحی — بی‌لنگرگاه: باید در بند متناظر کتابچه لنگر شود,۱۴۰۵,C,HP-02,تعیین بند متناظر و نوشتن مبنای عدد در همان بند,ثبت شد
TO-23,هدف فنی,کیفیت آب (TSS) — هدف,۳۰ (از ۱۵۰),میلی‌گرم بر لیتر,فرض طراحی — بی‌لنگرگاه: باید در بند متناظر کتابچه لنگر شود,۱۴۰۵,C,HP-02,تعیین بند متناظر و نوشتن مبنای عدد در همان بند,ثبت شد
ES-11,خدمات اکوسیستمی,کاهش دبی اوج سیلاب,۵۰,درصد,فرض طراحی — بند ۱.۲,۱۴۰۵,C,HP-02,تعیین مبنای عدد و بازبینی در فاز کالیبراسیون,ثبت شد
ES-12,خدمات اکوسیستمی,تأخیر اوج سیلاب,۴,ساعت,فرض طراحی — بند ۱.۲,۱۴۰۵,C,HP-02,تعیین مبنای عدد و بازبینی در فاز کالیبراسیون,ثبت شد
ES-13,خدمات اکوسیستمی,تغذیه آبخوان,۳۰۰,درصد افزایش,فرض طراحی — بند ۱.۱,۱۴۰۵,C,HP-02,تعیین مبنای عدد و بازبینی در فاز کالیبراسیون,ثبت شد
TO-24,هدف فنی,دبی طراحی سرریز تلسکوپی,۲۹–۵۵ (بسته به تنظیم),لیتر بر ثانیه,فرض طراحی — بند ۱.۳,۱۴۰۵,C,HP-02,تعیین مبنای عدد و بازبینی در فاز کالیبراسیون,ثبت شد
TO-25,هدف فنی,افزایش طول مسیر جریان نسبت به فاصله مستقیم (هندسه مارپیچ),۳–۵ (جدول ۱٫۳: چهار برابر),برابر,فرض طراحی — بی‌لنگرگاه: باید در بند متناظر کتابچه لنگر شود,۱۴۰۵,C,HP-02,تعیین بند متناظر و نوشتن مبنای عدد در همان بند,ثبت شد
TO-26,هدف فنی,سطح اشغال اضافی نسبت به کانال مستقیم,۱٫۵,برابر,فرض طراحی — بی‌لنگرگاه: باید در بند متناظر کتابچه لنگر شود,۱۴۰۵,C,HP-02,تعیین بند متناظر و نوشتن مبنای عدد در همان بند,ثبت شد
TO-27,هدف فنی,کیفیت آب — توربیدیتی هدف,۱۵ (از ۸۰),NTU,فرض طراحی — بی‌لنگرگاه: باید در بند متناظر کتابچه لنگر شود,۱۴۰۵,C,HP-02,تعیین بند متناظر و نوشتن مبنای عدد در همان بند,ثبت شد
TO-28,هدف فنی,کیفیت آب — E. coli هدف,۱٫۵ (از ۴٫۰),log CFU,فرض طراحی — بی‌لنگرگاه: باید در بند متناظر کتابچه لنگر شود,۱۴۰۵,C,HP-02,تعیین بند متناظر و نوشتن مبنای عدد در همان بند,ثبت شد
TO-29,هدف فنی,تعداد لایه‌های بافر زیستی,۳ (زهکش قلوه‌سنگی، بیوچار و ورمی‌کمپوست، مالچ سطحی),لایه,فرض طراحی — بی‌لنگرگاه: باید در بند متناظر کتابچه لنگر شود,۱۴۰۵,C,HP-02,تعیین بند متناظر و نوشتن مبنای عدد در همان بند,ثبت شد
M-02,ماده,عمر اجزا (دیواره خشکه‌چین · قلوه‌سنگ · بیوچار · مالچ · سرریز),۵۰–۱۰۰+ · ۵۰–۱۰۰+ · ۱۰۰–۱۰۰۰+ · ۱–۲ · ۲۰–۵۰,سال,فرض طراحی — بند ۸.۳,۱۴۰۵,C,HP-02,تعیین مبنای عدد و بازبینی در فاز کالیبراسیون,ثبت شد
TO-30,هدف فنی,روند پایش ۱۰ ساله (شکل ۷.۱) — نفوذ، زمان ماند، TSS,۴۰ ← ۵۸ · ۱۶۰ ← ۱۸۸ · ۳۰ ← ۵,میلی‌متر بر ساعت · ثانیه · میلی‌گرم بر لیتر,فرض طراحی — بند ۱.۱,۱۴۰۵,C,HP-02,تعیین مبنای عدد و بازبینی در فاز کالیبراسیون,ثبت شد
TO-31,هدف فنی,دوره تعمیر اساسی,۳ سالانه,تناوب,فرض طراحی — بی‌لنگرگاه: باید در بند متناظر کتابچه لنگر شود,۱۴۰۵,C,HP-02,تعیین بند متناظر و نوشتن مبنای عدد در همان بند,ثبت شد
SC-10,مقیاس,زمان اجرا در هر هکتار — HP-02,۱۰,روز کاری (تیم ۵ نفره),فرض طراحی — بی‌لنگرگاه: باید در بند متناظر کتابچه لنگر شود,۱۴۰۵,C,HP-02,تعیین بند متناظر و نوشتن مبنای عدد در همان بند,ثبت شد
FN-42,مالی,هزینه سرمایه‌ای (CAPEX) — کرانه پایین — HP-03,۱۰۰,دلار در هکتار,فرض طراحی — بند ۱.۱,۱۴۰۵,C,HP-03,تعیین مبنای عدد و بازبینی در فاز کالیبراسیون,ثبت شد
FN-43,مالی,هزینه سرمایه‌ای (CAPEX) — کرانه بالا — HP-03,۳۰۰,دلار در هکتار,فرض طراحی — بند ۱.۱,۱۴۰۵,C,HP-03,تعیین مبنای عدد و بازبینی در فاز کالیبراسیون,ثبت شد
FN-44,مالی,هزینه سرمایه‌ای (CAPEX) — مقدار پایه — HP-03,۲۰۰,دلار در هکتار,فرض طراحی — بند ۱.۱,۱۴۰۵,C,HP-03,تعیین مبنای عدد و بازبینی در فاز کالیبراسیون,ثبت شد
FN-45,مالی,هزینه عملیاتی (OPEX) سالانه — HP-03,۱۰,دلار در هکتار در سال,فرض طراحی — بند ۱.۱,۱۴۰۵,C,HP-03,تعیین مبنای عدد و بازبینی در فاز کالیبراسیون,ثبت شد
TO-32,هدف فنی,حجم ذخیره هر حلقه,۱۴۰۰,لیتر,فرض طراحی — بی‌لنگرگاه: باید در بند متناظر کتابچه لنگر شود,۱۴۰۵,C,HP-03,تعیین بند متناظر و نوشتن مبنای عدد در همان بند,ثبت شد
SC-11,مقیاس,حجم ذخیره کل (۲۵ حلقه در هکتار),۳۵,مترمکعب در هکتار,فرض طراحی — بی‌لنگرگاه: باید در بند متناظر کتابچه لنگر شود,۱۴۰۵,C,HP-03,تعیین بند متناظر و نوشتن مبنای عدد در همان بند,ثبت شد
TO-33,هدف فنی,نرخ نفوذ نهایی هدف (fc) — HP-03,۳۵ (از ۴–۱۰),میلی‌متر بر ساعت,تصمیم طراحی — بی‌لنگرگاه: باید در بند متناظر کتابچه لنگر شود,۱۴۰۵,C,HP-03,تعیین بند متناظر و نوشتن مبنای عدد در همان بند,ثبت شد
TO-34,هدف فنی,کاهش رواناب هدف,۵۰–۷۰,درصد,فرض طراحی — بی‌لنگرگاه: باید در بند متناظر کتابچه لنگر شود,۱۴۰۵,C,HP-03,تعیین بند متناظر و نوشتن مبنای عدد در همان بند,ثبت شد
TO-35,هدف فنی,نرخ بقای نهال — مبنا و هدف,۶۰ → ۹۰,درصد,تصمیم طراحی — بند ۲.۳,۱۴۰۵,C,HP-03,تثبیت مبنای تصمیم و بازبینی در فاز کالیبراسیون,ثبت شد
TO-36,هدف فنی,ضریب پایداری (FS) هدف,۲٫۵–۳,بدون بعد,فرض طراحی — بی‌لنگرگاه: باید در بند متناظر کتابچه لنگر شود,۱۴۰۵,C,HP-03,تعیین بند متناظر و نوشتن مبنای عدد در همان بند,ثبت شد
M-03,ماده,ارتفاع بلندکرده (استوانه سنگی),۱۵–۳۰,سانتی‌متر,فرض طراحی — بند ۸.۱,۱۴۰۵,C,HP-03,تعیین مبنای عدد و بازبینی در فاز کالیبراسیون,ثبت شد
TO-37,هدف فنی,قطر داخلی / خارجی حلقه,۱٫۶ / ۲,متر,فرض طراحی — بی‌لنگرگاه: باید در بند متناظر کتابچه لنگر شود,۱۴۰۵,C,HP-03,تعیین بند متناظر و نوشتن مبنای عدد در همان بند,ثبت شد
FN-46,مالی,هزینه چاپ اولیه,۳٫۵,دلار بر حلقه,فرض طراحی — بی‌لنگرگاه: باید در بند متناظر کتابچه لنگر شود,۱۴۰۵,C,HP-03,تعیین بند متناظر و نوشتن مبنای عدد در همان بند,ثبت شد
M-04,ماده,مقاومت فشاری سنگ‌ها (آهکی، گرانیت، بازالت) — HP-03,۵۵، ۱۲۰، ۱۵۰,مگاپاسکال,فرض طراحی — بند ۱.۳,۱۴۰۵,C,HP-03,تعیین مبنای عدد و بازبینی در فاز کالیبراسیون,ثبت شد
TO-38,هدف فنی,تعداد لایه‌های بافر داخلی حلقه,۴ (قلوه‌سنگ، بیوچار-خاک، کمپوست-خاک، مالچ),لایه,فرض طراحی — بی‌لنگرگاه: باید در بند متناظر کتابچه لنگر شود,۱۴۰۵,C,HP-03,تعیین بند متناظر و نوشتن مبنای عدد در همان بند,ثبت شد
TO-39,هدف فنی,ضخامت لایه‌های داخلی (به ترتیب از پایین) — HP-03,۱۰–۱۵، ۸–۱۲، ۵–۸، ۵–۱۰,سانتی‌متر,فرض طراحی — بند ۱.۲,۱۴۰۵,C,HP-03,تعیین مبنای عدد و بازبینی در فاز کالیبراسیون,ثبت شد
SC-12,مقیاس,تعداد حلقه در هر هکتار (چگالی طراحی),۲۵ (شبکه ۵×۵ یا ۴×۵),حلقه در هکتار,محاسبهٔ فرض طراحی — بی‌لنگرگاه: باید در بند متناظر کتابچه لنگر شود,۱۴۰۵,C,HP-03,تعیین بند متناظر و نوشتن مبنای عدد در همان بند,ثبت شد
TO-40,هدف فنی,فاصله‌گذاری حلقه‌ها,۱۸–۲۰,متر,فرض طراحی — بند ۲.۱,۱۴۰۵,C,HP-03,تعیین مبنای عدد و بازبینی در فاز کالیبراسیون,ثبت شد
TO-41,هدف فنی,عمق حفاری پایه حلقه,۱۵–۲۰,سانتی‌متر,فرض طراحی — بند ۴.۱,۱۴۰۵,C,HP-03,تعیین مبنای عدد و بازبینی در فاز کالیبراسیون,ثبت شد
TO-42,هدف فنی,تخلخل مؤثر محاسبه‌شده (n_eff) — HP-03,۰٫۴۶,بدون بعد,محاسبهٔ فرض طراحی — بند ۱.۲,۱۴۰۵,C,HP-03,تکرار محاسبه در فاز کالیبراسیون,ثبت شد
TO-43,هدف فنی,حجم ذخیره محاسبه‌شده در بخش ۳٫۲٫۴,۷۴۱ (۰٫۷۴۱ مترمکعب),لیتر در هر حلقه,محاسبهٔ فرض طراحی — بند ۱.۲,۱۴۰۵,C,HP-03,تکرار محاسبه در فاز کالیبراسیون,ثبت شد
SC-13,مقیاس,حجم ذخیره کل محاسبه‌شده در بخش ۳٫۲٫۴,۱۸٬۵۲۵ (۱۸٫۵ مترمکعب),مترمکعب در هکتار,محاسبهٔ فرض طراحی — بند ۱.۲,۱۴۰۵,C,HP-03,تکرار محاسبه در فاز کالیبراسیون,ثبت شد
TO-44,هدف فنی,زمان ماند هیدرولیکی محاسبه‌شده (بخش ۳٫۶),۱۰٫۵,ساعت,محاسبهٔ فرض طراحی — بند ۲.۶,۱۴۰۵,C,HP-03,تکرار محاسبه در فاز کالیبراسیون,ثبت شد
ES-14,خدمات اکوسیستمی,ضریب پایداری در شرایط سیلاب (نمونه بخش ۳٫۵),۱٫۱۴,بدون بعد,فرض طراحی — بی‌لنگرگاه: باید در بند متناظر کتابچه لنگر شود,۱۴۰۵,C,HP-03,تعیین بند متناظر و نوشتن مبنای عدد در همان بند,ثبت شد
TO-45,هدف فنی,رواناب خروجی سالانه — هدف — HP-03,۳۰ (از ۱۲۰),میلی‌متر در سال,فرض طراحی — بی‌لنگرگاه: باید در بند متناظر کتابچه لنگر شود,۱۴۰۵,C,HP-03,تعیین بند متناظر و نوشتن مبنای عدد در همان بند,ثبت شد
ES-15,خدمات اکوسیستمی,تغذیه آبخوان — هدف — HP-03,۲۵ (از ۵),میلی‌متر در سال,فرض طراحی — بند ۱.۱,۱۴۰۵,C,HP-03,تعیین مبنای عدد و بازبینی در فاز کالیبراسیون,ثبت شد
M-05,ماده,رطوبت خاک ریشه — هدف — HP-03,۲۸ (از ۱۵),درصد,فرض طراحی — بند ۱.۲,۱۴۰۵,C,HP-03,تعیین مبنای عدد و بازبینی در فاز کالیبراسیون,ثبت شد
M-06,ماده,حجم مصالح سنگ سازه,۲٫۵ (۶۲٫۵ مترمکعب در هر هکتار),مترمکعب در هر حلقه,فرض طراحی — بی‌لنگرگاه: باید در بند متناظر کتابچه لنگر شود,۱۴۰۵,C,HP-03,تعیین بند متناظر و نوشتن مبنای عدد در همان بند,ثبت شد
SC-14,مقیاس,وزن سنگ سازه,حدود ۱۵۰,تن در هکتار,فرض طراحی — بند ۲.۱,۱۴۰۵,C,HP-03,تعیین مبنای عدد و بازبینی در فاز کالیبراسیون,ثبت شد
FN-47,مالی,هزینه نیروی کار اجرا — HP-03,۳۹۰,دلار (تیم ۵ نفره، ۳ روز),فرض طراحی — بی‌لنگرگاه: باید در بند متناظر کتابچه لنگر شود,۱۴۰۵,C,HP-03,تعیین بند متناظر و نوشتن مبنای عدد در همان بند,ثبت شد
FN-48,مالی,هزینه تجهیزات اجرا — HP-03,۱٬۳۸۵,دلار,فرض طراحی — بی‌لنگرگاه: باید در بند متناظر کتابچه لنگر شود,۱۴۰۵,C,HP-03,تعیین بند متناظر و نوشتن مبنای عدد در همان بند,ثبت شد
FN-49,مالی,هزینه آموزش تیم اجرایی,۱۰۰,دلار,فرض طراحی — بی‌لنگرگاه: باید در بند متناظر کتابچه لنگر شود,۱۴۰۵,C,HP-03,تعیین بند متناظر و نوشتن مبنای عدد در همان بند,ثبت شد
TO-46,هدف فنی,عمر چرخه عمر بسته — HP-03,۳۰–۵۰,سال,فرض طراحی — بی‌لنگرگاه: باید در بند متناظر کتابچه لنگر شود,۱۴۰۵,C,HP-03,تعیین بند متناظر و نوشتن مبنای عدد در همان بند,ثبت شد
TO-47,هدف فنی,بازه زمانی اجرای گام اجرایی — HP-03,۱۲–۱۵,روز کاری,فرض طراحی — بی‌لنگرگاه: باید در بند متناظر کتابچه لنگر شود,۱۴۰۵,C,HP-03,تعیین بند متناظر و نوشتن مبنای عدد در همان بند,ثبت شد
FN-50,مالی,هزینه سرمایه‌ای (CAPEX) — کرانه پایین — HP-04,۵۰,دلار در هکتار,فرض طراحی — بند ۱.۱,۱۴۰۵,C,HP-04,تعیین مبنای عدد و بازبینی در فاز کالیبراسیون,ثبت شد
FN-51,مالی,هزینه سرمایه‌ای (CAPEX) — کرانه بالا — HP-04,۱۰۰,دلار در هکتار,فرض طراحی — بند ۱.۱,۱۴۰۵,C,HP-04,تعیین مبنای عدد و بازبینی در فاز کالیبراسیون,ثبت شد
FN-52,مالی,هزینه سرمایه‌ای (CAPEX) — میانگین — HP-04,۷۵,دلار در هکتار,فرض طراحی — بند ۱.۱,۱۴۰۵,C,HP-04,تعیین مبنای عدد و بازبینی در فاز کالیبراسیون,ثبت شد
FN-53,مالی,هزینه عملیاتی (OPEX) سالانه — HP-04,۵,دلار در هکتار در سال,فرض طراحی — بند ۱.۱,۱۴۰۵,C,HP-04,تعیین مبنای عدد و بازبینی در فاز کالیبراسیون,ثبت شد
TO-48,هدف فنی,ظرفیت ذخیره هر چاله (ادعای سرصفحه),۱٫۱۸ (۱۱۸۰ لیتر),مترمکعب,فرض طراحی — بند ۷.۱.۱,۱۴۰۵,C,HP-04,تعیین مبنای عدد و بازبینی در فاز کالیبراسیون,ثبت شد
TO-49,هدف فنی,ظرفیت ذخیره محاسبه‌شده در بخش ۳٫۲٫۴,۰٫۳۲۴ (۳۲۴ لیتر),مترمکعب,محاسبهٔ فرض طراحی — بند ۳٫۲٫۴,۱۴۰۵,C,HP-04,تکرار محاسبه در فاز کالیبراسیون,ثبت شد
SC-15,مقیاس,حجم ذخیره کل (۵۰ چاله در هکتار),۵۹,مترمکعب در هکتار,فرض طراحی — بند ۷.۱.۱,۱۴۰۵,C,HP-04,تعیین مبنای عدد و بازبینی در فاز کالیبراسیون,ثبت شد
TO-50,هدف فنی,نرخ نفوذ نهایی هدف (fc) — HP-04,۴۰ (از ۴–۱۰),میلی‌متر بر ساعت,تصمیم طراحی — بی‌لنگرگاه: باید در بند متناظر کتابچه لنگر شود,۱۴۰۵,C,HP-04,تعیین بند متناظر و نوشتن مبنای عدد در همان بند,ثبت شد
TO-51,هدف فنی,نگهداشت (S) محاسبه‌شده در بخش ۳٫۵,۷۶۲ (از ۶۳٫۵),میلی‌متر,محاسبهٔ فرض طراحی — بند ۱.۱,۱۴۰۵,C,HP-04,تکرار محاسبه در فاز کالیبراسیون,ثبت شد
TO-52,هدف فنی,نرخ بقای نهال — هدف,۹۲,درصد (از ۶۰),تصمیم طراحی — بند ۱.۱۲,۱۴۰۵,C,HP-04,تثبیت مبنای تصمیم و بازبینی در فاز کالیبراسیون,ثبت شد
SP-01,گونه,افزایش بقا و جوانه‌زنی بذر — هدف,۲۵,درصد,فرض طراحی — بند ۷.۱.۱,۱۴۰۵,C,HP-04,تعیین مبنای عدد و بازبینی در فاز کالیبراسیون,ثبت شد
ES-16,خدمات اکوسیستمی,تغذیه آبخوان — هدف — HP-04,۳۰۰,درصد افزایش,فرض طراحی — بند ۷.۱.۱,۱۴۰۵,C,HP-04,تعیین مبنای عدد و بازبینی در فاز کالیبراسیون,ثبت شد
TO-53,هدف فنی,قطر / عمق چاله,۱٫۲ / ۱,متر,فرض طراحی — بی‌لنگرگاه: باید در بند متناظر کتابچه لنگر شود,۱۴۰۵,C,HP-04,تعیین بند متناظر و نوشتن مبنای عدد در همان بند,ثبت شد
M-07,ماده,نفوذپذیری خاک هدف (K),۱٫۰ۻ⁴–۱٫۰ۻ⁳,متر بر ثانیه,فرض طراحی — بند ۳.۱۰,۱۴۰۵,C,HP-04,تعیین مبنای عدد و بازبینی در فاز کالیبراسیون,ثبت شد
M-08,ماده,مقاومت فشاری سنگ‌ها (آهکی، گرانیت، بازالت) — HP-04,۵۵، ۱۲۰، ۱۵۰,مگاپاسکال,فرض طراحی — بند ۲.۱,۱۴۰۵,C,HP-04,تعیین مبنای عدد و بازبینی در فاز کالیبراسیون,ثبت شد
ST-16,استاندارد,قطر و عمق استاندارد چاله (جدول‌های ۳٫۱ و ۴٫۲),۰٫۸ / ۱٫۵,متر,فرض طراحی — بی‌لنگرگاه: باید در بند متناظر کتابچه لنگر شود,۱۴۰۵,C,HP-04,تعیین بند متناظر و نوشتن مبنای عدد در همان بند,ثبت شد
SC-16,مقیاس,تعداد چاله در هر هکتار (چگالی طراحی),۵۰ (شبکه ۵×۱۰، فاصله ۱۴ متر),چاله در هکتار,محاسبهٔ فرض طراحی — بی‌لنگرگاه: باید در بند متناظر کتابچه لنگر شود,۱۴۰۵,C,HP-04,تعیین بند متناظر و نوشتن مبنای عدد در همان بند,ثبت شد
TO-54,هدف فنی,تعداد لایه‌های داخلی چاله,۵ (قلوه‌سنگ درشت، قلوه‌سنگ ریز، بیوچار-خاک، کمپوست-خاک، مالچ),لایه,فرض طراحی — بی‌لنگرگاه: باید در بند متناظر کتابچه لنگر شود,۱۴۰۵,C,HP-04,تعیین بند متناظر و نوشتن مبنای عدد در همان بند,ثبت شد
TO-55,هدف فنی,ضخامت لایه‌های داخلی (به ترتیب از پایین) — HP-04,۳۰–۴۰، ۲۰–۳۰، ۱۵–۲۰، ۱۰–۱۵، ۵–۱۰,سانتی‌متر,فرض طراحی — بند ۱۰٫۹,۱۴۰۵,C,HP-04,تعیین مبنای عدد و بازبینی در فاز کالیبراسیون,ثبت شد
TO-56,هدف فنی,تخلخل مؤثر محاسبه‌شده (n_eff) — HP-04,۰٫۴۳,بدون بعد,محاسبهٔ فرض طراحی — بند ۳٫۲٫۴,۱۴۰۵,C,HP-04,تکرار محاسبه در فاز کالیبراسیون,ثبت شد
M-09,ماده,دبی خروجی از کف چاله در خاک لومی-شنی (K=۱۰⁻⁵),۱۸,لیتر بر ساعت,تصمیم طراحی — بند ۷.۱.۱,۱۴۰۵,C,HP-04,تثبیت مبنای تصمیم و بازبینی در فاز کالیبراسیون,ثبت شد
M-10,ماده,زمان ماند هیدرولیکی محاسبه‌شده (خاک لومی-شنی),۱۷٫۸,ساعت,محاسبهٔ فرض طراحی — بند ۱.۲,۱۴۰۵,C,HP-04,تکرار محاسبه در فاز کالیبراسیون,ثبت شد
M-11,ماده,زمان ماند هیدرولیکی در خاک لومی (K=۱۰⁻۶),۱۷۸ (۷٫۴ روز),ساعت,محاسبهٔ فرض طراحی — بند ۱.۲,۱۴۰۵,C,HP-04,تکرار محاسبه در فاز کالیبراسیون,ثبت شد
M-12,ماده,پارامترهای Van Genuchten خاک لومی-شنی دیشموک,۰٫۰۳۹، ۰٫۳۹۰، ۰٫۰۳۴۷، ۱٫۴۹,θr، θs، α بر حسب ۱/cm، n,فرض طراحی — بند ۳.۱,۱۴۰۵,C,HP-04,تعیین مبنای عدد و بازبینی در فاز کالیبراسیون,ثبت شد
PL-08,پایلوت,عمق سطح ایستابی پایلوت‌ها (دیشموک، بهبهان، تالش، یاسوج),۵–۸، ۸–۱۲، ۱–۳، ۴–۶,متر,فرض طراحی — بند ۳.۱۰,۱۴۰۵,C,HP-04,تعیین مبنای عدد و بازبینی در فاز کالیبراسیون,ثبت شد
TO-57,هدف فنی,رواناب خروجی سالانه — هدف — HP-04,۲۰ (از ۱۲۰),میلی‌متر در سال,فرض طراحی — بند ۷.۱.۱,۱۴۰۵,C,HP-04,تعیین مبنای عدد و بازبینی در فاز کالیبراسیون,ثبت شد
M-13,ماده,رطوبت خاک ریشه — هدف — HP-04,۳۰ (از ۱۵),درصد,فرض طراحی — بند ۱.۲,۱۴۰۵,C,HP-04,تعیین مبنای عدد و بازبینی در فاز کالیبراسیون,ثبت شد
TO-58,هدف فنی,شیب دیواره چاله در حین اجرا,۱۰:۱ یا کمتر,بدون بعد,فرض طراحی — بند ۱۰٫۱,۱۴۰۵,C,HP-04,تعیین مبنای عدد و بازبینی در فاز کالیبراسیون,ثبت شد
TO-59,هدف فنی,شیب کانال اتصال ورودی,۱–۲,درصد,فرض طراحی — بند ۱.۱,۱۴۰۵,C,HP-04,تعیین مبنای عدد و بازبینی در فاز کالیبراسیون,ثبت شد
TO-60,هدف فنی,سوراخ فیلتر ورودی,۵,میلی‌متر,فرض طراحی — بند ۳٫۹٫۲,۱۴۰۵,C,HP-04,تعیین مبنای عدد و بازبینی در فاز کالیبراسیون,ثبت شد
TO-61,هدف فنی,عمر چرخه عمر بسته — HP-04,۲۰–۴۰,سال,فرض طراحی — بی‌لنگرگاه: باید در بند متناظر کتابچه لنگر شود,۱۴۰۵,C,HP-04,تعیین بند متناظر و نوشتن مبنای عدد در همان بند,ثبت شد
FN-54,مالی,هزینه نیروی کار اجرا — HP-04,۵۸۰,دلار (تیم ۵ نفره، ۴ روز),فرض طراحی — بی‌لنگرگاه: باید در بند متناظر کتابچه لنگر شود,۱۴۰۵,C,HP-04,تعیین بند متناظر و نوشتن مبنای عدد در همان بند,ثبت شد
FN-55,مالی,هزینه تجهیزات اجرا — HP-04,۱٬۲۸۵,دلار,فرض طراحی — بی‌لنگرگاه: باید در بند متناظر کتابچه لنگر شود,۱۴۰۵,C,HP-04,تعیین بند متناظر و نوشتن مبنای عدد در همان بند,ثبت شد
TO-62,هدف فنی,بازه زمانی اجرای گام اجرایی — HP-04,۱۲–۱۵,روز کاری,فرض طراحی — بی‌لنگرگاه: باید در بند متناظر کتابچه لنگر شود,۱۴۰۵,C,HP-04,تعیین بند متناظر و نوشتن مبنای عدد در همان بند,ثبت شد
FN-56,مالی,هزینه سرمایه‌ای (CAPEX) — کرانه پایین — HP-05,۳۰۰,دلار در هکتار,فرض طراحی — بند ۸.۳,۱۴۰۵,C,HP-05,تعیین مبنای عدد و بازبینی در فاز کالیبراسیون,ثبت شد
FN-57,مالی,هزینه سرمایه‌ای (CAPEX) — کرانه بالا — HP-05,۶۰۰,دلار در هکتار,فرض طراحی — بند ۸.۳,۱۴۰۵,C,HP-05,تعیین مبنای عدد و بازبینی در فاز کالیبراسیون,ثبت شد
FN-58,مالی,هزینه سرمایه‌ای (CAPEX) — میانگین — HP-05,۴۵۰,دلار در هکتار,فرض طراحی — بند ۸.۳,۱۴۰۵,C,HP-05,تعیین مبنای عدد و بازبینی در فاز کالیبراسیون,ثبت شد
FN-59,مالی,هزینه عملیاتی (OPEX) سالانه — HP-05,۲۰,دلار در هکتار در سال,فرض طراحی — بند ۱.۱,۱۴۰۵,C,HP-05,تعیین مبنای عدد و بازبینی در فاز کالیبراسیون,ثبت شد
TO-63,هدف فنی,تله‌اندازی رسوب (η_trap) — هدف,۸۵ (از ۶۰),درصد,فرض طراحی — بند ۸.۳,۱۴۰۵,C,HP-05,تعیین مبنای عدد و بازبینی در فاز کالیبراسیون,ثبت شد
ES-17,خدمات اکوسیستمی,کاهش دبی اوج سیلاب — هدف,۶۲,درصد,فرض طراحی — بند ۸.۳,۱۴۰۵,C,HP-05,تعیین مبنای عدد و بازبینی در فاز کالیبراسیون,ثبت شد
ES-18,خدمات اکوسیستمی,تأخیر اوج سیلاب — هدف,۴,ساعت,فرض طراحی — بند ۸.۳,۱۴۰۵,C,HP-05,تعیین مبنای عدد و بازبینی در فاز کالیبراسیون,ثبت شد
ES-19,خدمات اکوسیستمی,کاهش خسارت سیلاب شهری — هدف,۷۰,درصد,فرض طراحی — بند ۱.۲,۱۴۰۵,C,HP-05,تعیین مبنای عدد و بازبینی در فاز کالیبراسیون,ثبت شد
TO-64,هدف فنی,افزایش سطح ایستایی — هدف,۴۰–۶۰ (افق ۲ سال),سانتی‌متر,فرض طراحی — بند ۱.۲,۱۴۰۵,C,HP-05,تعیین مبنای عدد و بازبینی در فاز کالیبراسیون,ثبت شد
ES-20,خدمات اکوسیستمی,افزایش تغذیه آبخوان — هدف,۳۰۰,درصد,فرض طراحی — بند ۸.۳,۱۴۰۵,C,HP-05,تعیین مبنای عدد و بازبینی در فاز کالیبراسیون,ثبت شد
TO-65,هدف فنی,افزایش بقا و رشد نهال — هدف,۸۵,درصد,فرض طراحی — بند ۸.۳,۱۴۰۵,C,HP-05,تعیین مبنای عدد و بازبینی در فاز کالیبراسیون,ثبت شد
TO-66,هدف فنی,ارتفاع و طول بندک,۲–۳ / ۳۰–۵۰,متر,فرض طراحی — بند ۸.۳,۱۴۰۵,C,HP-05,تعیین مبنای عدد و بازبینی در فاز کالیبراسیون,ثبت شد
TO-67,هدف فنی,نسبت ملات آهکی,۱:۳,نسبت,فرض طراحی — بند ۸.۳,۱۴۰۵,C,HP-05,تعیین مبنای عدد و بازبینی در فاز کالیبراسیون,ثبت شد
TO-68,هدف فنی,دبی سرریز تلسکوپی (میانگین),۱٫۸,مترمکعب بر ثانیه,فرض طراحی — بند ۸.۳,۱۴۰۵,C,HP-05,تعیین مبنای عدد و بازبینی در فاز کالیبراسیون,ثبت شد
TO-69,هدف فنی,ضریب اطمینان (FS) — هدف,۱٫۵,بدون بعد,تصمیم طراحی — بند ۸.۳,۱۴۰۵,C,HP-05,تثبیت مبنای تصمیم و بازبینی در فاز کالیبراسیون,ثبت شد
TO-70,هدف فنی,عرض تاج بندک,۳–۴,متر,فرض طراحی — بی‌لنگرگاه: باید در بند متناظر کتابچه لنگر شود,۱۴۰۵,C,HP-05,تعیین بند متناظر و نوشتن مبنای عدد در همان بند,ثبت شد
SC-17,مقیاس,تعداد بندک در هر ۵۰ هکتار (چگالی طراحی),۴–۵ (زنجیره ۴–۶ بندک),بندک,فرض طراحی — بند ۸.۳,۱۴۰۵,C,HP-05,تعیین مبنای عدد و بازبینی در فاز کالیبراسیون,ثبت شد
TO-71,هدف فنی,فاصله بندک‌ها بر اساس شیب آبراهه,۵۰–۱۵۰,متر,فرض طراحی — بند ۸.۳,۱۴۰۵,C,HP-05,تعیین مبنای عدد و بازبینی در فاز کالیبراسیون,ثبت شد
TO-72,هدف فنی,شیب مجاز آبراهه محل اجرا,۲–۱۵,درصد,فرض طراحی — بند ۸.۳,۱۴۰۵,C,HP-05,تعیین مبنای عدد و بازبینی در فاز کالیبراسیون,ثبت شد
TO-73,هدف فنی,طول بندک واحد در مقطع عرضی,۶,متر,فرض طراحی — بی‌لنگرگاه: باید در بند متناظر کتابچه لنگر شود,۱۴۰۵,C,HP-05,تعیین بند متناظر و نوشتن مبنای عدد در همان بند,ثبت شد
TO-74,هدف فنی,عمق پی (تا بستر سخت),۰٫۵–۱,متر,فرض طراحی — بی‌لنگرگاه: باید در بند متناظر کتابچه لنگر شود,۱۴۰۵,C,HP-05,تعیین بند متناظر و نوشتن مبنای عدد در همان بند,ثبت شد
TO-75,هدف فنی,شیب دیواره حفاری پی,۱:۱,بدون بعد,فرض طراحی — بند ۸.۳,۱۴۰۵,C,HP-05,تعیین مبنای عدد و بازبینی در فاز کالیبراسیون,ثبت شد
ST-17,استاندارد,معیار توقف حفاری با آزمون SPT,بیش از ۲۰ ضربه,ضربه,فرض طراحی — بند ۸.۱,۱۴۰۵,C,HP-05,تعیین مبنای عدد و بازبینی در فاز کالیبراسیون,ثبت شد
TO-76,هدف فنی,زمان انتظار گیرش اولیه ملات آهکی بین ردیف‌ها,۲۴,ساعت,فرض طراحی — بند ۱.۶,۱۴۰۵,C,HP-05,تعیین مبنای عدد و بازبینی در فاز کالیبراسیون,ثبت شد
TO-77,هدف فنی,زمان رسیدن ملات آهکی به ۷۰ درصد مقاومت نهایی,۲۸,روز,فرض طراحی — بند ۱.۱,۱۴۰۵,C,HP-05,تعیین مبنای عدد و بازبینی در فاز کالیبراسیون,ثبت شد
TO-78,هدف فنی,زمان رسیدن ملات آهکی به ۱۰۰ درصد مقاومت,۱–۳,سال,فرض طراحی — بند ۱.۱,۱۴۰۵,C,HP-05,تعیین مبنای عدد و بازبینی در فاز کالیبراسیون,ثبت شد
ES-21,خدمات اکوسیستمی,ترسیب دی‌اکسید کربن ملات آهکی,۲–۴,کیلوگرم در مترمکعب در سال,فرض طراحی — بند ۸.۳,۱۴۰۵,C,HP-05,تعیین مبنای عدد و بازبینی در فاز کالیبراسیون,ثبت شد
TO-79,هدف فنی,ضریب پایداری محاسبه‌شده (نمونه بخش ۳٫۲),۳٫۹,بدون بعد,محاسبهٔ فرض طراحی — بند ۸.۳,۱۴۰۵,C,HP-05,تکرار محاسبه در فاز کالیبراسیون,ثبت شد
TO-80,هدف فنی,ظرفیت ذخیره پشت بندک (نمونه بخش ۳٫۴),۵۶٫۲۵,مترمکعب,فرض طراحی — بند ۳.۲,۱۴۰۵,C,HP-05,تعیین مبنای عدد و بازبینی در فاز کالیبراسیون,ثبت شد
MD-09,مدل شبیه‌سازی,راندمان تله‌اندازی رسوب محاسبه‌شده با مدل Brune,۰٫۰۰۵۶,درصد,محاسبهٔ فرض طراحی — بند ۳.۲,۱۴۰۵,C,HP-05,تکرار محاسبه در فاز کالیبراسیون,ثبت شد
ES-22,خدمات اکوسیستمی,زمان ماند هیدرولیکی (اوج سیلاب / شرایط عادی),۱۷ دقیقه / ۱۳ روز,—,فرض طراحی — بند ۲.۵,۱۴۰۵,C,HP-05,تعیین مبنای عدد و بازبینی در فاز کالیبراسیون,ثبت شد
TO-81,هدف فنی,دبی سرریز محاسبه‌شده در سه تنظیم (H=۰٫۱، ۰٫۱۵، ۰٫۲),۲۹، ۵۳٫۵، ۸۲,لیتر بر ثانیه,محاسبهٔ فرض طراحی — بند ۲.۴,۱۴۰۵,C,HP-05,تکرار محاسبه در فاز کالیبراسیون,ثبت شد
TO-82,هدف فنی,مقاومت فشاری ملات آهکی ۲۸ روزه,۲٫۵–۵,مگاپاسکال,فرض طراحی — بند ۱.۱,۱۴۰۵,C,HP-05,تعیین مبنای عدد و بازبینی در فاز کالیبراسیون,ثبت شد
TO-83,هدف فنی,عمر مفید سازه — HP-05,۵۰+,سال,فرض طراحی — بند ۸.۳,۱۴۰۵,C,HP-05,تعیین مبنای عدد و بازبینی در فاز کالیبراسیون,ثبت شد
TO-84,هدف فنی,دوره پاکسازی رسوب پشت بندک,۱۰–۱۵,سال,فرض طراحی — بند ۳.۴.۲,۱۴۰۵,C,HP-05,تعیین مبنای عدد و بازبینی در فاز کالیبراسیون,ثبت شد
TO-85,هدف فنی,زمان اجرا در هر بندک,۹٫۵,روز کاری (تیم ۶ نفره),فرض طراحی — بند ۸.۳,۱۴۰۵,C,HP-05,تعیین مبنای عدد و بازبینی در فاز کالیبراسیون,ثبت شد
TO-86,هدف فنی,بازه زمانی اجرای گام اجرایی — HP-05,۱۲–۱۵,روز کاری,فرض طراحی — بند ۸.۳,۱۴۰۵,C,HP-05,تعیین مبنای عدد و بازبینی در فاز کالیبراسیون,ثبت شد
FN-60,مالی,هزینه سرمایه‌ای (CAPEX) — کرانه پایین — HP-06,۳۰۰,دلار در هکتار,فرض طراحی — بی‌لنگرگاه: باید در بند متناظر کتابچه لنگر شود,۱۴۰۵,C,HP-06,تعیین بند متناظر و نوشتن مبنای عدد در همان بند,ثبت شد
FN-61,مالی,هزینه سرمایه‌ای (CAPEX) — کرانه بالا — HP-06,۵۰۰,دلار در هکتار,فرض طراحی — بی‌لنگرگاه: باید در بند متناظر کتابچه لنگر شود,۱۴۰۵,C,HP-06,تعیین بند متناظر و نوشتن مبنای عدد در همان بند,ثبت شد
FN-62,مالی,هزینه سرمایه‌ای (CAPEX) — میانگین — HP-06,۴۰۰,دلار در هکتار,فرض طراحی — بی‌لنگرگاه: باید در بند متناظر کتابچه لنگر شود,۱۴۰۵,C,HP-06,تعیین بند متناظر و نوشتن مبنای عدد در همان بند,ثبت شد
FN-63,مالی,هزینه عملیاتی (OPEX) سالانه — HP-06,۲۵,دلار در هکتار در سال,فرض طراحی — بند ۱.۱,۱۴۰۵,C,HP-06,تعیین مبنای عدد و بازبینی در فاز کالیبراسیون,ثبت شد
TO-87,هدف فنی,آب قابل دسترس (AWC) — هدف,۰٫۱۵ (از ۰٫۰۸),حجمی,فرض طراحی — بی‌لنگرگاه: باید در بند متناظر کتابچه لنگر شود,۱۴۰۵,C,HP-06,تعیین بند متناظر و نوشتن مبنای عدد در همان بند,ثبت شد
SC-18,مقیاس,ظرفیت ذخیره آب در عمق ریشه (۵۰ سانتی‌متر),۷۵۰ (از ۴۰۰),مترمکعب در هکتار,فرض طراحی — بند ۱.۲,۱۴۰۵,C,HP-06,تعیین مبنای عدد و بازبینی در فاز کالیبراسیون,ثبت شد
TO-88,هدف فنی,نرخ نفوذ نهایی هدف (fc) — HP-06,۴۰ (از ۸),میلی‌متر بر ساعت,تصمیم طراحی — بی‌لنگرگاه: باید در بند متناظر کتابچه لنگر شود,۱۴۰۵,C,HP-06,تعیین بند متناظر و نوشتن مبنای عدد در همان بند,ثبت شد
TO-89,هدف فنی,S-index (Dexter) — هدف,۰٫۰۵۰ (از ۰٫۰۲۵),بدون بعد، افق سال ۲,فرض طراحی — بی‌لنگرگاه: باید در بند متناظر کتابچه لنگر شود,۱۴۰۵,C,HP-06,تعیین بند متناظر و نوشتن مبنای عدد در همان بند,ثبت شد
M-14,ماده,چگالی ظاهری خاک — هدف,۱٫۲۵ (از ۱٫۵۵),تن بر مترمکعب,فرض طراحی — بند ۲.۱,۱۴۰۵,C,HP-06,تعیین مبنای عدد و بازبینی در فاز کالیبراسیون,ثبت شد
ES-23,خدمات اکوسیستمی,کاهش نیترات آبخوان — هدف,۶۰,درصد,فرض طراحی — بند ۱.۲,۱۴۰۵,C,HP-06,تعیین مبنای عدد و بازبینی در فاز کالیبراسیون,ثبت شد
SP-02,گونه,افزایش پوشش گیاهی مرتع — هدف,۲۵ → ۶۵ (افق ۲ سال),درصد,فرض طراحی — بی‌لنگرگاه: باید در بند متناظر کتابچه لنگر شود,۱۴۰۵,C,HP-06,تعیین بند متناظر و نوشتن مبنای عدد در همان بند,ثبت شد
TO-90,هدف فنی,تعداد لایه‌های پروفیل,۶ (مالچ، خاک سطحی، بیوچار، ماسه، خاک رس، بستر طبیعی),لایه,فرض طراحی — بی‌لنگرگاه: باید در بند متناظر کتابچه لنگر شود,۱۴۰۵,C,HP-06,تعیین بند متناظر و نوشتن مبنای عدد در همان بند,ثبت شد
TO-91,هدف فنی,ضخامت لایه‌های پروفیل (لایه ۱ تا ۵) — HP-06,۵–۱۰، ۲۰–۳۰، ۱۰–۱۵، ۱۵–۲۰، ۳۰–۵۰,سانتی‌متر,فرض طراحی — بی‌لنگرگاه: باید در بند متناظر کتابچه لنگر شود,۱۴۰۵,C,HP-06,تعیین بند متناظر و نوشتن مبنای عدد در همان بند,ثبت شد
TO-92,هدف فنی,عمق کل پروفیل (لایه ۱ تا ۶),۸۰–۱۲۵ (اجرا تا عمق ۱٫۵–۲ متر),سانتی‌متر,فرض طراحی — بی‌لنگرگاه: باید در بند متناظر کتابچه لنگر شود,۱۴۰۵,C,HP-06,تعیین بند متناظر و نوشتن مبنای عدد در همان بند,ثبت شد
TO-93,هدف فنی,عمق کل HP-06 بر حسب اقلیم (دیشموک، بهبهان، تالش، یاسوج),۲٫۰، ۱٫۸، ۱٫۵، ۱٫۸,متر,فرض طراحی — بی‌لنگرگاه: باید در بند متناظر کتابچه لنگر شود,۱۴۰۵,C,HP-06,تعیین بند متناظر و نوشتن مبنای عدد در همان بند,ثبت شد
TO-94,هدف فنی,درصد بیوچار در لایه بافر,۵,درصد وزنی,فرض طراحی — بی‌لنگرگاه: باید در بند متناظر کتابچه لنگر شود,۱۴۰۵,C,HP-06,تعیین بند متناظر و نوشتن مبنای عدد در همان بند,ثبت شد
M-15,ماده,درصد کمپوست در لایه خاک سطحی,۵–۱۵ (استاندارد ۱۰),درصد وزنی,فرض طراحی — بی‌لنگرگاه: باید در بند متناظر کتابچه لنگر شود,۱۴۰۵,C,HP-06,تعیین بند متناظر و نوشتن مبنای عدد در همان بند,ثبت شد
TO-95,هدف فنی,تخلخل هدف پس از تراکم,۰٫۳۰,بدون بعد,فرض طراحی — بند ۲.۱,۱۴۰۵,C,HP-06,تعیین مبنای عدد و بازبینی در فاز کالیبراسیون,ثبت شد
TO-96,هدف فنی,تعداد پاس غلتک در تراکم لایه رسی,۴–۶,پاس,فرض طراحی — بی‌لنگرگاه: باید در بند متناظر کتابچه لنگر شود,۱۴۰۵,C,HP-06,تعیین بند متناظر و نوشتن مبنای عدد در همان بند,ثبت شد
TO-97,هدف فنی,ضخامت هر پاس تراکم,۱۰,سانتی‌متر,فرض طراحی — بند ۱.۱,۱۴۰۵,C,HP-06,تعیین مبنای عدد و بازبینی در فاز کالیبراسیون,ثبت شد
SC-19,مقیاس,تعداد نمونه مرکب خاک پیش از اجرا,۱۰,نمونه در هر هکتار,فرض طراحی — بی‌لنگرگاه: باید در بند متناظر کتابچه لنگر شود,۱۴۰۵,C,HP-06,تعیین بند متناظر و نوشتن مبنای عدد در همان بند,ثبت شد
M-16,ماده,عمق نمونه‌برداری خاک,۰–۳۰، ۳۰–۶۰، ۶۰–۱۰۰، ۱۰۰–۱۵۰,سانتی‌متر,فرض طراحی — بند ۲.۱,۱۴۰۵,C,HP-06,تعیین مبنای عدد و بازبینی در فاز کالیبراسیون,ثبت شد
SC-20,مقیاس,حجم خاکبرداری در هر هکتار,۱۰۰–۱۵۰,مترمکعب,فرض طراحی — بند ۴.۱,۱۴۰۵,C,HP-06,تعیین مبنای عدد و بازبینی در فاز کالیبراسیون,ثبت شد
TO-98,هدف فنی,شیب دیواره حفاری,۱:۱ (خاک پایدار) تا ۱٫۵:۱ (خاک ناپایدار),بدون بعد,فرض طراحی — بند ۴.۱,۱۴۰۵,C,HP-06,تعیین مبنای عدد و بازبینی در فاز کالیبراسیون,ثبت شد
M-17,ماده,pH و EC هدف خاک سطحی,۶٫۵–۷٫۵ و کمتر از ۲,pH و dS/m,فرض طراحی — بند ۱.۲,۱۴۰۵,C,HP-06,تعیین مبنای عدد و بازبینی در فاز کالیبراسیون,ثبت شد
M-18,ماده,CEC هدف خاک سطحی,بیش از ۱۵,centimol بر کیلوگرم,فرض طراحی — بند ۱.۲,۱۴۰۵,C,HP-06,تعیین مبنای عدد و بازبینی در فاز کالیبراسیون,ثبت شد
SC-21,مقیاس,ظرفیت چرایی مرتع پس از احیا,۱ ← ۲٫۵,گوسفند در هکتار,فرض طراحی — بند ۱.۲,۱۴۰۵,C,HP-06,تعیین مبنای عدد و بازبینی در فاز کالیبراسیون,ثبت شد
TO-99,هدف فنی,S-index (Dexter) — طبقه‌بندی معیار,کمتر از ۰٫۰۲۰ ضعیف · ۰٫۰۲۰–۰٫۰۳۵ متوسط · ۰٫۰۳۵–۰٫۰۵۰ خوب · ۰٫۰۵۰ و بالاتر عالی,بدون بعد,فرض طراحی — بی‌لنگرگاه: باید در بند متناظر کتابچه لنگر شود,۱۴۰۵,C,HP-06,تعیین بند متناظر و نوشتن مبنای عدد در همان بند,ثبت شد
M-19,ماده,عمر مفید لایه‌های پروفیل (مالچ · خاک سطحی · بیوچار · ماسه · رس · بستر),۱ · ۲۰ · ۱۰ · ۵۰+ · ۵۰+ · دائمی,سال,فرض طراحی — بی‌لنگرگاه: باید در بند متناظر کتابچه لنگر شود,۱۴۰۵,C,HP-06,تعیین بند متناظر و نوشتن مبنای عدد در همان بند,ثبت شد
TO-100,هدف فنی,پایداری کل بسته,۵۰+,سال,فرض طراحی — بند ۱.۱,۱۴۰۵,C,HP-06,تعیین مبنای عدد و بازبینی در فاز کالیبراسیون,ثبت شد
FN-64,مالی,هزینه بسته آزمون خاک پیش از اجرا,۱۱۰,دلار در هر هکتار,فرض طراحی — بی‌لنگرگاه: باید در بند متناظر کتابچه لنگر شود,۱۴۰۵,C,HP-06,تعیین بند متناظر و نوشتن مبنای عدد در همان بند,ثبت شد
SC-22,مقیاس,زمان اجرا در هر هکتار — HP-06,۹٫۵,روز کاری (تیم ۶ نفره),فرض طراحی — بی‌لنگرگاه: باید در بند متناظر کتابچه لنگر شود,۱۴۰۵,C,HP-06,تعیین بند متناظر و نوشتن مبنای عدد در همان بند,ثبت شد
M-20,ماده,تعداد لایه‌های مالچ,۵ (مجموع ضخامت ۳–۱۰),لایه,فرض طراحی — بی‌لنگرگاه: باید در بند متناظر کتابچه لنگر شود,۱۴۰۵,C,HP-07,تعیین بند متناظر و نوشتن مبنای عدد در همان بند,ثبت شد
M-21,ماده,گروه‌های ماده اولیه,۶ (بقایای زراعی، برگ درختان، کود حیوانی، کمپوست، بیوچار، کود سبز),گروه,فرض طراحی — بی‌لنگرگاه: باید در بند متناظر کتابچه لنگر شود,۱۴۰۵,C,HP-07,تعیین بند متناظر و نوشتن مبنای عدد در همان بند,ثبت شد
M-22,ماده,تعداد کاربرد سالانه مالچ,۴ (بهار، تابستان، پاییز، زمستان),کاربرد در سال,فرض طراحی — بی‌لنگرگاه: باید در بند متناظر کتابچه لنگر شود,۱۴۰۵,C,HP-07,تعیین بند متناظر و نوشتن مبنای عدد در همان بند,ثبت شد
M-23,ماده,ضخامت مالچ در اقلیم مرطوب (تالش),۳–۵,سانتی‌متر,فرض طراحی — بند ۱.۱,۱۴۰۵,C,HP-07,تعیین مبنای عدد و بازبینی در فاز کالیبراسیون,ثبت شد
M-24,ماده,زمان تجزیه مالچ,۳–۶,ماه,فرض طراحی — بند ۱.۲,۱۴۰۵,C,HP-07,تعیین مبنای عدد و بازبینی در فاز کالیبراسیون,ثبت شد
TO-101,هدف فنی,آستانه نیاز به تثبیت مالج در باد شدید,۴۰,کیلومتر بر ساعت,فرض طراحی — بند ۳.۳.۴,۱۴۰۵,C,HP-07,تعیین مبنای عدد و بازبینی در فاز کالیبراسیون,ثبت شد
M-25,ماده,آستانه EC خاک برای ترکیب ویژه,بیش از ۸,dS/m,فرض طراحی — بند ۳.۳.۴,۱۴۰۵,C,HP-07,تعیین مبنای عدد و بازبینی در فاز کالیبراسیون,ثبت شد
M-26,ماده,آستانه رس خاک شنی برای افزایش بیوچار,کمتر از ۵,درصد,فرض طراحی — بند ۳.۳.۴,۱۴۰۵,C,HP-07,تعیین مبنای عدد و بازبینی در فاز کالیبراسیون,ثبت شد
M-27,ماده,درصد بیوچار مورد نیاز در خاک شنی یا شور,۱۵,درصد وزنی,فرض طراحی — بی‌لنگرگاه: باید در بند متناظر کتابچه لنگر شود,۱۴۰۵,C,HP-07,تعیین بند متناظر و نوشتن مبنای عدد در همان بند,ثبت شد
TO-102,هدف فنی,مدت زمان کار نگهداری سالانه,۴٫۲۵,روز در سال,فرض طراحی — بی‌لنگرگاه: باید در بند متناظر کتابچه لنگر شود,۱۴۰۵,C,HP-07,تعیین بند متناظر و نوشتن مبنای عدد در همان بند,ثبت شد
TO-103,هدف فنی,زمان تولید کمپوست مزرعه‌ای,۶۰–۹۰,روز,فرض طراحی — بی‌لنگرگاه: باید در بند متناظر کتابچه لنگر شود,۱۴۰۵,C,HP-07,تعیین بند متناظر و نوشتن مبنای عدد در همان بند,ثبت شد
TO-104,هدف فنی,تنوع زیستی — هدف,افزایش ۳۰,درصد,فرض طراحی — بی‌لنگرگاه: باید در بند متناظر کتابچه لنگر شود,۱۴۰۵,C,HP-07,تعیین بند متناظر و نوشتن مبنای عدد در همان بند,ثبت شد
M-28,ماده,کاهش آلودگی آب و خاک — هدف,۶۰,درصد,فرض طراحی — بند ۱.۳,۱۴۰۵,C,HP-07,تعیین مبنای عدد و بازبینی در فاز کالیبراسیون,ثبت شد
GV-10,حکمرانی,سهم آب ذخیره‌شده که بدون HP-07 از دست می‌رود,۳۰,درصد,فرض طراحی — بند ۱.۱,۱۴۰۵,C,HP-07,تعیین مبنای عدد و بازبینی در فاز کالیبراسیون,ثبت شد
TO-105,هدف فنی,پایداری بسته,۵۰+,سال,فرض طراحی — بند ۱.۳,۱۴۰۵,C,HP-07,تعیین مبنای عدد و بازبینی در فاز کالیبراسیون,ثبت شد
FN-65,مالی,هزینه سرمایه‌ای (CAPEX) — کرانه پایین — HP-07,۱۰۰,دلار در هکتار,فرض طراحی — بند ۱.۱,۱۴۰۵,C,HP-07,تعیین مبنای عدد و بازبینی در فاز کالیبراسیون,ثبت شد
FN-66,مالی,هزینه سرمایه‌ای (CAPEX) — کرانه بالا — HP-07,۲۰۰,دلار در هکتار,فرض طراحی — بند ۱.۱,۱۴۰۵,C,HP-07,تعیین مبنای عدد و بازبینی در فاز کالیبراسیون,ثبت شد
FN-67,مالی,هزینه سرمایه‌ای (CAPEX) — میانگین — HP-07,۱۵۰,دلار در هکتار,فرض طراحی — بند ۱.۱,۱۴۰۵,C,HP-07,تعیین مبنای عدد و بازبینی در فاز کالیبراسیون,ثبت شد
FN-68,مالی,هزینه عملیاتی (OPEX) سالانه — HP-07,۲۰,دلار در هکتار در سال,فرض طراحی — بند ۱.۱,۱۴۰۵,C,HP-07,تعیین مبنای عدد و بازبینی در فاز کالیبراسیون,ثبت شد
M-29,ماده,نوسان دمای خاک — هدف,۱۲ → ۶,درجه سانتی‌گراد,فرض طراحی — بند ۳.۷,۱۴۰۵,C,HP-07,تعیین مبنای عدد و بازبینی در فاز کالیبراسیون,ثبت شد
M-30,ماده,رطوبت خاک — هدف,۱۵ → ۱۸,درصد حجمی,فرض طراحی — بند ۱.۱,۱۴۰۵,C,HP-07,تعیین مبنای عدد و بازبینی در فاز کالیبراسیون,ثبت شد
TO-106,هدف فنی,فعالیت میکروبی — هدف,۲۰ → ۵۵,میلی‌گرم CO₂ بر کیلوگرم در ۲۴ ساعت,فرض طراحی — بند ۱.۱,۱۴۰۵,C,HP-07,تعیین مبنای عدد و بازبینی در فاز کالیبراسیون,ثبت شد
SP-03,گونه,پوشش گیاهی مرتع — هدف,۲۵ → ۵۵ (افق ۲ سال),درصد,فرض طراحی — بند ۳.۷,۱۴۰۵,C,HP-07,تعیین مبنای عدد و بازبینی در فاز کالیبراسیون,ثبت شد
TO-107,هدف فنی,ضریب کاهش تبخیر (α),۰٫۰۶,بر سانتی‌متر ضخامت,فرض طراحی — بی‌لنگرگاه: باید در بند متناظر کتابچه لنگر شود,۱۴۰۵,C,HP-07,تعیین بند متناظر و نوشتن مبنای عدد در همان بند,ثبت شد
TO-108,هدف فنی,ضریب کاهش دما (β),۰٫۰۸,بر سانتی‌متر ضخامت,فرض طراحی — بند ۱.۲,۱۴۰۵,C,HP-07,تعیین مبنای عدد و بازبینی در فاز کالیبراسیون,ثبت شد
SC-23,مقیاس,تثبیت نیتروژن (ماش، شبدر، یونجه),۲۰۰–۴۰۰,کیلوگرم N در هکتار در سال,فرض طراحی — بند ۲.۱,۱۴۰۵,C,HP-07,تعیین مبنای عدد و بازبینی در فاز کالیبراسیون,ثبت شد
SC-24,مقیاس,زمان اجرا در هر هکتار — HP-07,۲–۳,روز کاری (تیم ۴ نفر),فرض طراحی — بی‌لنگرگاه: باید در بند متناظر کتابچه لنگر شود,۱۴۰۵,C,HP-07,تعیین بند متناظر و نوشتن مبنای عدد در همان بند,ثبت شد
FN-69,مالی,هزینه سرمایه‌ای (CAPEX) — HP-08,۹۵۰ (دامنه ۴۰۰ تا ۱٬۵۰۰),دلار در هکتار,فرض طراحی — بند ۱.۱,۱۴۰۵,C,HP-08,تعیین مبنای عدد و بازبینی در فاز کالیبراسیون,ثبت شد
FN-70,مالی,هزینه عملیاتی (OPEX) — HP-08,۱۲۰,دلار در هکتار در سال,فرض طراحی — بند ۱.۱,۱۴۰۵,C,HP-08,تعیین مبنای عدد و بازبینی در فاز کالیبراسیون,ثبت شد
SP-04,گونه,تعداد لایه گیاهی,۵,لایه,فرض طراحی — بند ۱.۱,۱۴۰۵,A,HP-08,تعیین مبنای عدد و بازبینی در فاز کالیبراسیون,ثبت شد
SC-25,مقیاس,تعداد گونه در هکتار,۲۵ به بالا,گونه,فرض طراحی — بند ۱.۱,۱۴۰۵,C,HP-08,تعیین مبنای عدد و بازبینی در فاز کالیبراسیون,ثبت شد
TO-109,هدف فنی,تعداد عمق ریشه متمایز,۴,عمق,فرض طراحی — بند ۱.۳,۱۴۰۵,C,HP-08,تعیین مبنای عدد و بازبینی در فاز کالیبراسیون,ثبت شد
TO-110,هدف فنی,بهره‌وری آب (WUE),۱٫۵ (پایه ۰٫۸),کیلوگرم بر مترمکعب,فرض طراحی — بند ۹.۲,۱۴۰۵,C,HP-08,تعیین مبنای عدد و بازبینی در فاز کالیبراسیون,ثبت شد
SC-26,مقیاس,عملکرد کل,۵٬۰۰۰ (پایه ۳٬۰۰۰),کیلوگرم در هکتار,فرض طراحی — بند ۳.۶.۲,۱۴۰۵,C,HP-08,تعیین مبنای عدد و بازبینی در فاز کالیبراسیون,ثبت شد
TO-111,هدف فنی,افزایش عملکرد — HP-08,۶۷,درصد,فرض طراحی — بند ۹.۲,۱۴۰۵,C,HP-08,تعیین مبنای عدد و بازبینی در فاز کالیبراسیون,ثبت شد
FN-71,مالی,درآمد سالانه کشاورز,۲٬۵۰۰ (پایه ۶۰۰),دلار در هکتار در سال,فرض طراحی — بند ۱.۳,۱۴۰۵,C,HP-08,تعیین مبنای عدد و بازبینی در فاز کالیبراسیون,ثبت شد
TO-112,هدف فنی,شاخص تنوع شانون — HP-08,۰.۵ به ۱٫۶۸ تا ۲٫۱۹,بیت,فرض طراحی — بند ۳.۶.۲,۱۴۰۵,C,HP-08,تعیین مبنای عدد و بازبینی در فاز کالیبراسیون,ثبت شد
SC-27,مقیاس,ترسیب کربن — HP-08,۴.۲ به ۲۰.۲,تن CO₂e در هکتار در ۱۰ سال,فرض طراحی — بند ۳.۶.۲,۱۴۰۵,C,HP-08,تعیین مبنای عدد و بازبینی در فاز کالیبراسیون,ثبت شد
TO-113,هدف فنی,تاب‌آوری در برابر خشکسالی,۱ به ۳,برابر,فرض طراحی — بند ۱.۱,۱۴۰۵,C,HP-08,تعیین مبنای عدد و بازبینی در فاز کالیبراسیون,ثبت شد
FN-72,مالی,هزینه جایگزینی نهال تلف,۶۰,دلار در هکتار (دوساله),فرض طراحی — بند ۳.۶.۲,۱۴۰۵,C,HP-08,تعیین مبنای عدد و بازبینی در فاز کالیبراسیون,ثبت شد
FN-73,مالی,هزینه سرمایه‌ای (CAPEX) — HP-09,۱۲۰,دلار در هکتار,فرض طراحی — بی‌لنگرگاه: باید در بند متناظر کتابچه لنگر شود,۱۴۰۵,C,HP-09,تعیین بند متناظر و نوشتن مبنای عدد در همان بند,ثبت شد
FN-74,مالی,هزینه عملیاتی (OPEX) — HP-09,۴۰,دلار در هکتار در سال,فرض طراحی — بند ۱.۱,۱۴۰۵,C,HP-09,تعیین مبنای عدد و بازبینی در فاز کالیبراسیون,ثبت شد
FN-75,مالی,نسبت هزینه-فایده (B/C) — HP-09,۶٫۸,نسبت,فرض طراحی — بی‌لنگرگاه: باید در بند متناظر کتابچه لنگر شود,۱۴۰۵,C,HP-09,تعیین بند متناظر و نوشتن مبنای عدد در همان بند,ثبت شد
TO-114,هدف فنی,نرخ بازده داخلی (IRR) — HP-09,۳۱۲,درصد,تصمیم طراحی — بی‌لنگرگاه: باید در بند متناظر کتابچه لنگر شود,۱۴۰۵,C,HP-09,تعیین بند متناظر و نوشتن مبنای عدد در همان بند,ثبت شد
ST-18,استاندارد,تعداد جفت آزمون سازگاری در ماتریس ۱۲×۱۲,۶۶ (= ۱۲ × ۱۱ ÷ ۲),جفت,محاسبهٔ فرض طراحی — بی‌لنگرگاه: باید در بند متناظر کتابچه لنگر شود,۱۴۰۵,A,HP-09,تعیین بند متناظر و نوشتن مبنای عدد در همان بند,ثبت شد
TO-115,هدف فنی,بازمحاسبهٔ B/C پنج‌ساله از جدول‌های ۹.۱ و ۹.۲ — HP-09,(۵۵۰ + ۴×۷۵۰) ÷ (۲۴۲ + ۴×۷۲) = ۳٬۵۵۰ ÷ ۵۳۰ = ۶٫۷۰,نسبت,محاسبهٔ فرض طراحی — بند ۱.۱,۱۴۰۵,A,HP-09,تکرار محاسبه در فاز کالیبراسیون,ثبت شد
TO-116,هدف فنی,تعداد سویه,۱۲,سویه در ۳ گروه عملکردی,فرض طراحی — بند ۱.۱,۱۴۰۵,C,HP-09,تعیین مبنای عدد و بازبینی در فاز کالیبراسیون,ثبت شد
TO-117,هدف فنی,تعداد گروه عملکردی,۳,گروه,فرض طراحی — بی‌لنگرگاه: باید در بند متناظر کتابچه لنگر شود,۱۴۰۵,A,HP-09,تعیین بند متناظر و نوشتن مبنای عدد در همان بند,ثبت شد
M-31,ماده,تعداد ماده حامل بررسی‌شده,۶,ماده,فرض طراحی — بند ۱.۱,۱۴۰۵,C,HP-09,تعیین مبنای عدد و بازبینی در فاز کالیبراسیون,ثبت شد
SC-28,مقیاس,تثبیت نیتروژن,۸۰-۲۲۰,کیلوگرم N در هکتار در سال,فرض طراحی — بی‌لنگرگاه: باید در بند متناظر کتابچه لنگر شود,۱۴۰۵,C,HP-09,تعیین بند متناظر و نوشتن مبنای عدد در همان بند,ثبت شد
SC-29,مقیاس,انحلال فسفر,۳۰-۸۰,کیلوگرم P در هکتار در سال,فرض طراحی — بی‌لنگرگاه: باید در بند متناظر کتابچه لنگر شود,۱۴۰۵,C,HP-09,تعیین بند متناظر و نوشتن مبنای عدد در همان بند,ثبت شد
TO-118,هدف فنی,افزایش عملکرد — HP-09,۲۵-۴۰,درصد,فرض طراحی — بی‌لنگرگاه: باید در بند متناظر کتابچه لنگر شود,۱۴۰۵,C,HP-09,تعیین بند متناظر و نوشتن مبنای عدد در همان بند,ثبت شد
TO-119,هدف فنی,کنترل بیماری,۶۰-۸۰,درصد کاهش,فرض طراحی — بی‌لنگرگاه: باید در بند متناظر کتابچه لنگر شود,۱۴۰۵,C,HP-09,تعیین بند متناظر و نوشتن مبنای عدد در همان بند,ثبت شد
SC-30,مقیاس,کاهش انتشار گازهای گلخانه‌ای,۸۶ (۷۳۰ کیلوگرم CO₂e),درصد (کیلوگرم CO₂e در هکتار),فرض طراحی — بند ۶.۱,۱۴۰۵,C,HP-09,تعیین مبنای عدد و بازبینی در فاز کالیبراسیون,ثبت شد
SC-31,مقیاس,صرفه‌جویی آب آبیاری — HP-09,۱٬۴۰۰,مترمکعب در هکتار در سال,فرض طراحی — بند ۴.۲,۱۴۰۵,C,HP-09,تعیین مبنای عدد و بازبینی در فاز کالیبراسیون,ثبت شد
SC-32,مقیاس,ترسیب کربن — HP-09,۱٫۵,تن کربن در هکتار در سال,فرض طراحی — بند ۱.۲,۱۴۰۵,C,HP-09,تعیین مبنای عدد و بازبینی در فاز کالیبراسیون,ثبت شد
SC-33,مقیاس,ترسیب کربن معادل CO₂e,۵٫۵,تن CO₂e در هکتار,فرض طراحی — بند ۱.۲,۱۴۰۵,C,HP-09,تعیین مبنای عدد و بازبینی در فاز کالیبراسیون,ثبت شد
M-32,ماده,شاخص تنوع شانون خاک,۲٫۵ به ۳٫۲,بیت,فرض طراحی — بند ۶.۱,۱۴۰۵,C,HP-09,تعیین مبنای عدد و بازبینی در فاز کالیبراسیون,ثبت شد
FN-76,مالی,هزینه جایگزینی سویه — HP-09,۵۰,دلار در هکتار,فرض طراحی — بی‌لنگرگاه: باید در بند متناظر کتابچه لنگر شود,۱۴۰۵,C,HP-09,تعیین بند متناظر و نوشتن مبنای عدد در همان بند,ثبت شد
FN-77,مالی,هزینه سرمایه‌ای (CAPEX) — HP-10,۲۵۰,دلار در هکتار,فرض طراحی — بی‌لنگرگاه: باید در بند متناظر کتابچه لنگر شود,۱۴۰۵,C,HP-10,تعیین بند متناظر و نوشتن مبنای عدد در همان بند,ثبت شد
FN-78,مالی,هزینه عملیاتی (OPEX) — HP-10,۸۰,دلار در هکتار در سال,فرض طراحی — بند ۱.۱,۱۴۰۵,C,HP-10,تعیین مبنای عدد و بازبینی در فاز کالیبراسیون,ثبت شد
FN-79,مالی,نسبت هزینه-فایده (B/C) — HP-10,۵٫۲ — برچسب بسته‌ای، تک‌هکتاری، افق ۵ ساله، بدون خدمات اکوسیستمی — عدد سرصفحهٔ محافظت‌شده؛ بازمحاسبهٔ همین کتابچه ۶٫۳,نسبت,محاسبهٔ فرض طراحی — بی‌لنگرگاه: باید در بند متناظر کتابچه لنگر شود,۱۴۰۵,C,HP-10,تعیین بند متناظر و نوشتن مبنای عدد در همان بند,ثبت شد
TO-120,هدف فنی,نرخ بازده داخلی (IRR) — HP-10,۱۸۷,درصد,تصمیم طراحی — بی‌لنگرگاه: باید در بند متناظر کتابچه لنگر شود,۱۴۰۵,C,HP-10,تعیین بند متناظر و نوشتن مبنای عدد در همان بند,ثبت شد
TO-121,هدف فنی,تعداد لایه‌های کنترل,۶,لایه,فرض طراحی — بند ۱.۱,۱۴۰۵,A,HP-10,تعیین مبنای عدد و بازبینی در فاز کالیبراسیون,ثبت شد
TO-122,هدف فنی,تعداد عوامل بیولوژیک,۱۸,عامل (۶+۶+۶),فرض طراحی — بی‌لنگرگاه: باید در بند متناظر کتابچه لنگر شود,۱۴۰۵,C,HP-10,تعیین بند متناظر و نوشتن مبنای عدد در همان بند,ثبت شد
SP-05,گونه,تعداد گیاهان حشره‌کش بومی,۸,گونه,فرض طراحی — بی‌لنگرگاه: باید در بند متناظر کتابچه لنگر شود,۱۴۰۵,C,HP-10,تعیین بند متناظر و نوشتن مبنای عدد در همان بند,ثبت شد
SC-34,مقیاس,کاهش مصرف آفت‌کش شیمیایی,۹۱ (از ۳٫۵ به ۰٫۳),درصد (کیلوگرم ماده فعال در هکتار),فرض طراحی — بی‌لنگرگاه: باید در بند متناظر کتابچه لنگر شود,۱۴۰۵,C,HP-10,تعیین بند متناظر و نوشتن مبنای عدد در همان بند,ثبت شد
TO-123,هدف فنی,حفظ حشرات مفید,۲۸,برابر,فرض طراحی — بی‌لنگرگاه: باید در بند متناظر کتابچه لنگر شود,۱۴۰۵,C,HP-10,تعیین بند متناظر و نوشتن مبنای عدد در همان بند,ثبت شد
TO-124,هدف فنی,کاهش خسارت محصول,۶۰-۷۰,درصد,فرض طراحی — بی‌لنگرگاه: باید در بند متناظر کتابچه لنگر شود,۱۴۰۵,C,HP-10,تعیین بند متناظر و نوشتن مبنای عدد در همان بند,ثبت شد
TO-125,هدف فنی,افزایش عملکرد — HP-10,۲۲,درصد,فرض طراحی — بی‌لنگرگاه: باید در بند متناظر کتابچه لنگر شود,۱۴۰۵,C,HP-10,تعیین بند متناظر و نوشتن مبنای عدد در همان بند,ثبت شد
TO-126,هدف فنی,شاخص تنوع شانون — HP-10,۲٫۰ به ۳٫۵,بیت,فرض طراحی — بند ۶.۱,۱۴۰۵,C,HP-10,تعیین مبنای عدد و بازبینی در فاز کالیبراسیون,ثبت شد
M-33,ماده,بهبود سلامت خاک,+۲۵,درصد فعالیت میکروبی,فرض طراحی — بند ۱.۱,۱۴۰۵,C,HP-10,تعیین مبنای عدد و بازبینی در فاز کالیبراسیون,ثبت شد
SC-35,مقیاس,صرفه‌جویی آب آبیاری — HP-10,۱٬۲۰۰,مترمکعب در هکتار در سال,فرض طراحی — بند ۹.۲,۱۴۰۵,C,HP-10,تعیین مبنای عدد و بازبینی در فاز کالیبراسیون,ثبت شد
SP-06,گونه,LD₅₀ حشره‌کش‌های گیاهی,بیش از ۱۰۰۰,میلی‌گرم بر کیلوگرم,فرض طراحی — بی‌لنگرگاه: باید در بند متناظر کتابچه لنگر شود,۱۴۰۵,C,HP-10,تعیین بند متناظر و نوشتن مبنای عدد در همان بند,ثبت شد
TO-127,هدف فنی,بازمحاسبهٔ B/C پنج‌ساله از جدول‌های ۹.۱ و ۹.۲ — HP-10,(۶۸۰ + ۴×۸۵۰) ÷ (۳۳۰ + ۴×۸۰) = ۴٬۰۸۰ ÷ ۶۵۰ = ۶٫۲۸,نسبت,محاسبهٔ فرض طراحی — بند ۱.۱,۱۴۰۵,A,HP-10,تکرار محاسبه در فاز کالیبراسیون,ثبت شد
FN-80,مالی,هزینه جایگزینی سویه — HP-10,۵۰,دلار در هکتار,فرض طراحی — بند ۲.۴,۱۴۰۵,C,HP-10,تعیین مبنای عدد و بازبینی در فاز کالیبراسیون,ثبت شد
FN-81,مالی,هزینه سرمایه‌ای (CAPEX) — سرصفحه,۸۰۰,دلار در هکتار,فرض طراحی — بی‌لنگرگاه: باید در بند متناظر کتابچه لنگر شود,۱۴۰۵,C,HP-11,تعیین بند متناظر و نوشتن مبنای عدد در همان بند,ثبت شد
SC-36,مقیاس,مغایرت حل‌نشده — تعداد نهال با فاصلهٔ ۲ × ۱.۵ متر,۳٬۳۳۳ در برابر ۲٬۵۰۰ (اختلاف ۸۳۳ نهال در هکتار),نهال در هکتار,محاسبهٔ فرض طراحی — بند ۹.۱,۱۴۰۵,C,HP-11,تکرار محاسبه در فاز کالیبراسیون,ثبت شد
TO-128,هدف فنی,کاهش سرعت باد,۶۰-۹۰,درصد,فرض طراحی — بی‌لنگرگاه: باید در بند متناظر کتابچه لنگر شود,۱۴۰۵,C,HP-11,تعیین بند متناظر و نوشتن مبنای عدد در همان بند,ثبت شد
TO-129,هدف فنی,کاهش سرعت باد,۶۰-۹۰ هدف طراحی · ۳۳ خروجی فرمول در ۵H,درصد,فرض طراحی — بی‌لنگرگاه: باید در بند متناظر کتابچه لنگر شود,۱۴۰۵,C,HP-11,تعیین بند متناظر و نوشتن مبنای عدد در همان بند,ثبت شد
TO-130,هدف فنی,افزایش عملکرد محصول,۲۰-۳۰,درصد,فرض طراحی — بی‌لنگرگاه: باید در بند متناظر کتابچه لنگر شود,۱۴۰۵,C,HP-11,تعیین بند متناظر و نوشتن مبنای عدد در همان بند,ثبت شد
SC-37,مقیاس,صرفه‌جویی آب آبیاری — HP-11,۲۲۵,مترمکعب در هکتار در سال,فرض طراحی — بی‌لنگرگاه: باید در بند متناظر کتابچه لنگر شود,۱۴۰۵,C,HP-11,تعیین بند متناظر و نوشتن مبنای عدد در همان بند,ثبت شد
SC-38,مقیاس,ترسیب کربن — HP-11,۲,تن کربن در هکتار در سال,فرض طراحی — بی‌لنگرگاه: باید در بند متناظر کتابچه لنگر شود,۱۴۰۵,C,HP-11,تعیین بند متناظر و نوشتن مبنای عدد در همان بند,ثبت شد
TO-131,هدف فنی,کاهش روزهای طوفان گرد و غبار,۶۰,درصد,فرض طراحی — بند ۱.۲,۱۴۰۵,C,HP-11,تعیین مبنای عدد و بازبینی در فاز کالیبراسیون,ثبت شد
TO-132,هدف فنی,شاخص تنوع شانون (حشرات),۱٫۶ به ۲٫۹,بیت,فرض طراحی — بند ۹.۱,۱۴۰۵,C,HP-11,تعیین مبنای عدد و بازبینی در فاز کالیبراسیون,ثبت شد
TO-133,هدف فنی,تخلخل بهینه نظری,۰٫۶۳۲,بی‌بعد,فرض طراحی — بی‌لنگرگاه: باید در بند متناظر کتابچه لنگر شود,۱۴۰۵,A,HP-11,تعیین بند متناظر و نوشتن مبنای عدد در همان بند,ثبت شد
FN-82,مالی,هزینه سرمایه‌ای حالت کامل شش زیرسازه,۱٬۱۳۱,دلار در هکتار سطح تیمارشده,فرض طراحی — بی‌لنگرگاه: باید در بند متناظر کتابچه لنگر شود,۱۴۰۵,C,HP-13,تعیین بند متناظر و نوشتن مبنای عدد در همان بند,ثبت شد
FN-83,مالی,بهای زیرسازهٔ `1a`,۱۸۰,دلار,فرض طراحی — بی‌لنگرگاه: باید در بند متناظر کتابچه لنگر شود,۱۴۰۵,C,HP-13,تعیین بند متناظر و نوشتن مبنای عدد در همان بند,ثبت شد
FN-84,مالی,بهای زیرسازهٔ `1b`,۳۶۰,دلار,فرض طراحی — بی‌لنگرگاه: باید در بند متناظر کتابچه لنگر شود,۱۴۰۵,C,HP-13,تعیین بند متناظر و نوشتن مبنای عدد در همان بند,ثبت شد
FN-85,مالی,بهای زیرسازهٔ `1c`,۱۰۵,دلار,فرض طراحی — بی‌لنگرگاه: باید در بند متناظر کتابچه لنگر شود,۱۴۰۵,C,HP-13,تعیین بند متناظر و نوشتن مبنای عدد در همان بند,ثبت شد
FN-86,مالی,بهای زیرسازهٔ `1d`,۲۴۰,دلار,فرض طراحی — بی‌لنگرگاه: باید در بند متناظر کتابچه لنگر شود,۱۴۰۵,C,HP-13,تعیین بند متناظر و نوشتن مبنای عدد در همان بند,ثبت شد
FN-87,مالی,بهای زیرسازهٔ `1e`,۹۶,دلار,فرض طراحی — بی‌لنگرگاه: باید در بند متناظر کتابچه لنگر شود,۱۴۰۵,C,HP-13,تعیین بند متناظر و نوشتن مبنای عدد در همان بند,ثبت شد
FN-88,مالی,بهای زیرسازهٔ `1f`,۱۵۰,دلار,فرض طراحی — بی‌لنگرگاه: باید در بند متناظر کتابچه لنگر شود,۱۴۰۵,C,HP-13,تعیین بند متناظر و نوشتن مبنای عدد در همان بند,ثبت شد
FN-89,مالی,بهای دو زیرسازهٔ ضدگودی,۳۳۶,دلار,فرض طراحی — بی‌لنگرگاه: باید در بند متناظر کتابچه لنگر شود,۱۴۰۵,C,HP-13,تعیین بند متناظر و نوشتن مبنای عدد در همان بند,ثبت شد
FN-90,مالی,حالت چهار زیرسازه از تفریق مستقیم,۷۹۵,دلار,فرض طراحی — بی‌لنگرگاه: باید در بند متناظر کتابچه لنگر شود,۱۴۰۵,C,HP-13,تعیین بند متناظر و نوشتن مبنای عدد در همان بند,ثبت شد
FN-91,مالی,هزینه عملیاتی سال ۱,۱۸,دلار در هکتار سطح تیمارشده در سال,فرض طراحی — بند ۱٫۱,۱۴۰۵,C,HP-13,تعیین مبنای عدد و بازبینی در فاز کالیبراسیون,ثبت شد
FN-92,مالی,هزینه عملیاتی سال ۲,۱۲,دلار در هکتار سطح تیمارشده در سال,فرض طراحی — بند ۱٫۱,۱۴۰۵,C,HP-13,تعیین مبنای عدد و بازبینی در فاز کالیبراسیون,ثبت شد
FN-93,مالی,هزینه عملیاتی سال ۲ تا ۵,۱۰,دلار در هکتار سطح تیمارشده در سال,فرض طراحی — بند ۱٫۱,۱۴۰۵,C,HP-13,تعیین مبنای عدد و بازبینی در فاز کالیبراسیون,ثبت شد
FN-94,مالی,هزینه عملیاتی سال ۵ به بعد,۵,دلار در هکتار سطح تیمارشده در سال,فرض طراحی — بند ۱٫۱,۱۴۰۵,C,HP-13,تعیین مبنای عدد و بازبینی در فاز کالیبراسیون,ثبت شد
FN-95,مالی,هزینه سرمایه‌ای — کرانهٔ پایین,۵۵۰,دلار در هکتار,فرض طراحی — بند ۱.۱,۱۴۰۵,C,HP-15,تعیین مبنای عدد و بازبینی در فاز کالیبراسیون,ثبت شد
FN-96,مالی,هزینه سرمایه‌ای — کرانهٔ بالا,۸۴۰,دلار در هکتار,فرض طراحی — بند ۱.۱,۱۴۰۵,C,HP-15,تعیین مبنای عدد و بازبینی در فاز کالیبراسیون,ثبت شد
SC-39,مقیاس,زمان اجرا در هر واحد,۱۲,روز کاری بر هکتار,فرض طراحی — بی‌لنگرگاه: باید در بند متناظر کتابچه لنگر شود,۱۴۰۵,C,HP-15,تعیین بند متناظر و نوشتن مبنای عدد در همان بند,ثبت شد
SC-40,مقیاس,زمان نگهداری سالانه — HP-15,۰٫۴۳,روز کاری بر هکتار در سال,فرض طراحی — بی‌لنگرگاه: باید در بند متناظر کتابچه لنگر شود,۱۴۰۵,C,HP-15,تعیین بند متناظر و نوشتن مبنای عدد در همان بند,ثبت شد
SC-41,مقیاس,هدف کمی کاهش بار ورودی نمک,۱۹٫۷,تن نمک بر هکتار در سال,فرض طراحی — بند ۱.۱,۱۴۰۵,C,HP-15,تعیین مبنای عدد و بازبینی در فاز کالیبراسیون,ثبت شد
SC-42,مقیاس,ورودی نمک به واحد — کران پایین,۱۰,تن بر هکتار در سال,فرض طراحی — بند ۱.۱,۱۴۰۵,C,HP-15,تعیین مبنای عدد و بازبینی در فاز کالیبراسیون,ثبت شد
SC-43,مقیاس,ورودی نمک به واحد — کران بالا,۳۰,تن بر هکتار در سال,فرض طراحی — بند ۱.۱,۱۴۰۵,C,HP-15,تعیین مبنای عدد و بازبینی در فاز کالیبراسیون,ثبت شد
SC-44,مقیاس,خروجی زه‌آب,۱۸,تن بر هکتار در سال,فرض طراحی — بی‌لنگرگاه: باید در بند متناظر کتابچه لنگر شود,۱۴۰۵,C,HP-15,تعیین بند متناظر و نوشتن مبنای عدد در همان بند,ثبت شد
SC-45,مقیاس,نسبت هم‌مقیاس بازده برداشت,۱٫۷۴ تا ۲٫۱۲,نسبت,فرض طراحی — بی‌لنگرگاه: باید در بند متناظر کتابچه لنگر شود,۱۴۰۵,C,HP-15,تعیین بند متناظر و نوشتن مبنای عدد در همان بند,ثبت شد
TO-134,هدف فنی,کران حداکثری نسبت برداشت,۳٫۴۶,نسبت,فرض طراحی — بند ۱,۱۴۰۵,C,HP-15,تعیین مبنای عدد و بازبینی در فاز کالیبراسیون,ثبت شد
SC-46,مقیاس,حذف سدیم توسط هالوفیت,۳٫۰ تا ۳٫۸,تن سدیم بر هکتار,فرض طراحی — بند ۶.۴,۱۴۰۵,C,HP-15,تعیین مبنای عدد و بازبینی در فاز کالیبراسیون,ثبت شد
SC-47,مقیاس,ظرفیت استخراج نمک توسط هالوفیت,۳٫۷۵ تا ۳٫۹۱,تن بر هکتار در سال,فرض طراحی — بند ۱.۱,۱۴۰۵,C,HP-15,تعیین مبنای عدد و بازبینی در فاز کالیبراسیون,ثبت شد
TO-135,هدف فنی,کارایی حجمی تزریق,حدود ۱۹,درصد,فرض طراحی — بند ۶.۴,۱۴۰۵,B,HP-15,تعیین مبنای عدد و بازبینی در فاز کالیبراسیون,ثبت شد
GV-11,حکمرانی,سهم خارج‌شده جانبی,۸۱,درصد,فرض طراحی — بند ۳.۷,۱۴۰۵,C,HP-15,تعیین مبنای عدد و بازبینی در فاز کالیبراسیون,ثبت شد
TO-136,هدف فنی,کارایی ظاهری زیرسطحی همان سایت,حدود ۸۸,درصد,فرض طراحی — بند ۱.۱,۱۴۰۵,C,HP-15,تعیین مبنای عدد و بازبینی در فاز کالیبراسیون,ثبت شد
FN-97,مالی,نرخ روز کاری کارگر عادی,۲۰,دلار بر روز,تصمیم طراحی — بند ۴.۱۲,۱۴۰۵,C,HP-15,تثبیت مبنای تصمیم و بازبینی در فاز کالیبراسیون,ثبت شد
FN-98,مالی,نسبت نرخ هدف طراحی به بنچمارک هزینهٔ کامل,۱۳٫۳,برابر,تصمیم طراحی — بند ۵.۲,۱۴۰۵,C,HP-15,تثبیت مبنای تصمیم و بازبینی در فاز کالیبراسیون,ثبت شد
SC-48,مقیاس,نرخ کمپوست مزرعه‌ای,حدود ۳,تن بر هکتار,تصمیم طراحی — بند ۶.۴,۱۴۰۵,C,HP-15,تثبیت مبنای تصمیم و بازبینی در فاز کالیبراسیون,ثبت شد
TO-137,هدف فنی,شوری سطح C2,۶ تا ۱۰ به‌علاوهٔ,دسی‌زیمنس بر متر,فرض طراحی — بی‌لنگرگاه: باید در بند متناظر کتابچه لنگر شود,۱۴۰۵,C,HP-15,تعیین بند متناظر و نوشتن مبنای عدد در همان بند,ثبت شد
TO-138,هدف فنی,شوری سطح C7,۱٫۵ تا ۳,دسی‌زیمنس بر متر,فرض طراحی — بی‌لنگرگاه: باید در بند متناظر کتابچه لنگر شود,۱۴۰۵,C,HP-15,تعیین بند متناظر و نوشتن مبنای عدد در همان بند,ثبت شد
FN-99,مالی,هزینهٔ گچ در C10,۲۹۰,دلار بر هکتار,فرض طراحی — بند ۱.۱,۱۴۰۵,C,HP-15,تعیین مبنای عدد و بازبینی در فاز کالیبراسیون,ثبت شد
FN-100,مالی,هزینهٔ آزمایشگاه خاک و آب,تأییدنشده — قصر ۱-۶-۱ ماتریس,دلار,فرض طراحی — بند ۱.۱,۱۴۰۵,C,HP-15,تعیین مبنای عدد و بازبینی در فاز کالیبراسیون,ثبت شد
ST-19,استاندارد,شمارهٔ استاندارد لولهٔ زهکش افقی,تأییدنشده — ISO 4422 فقط خانواده را پوشش می‌دهد,—,فرض طراحی — بی‌لنگرگاه: باید در بند متناظر کتابچه لنگر شود,۱۴۰۵,C,HP-15,تعیین بند متناظر و نوشتن مبنای عدد در همان بند,ثبت شد
TO-139,هدف فنی,تعداد بندهای بسته‌شدن,۲۵,بند,فرض طراحی — بی‌لنگرگاه: باید در بند متناظر کتابچه لنگر شود,۱۴۰۵,C,HP-15,تعیین بند متناظر و نوشتن مبنای عدد در همان بند,ثبت شد
R-01,ریسک,تعداد حالت خرابی در رجیستری — HP-15,۱۴,حالت,فرض طراحی — بی‌لنگرگاه: باید در بند متناظر کتابچه لنگر شود,۱۴۰۵,C,HP-15,تعیین بند متناظر و نوشتن مبنای عدد در همان بند,ثبت شد
FN-101,مالی,مغایرت: عدد ۲۹۰ دلار بر هکتار برای هزینهٔ گچ در C10 در بند ۶-۵-ج خودِ سند آن را کاملاً ساختهٔ همین سند خوانده و هیچ شناسهٔ رجیستری ندارد، ولی در همان بند در جدول شاخص هزینه نوشته شده,۲۹۰ در برابر تأییدنشده,دلار بر هکتار,فرض طراحی — بی‌لنگرگاه: باید در بند متناظر کتابچه لنگر شود,۱۴۰۵,C,HP-15,تعیین بند متناظر و نوشتن مبنای عدد در همان بند,ثبت شد
TO-140,هدف فنی,هدف طراحی تنوع پایه‌ای,۱٫۹,نات,فرض طراحی — بی‌لنگرگاه: باید در بند متناظر کتابچه لنگر شود,۱۴۰۵,C,HP-16,تعیین بند متناظر و نوشتن مبنای عدد در همان بند,ثبت شد
TO-141,هدف فنی,کد بسته — HP-17,HP-17,بدون واحد,فرض طراحی — بی‌لنگرگاه: باید در بند متناظر کتابچه لنگر شود,۱۴۰۵,C,HP-17,تعیین بند متناظر و نوشتن مبنای عدد در همان بند,ثبت شد
TO-142,هدف فنی,اقلیم قابل اجرا,C4 سرد و برف‌گیر,بدون واحد,فرض طراحی — بی‌لنگرگاه: باید در بند متناظر کتابچه لنگر شود,۱۴۰۵,C,HP-17,تعیین بند متناظر و نوشتن مبنای عدد در همان بند,ثبت شد
FN-102,مالی,هزینه سرمایه‌ای سال ۱,۴۹۱,دلار در هکتار,فرض طراحی — بی‌لنگرگاه: باید در بند متناظر کتابچه لنگر شود,۱۴۰۵,C,HP-17,تعیین بند متناظر و نوشتن مبنای عدد در همان بند,ثبت شد
FN-103,مالی,هزینه حصار برف,۱۲۶,دلار در هکتار,فرض طراحی — بی‌لنگرگاه: باید در بند متناظر کتابچه لنگر شود,۱۴۰۵,C,HP-17,تعیین بند متناظر و نوشتن مبنای عدد در همان بند,ثبت شد
FN-104,مالی,هزینه پخش‌کنندهٔ چالهٔ برف,۲۴۰,دلار در هکتار,فرض طراحی — بی‌لنگرگاه: باید در بند متناظر کتابچه لنگر شود,۱۴۰۵,C,HP-17,تعیین بند متناظر و نوشتن مبنای عدد در همان بند,ثبت شد
FN-105,مالی,هزینه نیروی کار سال ۱,۹۰,دلار در هکتار,فرض طراحی — بی‌لنگرگاه: باید در بند متناظر کتابچه لنگر شود,۱۴۰۵,C,HP-17,تعیین بند متناظر و نوشتن مبنای عدد در همان بند,ثبت شد
FN-106,مالی,هزینه نگهداری سال ۲ تا ۴,۲۵,دلار در هکتار در سال,فرض طراحی — بی‌لنگرگاه: باید در بند متناظر کتابچه لنگر شود,۱۴۰۵,C,HP-17,تعیین بند متناظر و نوشتن مبنای عدد در همان بند,ثبت شد
FN-107,مالی,هزینه نگهداری از سال ۵ به بعد,۴۰,دلار در هکتار در سال,فرض طراحی — بی‌لنگرگاه: باید در بند متناظر کتابچه لنگر شود,۱۴۰۵,C,HP-17,تعیین بند متناظر و نوشتن مبنای عدد در همان بند,ثبت شد
FN-108,مالی,دوره بازگشت بازمحاسبه‌شده,۳٫۹۸,سال,محاسبهٔ فرض طراحی — بی‌لنگرگاه: باید در بند متناظر کتابچه لنگر شود,۱۴۰۵,C,HP-17,تعیین بند متناظر و نوشتن مبنای عدد در همان بند,ثبت شد
FN-109,مالی,نسبت منفعت به هزینه با خدمات اکوسیستمی,۱٫۱۷,نسبت,فرض طراحی — بی‌لنگرگاه: باید در بند متناظر کتابچه لنگر شود,۱۴۰۵,C,HP-17,تعیین بند متناظر و نوشتن مبنای عدد در همان بند,ثبت شد
FN-110,مالی,نسبت منفعت به هزینه بدون خدمات اکوسیستمی,۰٫۰۰,نسبت,فرض طراحی — بی‌لنگرگاه: باید در بند متناظر کتابچه لنگر شود,۱۴۰۵,C,HP-17,تعیین بند متناظر و نوشتن مبنای عدد در همان بند,ثبت شد
TO-143,هدف فنی,معادل آب برف فصل انباشت,۱۵۰,کیلوگرم بر متر مربع,فرض طراحی — بند ۳.۳.۳,۱۴۰۵,C,HP-17,تعیین مبنای عدد و بازبینی در فاز کالیبراسیون,ثبت شد
TO-144,هدف فنی,چگالی برف توده,۲۵۰,کیلوگرم بر متر مکعب,فرض طراحی — بی‌لنگرگاه: باید در بند متناظر کتابچه لنگر شود,۱۴۰۵,C,HP-17,تعیین بند متناظر و نوشتن مبنای عدد در همان بند,ثبت شد
TO-145,هدف فنی,چگالی تودهٔ فرورسته برای بار,۳۵۰,کیلوگرم بر متر مکعب,فرض طراحی — بند ۷.۱,۱۴۰۵,C,HP-17,تعیین مبنای عدد و بازبینی در فاز کالیبراسیون,ثبت شد
TO-146,هدف فنی,تخلخل نوری حصار,۴۰ تا ۶۰,درصد,فرض طراحی — بند ۲.۲,۱۴۰۵,C,HP-17,تعیین مبنای عدد و بازبینی در فاز کالیبراسیون,ثبت شد
TO-147,هدف فنی,ارتفاع لازم حصار,۱٫۹۵,متر,فرض طراحی — بی‌لنگرگاه: باید در بند متناظر کتابچه لنگر شود,۱۴۰۵,C,HP-17,تعیین بند متناظر و نوشتن مبنای عدد در همان بند,ثبت شد
TO-148,هدف فنی,بازهٔ ارتفاع لازم بدون دادهٔ معادل,۰٫۹۴ تا ۳٫۲۲,متر,فرض طراحی — بی‌لنگرگاه: باید در بند متناظر کتابچه لنگر شود,۱۴۰۵,C,HP-17,تعیین بند متناظر و نوشتن مبنای عدد در همان بند,ثبت شد
TO-149,هدف فنی,انتقال برف در فصل انباشت,۳۷٬۰۰۰,کیلوگرم بر متر خط,فرض طراحی — بی‌لنگرگاه: باید در بند متناظر کتابچه لنگر شود,۱۴۰۵,C,HP-17,تعیین بند متناظر و نوشتن مبنای عدد در همان بند,ثبت شد
TO-150,هدف فنی,ظرفیت ذخیره در ارتفاع لازم,۳۶٬۹۷۵,کیلوگرم بر متر,فرض طراحی — بی‌لنگرگاه: باید در بند متناظر کتابچه لنگر شود,۱۴۰۵,C,HP-17,تعیین بند متناظر و نوشتن مبنای عدد در همان بند,ثبت شد
TO-151,هدف فنی,نسبت رسوب برف,۹۹٫۸,درصد,فرض طراحی — بی‌لنگرگاه: باید در بند متناظر کتابچه لنگر شود,۱۴۰۵,C,HP-17,تعیین بند متناظر و نوشتن مبنای عدد در همان بند,ثبت شد
TO-152,هدف فنی,طول تودهٔ برف,۶۵٫۶,متر,فرض طراحی — بی‌لنگرگاه: باید در بند متناظر کتابچه لنگر شود,۱۴۰۵,C,HP-17,تعیین بند متناظر و نوشتن مبنای عدد در همان بند,ثبت شد
TO-153,هدف فنی,طول حفاظت بادپناه,۱۹٫۵,متر,فرض طراحی — بند ۲.۱,۱۴۰۵,C,HP-17,تعیین مبنای عدد و بازبینی در فاز کالیبراسیون,ثبت شد
TO-154,هدف فنی,بازهٔ زاویهٔ حاد باد سازگار,۸٫۴ تا ۱۷٫۰,درجه,فرض طراحی — بند ۶.۱,۱۴۰۵,C,HP-17,تعیین مبنای عدد و بازبینی در فاز کالیبراسیون,ثبت شد
TO-155,هدف فنی,فشار جانبی دریفت,۴٫۱۲۰,پاسکال,فرض طراحی — بند ۹.۱,۱۴۰۵,C,HP-17,تعیین مبنای عدد و بازبینی در فاز کالیبراسیون,ثبت شد
TO-156,هدف فنی,گشتاور واژگونی,۱٬۴۸۳,نیوتن‌متر بر متر,فرض طراحی — بند ۹.۱,۱۴۰۵,C,HP-17,تعیین مبنای عدد و بازبینی در فاز کالیبراسیون,ثبت شد
TO-157,هدف فنی,بار قائم هر پایه,۴۶٫۶,نیوتن,فرض طراحی — بند ۹.۱,۱۴۰۵,C,HP-17,تعیین مبنای عدد و بازبینی در فاز کالیبراسیون,ثبت شد
TO-158,هدف فنی,فشار برف روی پخش‌کننده,۲٬۲۸۹,پاسکال,فرض طراحی — بی‌لنگرگاه: باید در بند متناظر کتابچه لنگر شود,۱۴۰۵,C,HP-17,تعیین بند متناظر و نوشتن مبنای عدد در همان بند,ثبت شد
TO-159,هدف فنی,نسبت سطح به حجم هدف,۱٫۵,متر مربع بر متر مکعب,فرض طراحی — بی‌لنگرگاه: باید در بند متناظر کتابچه لنگر شود,۱۴۰۵,C,HP-17,تعیین بند متناظر و نوشتن مبنای عدد در همان بند,ثبت شد
TO-160,هدف فنی,نسبت سطح به حجم تودهٔ پخش‌شده,۱٫۶۷,متر مربع بر متر مکعب,فرض طراحی — بی‌لنگرگاه: باید در بند متناظر کتابچه لنگر شود,۱۴۰۵,C,HP-17,تعیین بند متناظر و نوشتن مبنای عدد در همان بند,ثبت شد
TO-161,هدف فنی,نسبت سطح به حجم تودهٔ متمرکز,۰٫۵۲,متر مربع بر متر مکعب,فرض طراحی — بند ۱۰.۳,۱۴۰۵,C,HP-17,تعیین مبنای عدد و بازبینی در فاز کالیبراسیون,ثبت شد
TO-162,هدف فنی,دبی رهاسازی,۰٫۶۹۴,لیتر بر ثانیه,فرض طراحی — بی‌لنگرگاه: باید در بند متناظر کتابچه لنگر شود,۱۴۰۵,C,HP-17,تعیین بند متناظر و نوشتن مبنای عدد در همان بند,ثبت شد
TO-163,هدف فنی,کمینهٔ پنجرهٔ رهاسازی,۱۳٫۹,روز,فرض طراحی — بی‌لنگرگاه: باید در بند متناظر کتابچه لنگر شود,۱۴۰۵,C,HP-17,تعیین بند متناظر و نوشتن مبنای عدد در همان بند,ثبت شد
TO-164,هدف فنی,شاخص کفایت داده — آستانهٔ دروازه,۹۰,از ۱۰۰,فرض طراحی — بی‌لنگرگاه: باید در بند متناظر کتابچه لنگر شود,۱۴۰۵,C,HP-17,تعیین بند متناظر و نوشتن مبنای عدد در همان بند,ثبت شد
SC-49,مقیاس,تعداد واحد پخش‌کننده,۲,واحد در هکتار,فرض طراحی — بند ۱۰.۷,۱۴۰۵,C,HP-17,تعیین مبنای عدد و بازبینی در فاز کالیبراسیون,ثبت شد
SC-50,مقیاس,طول خط حصار,۷,متر در هکتار,فرض طراحی — بی‌لنگرگاه: باید در بند متناظر کتابچه لنگر شود,۱۴۰۵,C,HP-17,تعیین بند متناظر و نوشتن مبنای عدد در همان بند,ثبت شد
TO-165,هدف فنی,قطر پایه,۱۲,سانتی‌متر,فرض طراحی — بی‌لنگرگاه: باید در بند متناظر کتابچه لنگر شود,۱۴۰۵,C,HP-17,تعیین بند متناظر و نوشتن مبنای عدد در همان بند,ثبت شد
SC-51,مقیاس,زمان اجرا با روش دستی,۴٫۵,روز-کارگر در هکتار,فرض طراحی — بی‌لنگرگاه: باید در بند متناظر کتابچه لنگر شود,۱۴۰۵,C,HP-17,تعیین بند متناظر و نوشتن مبنای عدد در همان بند,ثبت شد
SC-52,مقیاس,زمان اجرا با روش ماشینی,۲٫۷,روز-کارگر در هکتار,فرض طراحی — بی‌لنگرگاه: باید در بند متناظر کتابچه لنگر شود,۱۴۰۵,C,HP-17,تعیین بند متناظر و نوشتن مبنای عدد در همان بند,ثبت شد
FN-111,مالی,نرخ روز کاری,۲۰,دلار بر روز-کارگر,تصمیم طراحی — بند ۸.۱,۱۴۰۵,C,HP-17,تثبیت مبنای تصمیم و بازبینی در فاز کالیبراسیون,ثبت شد
TO-166,هدف فنی,شعاع ممنوعیت منبع حرارتی,۵۰,متر,فرض طراحی — بند ۴,۱۴۰۵,C,HP-17,تعیین مبنای عدد و بازبینی در فاز کالیبراسیون,ثبت شد
TO-167,هدف فنی,فاصلهٔ حداقلی کارگر تا خط حصار,۵,متر,فرض طراحی — بی‌لنگرگاه: باید در بند متناظر کتابچه لنگر شود,۱۴۰۵,C,HP-17,تعیین بند متناظر و نوشتن مبنای عدد در همان بند,ثبت شد
TO-168,هدف فنی,افق تحلیل این بسته,۵,سال,فرض طراحی — بی‌لنگرگاه: باید در بند متناظر کتابچه لنگر شود,۱۴۰۵,C,HP-17,تعیین بند متناظر و نوشتن مبنای عدد در همان بند,ثبت شد
TO-169,هدف فنی,ضریب گرادیان چگالی k,۳,بدون بعد,فرض طراحی — بند ۱۰.۶,۱۴۰۵,C,HP-17,تعیین مبنای عدد و بازبینی در فاز کالیبراسیون,ثبت شد
TO-170,هدف فنی,توان گرادیان m,۰٫۵,بدون بعد,فرض طراحی — بند ۱۰.۶,۱۴۰۵,C,HP-17,تعیین مبنای عدد و بازبینی در فاز کالیبراسیون,ثبت شد
TO-171,هدف فنی,چگالی میانگین عمقی ρ,۳۰۰,کیلوگرم بر متر مکعب,فرض طراحی — بند ۳.۳.۳,۱۴۰۵,C,HP-17,تعیین مبنای عدد و بازبینی در فاز کالیبراسیون,ثبت شد
TO-172,هدف فنی,معادل آب برف با پروفیل,۱۸۰,کیلوگرم بر متر مربع,فرض طراحی — بی‌لنگرگاه: باید در بند متناظر کتابچه لنگر شود,۱۴۰۵,C,HP-17,تعیین بند متناظر و نوشتن مبنای عدد در همان بند,ثبت شد
TO-173,هدف فنی,ارتفاع لازم با پروفیل تصحیح‌شده,۲٫۱۸,متر,فرض طراحی — بی‌لنگرگاه: باید در بند متناظر کتابچه لنگر شود,۱۴۰۵,C,HP-17,تعیین بند متناظر و نوشتن مبنای عدد در همان بند,ثبت شد
TO-174,هدف فنی,بازده تله‌گیری ε,۰٫۴۵,بدون بعد,فرض طراحی — بند ۳.۱۹,۱۴۰۵,C,HP-17,تعیین مبنای عدد و بازبینی در فاز کالیبراسیون,ثبت شد
TO-175,هدف فنی,بازده گردآوری η,۰٫۷۲۵,بدون بعد,فرض طراحی — بی‌لنگرگاه: باید در بند متناظر کتابچه لنگر شود,۱۴۰۵,C,HP-17,تعیین بند متناظر و نوشتن مبنای عدد در همان بند,ثبت شد
TO-176,هدف فنی,ارتفاع لازم تصحیح‌شده با بازده,۱٫۷۳,متر,فرض طراحی — بی‌لنگرگاه: باید در بند متناظر کتابچه لنگر شود,۱۴۰۵,C,HP-17,تعیین بند متناظر و نوشتن مبنای عدد در همان بند,ثبت شد
TO-177,هدف فنی,دامنهٔ ارتفاع با بازده فرض,۱٫۶۲ تا ۱٫۸۱,متر,فرض طراحی — بی‌لنگرگاه: باید در بند متناظر کتابچه لنگر شود,۱۴۰۵,C,HP-17,تعیین بند متناظر و نوشتن مبنای عدد در همان بند,ثبت شد
TO-178,هدف فنی,مقاومت برشی لایهٔ ضعیف,۶۰۰,پاسکال,فرض طراحی — بند ۳.۱۵,۱۴۰۵,C,HP-17,تعیین مبنای عدد و بازبینی در فاز کالیبراسیون,ثبت شد
TO-179,هدف فنی,نسبت برشی SR,۱٫۹۶,بدون بعد,فرض طراحی — بی‌لنگرگاه: باید در بند متناظر کتابچه لنگر شود,۱۴۰۵,C,HP-17,تعیین بند متناظر و نوشتن مبنای عدد در همان بند,ثبت شد
TO-180,هدف فنی,نسبت برشی با صفحهٔ ضخیم‌تر,۲٫۹۴,بدون بعد,فرض طراحی — بی‌لنگرگاه: باید در بند متناظر کتابچه لنگر شود,۱۴۰۵,C,HP-17,تعیین بند متناظر و نوشتن مبنای عدد در همان بند,ثبت شد
TO-181,هدف فنی,مدول برشی صفحه,۱٫۰,مگاپاسکال,فرض طراحی — بند ۱۰.۴,۱۴۰۵,C,HP-17,تعیین مبنای عدد و بازبینی در فاز کالیبراسیون,ثبت شد
TO-182,هدف فنی,کرنش برشی γ,۰٫۰۰۲۹۴,بدون بعد,فرض طراحی — بند ۱۰.۴,۱۴۰۵,C,HP-17,تعیین مبنای عدد و بازبینی در فاز کالیبراسیون,ثبت شد
TO-183,هدف فنی,شیب بحرانی گسترش عرضی β_c,۲۸,درجه,فرض طراحی — بند ۳.۹,۱۴۰۵,C,HP-17,تعیین مبنای عدد و بازبینی در فاز کالیبراسیون,ثبت شد
TO-184,هدف فنی,فشار باد سطحی q_w,۱۴۱٫۷۵,پاسکال,فرض طراحی — بند ۳.۱۲.۲,۱۴۰۵,C,HP-17,تعیین مبنای عدد و بازبینی در فاز کالیبراسیون,ثبت شد
TO-185,هدف فنی,نیروی باد روی یک دهانه,۸۲۹٫۲,نیوتن,فرض طراحی — بی‌لنگرگاه: باید در بند متناظر کتابچه لنگر شود,۱۴۰۵,C,HP-17,تعیین بند متناظر و نوشتن مبنای عدد در همان بند,ثبت شد
TO-186,هدف فنی,ضریب اطمینان در برابر بار برف,۹٫۰۸,بدون بعد,تصمیم طراحی — بی‌لنگرگاه: باید در بند متناظر کتابچه لنگر شود,۱۴۰۵,C,HP-17,تعیین بند متناظر و نوشتن مبنای عدد در همان بند,ثبت شد
TO-187,هدف فنی,نسبت بار باد حدی به بار برف,۰٫۹۳,بدون بعد,فرض طراحی — بی‌لنگرگاه: باید در بند متناظر کتابچه لنگر شود,۱۴۰۵,C,HP-17,تعیین بند متناظر و نوشتن مبنای عدد در همان بند,ثبت شد
TO-188,هدف فنی,نرخ ذوب درجه‌روز,۲۰,میلی‌متر بر روز,تصمیم طراحی — بند ۷.۱,۱۴۰۵,C,HP-17,تثبیت مبنای تصمیم و بازبینی در فاز کالیبراسیون,ثبت شد
TO-189,هدف فنی,پنجرهٔ طبیعی ذوب,۱۰,روز,فرض طراحی — بند ۲.۱,۱۴۰۵,C,HP-17,تعیین مبنای عدد و بازبینی در فاز کالیبراسیون,ثبت شد
TO-190,هدف فنی,کسری پنجرهٔ طبیعی نسبت به کمینه,۳٫۹,روز,فرض طراحی — بند ۲.۱,۱۴۰۵,C,HP-17,تعیین مبنای عدد و بازبینی در فاز کالیبراسیون,ثبت شد
TO-191,هدف فنی,دمای هوای لازم برای پنجرهٔ قابل دفاع,۱۰٫۷۹,درجه,فرض طراحی — بند ۲.۱,۱۴۰۵,C,HP-17,تعیین مبنای عدد و بازبینی در فاز کالیبراسیون,ثبت شد
TO-192,هدف فنی,غلظت نمک در برف انباشته,۲,میلی‌گرم بر لیتر,فرض طراحی — بند ۱.۱۱,۱۴۰۵,C,HP-17,تعیین مبنای عدد و بازبینی در فاز کالیبراسیون,ثبت شد
TO-193,هدف فنی,نسبت تمرکز جریان R,۲٫۰,بدون بعد,فرض طراحی — بند ۱۰.۳,۱۴۰۵,C,HP-17,تعیین مبنای عدد و بازبینی در فاز کالیبراسیون,ثبت شد
TO-194,هدف فنی,افزایش شوری خروجی,۲,درصد,فرض طراحی — بی‌لنگرگاه: باید در بند متناظر کتابچه لنگر شود,۱۴۰۵,C,HP-17,تعیین بند متناظر و نوشتن مبنای عدد در همان بند,ثبت شد
TO-195,هدف فنی,بار نمک افزوده,۲٫۴,کیلوگرم,فرض طراحی — بی‌لنگرگاه: باید در بند متناظر کتابچه لنگر شود,۱۴۰۵,C,HP-17,تعیین بند متناظر و نوشتن مبنای عدد در همان بند,ثبت شد
TO-196,هدف فنی,انرژی خالص لکهٔ برف,۲۵۰,وات بر متر مربع,فرض طراحی — بند ۱۰.۶,۱۴۰۵,C,HP-17,تعیین مبنای عدد و بازبینی در فاز کالیبراسیون,ثبت شد
TO-197,هدف فنی,نرخ ذوب لکهٔ نازک,۶۴٫۷,میلی‌متر بر روز,تصمیم طراحی — بی‌لنگرگاه: باید در بند متناظر کتابچه لنگر شود,۱۴۰۵,C,HP-17,تعیین بند متناظر و نوشتن مبنای عدد در همان بند,ثبت شد
TO-198,هدف فنی,اختلاف زمان ذوب بدون سایه,۱٫۵۵,روز,فرض طراحی — بند ۳٫۳٫۳,۱۴۰۵,C,HP-17,تعیین مبنای عدد و بازبینی در فاز کالیبراسیون,ثبت شد
TO-199,هدف فنی,اختلاف زمان ذوب با سایهٔ توده,۲٫۲۱,روز,فرض طراحی — بند ۳٫۳٫۳,۱۴۰۵,C,HP-17,تعیین مبنای عدد و بازبینی در فاز کالیبراسیون,ثبت شد
TO-200,هدف فنی,ضریب ماندگاری برف k_r,۰٫۳۰,بدون بعد,فرض طراحی — بند ۷.۴,۱۴۰۵,C,HP-17,تعیین مبنای عدد و بازبینی در فاز کالیبراسیون,ثبت شد
TO-201,هدف فنی,برف قابل گردآوری در آبخیز,۲٫۵۲۰,متر مکعب,فرض طراحی — بی‌لنگرگاه: باید در بند متناظر کتابچه لنگر شود,۱۴۰۵,C,HP-17,تعیین بند متناظر و نوشتن مبنای عدد در همان بند,ثبت شد
TO-202,هدف فنی,ضریب افت سالانهٔ ظرفیت λ,۰٫۱۶,بر سال,فرض طراحی — بی‌لنگرگاه: باید در بند متناظر کتابچه لنگر شود,۱۴۰۵,C,HP-17,تعیین بند متناظر و نوشتن مبنای عدد در همان بند,ثبت شد
TO-203,هدف فنی,آستانهٔ خروج از سرویس C_min,۵۰,درصد,فرض طراحی — بند ۹.۸.۳,۱۴۰۵,C,HP-17,تعیین مبنای عدد و بازبینی در فاز کالیبراسیون,ثبت شد
TO-204,هدف فنی,عمر طراحی با کسری نگهداری ۰٫۷۵,۵٫۴,سال,فرض طراحی — بی‌لنگرگاه: باید در بند متناظر کتابچه لنگر شود,۱۴۰۵,C,HP-17,تعیین بند متناظر و نوشتن مبنای عدد در همان بند,ثبت شد
TO-205,هدف فنی,ظرفیت پس از پنج سال با کسری ۰٫۷۵,۵۲٫۸,درصد,فرض طراحی — بی‌لنگرگاه: باید در بند متناظر کتابچه لنگر شود,۱۴۰۵,C,HP-17,تعیین بند متناظر و نوشتن مبنای عدد در همان بند,ثبت شد
FN-112,مالی,سقف مجاز هزینهٔ داده برای حفظ نسبت یک,۱۰۴,دلار در هکتار,تصمیم طراحی — بی‌لنگرگاه: باید در بند متناظر کتابچه لنگر شود,۱۴۰۵,C,HP-17,تعیین بند متناظر و نوشتن مبنای عدد در همان بند,ثبت شد
FN-113,مالی,هزینهٔ بازسازی یک‌بارهٔ سناریوی کسری,۶۳٫۳,دلار در هکتار,فرض طراحی — بند ۲.۹,۱۴۰۵,C,HP-17,تعیین مبنای عدد و بازبینی در فاز کالیبراسیون,ثبت شد
FN-114,مالی,هزینهٔ بازسازی کف پخش‌کننده,۴۰,دلار در هکتار,تصمیم طراحی — بند ۲.۹,۱۴۰۵,C,HP-17,تثبیت مبنای تصمیم و بازبینی در فاز کالیبراسیون,ثبت شد
FN-115,مالی,هزینهٔ بازسازی در سناریوی تجمعی,۱۰۳٫۳,دلار در هکتار,فرض طراحی — بند ۲.۹,۱۴۰۵,C,HP-17,تعیین مبنای عدد و بازبینی در فاز کالیبراسیون,ثبت شد
FN-116,مالی,سرمایهٔ افزودهٔ دو واحد پخش‌کننده,۲۴۰,دلار در هکتار,فرض طراحی — بی‌لنگرگاه: باید در بند متناظر کتابچه لنگر شود,۱۴۰۵,C,HP-17,تعیین بند متناظر و نوشتن مبنای عدد در همان بند,ثبت شد
TO-206,هدف فنی,نسبت منفعت به هزیده در پایهٔ محافظه‌کارانه,۰٫۵۶,نسبت,فرض طراحی — بند ۹.۸.۱,۱۴۰۵,C,HP-17,تعیین مبنای عدد و بازبینی در فاز کالیبراسیون,ثبت شد
TO-207,هدف فنی,نسبت منفعت به هزیده در ده سال با همان مفروضات,۰٫۸۵,نسبت,فرض طراحی — بند ۹.۸.۱,۱۴۰۵,C,HP-17,تعیین مبنای عدد و بازبینی در فاز کالیبراسیون,ثبت شد
TO-208,هدف فنی,نسبت منفعت به هزیده در سناریوی تودهٔ جامانده,۰٫۸۴,نسبت,فرض طراحی — بند ۱.۵,۱۴۰۵,C,HP-17,تعیین مبنای عدد و بازبینی در فاز کالیبراسیون,ثبت شد
TO-209,هدف فنی,دامنهٔ نسبت منفعت به هزیده در شش سناریو,۰٫۰۰ تا ۱٫۱۷,نسبت,فرض طراحی — بی‌لنگرگاه: باید در بند متناظر کتابچه لنگر شود,۱۴۰۵,C,HP-17,تعیین بند متناظر و نوشتن مبنای عدد در همان بند,ثبت شد
FN-117,مالی,نرخ مجاز متری برای حفظ نسبت یک,۲۶,دلار بر متر,تصمیم طراحی — بند ۶.۱,۱۴۰۵,C,HP-17,تثبیت مبنای تصمیم و بازبینی در فاز کالیبراسیون,ثبت شد
TO-210,هدف فنی,اندازهٔ نمونهٔ برف برای چگالی,۱۰,سانتی‌متر مکعب,فرض طراحی — بند ۲.۱,۱۴۰۵,C,HP-17,تعیین مبنای عدد و بازبینی در فاز کالیبراسیون,ثبت شد
TO-211,هدف فنی,اختلاف آستانهٔ له‌شدگی توری,۱۰,واحد درصد,فرض طراحی — بند ۹.۸.۳,۱۴۰۵,C,HP-17,تعیین مبنای عدد و بازبینی در فاز کالیبراسیون,ثبت شد
TO-212,هدف فنی,اختلاف تخلخل نوری دو ارتفاع,بیشتر از ۱۰,واحد درصد,فرض طراحی — بند ۳٫۳٫۳,۱۴۰۵,C,HP-17,تعیین مبنای عدد و بازبینی در فاز کالیبراسیون,ثبت شد
SC-53,مقیاس,زمان اجرا با روش ماشینی,۲٫۷,روز-کارگر در هکتار,فرض طراحی — بی‌لنگرگاه: باید در بند متناظر کتابچه لنگر شود,۱۴۰۵,C,HP-17,تعیین بند متناظر و نوشتن مبنای عدد در همان بند,ثبت شد
FN-118,مالی,هزینهٔ پنج خطای اجرایی,۱۲٫۳,دلار در هکتار,فرض طراحی — بی‌لنگرگاه: باید در بند متناظر کتابچه لنگر شود,۱۴۰۵,C,HP-17,تعیین بند متناظر و نوشتن مبنای عدد در همان بند,ثبت شد
SC-54,مقیاس,تعداد واحد پخش‌کنندهٔ بیشینه در زمستان پر‌برف,۴,واحد در هکتار,فرض طراحی — بی‌لنگرگاه: باید در بند متناظر کتابچه لنگر شود,۱۴۰۵,C,HP-17,تعیین بند متناظر و نوشتن مبنای عدد در همان بند,ثبت شد
TO-213,هدف فنی,سال از کار افتادن در سناریوی تجمعی,۴,سال,فرض طراحی — بند ۱.۵,۱۴۰۵,C,HP-17,تعیین مبنای عدد و بازبینی در فاز کالیبراسیون,ثبت شد
FN-119,مالی,هزینهٔ سرمایه‌ای (CAPEX) — زیرسازهٔ پوشش گیاهی متحرک,۲۶۰,دلار در هکتار,فرض طراحی — بی‌لنگرگاه: باید در بند متناظر کتابچه لنگر شود,۱۴۰۵,C,HP-18,تعیین بند متناظر و نوشتن مبنای عدد در همان بند,ثبت شد
FN-120,مالی,هزینهٔ سرمایه‌ای (CAPEX) — زیرسازهٔ کمربند تلمبار,۱۴۰,دلار در هکتار,فرض طراحی — بی‌لنگرگاه: باید در بند متناظر کتابچه لنگر شود,۱۴۰۵,C,HP-18,تعیین بند متناظر و نوشتن مبنای عدد در همان بند,ثبت شد
FN-121,مالی,هزینهٔ سرمایه‌ای (CAPEX) — تجهیزات و حمل مشترک,۲۵۹,دلار در هکتار,فرض طراحی — بی‌لنگرگاه: باید در بند متناظر کتابچه لنگر شود,۱۴۰۵,C,HP-18,تعیین بند متناظر و نوشتن مبنای عدد در همان بند,ثبت شد
FN-122,مالی,هزینهٔ سرمایه‌ای (CAPEX) — جمع,۶۵۹,دلار در هکتار,فرض طراحی — بی‌لنگرگاه: باید در بند متناظر کتابچه لنگر شود,۱۴۰۵,C,HP-18,تعیین بند متناظر و نوشتن مبنای عدد در همان بند,ثبت شد
FN-123,مالی,هزینهٔ عملیاتی سال ۲ تا ۵,۱۰۴,دلار در هکتار در سال,فرض طراحی — بی‌لنگرگاه: باید در بند متناظر کتابچه لنگر شود,۱۴۰۵,C,HP-18,تعیین بند متناظر و نوشتن مبنای عدد در همان بند,ثبت شد
FN-124,مالی,هزینهٔ عملیاتی سال ۶ تا ۱۰,۵۶,دلار در هکتار در سال,فرض طراحی — بی‌لنگرگاه: باید در بند متناظر کتابچه لنگر شود,۱۴۰۵,C,HP-18,تعیین بند متناظر و نوشتن مبنای عدد در همان بند,ثبت شد
FN-125,مالی,هزینهٔ کل افق ده ساله,۱٬۳۵۵,دلار در هکتار,فرض طراحی — بی‌لنگرگاه: باید در بند متناظر کتابچه لنگر شود,۱۴۰۵,C,HP-18,تعیین بند متناظر و نوشتن مبنای عدد در همان بند,ثبت شد
FN-126,مالی,منفعت مستقیم افق ده ساله,۲۳۲,دلار در هکتار,فرض طراحی — بند ۱۰٫۵,۱۴۰۵,C,HP-18,تعیین مبنای عدد و بازبینی در فاز کالیبراسیون,ثبت شد
TO-214,هدف فنی,نسبت بسته‌ای مالی خالص,۰٫۱۷,نسبت,فرض طراحی — بی‌لنگرگاه: باید در بند متناظر کتابچه لنگر شود,۱۴۰۵,C,HP-18,تعیین بند متناظر و نوشتن مبنای عدد در همان بند,ثبت شد
FN-127,مالی,هزینهٔ اجتناب‌شدهٔ لازم برای بازگشت,۱۴۰,دلار در هکتار در سال,فرض طراحی — بی‌لنگرگاه: باید در بند متناظر کتابچه لنگر شود,۱۴۰۵,C,HP-18,تعیین بند متناظر و نوشتن مبنای عدد در همان بند,ثبت شد
FN-128,مالی,نرخ روز کاری کارگر ساده,۱۴,دلار بر روز-کارگر,تصمیم طراحی — بند ۱٫۷٫۱۰,۱۴۰۵,C,HP-18,تثبیت مبنای تصمیم و بازبینی در فاز کالیبراسیون,ثبت شد
FN-129,مالی,نرخ روز کاری کارگر ماهر,۲۲,دلار بر روز-کارگر,تصمیم طراحی — بند ۱٫۷٫۱۰,۱۴۰۵,C,HP-18,تثبیت مبنای تصمیم و بازبینی در فاز کالیبراسیون,ثبت شد
FN-130,مالی,نرخ روز کاری سرکارگر فنی,۳۰,دلار بر روز-کارگر,تصمیم طراحی — بند ۱۰٫۱,۱۴۰۵,C,HP-18,تثبیت مبنای تصمیم و بازبینی در فاز کالیبراسیون,ثبت شد
SC-55,مقیاس,کارگری سال ۱ — زیرسازهٔ ۶a,۱۰,روز-کار در هکتار,فرض طراحی — بند ۸۰٫۵,۱۴۰۵,C,HP-18,تعیین مبنای عدد و بازبینی در فاز کالیبراسیون,ثبت شد
SC-56,مقیاس,کارگری سال ۱ — زیرسازهٔ ۶b,۶,روز-کار در هکتار,فرض طراحی — بند ۸۰٫۵,۱۴۰۵,C,HP-18,تعیین مبنای عدد و بازبینی در فاز کالیبراسیون,ثبت شد
SC-57,مقیاس,کارگری کل سال ۱,۱۶,نفر-روز در هکتار,فرض طراحی — بند ۸۰٫۵,۱۴۰۵,C,HP-18,تعیین مبنای عدد و بازبینی در فاز کالیبراسیون,ثبت شد
TO-215,هدف فنی,زمان کل اجرا,۴,روز کاری با ۴ نفر,فرض طراحی — بی‌لنگرگاه: باید در بند متناظر کتابچه لنگر شود,۱۴۰۵,C,HP-18,تعیین بند متناظر و نوشتن مبنای عدد در همان بند,ثبت شد
SC-58,مقیاس,تراکم لکهٔ کاشت,۲۰۰,مترمربع در هکتار,فرض طراحی — بند ۱۰٫۵,۱۴۰۵,C,HP-18,تعیین مبنای عدد و بازبینی در فاز کالیبراسیون,ثبت شد
SC-59,مقیاس,طول کمربند تلمبار,۴۰,متر در هکتار,فرض طراحی — بی‌لنگرگاه: باید در بند متناظر کتابچه لنگر شود,۱۴۰۵,C,HP-18,تعیین بند متناظر و نوشتن مبنای عدد در همان بند,ثبت شد
TO-216,هدف فنی,عرض مبنای کمربند تلمبار,۱۰,متر,تصمیم طراحی — بی‌لنگرگاه: باید در بند متناظر کتابچه لنگر شود,۱۴۰۵,C,HP-18,تعیین بند متناظر و نوشتن مبنای عدد در همان بند,ثبت شد
TO-217,هدف فنی,ارتفاع کمربند تلمبار,۱٫۰,متر,فرض طراحی — بند ۱٫۷٫۱۰,۱۴۰۵,C,HP-18,تعیین مبنای عدد و بازبینی در فاز کالیبراسیون,ثبت شد
SC-60,مقیاس,حجم خاک تلمبار,۴۰۰,مترمکعب در هکتار,فرض طراحی — بی‌لنگرگاه: باید در بند متناظر کتابچه لنگر شود,۱۴۰۵,C,HP-18,تعیین بند متناظر و نوشتن مبنای عدد در همان بند,ثبت شد
SC-61,مقیاس,مصرف پسماند دامی,۴٫۵,تن در هکتار,فرض طراحی — بی‌لنگرگاه: باید در بند متناظر کتابچه لنگر شود,۱۴۰۵,C,HP-18,تعیین بند متناظر و نوشتن مبنای عدد در همان بند,ثبت شد
M-34,ماده,مادهٔ آلی لازم خاک تلمبار,۳٫۲,درصد وزنی,فرض طراحی — بی‌لنگرگاه: باید در بند متناظر کتابچه لنگر شود,۱۴۰۵,C,HP-18,تعیین بند متناظر و نوشتن مبنای عدد در همان بند,ثبت شد
SC-62,مقیاس,کسری مادهٔ آلی در نمونهٔ محاسبه,۰٫۵۹,تن در هکتار,محاسبهٔ فرض طراحی — بند ۱٫۱,۱۴۰۵,C,HP-18,تکرار محاسبه در فاز کالیبراسیون,ثبت شد
M-35,ماده,ترکیب خاک تلمبار — شن,۷۸,درصد وزنی,فرض طراحی — بی‌لنگرگاه: باید در بند متناظر کتابچه لنگر شود,۱۴۰۵,C,HP-18,تعیین بند متناظر و نوشتن مبنای عدد در همان بند,ثبت شد
M-36,ماده,ترکیب خاک تلمبار — سیلت,۱۶,درصد وزنی,فرض طراحی — بی‌لنگرگاه: باید در بند متناظر کتابچه لنگر شود,۱۴۰۵,C,HP-18,تعیین بند متناظر و نوشتن مبنای عدد در همان بند,ثبت شد
M-37,ماده,ترکیب خاک تلمبار — رس,۶,درصد وزنی,فرض طراحی — بی‌لنگرگاه: باید در بند متناظر کتابچه لنگر شود,۱۴۰۵,C,HP-18,تعیین بند متناظر و نوشتن مبنای عدد در همان بند,ثبت شد
SP-07,گونه,نرخ بذر بادرو و گونه‌کاه,۲٫۵,گرم در مترمربع,تصمیم طراحی — بند ۲٫۲,۱۴۰۵,C,HP-18,تثبیت مبنای تصمیم و بازبینی در فاز کالیبراسیون,ثبت شد
TO-218,هدف فنی,تراکم حصیره,۲۵۰,شاخه در مترمربع,فرض طراحی — بند ۱۰٫۵,۱۴۰۵,C,HP-18,تعیین مبنای عدد و بازبینی در فاز کالیبراسیون,ثبت شد
SC-63,مقیاس,تعداد چوب مهار,۶۰,عدد در هکتار,فرض طراحی — بند ۱۰٫۵,۱۴۰۵,C,HP-18,تعیین مبنای عدد و بازبینی در فاز کالیبراسیون,ثبت شد
TO-219,هدف فنی,ضریب بی‌بعد باغنولد,۰٫۱,بدون بُعد,فرض طراحی — بند ۱۰٫۱,۱۴۰۵,B,HP-18,تعیین مبنای عدد و بازبینی در فاز کالیبراسیون,ثبت شد
TO-220,هدف فنی,ضریب تبدیل به سرعت باد ۱۰ متری,۰٫۰۴,بدون بُعد,فرض طراحی — بند ۱٫۳,۱۴۰۵,C,HP-18,تعیین مبنای عدد و بازبینی در فاز کالیبراسیون,ثبت شد
TO-221,هدف فنی,سرعت تنش برشی آستانه,۰٫۲۳۳,متر بر ثانیه,فرض طراحی — بی‌لنگرگاه: باید در بند متناظر کتابچه لنگر شود,۱۴۰۵,C,HP-18,تعیین بند متناظر و نوشتن مبنای عدد در همان بند,ثبت شد
TO-222,هدف فنی,سرعت باد آستانه در ارتفاع ۱۰ متری,۵٫۸,متر بر ثانیه,فرض طراحی — بی‌لنگرگاه: باید در بند متناظر کتابچه لنگر شود,۱۴۰۵,C,HP-18,تعیین بند متناظر و نوشتن مبنای عدد در همان بند,ثبت شد
TO-223,هدف فنی,ضریب بی‌بعد لتو,۰٫۰۴,بدون بُعد,فرض طراحی — بند ۳٫۱۴,۱۴۰۵,B,HP-18,تعیین مبنای عدد و بازبینی در فاز کالیبراسیون,ثبت شد
TO-224,هدف فنی,ظرفیت انتقال شن در نمونهٔ محاسبه,۰٫۶۴۰,کیلوگرم بر متر بر ثانیه,محاسبهٔ فرض طراحی — بی‌لنگرگاه: باید در بند متناظر کتابچه لنگر شود,۱۴۰۵,C,HP-18,تعیین بند متناظر و نوشتن مبنای عدد در همان بند,ثبت شد
TO-225,هدف فنی,نرخ پیشروی تپهٔ شنی بدون پوشش,۴۲۰,متر در سال,تصمیم طراحی — بی‌لنگرگاه: باید در بند متناظر کتابچه لنگر شود,۱۴۰۵,C,HP-18,تعیین بند متناظر و نوشتن مبنای عدد در همان بند,ثبت شد
TO-226,هدف فنی,ضریب اطمینان شیب تلمبار در نمونهٔ محاسبه,۱٫۴۵,بدون بُعد,تصمیم طراحی — بند ۱٫۱,۱۴۰۵,C,HP-18,تثبیت مبنای تصمیم و بازبینی در فاز کالیبراسیون,ثبت شد
TO-227,هدف فنی,زاویهٔ حد بحرانی تلمبار,۲۷٫۵,درجه,فرض طراحی — بند ۵٫۷,۱۴۰۵,C,HP-18,تعیین مبنای عدد و بازبینی در فاز کالیبراسیون,ثبت شد
TO-228,هدف فنی,کاهش بار گردوغبار با پوشش,۵۵,درصد,فرض طراحی — بند ۱٫۲,۱۴۰۵,C,HP-18,تعیین مبنای عدد و بازبینی در فاز کالیبراسیون,ثبت شد
TO-229,هدف فنی,تراکم پوشش هدف,۰٫۱۸ تا ۰٫۲۴,نسبت پوشش سطح,فرض طراحی — بند ۱۰٫۵,۱۴۰۵,C,HP-18,تعیین مبنای عدد و بازبینی در فاز کالیبراسیون,ثبت شد
TO-230,هدف فنی,نرخ بقای استقرار لکه — سال ۱,۶۰ تا ۷۰,درصد,تصمیم طراحی — بند ۱٫۲,۱۴۰۵,C,HP-18,تثبیت مبنای تصمیم و بازبینی در فاز کالیبراسیون,ثبت شد
TO-231,هدف فنی,نرخ بقای استقرار لکه — سال ۳ نسبت به سال ۱,۸۰,درصد,تصمیم طراحی — بند ۱٫۲,۱۴۰۵,C,HP-18,تثبیت مبنای تصمیم و بازبینی در فاز کالیبراسیون,ثبت شد
SC-64,مقیاس,زمان نگهداری سالانه — HP-18,۴٫۸,روز کاری در هکتار,فرض طراحی — بی‌لنگرگاه: باید در بند متناظر کتابچه لنگر شود,۱۴۰۵,C,HP-18,تعیین بند متناظر و نوشتن مبنای عدد در همان بند,ثبت شد
FN-131,مالی,هزینهٔ مواد مصرفی نگهداری,۸,دلار در هکتار در سال,فرض طراحی — بی‌لنگرگاه: باید در بند متناظر کتابچه لنگر شود,۱۴۰۵,C,HP-18,تعیین بند متناظر و نوشتن مبنای عدد در همان بند,ثبت شد
ES-24,خدمات اکوسیستمی,نسبت بسته‌ای با خدمات اکوسیستمی — یادداشت غیرنقدی,۱٫۶۰,نسبت,فرض طراحی — بند ۹٫۱,۱۴۰۵,C,HP-18,تعیین مبنای عدد و بازبینی در فاز کالیبراسیون,ثبت شد
FN-132,مالی,نسبت استقرار بستهٔ HP-18 به هزینهٔ کامل,۱۴٫۵,درصد,فرض طراحی — بند ۱٫۲,۱۴۰۵,C,HP-18,تعیین مبنای عدد و بازبینی در فاز کالیبراسیون,ثبت شد
SC-65,مقیاس,کاهش فرسایش سالانه — هدف این بسته,زیر ۵,تن در هکتار در سال,فرض طراحی — بی‌لنگرگاه: باید در بند متناظر کتابچه لنگر شود,۱۴۰۵,C,HP-18,تعیین بند متناظر و نوشتن مبنای عدد در همان بند,ثبت شد
TO-232,هدف فنی,حداقل بارش مؤثر لازم برای استقرار در C9,۶۸,میلی‌متر در سال,فرض طراحی — بند ۱٫۲,۱۴۰۵,C,HP-18,تعیین مبنای عدد و بازبینی در فاز کالیبراسیون,ثبت شد
TO-233,هدف فنی,حداقل بارش مؤثر لازم برای استقرار در C6,۱۰۲,میلی‌متر در سال,فرض طراحی — بند ۱٫۲,۱۴۰۵,C,HP-18,تعیین مبنای عدد و بازبینی در فاز کالیبراسیون,ثبت شد
TO-234,هدف فنی,کسری بارش مؤثر در C9,۱۸,میلی‌متر در سال,فرض طراحی — بند ۳٫۱۴,۱۴۰۵,C,HP-18,تعیین مبنای عدد و بازبینی در فاز کالیبراسیون,ثبت شد
TO-235,هدف فنی,کسری بارش مؤثر در C6,۶۲,میلی‌متر در سال,فرض طراحی — بند ۳٫۱۴,۱۴۰۵,C,HP-18,تعیین مبنای عدد و بازبینی در فاز کالیبراسیون,ثبت شد
TO-236,هدف فنی,معادل باد آستانه با پوشش پوسته‌دار,۱۱٫۲,متر بر ثانیه,فرض طراحی — بی‌لنگرگاه: باید در بند متناظر کتابچه لنگر شود,۱۴۰۵,C,HP-18,تعیین بند متناظر و نوشتن مبنای عدد در همان بند,ثبت شد
TO-237,هدف فنی,ضریب حفاظتی فرض طراحی,۰٫۳۰,بدون بُعد,فرض طراحی — بند ۳٫۱۴,۱۴۰۵,C,HP-18,تعیین مبنای عدد و بازبینی در فاز کالیبراسیون,ثبت شد
TO-238,هدف فنی,ظرفیت انتقال با ضریب حفاظتی در نمونهٔ محاسبه,۰٫۱۹۲,کیلوگرم بر متر بر ثانیه,محاسبهٔ فرض طراحی — بی‌لنگرگاه: باید در بند متناظر کتابچه لنگر شود,۱۴۰۵,C,HP-18,تعیین بند متناظر و نوشتن مبنای عدد در همان بند,ثبت شد
TO-239,هدف فنی,نرخ پیشروی تپه با ضریب حفاظتی,۱۲۶,متر در سال,تصمیم طراحی — بی‌لنگرگاه: باید در بند متناظر کتابچه لنگر شود,۱۴۰۵,C,HP-18,تعیین بند متناظر و نوشتن مبنای عدد در همان بند,ثبت شد
TO-240,هدف فنی,نرخ نفوذ با پوستهٔ آب‌گریز,۴٫۵۳,میلی‌متر در ساعت,تصمیم طراحی — بند ۲٫۳,۱۴۰۵,C,HP-18,تثبیت مبنای تصمیم و بازبینی در فاز کالیبراسیون,ثبت شد
TO-241,هدف فنی,کاهش نرخ نفوذ بر اثر پوستهٔ آب‌گریز,۶۲,درصد,تصمیم طراحی — بند ۲٫۳,۱۴۰۵,C,HP-18,تثبیت مبنای تصمیم و بازبینی در فاز کالیبراسیون,ثبت شد
TO-242,هدف فنی,شاخص آب‌گریزی فرض,۰٫۷۰,بدون بُعد,فرض طراحی — بند ۳٫۱۴,۱۴۰۵,C,HP-18,تعیین مبنای عدد و بازبینی در فاز کالیبراسیون,ثبت شد
TO-243,هدف فنی,ضریب آب‌بندی فرض,۰٫۳۵,بدون بُعد,فرض طراحی — بند ۳٫۱۴,۱۴۰۵,C,HP-18,تعیین مبنای عدد و بازبینی در فاز کالیبراسیون,ثبت شد
SC-66,مقیاس,بار سوخت سطحی در نمونهٔ محاسبه,۵٫۲۸,تن در هکتار,محاسبهٔ فرض طراحی — بند ۱٫۱,۱۴۰۵,C,HP-18,تکرار محاسبه در فاز کالیبراسیون,ثبت شد
SC-67,مقیاس,معادل بار سوخت برای ضخامت ۵ سانتی‌متری بقایا,۴٫۴,تن در هکتار,فرض طراحی — بند ۱۰٫۲,۱۴۰۵,C,HP-18,تعیین مبنای عدد و بازبینی در فاز کالیبراسیون,ثبت شد
TO-244,هدف فنی,کسر پنجرهٔ مجاز سوزاندن تجویزی,۰٫۲۵,بدون بُعد,فرض طراحی — بند ۳٫۱۴,۱۴۰۵,C,HP-18,تعیین مبنای عدد و بازبینی در فاز کالیبراسیون,ثبت شد
TO-245,هدف فنی,طول پنجرهٔ سوزاندن تجویزی,۹۰,روز,فرض طراحی — بند ۳٫۱۴,۱۴۰۵,C,HP-18,تعیین مبنای عدد و بازبینی در فاز کالیبراسیون,ثبت شد
SC-68,مقیاس,تراکم تمرکز دام پیش از پاسخ حکمرانی,۶۰۰,دام در هکتار,فرض طراحی — بند ۱٫۱,۱۴۰۵,C,HP-18,تعیین مبنای عدد و بازبینی در فاز کالیبراسیون,ثبت شد
SC-69,مقیاس,تراکم تمرکز دام پس از دو پاسخ حکمرانی,۶۷,دام در هکتار,فرض طراحی — بند ۱٫۱,۱۴۰۵,C,HP-18,تعیین مبنای عدد و بازبینی در فاز کالیبراسیون,ثبت شد
SC-70,مقیاس,تراکم مرجع تحمل دام,۴۰۰,دام در هکتار,فرض طراحی — بند ۱۰٫۵,۱۴۰۵,C,HP-18,تعیین مبنای عدد و بازبینی در فاز کالیبراسیون,ثبت شد
SC-71,مقیاس,اندازهٔ سطح پناه‌دار هدف,۱٫۲,هکتار,فرض طراحی — بند ۲٫۴,۱۴۰۵,C,HP-18,تعیین مبنای عدد و بازبینی در فاز کالیبراسیون,ثبت شد
SC-72,مقیاس,بار گردوغبار معلق با پوشش,۹٫۷,کیلوگرم در هکتار در سال,فرض طراحی — بند ۱٫۲,۱۴۰۵,C,HP-18,تعیین مبنای عدد و بازبینی در فاز کالیبراسیون,ثبت شد
SC-73,مقیاس,بار گردوغبار معلق سطح لخت,۳۲٫۳,کیلوگرم در هکتار در سال,فرض طراحی — بند ۱٫۲,۱۴۰۵,C,HP-18,تعیین مبنای عدد و بازبینی در فاز کالیبراسیون,ثبت شد
TO-246,هدف فنی,کاهش انتشار گردوغبار با پوشش,۷۰,درصد,فرض طراحی — بند ۱٫۲,۱۴۰۵,C,HP-18,تعیین مبنای عدد و بازبینی در فاز کالیبراسیون,ثبت شد
TO-247,هدف فنی,نرخ بقای استقرار — سناریوی بدبینانه,۳۵,درصد,تصمیم طراحی — بند ۱٫۲,۱۴۰۵,C,HP-18,تثبیت مبنای تصمیم و بازبینی در فاز کالیبراسیون,ثبت شد
FN-133,مالی,بازده سالانه — سناریوی خوش‌بینانه,۴۵,دلار در هکتار در سال,فرض طراحی — بند ۱٫۷٫۱۰,۱۴۰۵,C,HP-18,تعیین مبنای عدد و بازبینی در فاز کالیبراسیون,ثبت شد
FN-134,مالی,هزینهٔ سرمایه‌ای با شوک دستمزد,۸۱۹,دلار در هکتار,فرض طراحی — بی‌لنگرگاه: باید در بند متناظر کتابچه لنگر شود,۱۴۰۵,C,HP-18,تعیین بند متناظر و نوشتن مبنای عدد در همان بند,ثبت شد
FN-135,مالی,هزینهٔ سرمایه‌ای با شوک آب در C10,۸۵۹,دلار در هکتار,فرض طراحی — بی‌لنگرگاه: باید در بند متناظر کتابچه لنگر شود,۱۴۰۵,C,HP-18,تعیین بند متناظر و نوشتن مبنای عدد در همان بند,ثبت شد
FN-136,مالی,هزینهٔ ده‌ساله در سناریوی رهاسازی,۹۷۱,دلار در هکتار,فرض طراحی — بند ۹٫۸٫۶,۱۴۰۵,C,HP-18,تعیین مبنای عدد و بازبینی در فاز کالیبراسیون,ثبت شد
FN-137,مالی,منفعت ده‌ساله در سناریوی رهاسازی,۹۲,دلار در هکتار,فرض طراحی — بند ۹٫۸٫۶,۱۴۰۵,C,HP-18,تعیین مبنای عدد و بازبینی در فاز کالیبراسیون,ثبت شد
TO-248,هدف فنی,نسبت بسته‌ای در سناریوی رهاسازی,۰٫۰۹,نسبت,فرض طراحی — بند ۹٫۸٫۶,۱۴۰۵,C,HP-18,تعیین مبنای عدد و بازبینی در فاز کالیبراسیون,ثبت شد
FN-138,مالی,شرط بازگشت در سناریوی رهاسازی,۱۱۰,دلار در هکتار در سال,فرض طراحی — بند ۹٫۸٫۶,۱۴۰۵,C,HP-18,تعیین مبنای عدد و بازبینی در فاز کالیبراسیون,ثبت شد
TO-249,هدف فنی,سال بازنشستگی فنی در سناریوی رهاسازی,۷,سال,فرض طراحی — بند ۸٫۳,۱۴۰۵,C,HP-18,تعیین مبنای عدد و بازبینی در فاز کالیبراسیون,ثبت شد
TO-250,هدف فنی,حداقل عمر عملکردی قابل قبول,۳,سال,فرض طراحی — بی‌لنگرگاه: باید در بند متناظر کتابچه لنگر شود,۱۴۰۵,C,HP-18,تعیین بند متناظر و نوشتن مبنای عدد در همان بند,ثبت شد
TO-251,هدف فنی,افت عمر به ازای هر واحد کسری نگهداری,۲٫۵,سال بر واحد,فرض طراحی — بی‌لنگرگاه: باید در بند متناظر کتابچه لنگر شود,۱۴۰۵,C,HP-18,تعیین بند متناظر و نوشتن مبنای عدد در همان بند,ثبت شد
FN-139,مالی,هزینهٔ کل با پاسخ سناریوی تجمعی S-M1,۱٬۴۳۱,دلار در هکتار,فرض طراحی — بند ۹٫۸٫۶,۱۴۰۵,C,HP-18,تعیین مبنای عدد و بازبینی در فاز کالیبراسیون,ثبت شد
FN-140,مالی,هزینهٔ کل با پاسخ سناریوی تجمعی S-M2,۱٬۴۲۵,دلار در هکتار,فرض طراحی — بند ۹٫۸٫۶,۱۴۰۵,C,HP-18,تعیین مبنای عدد و بازبینی در فاز کالیبراسیون,ثبت شد
FN-141,مالی,هزینهٔ کل با پاسخ سناریوی تجمعی S-M3,۱٬۴۲۱,دلار در هکتار,فرض طراحی — بند ۹٫۸٫۶,۱۴۰۵,C,HP-18,تعیین مبنای عدد و بازبینی در فاز کالیبراسیون,ثبت شد
FN-142,مالی,سهم مواد از هزینهٔ کل افق ده ساله,۰٫۰۷,نسبت,فرض طراحی — بی‌لنگرگاه: باید در بند متناظر کتابچه لنگر شود,۱۴۰۵,C,HP-18,تعیین بند متناظر و نوشتن مبنای عدد در همان بند,ثبت شد
TO-252,هدف فنی,ظرفیت روزانهٔ تیم چهار نفره,۳۲,نفر-ساعت,فرض طراحی — بند ۴٫۲,۱۴۰۵,C,HP-18,تعیین مبنای عدد و بازبینی در فاز کالیبراسیون,ثبت شد
TO-253,هدف فنی,زمان تقویمی روش دستی خالص,۶٫۵,روز تقویمی,فرض طراحی — بند ۱٫۱,۱۴۰۵,C,HP-18,تعیین مبنای عدد و بازبینی در فاز کالیبراسیون,ثبت شد
TO-254,هدف فنی,اختلاف ظرفیت دستی و پذیرش بسته,۱۰,نفر-روز,فرض طراحی — بند ۱۰٫۵,۱۴۰۵,C,HP-18,تعیین مبنای عدد و بازبینی در فاز کالیبراسیون,ثبت شد
FN-143,مالی,هزینهٔ نگهداری تجهیزات,۱۴,دلار در هکتار در سال,فرض طراحی — بی‌لنگرگاه: باید در بند متناظر کتابچه لنگر شود,۱۴۰۵,C,HP-18,تعیین بند متناظر و نوشتن مبنای عدد در همان بند,ثبت شد
FN-144,مالی,معادل بازدهی پایه بازگشت,۱٬۱۲۳,دلار در هکتار,فرض طراحی — بند ۸٫۱,۱۴۰۵,C,HP-18,تعیین مبنای عدد و بازبینی در فاز کالیبراسیون,ثبت شد
MD-10,مدل شبیه‌سازی,تعداد مدل‌های محاسباتی,۱۲,مدل,فرض طراحی — بی‌لنگرگاه: باید در بند متناظر کتابچه لنگر شود,۱۴۰۵,A,HP-18,تعیین بند متناظر و نوشتن مبنای عدد در همان بند,ثبت شد
R-02,ریسک,تعداد حالت خرابی در رجیستری — HP-18,۱۵,حالت,فرض طراحی — بی‌لنگرگاه: باید در بند متناظر کتابچه لنگر شود,۱۴۰۵,A,HP-18,تعیین بند متناظر و نوشتن مبنای عدد در همان بند,ثبت شد
TO-255,هدف فنی,تعداد سناریوی اقتصادی,۶,سناریو,فرض طراحی — بند ۹٫۸٫۶,۱۴۰۵,A,HP-18,تعیین مبنای عدد و بازبینی در فاز کالیبراسیون,ثبت شد
TO-256,هدف فنی,تعداد سناریوی اقلیمی,۳,سناریو,فرض طراحی — بند ۹٫۸٫۶,۱۴۰۵,A,HP-18,تعیین مبنای عدد و بازبینی در فاز کالیبراسیون,ثبت شد
TO-257,هدف فنی,تعداد نمونهٔ شکست مستند,۳,نمونه,فرض طراحی — بند ۱٫۱,۱۴۰۵,A,HP-18,تعیین مبنای عدد و بازبینی در فاز کالیبراسیون,ثبت شد
TO-258,هدف فنی,تعداد الزام با وضعیت برآورده,۴,ردیف,فرض طراحی — بند ۹٫۱,۱۴۰۵,A,HP-18,تعیین مبنای عدد و بازبینی در فاز کالیبراسیون,ثبت شد
TO-259,هدف فنی,تعداد الزام با وضعیت برآورده با قید,۱۲,ردیف,فرض طراحی — بند ۹٫۱,۱۴۰۵,A,HP-18,تعیین مبنای عدد و بازبینی در فاز کالیبراسیون,ثبت شد
TO-260,هدف فنی,تعداد الزام با وضعیت برآورده نشده,۴,ردیف,فرض طراحی — بند ۹٫۱,۱۴۰۵,A,HP-18,تعیین مبنای عدد و بازبینی در فاز کالیبراسیون,ثبت شد
TO-261,هدف فنی,سطر مغایرت,کاهش بار باد: مدل ۴ در تراکم پوشش ۰٫۲۰ کاهش ۵۵ درصد می‌دهد در برابر کاهش ۷۰ درصدی مدل ۱۱ در همان تراکم,درصد,فرض طراحی — بند ۳٫۳,۱۴۰۵,C,HP-18,تعیین مبنای عدد و بازبینی در فاز کالیبراسیون,ثبت شد
TO-262,هدف فنی,سطر مغایرت,نرخ کارگری زیرسازهٔ ۶a: ۰٫۱ روز-کار در مترمربع در سند بستهٔ بهینهٔ هر اقلیم در برابر ۰٫۰۵ روز-کار در مترمربع بازمحاسبه‌شده در این کتابچه,روز-کار در مترمربع,تصمیم طراحی — بند ۳٫۳,۱۴۰۵,C,HP-18,تثبیت مبنای تصمیم و بازبینی در فاز کالیبراسیون,ثبت شد
FN-145,مالی,سطر مغایرت,هزینهٔ زیرسازهٔ ۶a: ۲۶۰ دلار در سند بستهٔ بهینهٔ هر اقلیم در برابر ۵۲۰ دلار بازمحاسبه‌شده از نرخ واحد ۲٫۶۰ دلار در مترمربع,دلار در هکتار,تصمیم طراحی — بند ۳٫۳,۱۴۰۵,C,HP-18,تثبیت مبنای تصمیم و بازبینی در فاز کالیبراسیون,ثبت شد
FN-146,مالی,سطر مغایرت,هزینهٔ زیرسازهٔ ۶b: ۱۴۰ دلار در سند بستهٔ بهینهٔ هر اقلیم در برابر ۹۸ دلار بازمحاسبه‌شده از نرخ ۰٫۱ روز-کار در متر,دلار در هکتار,تصمیم طراحی — بند ۳٫۳,۱۴۰۵,C,HP-18,تثبیت مبنای تصمیم و بازبینی در فاز کالیبراسیون,ثبت شد
FN-147,مالی,سطر مغایرت,هزینهٔ جمع دو زیرسازه: ۴۰۰ دلار در سند بستهٔ بهینهٔ هر اقلیم در برابر ۶۵۹ دلار با افزوده‌شدن تجهیزات و حمل در این کتابچه,دلار در هکتار,فرض طراحی — بند ۳٫۳,۱۴۰۵,C,HP-18,تعیین مبنای عدد و بازبینی در فاز کالیبراسیون,ثبت شد
FN-148,مالی,سطر مغایرت,هزینهٔ یکسان زیرسازهٔ ۶a در دو جدول اقلیمی سند بستهٔ بهینهٔ هر اقلیم: ۲۶۰ دلار برای C6 و ۳۱۰ دلار برای C9، در حالی که زیرسازه و تراکم آن یکسان است,دلار در هکتار,فرض طراحی — بند ۳٫۳,۱۴۰۵,C,HP-18,تعیین مبنای عدد و بازبینی در فاز کالیبراسیون,ثبت شد
TO-263,هدف فنی,ضریب طراحی عرض کریدور k_w,۲٫۰,بدون بعد,فرض طراحی — بی‌لنگرگاه: باید در بند متناظر کتابچه لنگر شود,۱۴۰۵,C,HP-19,تعیین بند متناظر و نوشتن مبنای عدد در همان بند,ثبت شد
TO-264,هدف فنی,شعاع جست‌وجوی مؤثر کلنه R_f,۴۰۰,متر,فرض طراحی — بند ۱۰٫۸,۱۴۰۵,C,HP-19,تعیین مبنای عدد و بازبینی در فاز کالیبراسیون,ثبت شد
TO-265,هدف فنی,کف ماه‌های هم‌پوشان m_target,۸,ماه,تصمیم طراحی — بند ۳٫۱,۱۴۰۵,C,HP-19,تثبیت مبنای تصمیم و بازبینی در فاز کالیبراسیون,ثبت شد
TO-266,هدف فنی,سقف نمایهٔ شکاف غذایی k_GI,۰٫۳۰,بدون بعد,تصمیم طراحی — بند ۱٫۱,۱۴۰۵,C,HP-19,تثبیت مبنای تصمیم و بازبینی در فاز کالیبراسیون,ثبت شد
TO-267,هدف فنی,دب روزانهٔ هدف Q_d,۰٫۰۰۲,متر مکعب بر روز,فرض طراحی — بند ۷٫۲,۱۴۰۵,C,HP-19,تعیین مبنای عدد و بازبینی در فاز کالیبراسیون,ثبت شد
TO-268,هدف فنی,ضریب اطمینان ذخیره k_s,۱٫۵,بدون بعد,تصمیم طراحی — بی‌لنگرگاه: باید در بند متناظر کتابچه لنگر شود,۱۴۰۵,C,HP-19,تعیین بند متناظر و نوشتن مبنای عدد در همان بند,ثبت شد
TO-269,هدف فنی,ضریب هدررفت تبخیری k_evap,۰٫۲۰,بدون بعد,فرض طراحی — بند ۳٫۳,۱۴۰۵,C,HP-19,تعیین مبنای عدد و بازبینی در فاز کالیبراسیون,ثبت شد
TO-270,هدف فنی,ضریب هدررفت نشتی k_seep,۰٫۱۰,بدون بعد,فرض طراحی — بند ۳٫۳,۱۴۰۵,C,HP-19,تعیین مبنای عدد و بازبینی در فاز کالیبراسیون,ثبت شد
SC-74,مقیاس,زمان نگهداری سالانه — HP-19,۰٫۱۹,روز کاری بر هکتار در سال,فرض طراحی — بی‌لنگرگاه: باید در بند متناظر کتابچه لنگر شود,۱۴۰۵,C,HP-19,تعیین بند متناظر و نوشتن مبنای عدد در همان بند,ثبت شد
TO-271,هدف فنی,مغایرت: دستور بسته C6 را در دامنهٔ اقلیمی نیاورده اما اقلیم‌های کاربرد را C3 و C7 اعلام کرده,بخش تالابی C6 — کارکرد آن به HP-15 منتقل شده,—,فرض طراحی — بند ۴۸۶,۱۴۰۵,C,HP-19,تعیین مبنای عدد و بازبینی در فاز کالیبراسیون,ثبت شد
TO-272,هدف فنی,بهره‌وری کل آبیاری ایران,۵۷,درصد,فرض طراحی — بی‌لنگرگاه: باید در بند متناظر کتابچه لنگر شود,۱۴۰۵,B,HP-20,تعیین بند متناظر و نوشتن مبنای عدد در همان بند,ثبت شد
TO-273,هدف فنی,نیاز ناخالص آبیاری کشور,۱۰۵,میلیارد متر مکعب در سال,فرض طراحی — بند ۱٫۲,۱۴۰۵,B,HP-20,تعیین مبنای عدد و بازبینی در فاز کالیبراسیون,ثبت شد
TO-274,هدف فنی,نیاز خالص آبیاری کشور,۴۷,میلیارد متر مکعب در سال,فرض طراحی — بی‌لنگرگاه: باید در بند متناظر کتابچه لنگر شود,۱۴۰۵,B,HP-20,تعیین بند متناظر و نوشتن مبنای عدد در همان بند,ثبت شد
TO-275,هدف فنی,نسبت برداشت به نیاز خالص,۲٫۲۳,نسبت,فرض طراحی — بی‌لنگرگاه: باید در بند متناظر کتابچه لنگر شود,۱۴۰۵,B,HP-20,تعیین بند متناظر و نوشتن مبنای عدد در همان بند,ثبت شد
TO-276,هدف فنی,برداشت نسبت به منبع تجدیدپذیر,۲٫۲,برابر,فرض طراحی — بند ۴٫۱,۱۴۰۵,B,HP-20,تعیین مبنای عدد و بازبینی در فاز کالیبراسیون,ثبت شد
TO-277,هدف فنی,بهره‌وری کاربرد آبیاری در خط پایه ملی,۰٫۷۴,بدون بُعد,فرض طراحی — بی‌لنگرگاه: باید در بند متناظر کتابچه لنگر شود,۱۴۰۵,C,HP-20,تعیین بند متناظر و نوشتن مبنای عدد در همان بند,ثبت شد
TO-278,هدف فنی,بهره‌وری انتقال و توزیع در خط پایه ملی,۰٫۷۷,بدون بُعد,فرض طراحی — بند ۱٫۳,۱۴۰۵,C,HP-20,تعیین مبنای عدد و بازبینی در فاز کالیبراسیون,ثبت شد
TO-279,هدف فنی,بهره‌وری کل آبیاری هدف این بسته,۰٫۷۶۵,بدون بُعد,فرض طراحی — بی‌لنگرگاه: باید در بند متناظر کتابچه لنگر شود,۱۴۰۵,C,HP-20,تعیین بند متناظر و نوشتن مبنای عدد در همان بند,ثبت شد
TO-280,هدف فنی,بهره‌وری انتقال و توزیع هدف این بسته,۰٫۹۰,بدون بُعد,فرض طراحی — بند ۱٫۳,۱۴۰۵,C,HP-20,تعیین مبنای عدد و بازبینی در فاز کالیبراسیون,ثبت شد
TO-281,هدف فنی,بهره‌وری کاربرد هدف این بسته,۰٫۸۵,بدون بُعد,فرض طراحی — بی‌لنگرگاه: باید در بند متناظر کتابچه لنگر شود,۱۴۰۵,C,HP-20,تعیین بند متناظر و نوشتن مبنای عدد در همان بند,ثبت شد
TO-282,هدف فنی,عمق ناحیهٔ ریشه باغ پسته,۰٫۸,متر,فرض طراحی — بی‌لنگرگاه: باید در بند متناظر کتابچه لنگر شود,۱۴۰۵,C,HP-20,تعیین بند متناظر و نوشتن مبنای عدد در همان بند,ثبت شد
TO-283,هدف فنی,رطوبت در نقطهٔ ظرفیت زراعی,۰٫۲۸,سانتی‌متر بر سانتی‌متر,فرض طراحی — بی‌لنگرگاه: باید در بند متناظر کتابچه لنگر شود,۱۴۰۵,C,HP-20,تعیین بند متناظر و نوشتن مبنای عدد در همان بند,ثبت شد
TO-284,هدف فنی,رطوبت در نقطهٔ پژمردگی دائم,۰٫۱۲,سانتی‌متر بر سانتی‌متر,فرض طراحی — بند ۳٫۲,۱۴۰۵,C,HP-20,تعیین مبنای عدد و بازبینی در فاز کالیبراسیون,ثبت شد
TO-285,هدف فنی,ظرفیت ذخیرهٔ ناحیهٔ ریشه,۱۲۸,میلی‌متر,فرض طراحی — بند ۱٫۹,۱۴۰۵,C,HP-20,تعیین مبنای عدد و بازبینی در فاز کالیبراسیون,ثبت شد
TO-286,هدف فنی,تبخیر-تعرق مرجع فرضی بند ۳٫۲,۶٫۸,میلی‌متر بر روز,فرض طراحی — بی‌لنگرگاه: باید در بند متناظر کتابچه لنگر شود,۱۴۰۵,C,HP-20,تعیین بند متناظر و نوشتن مبنای عدد در همان بند,ثبت شد
TO-287,هدف فنی,تبخیر-تعرق مرجع محاسبه‌شده,۵٫۸,میلی‌متر بر روز,محاسبهٔ فرض طراحی — بی‌لنگرگاه: باید در بند متناظر کتابچه لنگر شود,۱۴۰۵,C,HP-20,تعیین بند متناظر و نوشتن مبنای عدد در همان بند,ثبت شد
SP-08,گونه,تبخیر-تعرق گیاه محاسبه‌شده,۲٫۵,میلی‌متر بر روز,محاسبهٔ فرض طراحی — بی‌لنگرگاه: باید در بند متناظر کتابچه لنگر شود,۱۴۰۵,C,HP-20,تعیین بند متناظر و نوشتن مبنای عدد در همان بند,ثبت شد
TO-288,هدف فنی,فاصلهٔ نوبت هدف در کلاس C2,۲۵,روز,فرض طراحی — بند ۱٫۲,۱۴۰۵,C,HP-20,تعیین مبنای عدد و بازبینی در فاز کالیبراسیون,ثبت شد
TO-289,هدف فنی,عمق نوبت هدف,۲۵,میلی‌متر,فرض طراحی — بی‌لنگرگاه: باید در بند متناظر کتابچه لنگر شود,۱۴۰۵,C,HP-20,تعیین بند متناظر و نوشتن مبنای عدد در همان بند,ثبت شد
TO-290,هدف فنی,تعداد نوبت در هر چرخهٔ کلاس C2,۵,نوبت,فرض طراحی — بند ۲٫۶,۱۴۰۵,C,HP-20,تعیین مبنای عدد و بازبینی در فاز کالیبراسیون,ثبت شد
TO-291,هدف فنی,پراکندگی فشار مجاز هر زیربخش,کمتر از ۵,درصد,فرض طراحی — بند ۱٫۶,۱۴۰۵,C,HP-20,تعیین مبنای عدد و بازبینی در فاز کالیبراسیون,ثبت شد
SC-75,مقیاس,تعداد گردانک در واحد هکتار,۱٬۲۰۰,عدد,فرض طراحی — بند ۸٫۶,۱۴۰۵,C,HP-20,تعیین مبنای عدد و بازبینی در فاز کالیبراسیون,ثبت شد
TO-292,هدف فنی,حجم مخزن,۲,متر مکعب,فرض طراحی — بی‌لنگرگاه: باید در بند متناظر کتابچه لنگر شود,۱۴۰۵,C,HP-20,تعیین بند متناظر و نوشتن مبنای عدد در همان بند,ثبت شد
TO-293,هدف فنی,آستانهٔ شاخص نشت,کمتر از ۵,درصد,فرض طراحی — بی‌لنگرگاه: باید در بند متناظر کتابچه لنگر شود,۱۴۰۵,C,HP-20,تعیین بند متناظر و نوشتن مبنای عدد در همان بند,ثبت شد
TO-294,هدف فنی,آستانهٔ یکنواختی توزیع,دست‌کم ۹۰,درصد,فرض طراحی — بند ۱٫۲,۱۴۰۵,C,HP-20,تعیین مبنای عدد و بازبینی در فاز کالیبراسیون,ثبت شد
SC-76,مقیاس,الزام آبشویی سالانه در نمونهٔ کلاس C2,۲۴۳,متر مکعب بر هکتار در سال,فرض طراحی — بند ۱٫۹,۱۴۰۵,C,HP-20,تعیین مبنای عدد و بازبینی در فاز کالیبراسیون,ثبت شد
TO-295,هدف فنی,غلظت نمک در نوار خیس,۳٫۱۲,برابر آب آبیاری,فرض طراحی — بند ۱٫۲,۱۴۰۵,C,HP-20,تعیین مبنای عدد و بازبینی در فاز کالیبراسیون,ثبت شد
TO-296,هدف فنی,عمر سامانه در نگهداری کامل,۶٫۷,سال,فرض طراحی — بی‌لنگرگاه: باید در بند متناظر کتابچه لنگر شود,۱۴۰۵,C,HP-20,تعیین بند متناظر و نوشتن مبنای عدد در همان بند,ثبت شد
TO-297,هدف فنی,عمر سامانه در کسریابی نیم,۳٫۳,سال,فرض طراحی — بند ۷٫۱,۱۴۰۵,C,HP-20,تعیین مبنای عدد و بازبینی در فاز کالیبراسیون,ثبت شد
FN-149,مالی,هزینهٔ جایگزینی در کسریابی نیم,۲۴,دلار بر هکتار در سال,فرض طراحی — بند ۲٫۶,۱۴۰۵,C,HP-20,تعیین مبنای عدد و بازبینی در فاز کالیبراسیون,ثبت شد
TO-298,هدف فنی,دبی مورد نیاز هر گردانک در نمونهٔ طراحی,۲,لیتر بر ساعت,فرض طراحی — بند ۸٫۶,۱۴۰۵,C,HP-20,تعیین مبنای عدد و بازبینی در فاز کالیبراسیون,ثبت شد
TO-299,هدف فنی,قطر داخلی خط جانبی,۲۰,میلی‌متر,فرض طراحی — بند ۱٫۱,۱۴۰۵,C,HP-20,تعیین مبنای عدد و بازبینی در فاز کالیبراسیون,ثبت شد
TO-300,هدف فنی,قطر داخلی خط فروریز,۱۱۰,میلی‌متر,فرض طراحی — بند ۴٫۴,۱۴۰۵,C,HP-20,تعیین مبنای عدد و بازبینی در فاز کالیبراسیون,ثبت شد
FN-150,مالی,هزینه سرمایه‌ای — سطح S1 پایلوت,۱٬۲۴۰,دلار بر هکتار,فرض طراحی — بی‌لنگرگاه: باید در بند متناظر کتابچه لنگر شود,۱۴۰۵,C,HP-20,تعیین بند متناظر و نوشتن مبنای عدد در همان بند,ثبت شد
FN-151,مالی,هزینه عملیاتی — سطح S1 پایلوت,۹۶,دلار بر هکتار در سال,فرض طراحی — بی‌لنگرگاه: باید در بند متناظر کتابچه لنگر شود,۱۴۰۵,C,HP-20,تعیین بند متناظر و نوشتن مبنای عدد در همان بند,ثبت شد
FN-152,مالی,دوره بازگشت سرمایه,۳٫۵,سال,فرض طراحی — بی‌لنگرگاه: باید در بند متناظر کتابچه لنگر شود,۱۴۰۵,C,HP-20,تعیین بند متناظر و نوشتن مبنای عدد در همان بند,ثبت شد
FN-153,مالی,نسبت منفعت به هزینه,۱٫۵۲,نسبت,فرض طراحی — بی‌لنگرگاه: باید در بند متناظر کتابچه لنگر شود,۱۴۰۵,C,HP-20,تعیین بند متناظر و نوشتن مبنای عدد در همان بند,ثبت شد
TO-301,هدف فنی,ضریب ارزش سالانهٔ ده‌ساله با نرخ ۱۰ درصد,۶٫۱۴۵,ضریب,تصمیم طراحی — بند ۹٫۷,۱۴۰۵,C,HP-20,تثبیت مبنای تصمیم و بازبینی در فاز کالیبراسیون,ثبت شد
FN-154,مالی,هزینهٔ لولهٔ فروریز اصلی,۸۲,دلار بر هکتار,فرض طراحی — بی‌لنگرگاه: باید در بند متناظر کتابچه لنگر شود,۱۴۰۵,C,HP-20,تعیین بند متناظر و نوشتن مبنای عدد در همان بند,ثبت شد
FN-155,مالی,هزینهٔ لولهٔ توزیع روی ردیف,۲۴۲,دلار بر هکتار,فرض طراحی — بی‌لنگرگاه: باید در بند متناظر کتابچه لنگر شود,۱۴۰۵,C,HP-20,تعیین بند متناظر و نوشتن مبنای عدد در همان بند,ثبت شد
FN-156,مالی,هزینهٔ گردانک,۱۰۸,دلار بر هکتار,فرض طراحی — بی‌لنگرگاه: باید در بند متناظر کتابچه لنگر شود,۱۴۰۵,C,HP-20,تعیین بند متناظر و نوشتن مبنای عدد در همان بند,ثبت شد
FN-157,مالی,هزینهٔ شیر هوشمند و کنترلر,۹۰,دلار بر هکتار,فرض طراحی — بی‌لنگرگاه: باید در بند متناظر کتابچه لنگر شود,۱۴۰۵,C,HP-20,تعیین بند متناظر و نوشتن مبنای عدد در همان بند,ثبت شد
FN-158,مالی,هزینهٔ فلومتر و جعبهٔ پیش‌سنجش,۱۵۰,دلار بر هکتار,فرض طراحی — بی‌لنگرگاه: باید در بند متناظر کتابچه لنگر شود,۱۴۰۵,C,HP-20,تعیین بند متناظر و نوشتن مبنای عدد در همان بند,ثبت شد
FN-159,مالی,هزینهٔ حسگر رطوبت و پیکربندی,۱۵۰,دلار بر هکتار,فرض طراحی — بند ۲٫۵,۱۴۰۵,C,HP-20,تعیین مبنای عدد و بازبینی در فاز کالیبراسیون,ثبت شد
FN-160,مالی,هزینهٔ فیلتر و مخزن,۷۵,دلار بر هکتار,فرض طراحی — بی‌لنگرگاه: باید در بند متناظر کتابچه لنگر شود,۱۴۰۵,C,HP-20,تعیین بند متناظر و نوشتن مبنای عدد در همان بند,ثبت شد
FN-161,مالی,هزینهٔ اجرا و نصب,۳۴۳,دلار بر هکتار,فرض طراحی — بی‌لنگرگاه: باید در بند متناظر کتابچه لنگر شود,۱۴۰۵,C,HP-20,تعیین بند متناظر و نوشتن مبنای عدد در همان بند,ثبت شد
FN-162,مالی,هزینهٔ نگهداری و مصرفی سالانه,۳۸,دلار بر هکتار در سال,فرض طراحی — بی‌لنگرگاه: باید در بند متناظر کتابچه لنگر شود,۱۴۰۵,C,HP-20,تعیین بند متناظر و نوشتن مبنای عدد در همان بند,ثبت شد
FN-163,مالی,هزینهٔ انرژی پمپاژ,۴۲,دلار بر هکتار در سال,فرض طراحی — بی‌لنگرگاه: باید در بند متناظر کتابچه لنگر شود,۱۴۰۵,C,HP-20,تعیین بند متناظر و نوشتن مبنای عدد در همان بند,ثبت شد
FN-164,مالی,هزینهٔ کنترل و نشت‌یاب,۱۶,دلار بر هکتار در سال,فرض طراحی — بی‌لنگرگاه: باید در بند متناظر کتابچه لنگر شود,۱۴۰۵,C,HP-20,تعیین بند متناظر و نوشتن مبنای عدد در همان بند,ثبت شد
FN-165,مالی,سرمایهٔ جایگزینی حسگر و شیر,۱۲,دلار بر هکتار در سال,فرض طراحی — بند ۲٫۶,۱۴۰۵,C,HP-20,تعیین مبنای عدد و بازبینی در فاز کالیبراسیون,ثبت شد
FN-166,مالی,منفعت نقدی سالانهٔ بسته,۴۵۲,دلار بر هکتار در سال,فرض طراحی — بند ۹٫۷,۱۴۰۵,C,HP-20,تعیین مبنای عدد و بازبینی در فاز کالیبراسیون,ثبت شد
FN-167,مالی,سهم خدمات اکوسیستمی بسته,۱۲۰,دلار بر هکتار در سال,فرض طراحی — بند ۹٫۴,۱۴۰۵,C,HP-20,تعیین مبنای عدد و بازبینی در فاز کالیبراسیون,ثبت شد
TO-302,هدف فنی,عمق ناحیهٔ ریشه در کلاس C2,۰٫۸,متر,فرض طراحی — بی‌لنگرگاه: باید در بند متناظر کتابچه لنگر شود,۱۴۰۵,C,HP-20,تعیین بند متناظر و نوشتن مبنای عدد در همان بند,ثبت شد
TO-303,هدف فنی,عمق ناحیهٔ ریشه در کلاس C4,۰٫۶,متر,فرض طراحی — بی‌لنگرگاه: باید در بند متناظر کتابچه لنگر شود,۱۴۰۵,C,HP-20,تعیین بند متناظر و نوشتن مبنای عدد در همان بند,ثبت شد
TO-304,هدف فنی,عمق نوبت هدف,۱۵ تا ۳۰,میلی‌متر,فرض طراحی — بی‌لنگرگاه: باید در بند متناظر کتابچه لنگر شود,۱۴۰۵,C,HP-20,تعیین بند متناظر و نوشتن مبنای عدد در همان بند,ثبت شد
TO-305,هدف فنی,فاصلهٔ نوبت در کلاس C2,۱۳ تا ۱۷,روز,فرض طراحی — بند ۱٫۲,۱۴۰۵,C,HP-20,تعیین مبنای عدد و بازبینی در فاز کالیبراسیون,ثبت شد
TO-306,هدف فنی,فاصلهٔ نوبت در کلاس C4,۱۰ تا ۱۴,روز,فرض طراحی — بند ۱٫۲,۱۴۰۵,C,HP-20,تعیین مبنای عدد و بازبینی در فاز کالیبراسیون,ثبت شد
TO-307,هدف فنی,دبی نامی گردانک,۲,لیتر بر ساعت,فرض طراحی — بند ۸٫۶,۱۴۰۵,C,HP-20,تعیین مبنای عدد و بازبینی در فاز کالیبراسیون,ثبت شد
M-38,ماده,قطر اسمی لولهٔ فروریز,۶۳ تا ۱۱۰,میلی‌متر,فرض طراحی — بند ۴٫۴,۱۴۰۵,C,HP-20,تعیین مبنای عدد و بازبینی در فاز کالیبراسیون,ثبت شد
M-39,ماده,قطر اسمی لولهٔ توزیع,۱۶ تا ۳۲,میلی‌متر,فرض طراحی — بی‌لنگرگاه: باید در بند متناظر کتابچه لنگر شود,۱۴۰۵,C,HP-20,تعیین بند متناظر و نوشتن مبنای عدد در همان بند,ثبت شد
SC-77,مقیاس,تعداد حسگر رطوبت در واحد هکتار,۶,عدد,فرض طراحی — بند ۲٫۶,۱۴۰۵,C,HP-20,تعیین مبنای عدد و بازبینی در فاز کالیبراسیون,ثبت شد
SC-78,مقیاس,زمان اجرا در هر واحد هکتار,۱۲,روز کاری,فرض طراحی — بی‌لنگرگاه: باید در بند متناظر کتابچه لنگر شود,۱۴۰۵,C,HP-20,تعیین بند متناظر و نوشتن مبنای عدد در همان بند,ثبت شد
TO-308,هدف فنی,کل نفر-روز اجرا,۲۲,نفر-روز,فرض طراحی — بی‌لنگرگاه: باید در بند متناظر کتابچه لنگر شود,۱۴۰۵,C,HP-20,تعیین بند متناظر و نوشتن مبنای عدد در همان بند,ثبت شد
FN-168,مالی,هزینهٔ تجهیزات سرمایهٔ تیم,۶۳۲,دلار,فرض طراحی — بی‌لنگرگاه: باید در بند متناظر کتابچه لنگر شود,۱۴۰۵,C,HP-20,تعیین بند متناظر و نوشتن مبنای عدد در همان بند,ثبت شد
R-03,ریسک,تعداد رجیستری ریسک و پاسخ,۷,مدخل,فرض طراحی — بی‌لنگرگاه: باید در بند متناظر کتابچه لنگر شود,۱۴۰۵,C,HP-20,تعیین بند متناظر و نوشتن مبنای عدد در همان بند,ثبت شد
R-04,ریسک,تعداد راهکار مستقل ریسک,۱۸,راهکار,فرض طراحی — بند ۱٫۸,۱۴۰۵,C,HP-20,تعیین مبنای عدد و بازبینی در فاز کالیبراسیون,ثبت شد
TO-309,هدف فنی,مغایرت — بهره‌وری آبیاری ایران,۵۷ درصد در برابر ۶۰ درصد,درصد,فرض طراحی — بند ۱٫۱,۱۴۰۵,C,HP-20,تعیین مبنای عدد و بازبینی در فاز کالیبراسیون,ثبت شد
TO-310,هدف فنی,مغایرت — عمق نوبت محاسبهٔ نمونه,۳۹ میلی‌متر در برابر بازهٔ ۱۵ تا ۳۰,میلی‌متر,محاسبهٔ فرض طراحی — بند ۱٫۱,۱۴۰۵,C,HP-20,تکرار محاسبه در فاز کالیبراسیون,ثبت شد
TO-311,هدف فنی,مغایرت — نسبت برداشت,۲٫۲ در برابر ۲٫۲۳,برابر,فرض طراحی — بند ۱٫۱,۱۴۰۵,C,HP-20,تعیین مبنای عدد و بازبینی در فاز کالیبراسیون,ثبت شد
TO-312,هدف فنی,نسخهٔ سند,v3.0,نسخه,فرض طراحی — بند ۲٫۴,۱۴۰۵,C,HP-23,تعیین مبنای عدد و بازبینی در فاز کالیبراسیون,ثبت شد
TO-313,هدف فنی,کد سند,HP-23-ENG-v3.0,کد,فرض طراحی — بی‌لنگرگاه: باید در بند متناظر کتابچه لنگر شود,۱۴۰۵,C,HP-23,تعیین بند متناظر و نوشتن مبنای عدد در همان بند,ثبت شد
TO-314,هدف فنی,کد بسته — HP-23,HP-23,کد,فرض طراحی — بی‌لنگرگاه: باید در بند متناظر کتابچه لنگر شود,۱۴۰۵,C,HP-23,تعیین بند متناظر و نوشتن مبنای عدد در همان بند,ثبت شد
TO-315,هدف فنی,تاریخ تدوین,۱۴۰۵,سال,فرض طراحی — بی‌لنگرگاه: باید در بند متناظر کتابچه لنگر شود,۱۴۰۵,C,HP-23,تعیین بند متناظر و نوشتن مبنای عدد در همان بند,ثبت شد
TO-316,هدف فنی,نرخ پایش مشارکتی — هدف,۷۵,درصد,تصمیم طراحی — بی‌لنگرگاه: باید در بند متناظر کتابچه لنگر شود,۱۴۰۵,C,HP-23,تعیین بند متناظر و نوشتن مبنای عدد در همان بند,ثبت شد
TO-317,هدف فنی,تعداد تصمیم اصلاحی — شرط اعتبار,دست‌کم ۱ در هر پایلوت,تصمیم,تصمیم طراحی — بند ۳٫۱٫۴,۱۴۰۵,C,HP-23,تثبیت مبنای تصمیم و بازبینی در فاز کالیبراسیون,ثبت شد
TO-318,هدف فنی,تعداد تصمیم اصلاحی — ساختار سالم,۳ و بیشتر,تصمیم در سال,تصمیم طراحی — بند ۳٫۱٫۴,۱۴۰۵,C,HP-23,تثبیت مبنای تصمیم و بازبینی در فاز کالیبراسیون,ثبت شد
TO-319,هدف فنی,تعداد جلسات تصمیم در سال,۴,جلسه,تصمیم طراحی — بند ۳٫۱٫۴,۱۴۰۵,C,HP-23,تثبیت مبنای تصمیم و بازبینی در فاز کالیبراسیون,ثبت شد
TO-320,هدف فنی,حداقل نمایندهٔ رسمی در هر جلسه,۲,نفر,فرض طراحی — بند ۴٫۱,۱۴۰۵,C,HP-23,تعیین مبنای عدد و بازبینی در فاز کالیبراسیون,ثبت شد
TO-321,هدف فنی,تعداد جلسات مدرسهٔ مزرعه‌ای در سال,۲۰,جلسه,فرض طراحی — بی‌لنگرگاه: باید در بند متناظر کتابچه لنگر شود,۱۴۰۵,C,HP-23,تعیین بند متناظر و نوشتن مبنای عدد در همان بند,ثبت شد
PL-09,پایلوت,تقاضای نیروی کار بسته,۲۰۰,نفر-روز در سال در هر پایلوت,فرض طراحی — بند ۳٫۵,۱۴۰۵,C,HP-23,تعیین مبنای عدد و بازبینی در فاز کالیبراسیون,ثبت شد
TO-322,هدف فنی,تقاضای نیروی کار گام چهارم,۷۰,نفر-روز,فرض طراحی — بند ۳٫۵,۱۴۰۵,C,HP-23,تعیین مبنای عدد و بازبینی در فاز کالیبراسیون,ثبت شد
TO-323,هدف فنی,تقاضای نیروی کار گام پنجم,۷۲,نفر-روز,فرض طراحی — بند ۳٫۵,۱۴۰۵,C,HP-23,تعیین مبنای عدد و بازبینی در فاز کالیبراسیون,ثبت شد
TO-324,هدف فنی,نفر-ساعت کل بسته به روش دستی,۱٬۶۰۰,نفر-ساعت,فرض طراحی — بند ۳٫۱٫۴,۱۴۰۵,C,HP-23,تعیین مبنای عدد و بازبینی در فاز کالیبراسیون,ثبت شد
TO-325,هدف فنی,نفر-ساعت گام چهارم به روش ماشینی,۴۸۰,نفر-ساعت,فرض طراحی — بند ۴٫۶,۱۴۰۵,C,HP-23,تعیین مبنای عدد و بازبینی در فاز کالیبراسیون,ثبت شد
TO-326,هدف فنی,ساعت کاری در روز کاری,۸,ساعت,فرض طراحی — بند ۳٫۱٫۴,۱۴۰۵,C,HP-23,تعیین مبنای عدد و بازبینی در فاز کالیبراسیون,ثبت شد
TO-327,هدف فنی,روز کاری در سال,۲۴۰,روز,فرض طراحی — بند ۱۱٫۴.,۱۴۰۵,C,HP-23,تعیین مبنای عدد و بازبینی در فاز کالیبراسیون,ثبت شد
PL-10,پایلوت,شغل تمام‌وقت معادل هر پایلوت,۰٫۸۳,شغل,فرض طراحی — بی‌لنگرگاه: باید در بند متناظر کتابچه لنگر شود,۱۴۰۵,C,HP-23,تعیین بند متناظر و نوشتن مبنای عدد در همان بند,ثبت شد
PL-11,پایلوت,نگهداری سالانهٔ بسته,۵۴,روز کاری در هر پایلوت,فرض طراحی — بی‌لنگرگاه: باید در بند متناظر کتابچه لنگر شود,۱۴۰۵,C,HP-23,تعیین بند متناظر و نوشتن مبنای عدد در همان بند,ثبت شد
SC-79,مقیاس,مقیاس سطح ریسک,احتمال و شدت هر یک از ۱ تا ۵,مقیاس,فرض طراحی — بی‌لنگرگاه: باید در بند متناظر کتابچه لنگر شود,۱۴۰۵,C,HP-23,تعیین بند متناظر و نوشتن مبنای عدد در همان بند,ثبت شد
R-05,ریسک,باند سطح ریسک,۱ تا ۴ کم و ۵ تا ۹ متوسط و ۱۰ تا ۱۵ بالا و ۱۶ تا ۲۵ بحرانی,باند,فرض طراحی — بند ۳٫۱۴,۱۴۰۵,C,HP-23,تعیین مبنای عدد و بازبینی در فاز کالیبراسیون,ثبت شد
TO-328,هدف فنی,کمترین تعداد رأیدهندهٔ مستقل,۵,نفر,فرض طراحی — بند ۷٫۲,۱۴۰۵,C,HP-23,تعیین مبنای عدد و بازبینی در فاز کالیبراسیون,ثبت شد
TO-329,هدف فنی,سقف نفر-روز هر نقش,۲۰۰,نفر-روز در سال,تصمیم طراحی — بی‌لنگرگاه: باید در بند متناظر کتابچه لنگر شود,۱۴۰۵,C,HP-23,تعیین بند متناظر و نوشتن مبنای عدد در همان بند,ثبت شد
GV-12,حکمرانی,سهم کشاورز بهره‌بردار — مقدار بازنشسته,۲۰ درصد در برابر ۴۵ درصد,درصد,فرض طراحی — بی‌لنگرگاه: باید در بند متناظر کتابچه لنگر شود,۱۴۰۵,C,HP-23,تعیین بند متناظر و نوشتن مبنای عدد در همان بند,ثبت شد
FN-169,مالی,سقف خدمات اکوسیستمی — مقدار بازنشسته,۹۰۷ در برابر ۶۲۹٫۹۵,دلار در هکتار در سال,تصمیم طراحی — بند ۹٫۵,۱۴۰۵,C,HP-23,تثبیت مبنای تصمیم و بازبینی در فاز کالیبراسیون,ثبت شد
FN-170,مالی,شکاف میان هزینهٔ نیروی کار و شمار شغل,تأییدنشده در برابر ۰٫۸۳ شغل,دلار و شغل,فرض طراحی — بند ۱٫۵,۱۴۰۵,C,HP-23,تعیین مبنای عدد و بازبینی در فاز کالیبراسیون,ثبت شد
TO-330,هدف فنی,زمان ماند در وضعیت — فرض طراحی,۵ تا ۱۲۰,دقیقه,فرض طراحی — بی‌لنگرگاه: باید در بند متناظر کتابچه لنگر شود,۱۴۰۵,C,HP-23,تعیین بند متناظر و نوشتن مبنای عدد در همان بند,ثبت شد
TO-331,هدف فنی,زمان چرخهٔ کامل پیشنهاد — فرض طراحی,۱۷ تا ۲۱۰,دقیقه,فرض طراحی — بی‌لنگرگاه: باید در بند متناظر کتابچه لنگر شود,۱۴۰۵,C,HP-23,تعیین بند متناظر و نوشتن مبنای عدد در همان بند,ثبت شد
TO-332,هدف فنی,ظرفیت جلسه — سقف پیشنهاد,۴,پیشنهاد در هر جلسه,تصمیم طراحی — بند ۵٫۱,۱۴۰۵,C,HP-23,تثبیت مبنای تصمیم و بازبینی در فاز کالیبراسیون,ثبت شد
GV-13,حکمرانی,سهم بار کاری بسته‌های شریک از کارگروه,۵۶٫۵,درصد,فرض طراحی — بی‌لنگرگاه: باید در بند متناظر کتابچه لنگر شود,۱۴۰۵,C,HP-23,تعیین بند متناظر و نوشتن مبنای عدد در همان بند,ثبت شد
TO-333,هدف فنی,شاخص تصاحب نخبگان — آستانهٔ تصاحب آشکار,۰٫۷۵,بدون بعد,فرض طراحی — بند ۳٫۶,۱۴۰۵,C,HP-23,تعیین مبنای عدد و بازبینی در فاز کالیبراسیون,ثبت شد
TO-334,هدف فنی,شاخص تصاحب نخبگان — آستانهٔ توقف,۰٫۵,بدون بعد,فرض طراحی — بند ۳٫۶,۱۴۰۵,C,HP-23,تعیین مبنای عدد و بازبینی در فاز کالیبراسیون,ثبت شد
TO-335,هدف فنی,کف رأیدهندهٔ مستقل در هر رأی,۵,نفر,تصمیم طراحی — بند ۷٫۲,۱۴۰۵,C,HP-23,تثبیت مبنای تصمیم و بازبینی در فاز کالیبراسیون,ثبت شد
TO-336,هدف فنی,شاخص حضور مؤثر زنان — آستانهٔ هشدار,۸۰,درصد,فرض طراحی — بی‌لنگرگاه: باید در بند متناظر کتابچه لنگر شود,۱۴۰۵,C,HP-23,تعیین بند متناظر و نوشتن مبنای عدد در همان بند,ثبت شد
TO-337,هدف فنی,شکاف مشارکت جنسیتی — نمونهٔ محاسبه,۵۴٫۳,درصد,محاسبهٔ فرض طراحی — بی‌لنگرگاه: باید در بند متناظر کتابچه لنگر شود,۱۴۰۵,C,HP-23,تعیین بند متناظر و نوشتن مبنای عدد در همان بند,ثبت شد
TO-338,هدف فنی,تناژ شکایت — نمونهٔ محاسبه,۱٫۵,پرونده در هفته,محاسبهٔ فرض طراحی — بی‌لنگرگاه: باید در بند متناظر کتابچه لنگر شود,۱۴۰۵,C,HP-23,تعیین بند متناظر و نوشتن مبنای عدد در همان بند,ثبت شد
TO-339,هدف فنی,ظرفیت پاسخ‌گویی ماهانهٔ میانجی — نمونهٔ محاسبه,۲٫۲,پرونده در ماه,محاسبهٔ فرض طراحی — بند ۸٫۱,۱۴۰۵,C,HP-23,تکرار محاسبه در فاز کالیبراسیون,ثبت شد
TO-340,هدف فنی,ضریب اشباع کانال — نمونهٔ محاسبه,۲٫۹۵,بدون بعد,محاسبهٔ فرض طراحی — بند ۳٫۳,۱۴۰۵,C,HP-23,تکرار محاسبه در فاز کالیبراسیون,ثبت شد
TO-341,هدف فنی,شاخص امنیت مالکیت — نمونهٔ محاسبه,۶۲٫۵,درصد,محاسبهٔ فرض طراحی — بند ۳٫۱٫۱.,۱۴۰۵,C,HP-23,تکرار محاسبه در فاز کالیبراسیون,ثبت شد
TO-342,هدف فنی,نرخ جابه‌جایی کار فصلی — نمونهٔ محاسبه,۴۰,درصد,تصمیم طراحی — بند ۱٫۴٫۶,۱۴۰۵,C,HP-23,تثبیت مبنای تصمیم و بازبینی در فاز کالیبراسیون,ثبت شد
TO-343,هدف فنی,ضریب رقابت بر سر بهره‌بردار — نمونهٔ محاسبه,۴۰,درصد,محاسبهٔ فرض طراحی — بند ۱٫۴٫۶,۱۴۰۵,C,HP-23,تکرار محاسبه در فاز کالیبراسیون,ثبت شد
GV-14,حکمرانی,ضریب جینی سهم دریافتی — توزیع مصوب,۰٫۲۵,بدون بعد,فرض طراحی — بند ۹٫۲,۱۴۰۵,C,HP-23,تعیین مبنای عدد و بازبینی در فاز کالیبراسیون,ثبت شد
GV-15,حکمرانی,ضریب جینی سهم دریافتی — توزیع تک‌سهمی,۰٫۶۸,بدون بعد,فرض طراحی — بند ۹٫۲,۱۴۰۵,C,HP-23,تعیین مبنای عدد و بازبینی در فاز کالیبراسیون,ثبت شد
TO-344,هدف فنی,ضریب بازتوزیع درون بهره‌برداران — نمونهٔ محاسبه,۲۶٫۷,درصد,محاسبهٔ فرض طراحی — بند ۹٫۲,۱۴۰۵,C,HP-23,تکرار محاسبه در فاز کالیبراسیون,ثبت شد
GV-16,حکمرانی,شاخص تداوم کارگروه — نمونهٔ محاسبه,۳۳٫۶,درصد,محاسبهٔ فرض طراحی — بی‌لنگرگاه: باید در بند متناظر کتابچه لنگر شود,۱۴۰۵,C,HP-23,تعیین بند متناظر و نوشتن مبنای عدد در همان بند,ثبت شد
TO-345,هدف فنی,ضریب کسری نگهداری سالانهٔ ساختار,۰٫۲,بدون بعد در سال,فرض طراحی — بی‌لنگرگاه: باید در بند متناظر کتابچه لنگر شود,۱۴۰۵,C,HP-23,تعیین بند متناظر و نوشتن مبنای عدد در همان بند,ثبت شد
TO-346,هدف فنی,سال آستانهٔ بازنگری ساختار — نمونهٔ محاسبه,۲٫۲۵,سال,محاسبهٔ فرض طراحی — بند ۴٫۸.,۱۴۰۵,C,HP-23,تکرار محاسبه در فاز کالیبراسیون,ثبت شد
TO-347,هدف فنی,تعداد حالت خراب در رجیستری فصل ۱۰,۱۷,حالت,فرض طراحی — بی‌لنگرگاه: باید در بند متناظر کتابچه لنگر شود,۱۴۰۵,C,HP-23,تعیین بند متناظر و نوشتن مبنای عدد در همان بند,ثبت شد
TO-348,هدف فنی,تعداد پاسخ مستقل هر حالت خراب,۲,پاسخ,فرض طراحی — بند ۳٫۱٫۴,۱۴۰۵,C,HP-23,تعیین مبنای عدد و بازبینی در فاز کالیبراسیون,ثبت شد
R-06,ریسک,بالاترین سطح ریسک پیش از پاسخ,۲۰,عدد,فرض طراحی — بند ۱۰٫۵,۱۴۰۵,C,HP-23,تعیین مبنای عدد و بازبینی در فاز کالیبراسیون,ثبت شد
TO-349,هدف فنی,حالت خراب با بالاترین سطح,`RR-23-07` و `RR-23-14`,حالت,فرض طراحی — بند ۱۰٫۵,۱۴۰۵,C,HP-23,تعیین مبنای عدد و بازبینی در فاز کالیبراسیون,ثبت شد
TO-350,هدف فنی,تعداد نمونهٔ مستند مطالعهٔ شکست,۳,نمونه,فرض طراحی — بند ۱۱٫۴.,۱۴۰۵,C,HP-23,تعیین مبنای عدد و بازبینی در فاز کالیبراسیون,ثبت شد
TO-351,هدف فنی,تعداد نهاد بومی تحلیل‌شده,۷,نهاد,فرض طراحی — بند ۳٫۱٫۴,۱۴۰۵,C,HP-23,تعیین مبنای عدد و بازبینی در فاز کالیبراسیون,ثبت شد
TO-352,هدف فنی,تعداد جزء زنده از نهادهای بومی,۳,جزء,فرض طراحی — بند ۱٫۴٫۶,۱۴۰۵,C,HP-23,تعیین مبنای عدد و بازبینی در فاز کالیبراسیون,ثبت شد
TO-353,هدف فنی,تعداد جزء کنارگذاشته‌شده از نهادهای بومی,۴,جزء,فرض طراحی — بند ۱٫۶٫۱,۱۴۰۵,C,HP-23,تعیین مبنای عدد و بازبینی در فاز کالیبراسیون,ثبت شد
TO-354,هدف فنی,تعداد سناریوی اقلیمی فصل ۶,۳,سناریو,فرض طراحی — بند ۳٫۱۲,۱۴۰۵,C,HP-23,تعیین مبنای عدد و بازبینی در فاز کالیبراسیون,ثبت شد
TO-355,هدف فنی,تعداد سناریوی اقتصادی فصل ۹,۵,سناریو,فرض طراحی — بند ۳٫۱۲,۱۴۰۵,C,HP-23,تعیین مبنای عدد و بازبینی در فاز کالیبراسیون,ثبت شد
TO-356,هدف فنی,نرخ پایش مشارکتی در سناریوی تصاحب,۱۰۰,درصد,تصمیم طراحی — بی‌لنگرگاه: باید در بند متناظر کتابچه لنگر شود,۱۴۰۵,C,HP-23,تعیین بند متناظر و نوشتن مبنای عدد در همان بند,ثبت شد
TO-357,هدف فنی,پرچم اعتبار در سناریوی تصاحب,۱,پرچم,فرض طراحی — بند ۳٫۱۲,۱۴۰۵,C,HP-23,تعیین مبنای عدد و بازبینی در فاز کالیبراسیون,ثبت شد
TO-358,هدف فنی,نرخ پایش مشارکتی در سناریوی کاهش مشارکت,۷۵,درصد,تصمیم طراحی — بی‌لنگرگاه: باید در بند متناظر کتابچه لنگر شود,۱۴۰۵,C,HP-23,تعیین بند متناظر و نوشتن مبنای عدد در همان بند,ثبت شد
TO-359,هدف فنی,تقاضای نیروی کار در سناریوی رشد,۴۰۰,نفر-روز در سال,فرض طراحی — بند ۳٫۱۲,۱۴۰۵,C,HP-23,تعیین مبنای عدد و بازبینی در فاز کالیبراسیون,ثبت شد
TO-360,هدف فنی,شغل تمام‌وقت معادل در سناریوی رشد,۱٫۶۶,شغل,فرض طراحی — بند ۳٫۱۲,۱۴۰۵,C,HP-23,تعیین مبنای عدد و بازبینی در فاز کالیبراسیون,ثبت شد
TO-361,هدف فنی,تعداد مسیر شکست گام,۶,مسیر,فرض طراحی — بند ۳٫۱٫۴,۱۴۰۵,C,HP-23,تعیین مبنای عدد و بازبینی در فاز کالیبراسیون,ثبت شد
R-07,ریسک,تعداد مسیر خرابی تجمعی,۳,مسیر,فرض طراحی — بند ۳٫۱٫۴,۱۴۰۵,C,HP-23,تعیین مبنای عدد و بازبینی در فاز کالیبراسیون,ثبت شد
TO-362,هدف فنی,تعداد مسیر پایان افق,۳,مسیر,فرض طراحی — بند ۳٫۱٫۴,۱۴۰۵,C,HP-23,تعیین مبنای عدد و بازبینی در فاز کالیبراسیون,ثبت شد
