file,table,rows
HP-01 آبخوان زیستی.txt,۱.۰,8
HP-01 آبخوان زیستی.txt,۱.۱,22
HP-01 آبخوان زیستی.txt,۱.۱۰,14
HP-01 آبخوان زیستی.txt,۱.۱۱,12
HP-01 آبخوان زیستی.txt,۱.۱۲,6
HP-01 آبخوان زیستی.txt,۱.۱۳,10
HP-01 آبخوان زیستی.txt,۱.۱۴,6
HP-01 آبخوان زیستی.txt,۱.۱۵,6
HP-01 آبخوان زیستی.txt,۱.۱۶,4
HP-01 آبخوان زیستی.txt,۱.۱۷,6
HP-01 آبخوان زیستی.txt,۱.۱۸,5
HP-01 آبخوان زیستی.txt,۱.۲,9
HP-01 آبخوان زیستی.txt,۱.۳,9
HP-01 آبخوان زیستی.txt,۱.۴,5
HP-01 آبخوان زیستی.txt,۱.۵,11
HP-01 آبخوان زیستی.txt,۱.۶,10
HP-01 آبخوان زیستی.txt,۱.۷,11
HP-01 آبخوان زیستی.txt,۱.۸,11
HP-01 آبخوان زیستی.txt,۱.۹,12
HP-01 آبخوان زیستی.txt,۱۰.۱,9
HP-01 آبخوان زیستی.txt,۱۰.۱۰,9
HP-01 آبخوان زیستی.txt,۱۰.۱۱,5
HP-01 آبخوان زیستی.txt,۱۰.۱۲,5
HP-01 آبخوان زیستی.txt,۱۰.۱۳,12
HP-01 آبخوان زیستی.txt,۱۰.۱۴,10
HP-01 آبخوان زیستی.txt,۱۰.۱۵,5
HP-01 آبخوان زیستی.txt,۱۰.۱۶,5
HP-01 آبخوان زیستی.txt,۱۰.۱۷,7
HP-01 آبخوان زیستی.txt,۱۰.۱۸,5
HP-01 آبخوان زیستی.txt,۱۰.۱۹,12
HP-01 آبخوان زیستی.txt,۱۰.۲,5
HP-01 آبخوان زیستی.txt,۱۰.۲۰,5
HP-01 آبخوان زیستی.txt,۱۰.۲۱,7
HP-01 آبخوان زیستی.txt,۱۰.۳,5
HP-01 آبخوان زیستی.txt,۱۰.۴,4
HP-01 آبخوان زیستی.txt,۱۰.۵,12
HP-01 آبخوان زیستی.txt,۱۰.۶,0
HP-01 آبخوان زیستی.txt,۱۰.۷,5
HP-01 آبخوان زیستی.txt,۱۰.۸,12
HP-01 آبخوان زیستی.txt,۱۰.۹,7
HP-01 آبخوان زیستی.txt,۱۱.۱,14
HP-01 آبخوان زیستی.txt,۱۱.۱۰,5
HP-01 آبخوان زیستی.txt,۱۱.۱۱,4
HP-01 آبخوان زیستی.txt,۱۱.۱۲,6
HP-01 آبخوان زیستی.txt,۱۱.۱۳,7
HP-01 آبخوان زیستی.txt,۱۱.۱۴,6
HP-01 آبخوان زیستی.txt,۱۱.۱۵,5
HP-01 آبخوان زیستی.txt,۱۱.۱۶,7
HP-01 آبخوان زیستی.txt,۱۱.۲,15
HP-01 آبخوان زیستی.txt,۱۱.۳,8
HP-01 آبخوان زیستی.txt,۱۱.۴,8
HP-01 آبخوان زیستی.txt,۱۱.۵,11
HP-01 آبخوان زیستی.txt,۱۱.۶,5
HP-01 آبخوان زیستی.txt,۱۱.۷,7
HP-01 آبخوان زیستی.txt,۱۱.۸,7
HP-01 آبخوان زیستی.txt,۱۱.۹,12
HP-01 آبخوان زیستی.txt,۱۲.۱,16
HP-01 آبخوان زیستی.txt,۱۲.۲,13
HP-01 آبخوان زیستی.txt,۱۲.۳,21
HP-01 آبخوان زیستی.txt,۱۲.۴,14
HP-01 آبخوان زیستی.txt,۱۲.۵,1
HP-01 آبخوان زیستی.txt,۲.۱,9
HP-01 آبخوان زیستی.txt,۲.۱۰,10
HP-01 آبخوان زیستی.txt,۲.۱۱,13
HP-01 آبخوان زیستی.txt,۲.۱۲,12
HP-01 آبخوان زیستی.txt,۲.۱۳,11
HP-01 آبخوان زیستی.txt,۲.۱۴,11
HP-01 آبخوان زیستی.txt,۲.۱۵,10
HP-01 آبخوان زیستی.txt,۲.۱۶,6
HP-01 آبخوان زیستی.txt,۲.۱۷,7
HP-01 آبخوان زیستی.txt,۲.۱۸,20
HP-01 آبخوان زیستی.txt,۲.۱۹,6
HP-01 آبخوان زیستی.txt,۲.۲,9
HP-01 آبخوان زیستی.txt,۲.۲۰,8
HP-01 آبخوان زیستی.txt,۲.۲۱,8
HP-01 آبخوان زیستی.txt,۲.۲۲,7
HP-01 آبخوان زیستی.txt,۲.۲۳,10
HP-01 آبخوان زیستی.txt,۲.۲۴,10
HP-01 آبخوان زیستی.txt,۲.۲۵,5
HP-01 آبخوان زیستی.txt,۲.۲۶,9
HP-01 آبخوان زیستی.txt,۲.۲۷,6
HP-01 آبخوان زیستی.txt,۲.۲۸,8
HP-01 آبخوان زیستی.txt,۲.۲۹,9
HP-01 آبخوان زیستی.txt,۲.۳,9
HP-01 آبخوان زیستی.txt,۲.۳۰,10
HP-01 آبخوان زیستی.txt,۲.۳۱,9
HP-01 آبخوان زیستی.txt,۲.۳۲,10
HP-01 آبخوان زیستی.txt,۲.۳۳,8
HP-01 آبخوان زیستی.txt,۲.۳۴,6
HP-01 آبخوان زیستی.txt,۲.۳۵,9
HP-01 آبخوان زیستی.txt,۲.۳۶,5
HP-01 آبخوان زیستی.txt,۲.۳۷,14
HP-01 آبخوان زیستی.txt,۲.۴,7
HP-01 آبخوان زیستی.txt,۲.۵,7
HP-01 آبخوان زیستی.txt,۲.۶,9
HP-01 آبخوان زیستی.txt,۲.۷,9
HP-01 آبخوان زیستی.txt,۲.۸,10
HP-01 آبخوان زیستی.txt,۲.۹,9
HP-01 آبخوان زیستی.txt,۳.۱,0
HP-01 آبخوان زیستی.txt,۳.۱۰,5
HP-01 آبخوان زیستی.txt,۳.۱۱,5
HP-01 آبخوان زیستی.txt,۳.۱۲,6
HP-01 آبخوان زیستی.txt,۳.۱۳,6
HP-01 آبخوان زیستی.txt,۳.۱۴,7
HP-01 آبخوان زیستی.txt,۳.۱۵,5
HP-01 آبخوان زیستی.txt,۳.۱۶,5
HP-01 آبخوان زیستی.txt,۳.۱۷,5
HP-01 آبخوان زیستی.txt,۳.۱۸,6
HP-01 آبخوان زیستی.txt,۳.۱۹,9
HP-01 آبخوان زیستی.txt,۳.۲,6
HP-01 آبخوان زیستی.txt,۳.۲۰,4
HP-01 آبخوان زیستی.txt,۳.۲۱,18
HP-01 آبخوان زیستی.txt,۳.۲۲,10
HP-01 آبخوان زیستی.txt,۳.۲۳,13
HP-01 آبخوان زیستی.txt,۳.۲۴,7
HP-01 آبخوان زیستی.txt,۳.۲۵,8
HP-01 آبخوان زیستی.txt,۳.۲۶,10
HP-01 آبخوان زیستی.txt,۳.۲۷,5
HP-01 آبخوان زیستی.txt,۳.۳,6
HP-01 آبخوان زیستی.txt,۳.۴,4
HP-01 آبخوان زیستی.txt,۳.۵,6
HP-01 آبخوان زیستی.txt,۳.۶,5
HP-01 آبخوان زیستی.txt,۳.۷,5
HP-01 آبخوان زیستی.txt,۳.۸,7
HP-01 آبخوان زیستی.txt,۳.۹,5
HP-01 آبخوان زیستی.txt,۴.۱,6
HP-01 آبخوان زیستی.txt,۴.۲,6
HP-01 آبخوان زیستی.txt,۴.۳,7
HP-01 آبخوان زیستی.txt,۴.۴,9
HP-01 آبخوان زیستی.txt,۴.۵,11
HP-01 آبخوان زیستی.txt,۴.۶,8
HP-01 آبخوان زیستی.txt,۴.۷,8
HP-01 آبخوان زیستی.txt,۴.۸,12
HP-01 آبخوان زیستی.txt,۴.۹,12
HP-01 آبخوان زیستی.txt,۵.۱,9
HP-01 آبخوان زیستی.txt,۵.۱۰,6
HP-01 آبخوان زیستی.txt,۵.۲,13
HP-01 آبخوان زیستی.txt,۵.۳,8
HP-01 آبخوان زیستی.txt,۵.۴,6
HP-01 آبخوان زیستی.txt,۵.۵,5
HP-01 آبخوان زیستی.txt,۵.۶,4
HP-01 آبخوان زیستی.txt,۵.۷,6
HP-01 آبخوان زیستی.txt,۵.۸,6
HP-01 آبخوان زیستی.txt,۵.۹,7
HP-01 آبخوان زیستی.txt,۶.۱,8
HP-01 آبخوان زیستی.txt,۶.۱۰,5
HP-01 آبخوان زیستی.txt,۶.۱۱,7
HP-01 آبخوان زیستی.txt,۶.۲,10
HP-01 آبخوان زیستی.txt,۶.۳,10
HP-01 آبخوان زیستی.txt,۶.۴,6
HP-01 آبخوان زیستی.txt,۶.۵,9
HP-01 آبخوان زیستی.txt,۶.۶,8
HP-01 آبخوان زیستی.txt,۶.۷,6
HP-01 آبخوان زیستی.txt,۶.۸,9
HP-01 آبخوان زیستی.txt,۶.۹,5
HP-01 آبخوان زیستی.txt,۷.۱,20
HP-01 آبخوان زیستی.txt,۷.۲,8
HP-01 آبخوان زیستی.txt,۷.۳,5
HP-01 آبخوان زیستی.txt,۷.۴,5
HP-01 آبخوان زیستی.txt,۷.۵,8
HP-01 آبخوان زیستی.txt,۷.۶,5
HP-01 آبخوان زیستی.txt,۷.۷,5
HP-01 آبخوان زیستی.txt,۸.۱,12
HP-01 آبخوان زیستی.txt,۸.۱۰,5
HP-01 آبخوان زیستی.txt,۸.۱۱,5
HP-01 آبخوان زیستی.txt,۸.۲,9
HP-01 آبخوان زیستی.txt,۸.۳,8
HP-01 آبخوان زیستی.txt,۸.۴,8
HP-01 آبخوان زیستی.txt,۸.۵,7
HP-01 آبخوان زیستی.txt,۸.۶,10
HP-01 آبخوان زیستی.txt,۸.۷,5
HP-01 آبخوان زیستی.txt,۸.۸,5
HP-01 آبخوان زیستی.txt,۸.۹,7
HP-01 آبخوان زیستی.txt,۹.۱,16
HP-01 آبخوان زیستی.txt,۹.۱۰,8
HP-01 آبخوان زیستی.txt,۹.۱۱,5
HP-01 آبخوان زیستی.txt,۹.۱۲,5
HP-01 آبخوان زیستی.txt,۹.۱۳,7
HP-01 آبخوان زیستی.txt,۹.۱۴,5
HP-01 آبخوان زیستی.txt,۹.۱۵,5
HP-01 آبخوان زیستی.txt,۹.۱۶,5
HP-01 آبخوان زیستی.txt,۹.۲,7
HP-01 آبخوان زیستی.txt,۹.۴,7
HP-01 آبخوان زیستی.txt,۹.۵,8
HP-01 آبخوان زیستی.txt,۹.۶,7
HP-01 آبخوان زیستی.txt,۹.۷,5
HP-01 آبخوان زیستی.txt,۹.۸,5
HP-01 آبخوان زیستی.txt,۹.۹,5
HP-02 کانال مارپیچ.txt,۱.۱,20
HP-02 کانال مارپیچ.txt,۱.۱۰,4
HP-02 کانال مارپیچ.txt,۱.۱۱,4
HP-02 کانال مارپیچ.txt,۱.۱۲,5
HP-02 کانال مارپیچ.txt,۱.۱۳,6
HP-02 کانال مارپیچ.txt,۱.۱۴,5
HP-02 کانال مارپیچ.txt,۱.۲,7
HP-02 کانال مارپیچ.txt,۱.۳,8
HP-02 کانال مارپیچ.txt,۱.۴,5
HP-02 کانال مارپیچ.txt,۱.۵,8
HP-02 کانال مارپیچ.txt,۱.۶,6
HP-02 کانال مارپیچ.txt,۱.۷,7
HP-02 کانال مارپیچ.txt,۱.۸,5
HP-02 کانال مارپیچ.txt,۱.۹,7
HP-02 کانال مارپیچ.txt,۱۰.۱,8
HP-02 کانال مارپیچ.txt,۱۰.۱۰,6
HP-02 کانال مارپیچ.txt,۱۰.۱۱,9
HP-02 کانال مارپیچ.txt,۱۰.۱۲,6
HP-02 کانال مارپیچ.txt,۱۰.۱۳,5
HP-02 کانال مارپیچ.txt,۱۰.۱۴,17
HP-02 کانال مارپیچ.txt,۱۰.۱۵,5
HP-02 کانال مارپیچ.txt,۱۰.۱۶,7
HP-02 کانال مارپیچ.txt,۱۰.۱۷,4
HP-02 کانال مارپیچ.txt,۱۰.۱۸,5
HP-02 کانال مارپیچ.txt,۱۰.۱۹,6
HP-02 کانال مارپیچ.txt,۱۰.۲,7
HP-02 کانال مارپیچ.txt,۱۰.۲۰,6
HP-02 کانال مارپیچ.txt,۱۰.۳,8
HP-02 کانال مارپیچ.txt,۱۰.۴,12
HP-02 کانال مارپیچ.txt,۱۰.۵,5
HP-02 کانال مارپیچ.txt,۱۰.۶,5
HP-02 کانال مارپیچ.txt,۱۰.۷,14
HP-02 کانال مارپیچ.txt,۱۰.۸,6
HP-02 کانال مارپیچ.txt,۱۰.۹,17
HP-02 کانال مارپیچ.txt,۱۱.۱,25
HP-02 کانال مارپیچ.txt,۱۱.۱۰,17
HP-02 کانال مارپیچ.txt,۱۱.۱۱,9
HP-02 کانال مارپیچ.txt,۱۱.۱۲,4
HP-02 کانال مارپیچ.txt,۱۱.۱۳,5
HP-02 کانال مارپیچ.txt,۱۱.۲,21
HP-02 کانال مارپیچ.txt,۱۱.۳,10
HP-02 کانال مارپیچ.txt,۱۱.۴,8
HP-02 کانال مارپیچ.txt,۱۱.۵,4
HP-02 کانال مارپیچ.txt,۱۱.۶,38
HP-02 کانال مارپیچ.txt,۱۱.۷,15
HP-02 کانال مارپیچ.txt,۱۱.۸,10
HP-02 کانال مارپیچ.txt,۱۱.۹,5
HP-02 کانال مارپیچ.txt,۱۲.۱,35
HP-02 کانال مارپیچ.txt,۱۲.۱۰,5
HP-02 کانال مارپیچ.txt,۱۲.۱۱,3
HP-02 کانال مارپیچ.txt,۱۲.۱۲,13
HP-02 کانال مارپیچ.txt,۱۲.۲,17
HP-02 کانال مارپیچ.txt,۱۲.۳,19
HP-02 کانال مارپیچ.txt,۱۲.۴,7
HP-02 کانال مارپیچ.txt,۱۲.۵,18
HP-02 کانال مارپیچ.txt,۱۲.۶,12
HP-02 کانال مارپیچ.txt,۱۲.۷,8
HP-02 کانال مارپیچ.txt,۱۲.۸,44
HP-02 کانال مارپیچ.txt,۱۲.۹,13
HP-02 کانال مارپیچ.txt,۲.۱,8
HP-02 کانال مارپیچ.txt,۲.۱۰,8
HP-02 کانال مارپیچ.txt,۲.۱۱,7
HP-02 کانال مارپیچ.txt,۲.۱۲,7
HP-02 کانال مارپیچ.txt,۲.۱۳,8
HP-02 کانال مارپیچ.txt,۲.۱۴,8
HP-02 کانال مارپیچ.txt,۲.۱۵,4
HP-02 کانال مارپیچ.txt,۲.۱۶,4
HP-02 کانال مارپیچ.txt,۲.۱۷,5
HP-02 کانال مارپیچ.txt,۲.۱۸,5
HP-02 کانال مارپیچ.txt,۲.۱۹,4
HP-02 کانال مارپیچ.txt,۲.۲,7
HP-02 کانال مارپیچ.txt,۲.۲۰,10
HP-02 کانال مارپیچ.txt,۲.۲۱,6
HP-02 کانال مارپیچ.txt,۲.۲۲,8
HP-02 کانال مارپیچ.txt,۲.۲۳,4
HP-02 کانال مارپیچ.txt,۲.۳,9
HP-02 کانال مارپیچ.txt,۲.۴,5
HP-02 کانال مارپیچ.txt,۲.۵,7
HP-02 کانال مارپیچ.txt,۲.۶,5
HP-02 کانال مارپیچ.txt,۲.۷,11
HP-02 کانال مارپیچ.txt,۲.۸,7
HP-02 کانال مارپیچ.txt,۲.۹,7
HP-02 کانال مارپیچ.txt,۳.۰,13
HP-02 کانال مارپیچ.txt,۳.۱,13
HP-02 کانال مارپیچ.txt,۳.۱۰,4
HP-02 کانال مارپیچ.txt,۳.۱۱,6
HP-02 کانال مارپیچ.txt,۳.۱۲,5
HP-02 کانال مارپیچ.txt,۳.۱۳,6
HP-02 کانال مارپیچ.txt,۳.۱۴,6
HP-02 کانال مارپیچ.txt,۳.۱۵,3
HP-02 کانال مارپیچ.txt,۳.۱۶,5
HP-02 کانال مارپیچ.txt,۳.۱۷,5
HP-02 کانال مارپیچ.txt,۳.۱۸,9
HP-02 کانال مارپیچ.txt,۳.۱۹,8
HP-02 کانال مارپیچ.txt,۳.۲,7
HP-02 کانال مارپیچ.txt,۳.۲۰,8
HP-02 کانال مارپیچ.txt,۳.۲۱,6
HP-02 کانال مارپیچ.txt,۳.۲۲,5
HP-02 کانال مارپیچ.txt,۳.۳,7
HP-02 کانال مارپیچ.txt,۳.۴,4
HP-02 کانال مارپیچ.txt,۳.۵,6
HP-02 کانال مارپیچ.txt,۳.۶,5
HP-02 کانال مارپیچ.txt,۳.۷,6
HP-02 کانال مارپیچ.txt,۳.۸,4
HP-02 کانال مارپیچ.txt,۳.۹,5
HP-02 کانال مارپیچ.txt,۴.۰,6
HP-02 کانال مارپیچ.txt,۴.۱,5
HP-02 کانال مارپیچ.txt,۴.۱۰,7
HP-02 کانال مارپیچ.txt,۴.۱۱,19
HP-02 کانال مارپیچ.txt,۴.۱۲,9
HP-02 کانال مارپیچ.txt,۴.۱۳,5
HP-02 کانال مارپیچ.txt,۴.۱۴,5
HP-02 کانال مارپیچ.txt,۴.۱۵,6
HP-02 کانال مارپیچ.txt,۴.۱۶,4
HP-02 کانال مارپیچ.txt,۴.۱۷,5
HP-02 کانال مارپیچ.txt,۴.۲,0
HP-02 کانال مارپیچ.txt,۴.۳,0
HP-02 کانال مارپیچ.txt,۵.۱,7
HP-02 کانال مارپیچ.txt,۵.۱۰,4
HP-02 کانال مارپیچ.txt,۵.۱۱,10
HP-02 کانال مارپیچ.txt,۵.۱۲,9
HP-02 کانال مارپیچ.txt,۵.۲,14
HP-02 کانال مارپیچ.txt,۵.۳,6
HP-02 کانال مارپیچ.txt,۵.۴,7
HP-02 کانال مارپیچ.txt,۵.۵,8
HP-02 کانال مارپیچ.txt,۵.۶,7
HP-02 کانال مارپیچ.txt,۵.۷,7
HP-02 کانال مارپیچ.txt,۵.۸,5
HP-02 کانال مارپیچ.txt,۵.۹,5
HP-02 کانال مارپیچ.txt,۶.۰,7
HP-02 کانال مارپیچ.txt,۶.۱,16
HP-02 کانال مارپیچ.txt,۶.۱۰,4
HP-02 کانال مارپیچ.txt,۶.۱۱,5
HP-02 کانال مارپیچ.txt,۶.۱۲,5
HP-02 کانال مارپیچ.txt,۶.۱۳,5
HP-02 کانال مارپیچ.txt,۶.۱۴,3
HP-02 کانال مارپیچ.txt,۶.۱۵,13
HP-02 کانال مارپیچ.txt,۶.۱۶,4
HP-02 کانال مارپیچ.txt,۶.۱۷,6
HP-02 کانال مارپیچ.txt,۶.۱۸,8
HP-02 کانال مارپیچ.txt,۶.۱۹,5
HP-02 کانال مارپیچ.txt,۶.۲,7
HP-02 کانال مارپیچ.txt,۶.۳,12
HP-02 کانال مارپیچ.txt,۶.۴,20
HP-02 کانال مارپیچ.txt,۶.۵,12
HP-02 کانال مارپیچ.txt,۶.۶,9
HP-02 کانال مارپیچ.txt,۶.۷,5
HP-02 کانال مارپیچ.txt,۶.۸,5
HP-02 کانال مارپیچ.txt,۶.۹,5
HP-02 کانال مارپیچ.txt,۷.۱,22
HP-02 کانال مارپیچ.txt,۷.۱۰,8
HP-02 کانال مارپیچ.txt,۷.۱۱,5
HP-02 کانال مارپیچ.txt,۷.۱۲,4
HP-02 کانال مارپیچ.txt,۷.۲,6
HP-02 کانال مارپیچ.txt,۷.۳,8
HP-02 کانال مارپیچ.txt,۷.۴,4
HP-02 کانال مارپیچ.txt,۷.۵,13
HP-02 کانال مارپیچ.txt,۷.۶,2
HP-02 کانال مارپیچ.txt,۷.۷,5
HP-02 کانال مارپیچ.txt,۷.۸,4
HP-02 کانال مارپیچ.txt,۷.۹,8
HP-02 کانال مارپیچ.txt,۸.۱,11
HP-02 کانال مارپیچ.txt,۸.۱۰,6
HP-02 کانال مارپیچ.txt,۸.۱۱,4
HP-02 کانال مارپیچ.txt,۸.۱۲,5
HP-02 کانال مارپیچ.txt,۸.۱۳,5
HP-02 کانال مارپیچ.txt,۸.۱۴,5
HP-02 کانال مارپیچ.txt,۸.۲,10
HP-02 کانال مارپیچ.txt,۸.۳,6
HP-02 کانال مارپیچ.txt,۸.۴,6
HP-02 کانال مارپیچ.txt,۸.۵,6
HP-02 کانال مارپیچ.txt,۸.۶,6
HP-02 کانال مارپیچ.txt,۸.۸,12
HP-02 کانال مارپیچ.txt,۸.۹,7
HP-02 کانال مارپیچ.txt,۹.۰,5
HP-02 کانال مارپیچ.txt,۹.۱,15
HP-02 کانال مارپیچ.txt,۹.۱۰,6
HP-02 کانال مارپیچ.txt,۹.۱۱,9
HP-02 کانال مارپیچ.txt,۹.۱۲,4
HP-02 کانال مارپیچ.txt,۹.۱۳,7
HP-02 کانال مارپیچ.txt,۹.۱۴,6
HP-02 کانال مارپیچ.txt,۹.۱۵,5
HP-02 کانال مارپیچ.txt,۹.۱۶,5
HP-02 کانال مارپیچ.txt,۹.۱۷,6
HP-02 کانال مارپیچ.txt,۹.۱۸,3
HP-02 کانال مارپیچ.txt,۹.۱۹,5
HP-02 کانال مارپیچ.txt,۹.۲,7
HP-02 کانال مارپیچ.txt,۹.۳,5
HP-02 کانال مارپیچ.txt,۹.۴,4
HP-02 کانال مارپیچ.txt,۹.۵,7
HP-02 کانال مارپیچ.txt,۹.۶,5
HP-02 کانال مارپیچ.txt,۹.۷,12
HP-02 کانال مارپیچ.txt,۹.۸,23
HP-02 کانال مارپیچ.txt,۹.۹,13
HP-03 حلقه سنگی.txt,۱.۱,17
HP-03 حلقه سنگی.txt,۱.۲,10
HP-03 حلقه سنگی.txt,۱.۳,9
HP-03 حلقه سنگی.txt,۱۰.۱,12
HP-03 حلقه سنگی.txt,۱۰.۱۸,5
HP-03 حلقه سنگی.txt,۱۰.۱۹,5
HP-03 حلقه سنگی.txt,۱۰.۲,8
HP-03 حلقه سنگی.txt,۱۰.۲۰,7
HP-03 حلقه سنگی.txt,۱۰.۲۱,5
HP-03 حلقه سنگی.txt,۱۰.۲۲,12
HP-03 حلقه سنگی.txt,۱۰.۲۳,5
HP-03 حلقه سنگی.txt,۱۰.۲۴,5
HP-03 حلقه سنگی.txt,۱۰.۳,8
HP-03 حلقه سنگی.txt,۱۰٫۱,1
HP-03 حلقه سنگی.txt,۱۰٫۱۰,6
HP-03 حلقه سنگی.txt,۱۰٫۱۱,5
HP-03 حلقه سنگی.txt,۱۰٫۱۲,6
HP-03 حلقه سنگی.txt,۱۰٫۱۳,9
HP-03 حلقه سنگی.txt,۱۰٫۱۴,5
HP-03 حلقه سنگی.txt,۱۰٫۱۵,4
HP-03 حلقه سنگی.txt,۱۰٫۱۶,5
HP-03 حلقه سنگی.txt,۱۰٫۱۷,5
HP-03 حلقه سنگی.txt,۱۰٫۷,6
HP-03 حلقه سنگی.txt,۱۰٫۸,8
HP-03 حلقه سنگی.txt,۱۰٫۹,17
HP-03 حلقه سنگی.txt,۱۱.۱,12
HP-03 حلقه سنگی.txt,۱۱.۱۰,10
HP-03 حلقه سنگی.txt,۱۱.۱۱,8
HP-03 حلقه سنگی.txt,۱۱.۱۲,7
HP-03 حلقه سنگی.txt,۱۱.۱۳,5
HP-03 حلقه سنگی.txt,۱۱.۱۴,10
HP-03 حلقه سنگی.txt,۱۱.۱۵,6
HP-03 حلقه سنگی.txt,۱۱.۱۶,5
HP-03 حلقه سنگی.txt,۱۱.۱۸,8
HP-03 حلقه سنگی.txt,۱۱.۱۹,5
HP-03 حلقه سنگی.txt,۱۱.۲,11
HP-03 حلقه سنگی.txt,۱۱.۲۰,5
HP-03 حلقه سنگی.txt,۱۱.۲۱,5
HP-03 حلقه سنگی.txt,۱۱.۳,5
HP-03 حلقه سنگی.txt,۱۱.۴,28
HP-03 حلقه سنگی.txt,۱۱.۵,7
HP-03 حلقه سنگی.txt,۱۱.۶,8
HP-03 حلقه سنگی.txt,۱۱.۷,8
HP-03 حلقه سنگی.txt,۱۱.۸,5
HP-03 حلقه سنگی.txt,۱۱.۹,5
HP-03 حلقه سنگی.txt,۱۲.۱,22
HP-03 حلقه سنگی.txt,۱۲.۲,12
HP-03 حلقه سنگی.txt,۱۲.۳,31
HP-03 حلقه سنگی.txt,۱۲.۴,1
HP-03 حلقه سنگی.txt,۲.۱,10
HP-03 حلقه سنگی.txt,۲.۱۱,8
HP-03 حلقه سنگی.txt,۲.۱۲,8
HP-03 حلقه سنگی.txt,۲.۱۳,5
HP-03 حلقه سنگی.txt,۲.۱۴,5
HP-03 حلقه سنگی.txt,۲.۱۵,5
HP-03 حلقه سنگی.txt,۲.۱۶,11
HP-03 حلقه سنگی.txt,۲.۲,8
HP-03 حلقه سنگی.txt,۲.۳,10
HP-03 حلقه سنگی.txt,۲.۴,10
HP-03 حلقه سنگی.txt,۲.۵,8
HP-03 حلقه سنگی.txt,۲.۶,9
HP-03 حلقه سنگی.txt,۲٫۱۰,6
HP-03 حلقه سنگی.txt,۲٫۱۷,4
HP-03 حلقه سنگی.txt,۲٫۱۸,6
HP-03 حلقه سنگی.txt,۲٫۱۹,6
HP-03 حلقه سنگی.txt,۲٫۷,8
HP-03 حلقه سنگی.txt,۲٫۸,8
HP-03 حلقه سنگی.txt,۲٫۹,9
HP-03 حلقه سنگی.txt,۳.۱,9
HP-03 حلقه سنگی.txt,۳.۲,6
HP-03 حلقه سنگی.txt,۳.۲۰,5
HP-03 حلقه سنگی.txt,۳.۲۱,9
HP-03 حلقه سنگی.txt,۳.۳,7
HP-03 حلقه سنگی.txt,۳.۴,0
HP-03 حلقه سنگی.txt,۳٫۱۰,6
HP-03 حلقه سنگی.txt,۳٫۱۱,6
HP-03 حلقه سنگی.txt,۳٫۱۲,6
HP-03 حلقه سنگی.txt,۳٫۱۳,6
HP-03 حلقه سنگی.txt,۳٫۱۴,6
HP-03 حلقه سنگی.txt,۳٫۱۵,5
HP-03 حلقه سنگی.txt,۳٫۱۶,5
HP-03 حلقه سنگی.txt,۳٫۱۷,7
HP-03 حلقه سنگی.txt,۳٫۱۸,8
HP-03 حلقه سنگی.txt,۳٫۱۹,18
HP-03 حلقه سنگی.txt,۳٫۸,0
HP-03 حلقه سنگی.txt,۳٫۹,8
HP-03 حلقه سنگی.txt,۴.۱,7
HP-03 حلقه سنگی.txt,۴.۱۰,7
HP-03 حلقه سنگی.txt,۴.۱۱,5
HP-03 حلقه سنگی.txt,۴.۱۲,5
HP-03 حلقه سنگی.txt,۴.۱۳,6
HP-03 حلقه سنگی.txt,۴.۲,6
HP-03 حلقه سنگی.txt,۴.۳,7
HP-03 حلقه سنگی.txt,۴.۴,6
HP-03 حلقه سنگی.txt,۴.۵,9
HP-03 حلقه سنگی.txt,۴.۶,8
HP-03 حلقه سنگی.txt,۴.۷,8
HP-03 حلقه سنگی.txt,۴.۸,8
HP-03 حلقه سنگی.txt,۴.۹,8
HP-03 حلقه سنگی.txt,۴٫۱۴,8
HP-03 حلقه سنگی.txt,۴٫۱۵,5
HP-03 حلقه سنگی.txt,۵.۱,5
HP-03 حلقه سنگی.txt,۵.۱۰,4
HP-03 حلقه سنگی.txt,۵.۱۱,8
HP-03 حلقه سنگی.txt,۵.۱۲,9
HP-03 حلقه سنگی.txt,۵.۱۳,5
HP-03 حلقه سنگی.txt,۵.۱۴,8
HP-03 حلقه سنگی.txt,۵.۱۵,6
HP-03 حلقه سنگی.txt,۵.۱۶,10
HP-03 حلقه سنگی.txt,۵.۱۷,10
HP-03 حلقه سنگی.txt,۵.۱۸,6
HP-03 حلقه سنگی.txt,۵.۱۹,5
HP-03 حلقه سنگی.txt,۵.۲,13
HP-03 حلقه سنگی.txt,۵.۲۰,5
HP-03 حلقه سنگی.txt,۵.۲۱,8
HP-03 حلقه سنگی.txt,۵.۲۲,5
HP-03 حلقه سنگی.txt,۵.۲۳,5
HP-03 حلقه سنگی.txt,۵.۲۴,5
HP-03 حلقه سنگی.txt,۵.۳,0
HP-03 حلقه سنگی.txt,۵.۹,7
HP-03 حلقه سنگی.txt,۶.۱,9
HP-03 حلقه سنگی.txt,۶.۱۰,6
HP-03 حلقه سنگی.txt,۶.۱۱,21
HP-03 حلقه سنگی.txt,۶.۱۲,6
HP-03 حلقه سنگی.txt,۶.۱۳,6
HP-03 حلقه سنگی.txt,۶.۱۴,5
HP-03 حلقه سنگی.txt,۶.۱۵,6
HP-03 حلقه سنگی.txt,۶.۱۶,5
HP-03 حلقه سنگی.txt,۶.۱۷,5
HP-03 حلقه سنگی.txt,۶.۱۸,6
HP-03 حلقه سنگی.txt,۶.۱۹,5
HP-03 حلقه سنگی.txt,۶.۲,9
HP-03 حلقه سنگی.txt,۶.۲۰,6
HP-03 حلقه سنگی.txt,۶.۲۱,5
HP-03 حلقه سنگی.txt,۶.۲۲,12
HP-03 حلقه سنگی.txt,۶.۳,9
HP-03 حلقه سنگی.txt,۶.۴,9
HP-03 حلقه سنگی.txt,۶.۵,11
HP-03 حلقه سنگی.txt,۶.۶,6
HP-03 حلقه سنگی.txt,۶.۷,5
HP-03 حلقه سنگی.txt,۶.۸,6
HP-03 حلقه سنگی.txt,۶.۹,11
HP-03 حلقه سنگی.txt,۷.۱,17
HP-03 حلقه سنگی.txt,۷.۱۰,7
HP-03 حلقه سنگی.txt,۷.۱۱,5
HP-03 حلقه سنگی.txt,۷.۱۲,7
HP-03 حلقه سنگی.txt,۷.۲,8
HP-03 حلقه سنگی.txt,۷.۳,20
HP-03 حلقه سنگی.txt,۷.۴,5
HP-03 حلقه سنگی.txt,۷.۵,5
HP-03 حلقه سنگی.txt,۷.۶,12
HP-03 حلقه سنگی.txt,۷.۷,6
HP-03 حلقه سنگی.txt,۷.۸,5
HP-03 حلقه سنگی.txt,۷.۹,5
HP-03 حلقه سنگی.txt,۸.۱,10
HP-03 حلقه سنگی.txt,۸.۱۰,6
HP-03 حلقه سنگی.txt,۸.۱۱,5
HP-03 حلقه سنگی.txt,۸.۱۲,5
HP-03 حلقه سنگی.txt,۸.۱۳,5
HP-03 حلقه سنگی.txt,۸.۲,9
HP-03 حلقه سنگی.txt,۸.۳,8
HP-03 حلقه سنگی.txt,۸.۴,5
HP-03 حلقه سنگی.txt,۸.۵,7
HP-03 حلقه سنگی.txt,۸.۶,6
HP-03 حلقه سنگی.txt,۸.۷,7
HP-03 حلقه سنگی.txt,۸.۸,5
HP-03 حلقه سنگی.txt,۸.۹,12
HP-03 حلقه سنگی.txt,۸٫۱۴,5
HP-03 حلقه سنگی.txt,۸٫۱۵,9
HP-03 حلقه سنگی.txt,۹٫۰,7
HP-03 حلقه سنگی.txt,۹٫۱,14
HP-03 حلقه سنگی.txt,۹٫۱۰,6
HP-03 حلقه سنگی.txt,۹٫۱۱,5
HP-03 حلقه سنگی.txt,۹٫۱۲,4
HP-03 حلقه سنگی.txt,۹٫۱۳,5
HP-03 حلقه سنگی.txt,۹٫۱۴,6
HP-03 حلقه سنگی.txt,۹٫۱۵,5
HP-03 حلقه سنگی.txt,۹٫۱۶,8
HP-03 حلقه سنگی.txt,۹٫۱۷,6
HP-03 حلقه سنگی.txt,۹٫۱۸,5
HP-03 حلقه سنگی.txt,۹٫۱۹,5
HP-03 حلقه سنگی.txt,۹٫۲,7
HP-03 حلقه سنگی.txt,۹٫۳,12
HP-03 حلقه سنگی.txt,۹٫۴,6
HP-03 حلقه سنگی.txt,۹٫۵,8
HP-03 حلقه سنگی.txt,۹٫۶,7
HP-03 حلقه سنگی.txt,۹٫۷,5
HP-03 حلقه سنگی.txt,۹٫۸,5
HP-03 حلقه سنگی.txt,۹٫۹,7
HP-04 چاله نفوذی.txt,۱.۱,17
HP-04 چاله نفوذی.txt,۱.۱۰,1
HP-04 چاله نفوذی.txt,۱.۱۱,7
HP-04 چاله نفوذی.txt,۱.۱۲,9
HP-04 چاله نفوذی.txt,۱.۱۳,11
HP-04 چاله نفوذی.txt,۱.۱۴,9
HP-04 چاله نفوذی.txt,۱.۱۵,14
HP-04 چاله نفوذی.txt,۱.۱۶,18
HP-04 چاله نفوذی.txt,۱.۱۷,28
HP-04 چاله نفوذی.txt,۱.۲,9
HP-04 چاله نفوذی.txt,۱.۳,9
HP-04 چاله نفوذی.txt,۱.۴,6
HP-04 چاله نفوذی.txt,۱.۵,14
HP-04 چاله نفوذی.txt,۱.۶,8
HP-04 چاله نفوذی.txt,۱.۷,12
HP-04 چاله نفوذی.txt,۱.۸,10
HP-04 چاله نفوذی.txt,۱.۹,6
HP-04 چاله نفوذی.txt,۱٫۱,0
HP-04 چاله نفوذی.txt,۱٫۱۰,0
HP-04 چاله نفوذی.txt,۱٫۱۱,0
HP-04 چاله نفوذی.txt,۱٫۱۲,0
HP-04 چاله نفوذی.txt,۱٫۱۳,0
HP-04 چاله نفوذی.txt,۱٫۱۴,0
HP-04 چاله نفوذی.txt,۱٫۱۵,0
HP-04 چاله نفوذی.txt,۱٫۱۶,0
HP-04 چاله نفوذی.txt,۱٫۱۷,0
HP-04 چاله نفوذی.txt,۱.۲۱,11
HP-04 چاله نفوذی.txt,۱٫۱۹,10
HP-04 چاله نفوذی.txt,۱٫۲,1
HP-04 چاله نفوذی.txt,۱٫۲۰,4
HP-04 چاله نفوذی.txt,۱٫۳,0
HP-04 چاله نفوذی.txt,۱٫۴,0
HP-04 چاله نفوذی.txt,۱٫۵,0
HP-04 چاله نفوذی.txt,۱٫۶,0
HP-04 چاله نفوذی.txt,۱٫۷,0
HP-04 چاله نفوذی.txt,۱٫۸,0
HP-04 چاله نفوذی.txt,۱٫۹,0
HP-04 چاله نفوذی.txt,۱۰.۱,17
HP-04 چاله نفوذی.txt,۱۰.۲,7
HP-04 چاله نفوذی.txt,۱۰.۳,7
HP-04 چاله نفوذی.txt,۱۰.۴,9
HP-04 چاله نفوذی.txt,۱۰٫۱۰,5
HP-04 چاله نفوذی.txt,۱۰٫۱۱,5
HP-04 چاله نفوذی.txt,۱۰٫۱۲,7
HP-04 چاله نفوذی.txt,۱۰٫۱۳,9
HP-04 چاله نفوذی.txt,۱۰٫۱۴,6
HP-04 چاله نفوذی.txt,۱۰٫۱۵,5
HP-04 چاله نفوذی.txt,۱۰٫۱۶,6
HP-04 چاله نفوذی.txt,۱۰٫۱۷,18
HP-04 چاله نفوذی.txt,۱۰٫۱۸,5
HP-04 چاله نفوذی.txt,۱۰٫۱۹,18
HP-04 چاله نفوذی.txt,۱۰٫۲۰,18
HP-04 چاله نفوذی.txt,۱۰٫۲۱,7
HP-04 چاله نفوذی.txt,۱۰٫۲۲,6
HP-04 چاله نفوذی.txt,۱۰٫۲۳,7
HP-04 چاله نفوذی.txt,۱۰٫۲۴,12
HP-04 چاله نفوذی.txt,۱۰٫۲۵,8
HP-04 چاله نفوذی.txt,۱۰٫۷,6
HP-04 چاله نفوذی.txt,۱۰٫۸,6
HP-04 چاله نفوذی.txt,۱۰٫۹,5
HP-04 چاله نفوذی.txt,۱۱.۱,12
HP-04 چاله نفوذی.txt,۱۱.۱۰,5
HP-04 چاله نفوذی.txt,۱۱.۱۲,6
HP-04 چاله نفوذی.txt,۱۱.۱۳,5
HP-04 چاله نفوذی.txt,۱۱.۱۴,6
HP-04 چاله نفوذی.txt,۱۱.۲,11
HP-04 چاله نفوذی.txt,۱۱.۳,5
HP-04 چاله نفوذی.txt,۱۱.۴,20
HP-04 چاله نفوذی.txt,۱۱.۵,8
HP-04 چاله نفوذی.txt,۱۱.۶,11
HP-04 چاله نفوذی.txt,۱۱.۷,11
HP-04 چاله نفوذی.txt,۱۱.۸,10
HP-04 چاله نفوذی.txt,۱۱.۹,12
HP-04 چاله نفوذی.txt,۱۱٫۱۱,7
HP-04 چاله نفوذی.txt,۱۱.۱۶,21
HP-04 چاله نفوذی.txt,۱۱٫۱۶,6
HP-04 چاله نفوذی.txt,۱۲.۱,23
HP-04 چاله نفوذی.txt,۱۲.۲,11
HP-04 چاله نفوذی.txt,۱۲.۳,24
HP-04 چاله نفوذی.txt,۱۲٫۴,18
HP-04 چاله نفوذی.txt,۱۲٫۵,14
HP-04 چاله نفوذی.txt,۱۲٫۶,8
HP-04 چاله نفوذی.txt,۱۲٫۷,9
HP-04 چاله نفوذی.txt,۲.۱,10
HP-04 چاله نفوذی.txt,۲.۱۰,6
HP-04 چاله نفوذی.txt,۲.۲,9
HP-04 چاله نفوذی.txt,۲.۳,11
HP-04 چاله نفوذی.txt,۲.۴,10
HP-04 چاله نفوذی.txt,۲.۵,9
HP-04 چاله نفوذی.txt,۲.۶,7
HP-04 چاله نفوذی.txt,۲.۷,9
HP-04 چاله نفوذی.txt,۲.۸,6
HP-04 چاله نفوذی.txt,۲.۹,5
HP-04 چاله نفوذی.txt,۲٫۱۱,15
HP-04 چاله نفوذی.txt,۲٫۱۲,7
HP-04 چاله نفوذی.txt,۲٫۱۳,10
HP-04 چاله نفوذی.txt,۲٫۱۴,9
HP-04 چاله نفوذی.txt,۲٫۱۵,16
HP-04 چاله نفوذی.txt,۲٫۱۶,12
HP-04 چاله نفوذی.txt,۲٫۱۷,6
HP-04 چاله نفوذی.txt,۲٫۱۸,5
HP-04 چاله نفوذی.txt,۲٫۱۹,5
HP-04 چاله نفوذی.txt,۲٫۲۰,11
HP-04 چاله نفوذی.txt,۲٫۲۱,12
HP-04 چاله نفوذی.txt,۳.۱,10
HP-04 چاله نفوذی.txt,۳.۲,6
HP-04 چاله نفوذی.txt,۳.۳,7
HP-04 چاله نفوذی.txt,۳.۴,8
HP-04 چاله نفوذی.txt,۳.۵,5
HP-04 چاله نفوذی.txt,۳.۶,6
HP-04 چاله نفوذی.txt,۳.۷,5
HP-04 چاله نفوذی.txt,۳٫۱۰,7
HP-04 چاله نفوذی.txt,۳٫۱۱,7
HP-04 چاله نفوذی.txt,۳٫۱۲,7
HP-04 چاله نفوذی.txt,۳٫۱۳,8
HP-04 چاله نفوذی.txt,۳٫۱۴,7
HP-04 چاله نفوذی.txt,۳٫۱۵,5
HP-04 چاله نفوذی.txt,۳٫۱۶,11
HP-04 چاله نفوذی.txt,۳٫۱۷,8
HP-04 چاله نفوذی.txt,۳٫۱۸,6
HP-04 چاله نفوذی.txt,۳٫۸,8
HP-04 چاله نفوذی.txt,۳٫۹,7
HP-04 چاله نفوذی.txt,۴.۱,7
HP-04 چاله نفوذی.txt,۴.۲,8
HP-04 چاله نفوذی.txt,۴.۳,6
HP-04 چاله نفوذی.txt,۴.۴,7
HP-04 چاله نفوذی.txt,۴.۵,8
HP-04 چاله نفوذی.txt,۴.۶,6
HP-04 چاله نفوذی.txt,۴.۷,8
HP-04 چاله نفوذی.txt,۴٫۱۰,7
HP-04 چاله نفوذی.txt,۴٫۱۱,15
HP-04 چاله نفوذی.txt,۴٫۱۲,4
HP-04 چاله نفوذی.txt,۴٫۱۳,4
HP-04 چاله نفوذی.txt,۴٫۸,9
HP-04 چاله نفوذی.txt,۴٫۹,5
HP-04 چاله نفوذی.txt,۵.۱,6
HP-04 چاله نفوذی.txt,۵.۲,13
HP-04 چاله نفوذی.txt,۵.۳,9
HP-04 چاله نفوذی.txt,۵.۴,5
HP-04 چاله نفوذی.txt,۵.۵,10
HP-04 چاله نفوذی.txt,۵.۶,10
HP-04 چاله نفوذی.txt,۵.۷,6
HP-04 چاله نفوذی.txt,۵.۸,6
HP-04 چاله نفوذی.txt,۵.۹,14
HP-04 چاله نفوذی.txt,۵٫۱۰,5
HP-04 چاله نفوذی.txt,۵٫۱۱,6
HP-04 چاله نفوذی.txt,۵٫۱۲,6
HP-04 چاله نفوذی.txt,۵٫۱۳,5
HP-04 چاله نفوذی.txt,۵٫۱۴,7
HP-04 چاله نفوذی.txt,۶.۱,13
HP-04 چاله نفوذی.txt,۶.۲,19
HP-04 چاله نفوذی.txt,۶.۳,4
HP-04 چاله نفوذی.txt,۶٫۱۰,6
HP-04 چاله نفوذی.txt,۶٫۱۱,5
HP-04 چاله نفوذی.txt,۶٫۱۲,5
HP-04 چاله نفوذی.txt,۶٫۱۳,4
HP-04 چاله نفوذی.txt,۶٫۱۵,11
HP-04 چاله نفوذی.txt,۶٫۴,6
HP-04 چاله نفوذی.txt,۶٫۵,7
HP-04 چاله نفوذی.txt,۶٫۶,6
HP-04 چاله نفوذی.txt,۶٫۷,9
HP-04 چاله نفوذی.txt,۶٫۸,6
HP-04 چاله نفوذی.txt,۶٫۹,5
HP-04 چاله نفوذی.txt,۷.۱,4
HP-04 چاله نفوذی.txt,۷.۱۰,10
HP-04 چاله نفوذی.txt,۷.۱۱,9
HP-04 چاله نفوذی.txt,۷.۲,17
HP-04 چاله نفوذی.txt,۷.۳,9
HP-04 چاله نفوذی.txt,۷.۴,8
HP-04 چاله نفوذی.txt,۷٫۱۲,4
HP-04 چاله نفوذی.txt,۸.۱,13
HP-04 چاله نفوذی.txt,۸.۲,11
HP-04 چاله نفوذی.txt,۸.۳,3
HP-04 چاله نفوذی.txt,۸.۴,4
HP-04 چاله نفوذی.txt,۸.۵,10
HP-04 چاله نفوذی.txt,۸.۶,18
HP-04 چاله نفوذی.txt,۸.۷,9
HP-04 چاله نفوذی.txt,۸٫۹,8
HP-04 چاله نفوذی.txt,۹.۱,6
HP-04 چاله نفوذی.txt,۹.۱۰,6
HP-04 چاله نفوذی.txt,۹.۱۱,13
HP-04 چاله نفوذی.txt,۹.۲,13
HP-04 چاله نفوذی.txt,۹.۳,7
HP-04 چاله نفوذی.txt,۹.۴,7
HP-04 چاله نفوذی.txt,۹.۶,7
HP-04 چاله نفوذی.txt,۹.۷,5
HP-04 چاله نفوذی.txt,۹.۸,6
HP-04 چاله نفوذی.txt,۹.۹,11
HP-04 چاله نفوذی.txt,۹٫۱۲,6
HP-04 چاله نفوذی.txt,۹٫۱۳,5
HP-04 چاله نفوذی.txt,۹٫۱۴,6
HP-04 چاله نفوذی.txt,۹٫۱۵,5
HP-04 چاله نفوذی.txt,۹٫۱۶,7
HP-04 چاله نفوذی.txt,۹٫۱۷,9
HP-04 چاله نفوذی.txt,۹٫۱۸,6
HP-04 چاله نفوذی.txt,۹٫۱۹,9
HP-05 بندک سنگی.txt,۱.۰,11
HP-05 بندک سنگی.txt,۱.۱,22
HP-05 بندک سنگی.txt,۱.۱۰,6
HP-05 بندک سنگی.txt,۱.۱۱,8
HP-05 بندک سنگی.txt,۱.۱۲,6
HP-05 بندک سنگی.txt,۱.۱۳,5
HP-05 بندک سنگی.txt,۱.۱۴,6
HP-05 بندک سنگی.txt,۱.۱۵,5
HP-05 بندک سنگی.txt,۱.۲,21
HP-05 بندک سنگی.txt,۱.۳,12
HP-05 بندک سنگی.txt,۱.۵,7
HP-05 بندک سنگی.txt,۱.۶,6
HP-05 بندک سنگی.txt,۱.۷,6
HP-05 بندک سنگی.txt,۱.۸,6
HP-05 بندک سنگی.txt,۱.۹,7
HP-05 بندک سنگی.txt,۱۰.۱,21
HP-05 بندک سنگی.txt,۱۰.۱۰,26
HP-05 بندک سنگی.txt,۱۰.۱۱,5
HP-05 بندک سنگی.txt,۱۰.۱۲,5
HP-05 بندک سنگی.txt,۱۰.۱۴,5
HP-05 بندک سنگی.txt,۱۰.۱۶,18
HP-05 بندک سنگی.txt,۱۰.۱۷,6
HP-05 بندک سنگی.txt,۱۰.۱۸,5
HP-05 بندک سنگی.txt,۱۰.۲,6
HP-05 بندک سنگی.txt,۱۰.۳,6
HP-05 بندک سنگی.txt,۱۰.۴,6
HP-05 بندک سنگی.txt,۱۰.۵,12
HP-05 بندک سنگی.txt,۱۰.۶,5
HP-05 بندک سنگی.txt,۱۰.۷,7
HP-05 بندک سنگی.txt,۱۰.۸,12
HP-05 بندک سنگی.txt,۱۰.۹,16
HP-05 بندک سنگی.txt,۱۱.۰,6
HP-05 بندک سنگی.txt,۱۱.۱,12
HP-05 بندک سنگی.txt,۱۱.۱۱,22
HP-05 بندک سنگی.txt,۱۱.۱۲,9
HP-05 بندک سنگی.txt,۱۱.۱۳,5
HP-05 بندک سنگی.txt,۱۱.۱۵,8
HP-05 بندک سنگی.txt,۱۱.۱۷,9
HP-05 بندک سنگی.txt,۱۱.۱۸,8
HP-05 بندک سنگی.txt,۱۱.۲,12
HP-05 بندک سنگی.txt,۱۱.۲۰,6
HP-05 بندک سنگی.txt,۱۱.۲۱,5
HP-05 بندک سنگی.txt,۱۱.۲۲,8
HP-05 بندک سنگی.txt,۱۱.۲۳,5
HP-05 بندک سنگی.txt,۱۱.۳,6
HP-05 بندک سنگی.txt,۱۲.۱,25
HP-05 بندک سنگی.txt,۱۲.۲,10
HP-05 بندک سنگی.txt,۱۲.۳,0
HP-05 بندک سنگی.txt,۱۲.۴,9
HP-05 بندک سنگی.txt,۱۲.۵,12
HP-05 بندک سنگی.txt,۲.۱,11
HP-05 بندک سنگی.txt,۲.۱۰,16
HP-05 بندک سنگی.txt,۲.۱۱,13
HP-05 بندک سنگی.txt,۲.۱۲,5
HP-05 بندک سنگی.txt,۲.۱۳,10
HP-05 بندک سنگی.txt,۲.۱۴,10
HP-05 بندک سنگی.txt,۲.۱۵,6
HP-05 بندک سنگی.txt,۲.۱۶,20
HP-05 بندک سنگی.txt,۲.۱۷,5
HP-05 بندک سنگی.txt,۲.۱۸,10
HP-05 بندک سنگی.txt,۲.۱۹,8
HP-05 بندک سنگی.txt,۲.۲,10
HP-05 بندک سنگی.txt,۲.۳,12
HP-05 بندک سنگی.txt,۲.۴,10
HP-05 بندک سنگی.txt,۲.۵,9
HP-05 بندک سنگی.txt,۲.۶,11
HP-05 بندک سنگی.txt,۲.۷,9
HP-05 بندک سنگی.txt,۲.۸,6
HP-05 بندک سنگی.txt,۲.۹,6
HP-05 بندک سنگی.txt,۳.۰,14
HP-05 بندک سنگی.txt,۳.۱,10
HP-05 بندک سنگی.txt,۳.۱۰,9
HP-05 بندک سنگی.txt,۳.۱۱,8
HP-05 بندک سنگی.txt,۳.۱۲,8
HP-05 بندک سنگی.txt,۳.۱۳,14
HP-05 بندک سنگی.txt,۳.۱۴,14
HP-05 بندک سنگی.txt,۳.۱۵,5
HP-05 بندک سنگی.txt,۳.۱۶,6
HP-05 بندک سنگی.txt,۳.۱۷,14
HP-05 بندک سنگی.txt,۳.۲,6
HP-05 بندک سنگی.txt,۳.۳,7
HP-05 بندک سنگی.txt,۳.۴,8
HP-05 بندک سنگی.txt,۳.۵,6
HP-05 بندک سنگی.txt,۳.۶,6
HP-05 بندک سنگی.txt,۳.۷,8
HP-05 بندک سنگی.txt,۳.۸,7
HP-05 بندک سنگی.txt,۳.۹,7
HP-05 بندک سنگی.txt,۴.۱,16
HP-05 بندک سنگی.txt,۴.۲,14
HP-05 بندک سنگی.txt,۴.۳,17
HP-05 بندک سنگی.txt,۴.۴,15
HP-05 بندک سنگی.txt,۴.۵,5
HP-05 بندک سنگی.txt,۴.۶,6
HP-05 بندک سنگی.txt,۴.۷,9
HP-05 بندک سنگی.txt,۴.۸,5
HP-05 بندک سنگی.txt,۵.۱,8
HP-05 بندک سنگی.txt,۵.۱۱,10
HP-05 بندک سنگی.txt,۵.۱۲,7
HP-05 بندک سنگی.txt,۵.۱۳,5
HP-05 بندک سنگی.txt,۵.۱۴,6
HP-05 بندک سنگی.txt,۵.۱۵,8
HP-05 بندک سنگی.txt,۵.۱۶,5
HP-05 بندک سنگی.txt,۵.۱۷,8
HP-05 بندک سنگی.txt,۵.۱۸,5
HP-05 بندک سنگی.txt,۵.۱۹,8
HP-05 بندک سنگی.txt,۵.۲,13
HP-05 بندک سنگی.txt,۵.۳,0
HP-05 بندک سنگی.txt,۶.۱,16
HP-05 بندک سنگی.txt,۶.۱۰,5
HP-05 بندک سنگی.txt,۶.۱۱,5
HP-05 بندک سنگی.txt,۶.۱۲,5
HP-05 بندک سنگی.txt,۶.۲,6
HP-05 بندک سنگی.txt,۶.۳,5
HP-05 بندک سنگی.txt,۶.۴,5
HP-05 بندک سنگی.txt,۶.۵,6
HP-05 بندک سنگی.txt,۶.۶,6
HP-05 بندک سنگی.txt,۶.۷,6
HP-05 بندک سنگی.txt,۶.۸,6
HP-05 بندک سنگی.txt,۶.۹,6
HP-05 بندک سنگی.txt,۷.۱,19
HP-05 بندک سنگی.txt,۷.۲,10
HP-05 بندک سنگی.txt,۷.۳,5
HP-05 بندک سنگی.txt,۷.۴,5
HP-05 بندک سنگی.txt,۷.۵,5
HP-05 بندک سنگی.txt,۷.۶,7
HP-05 بندک سنگی.txt,۷.۷,9
HP-05 بندک سنگی.txt,۷.۸,6
HP-05 بندک سنگی.txt,۸.۱,0
HP-05 بندک سنگی.txt,۸.۲,12
HP-05 بندک سنگی.txt,۸.۳,18
HP-05 بندک سنگی.txt,۸.۴,12
HP-05 بندک سنگی.txt,۸.۵,11
HP-05 بندک سنگی.txt,۸.۶,5
HP-05 بندک سنگی.txt,۸.۷,7
HP-05 بندک سنگی.txt,۸.۸,7
HP-05 بندک سنگی.txt,۸.۹,5
HP-05 بندک سنگی.txt,۹.۱,20
HP-05 بندک سنگی.txt,۹.۱۰,5
HP-05 بندک سنگی.txt,۹.۱۱,6
HP-05 بندک سنگی.txt,۹.۱۲,6
HP-05 بندک سنگی.txt,۹.۱۳,6
HP-05 بندک سنگی.txt,۹.۱۴,6
HP-05 بندک سنگی.txt,۹.۱۵,5
HP-05 بندک سنگی.txt,۹.۲,5
HP-05 بندک سنگی.txt,۹.۳,9
HP-05 بندک سنگی.txt,۹.۴,16
HP-05 بندک سنگی.txt,۹.۵,6
HP-05 بندک سنگی.txt,۹.۶,9
HP-05 بندک سنگی.txt,۹.۷,7
HP-05 بندک سنگی.txt,۹.۸,5
HP-05 بندک سنگی.txt,۹.۹,5
HP-06 لایه بندی خاک.txt,۱.۱,17
HP-06 لایه بندی خاک.txt,۱.۲,9
HP-06 لایه بندی خاک.txt,۱٫۱,0
HP-06 لایه بندی خاک.txt,۱٫۱۰,0
HP-06 لایه بندی خاک.txt,۱٫۱۱,0
HP-06 لایه بندی خاک.txt,۱٫۱۲,0
HP-06 لایه بندی خاک.txt,۱٫۱۳,0
HP-06 لایه بندی خاک.txt,۱٫۱۴,0
HP-06 لایه بندی خاک.txt,۱٫۱۵,0
HP-06 لایه بندی خاک.txt,۱٫۱۶,0
HP-06 لایه بندی خاک.txt,۱٫۳,0
HP-06 لایه بندی خاک.txt,۱٫۴,0
HP-06 لایه بندی خاک.txt,۱٫۵,0
HP-06 لایه بندی خاک.txt,۱٫۶,0
HP-06 لایه بندی خاک.txt,۱٫۷,0
HP-06 لایه بندی خاک.txt,۱٫۸,0
HP-06 لایه بندی خاک.txt,۱٫۹,0
HP-06 لایه بندی خاک.txt,۱۰.۱,20
HP-06 لایه بندی خاک.txt,۱۰.۲,8
HP-06 لایه بندی خاک.txt,۱۰.۳,10
HP-06 لایه بندی خاک.txt,۱۰٫۱۰,0
HP-06 لایه بندی خاک.txt,۱۰٫۱۱,0
HP-06 لایه بندی خاک.txt,۱۰٫۱۲,0
HP-06 لایه بندی خاک.txt,۱۰٫۱۳,0
HP-06 لایه بندی خاک.txt,۱۰٫۱۴,0
HP-06 لایه بندی خاک.txt,۱۰٫۱۵,0
HP-06 لایه بندی خاک.txt,۱۰٫۱۶,0
HP-06 لایه بندی خاک.txt,۱۰٫۱۷,0
HP-06 لایه بندی خاک.txt,۱۰٫۱۸,0
HP-06 لایه بندی خاک.txt,۱۰٫۱۹,0
HP-06 لایه بندی خاک.txt,۱۰٫۲۰,0
HP-06 لایه بندی خاک.txt,۱۰٫۲۱,0
HP-06 لایه بندی خاک.txt,۱۰٫۲۲,0
HP-06 لایه بندی خاک.txt,۱۰٫۲۳,0
HP-06 لایه بندی خاک.txt,۱۰٫۲۴,0
HP-06 لایه بندی خاک.txt,۱۰٫۲۵,0
HP-06 لایه بندی خاک.txt,۱۰٫۲۶,0
HP-06 لایه بندی خاک.txt,۱۰٫۲۷,0
HP-06 لایه بندی خاک.txt,۱۰٫۲۸,0
HP-06 لایه بندی خاک.txt,۱۰٫۴,0
HP-06 لایه بندی خاک.txt,۱۰٫۵,0
HP-06 لایه بندی خاک.txt,۱۰٫۶,0
HP-06 لایه بندی خاک.txt,۱۰٫۷,0
HP-06 لایه بندی خاک.txt,۱۰٫۸,0
HP-06 لایه بندی خاک.txt,۱۰٫۹,0
HP-06 لایه بندی خاک.txt,۱۱.۱,12
HP-06 لایه بندی خاک.txt,۱۱.۲,12
HP-06 لایه بندی خاک.txt,۱۱.۳,7
HP-06 لایه بندی خاک.txt,۱۱٫۱۰,0
HP-06 لایه بندی خاک.txt,۱۱٫۱۱,0
HP-06 لایه بندی خاک.txt,۱۱٫۱۲,0
HP-06 لایه بندی خاک.txt,۱۱٫۱۳,0
HP-06 لایه بندی خاک.txt,۱۱٫۱۴,0
HP-06 لایه بندی خاک.txt,۱۱٫۱۵,0
HP-06 لایه بندی خاک.txt,۱۱٫۱۶,0
HP-06 لایه بندی خاک.txt,۱۱٫۱۷,0
HP-06 لایه بندی خاک.txt,۱۱٫۱۸,0
HP-06 لایه بندی خاک.txt,۱۱٫۴,0
HP-06 لایه بندی خاک.txt,۱۱٫۵,0
HP-06 لایه بندی خاک.txt,۱۱٫۶,0
HP-06 لایه بندی خاک.txt,۱۱٫۷,0
HP-06 لایه بندی خاک.txt,۱۱٫۸,0
HP-06 لایه بندی خاک.txt,۱۱٫۹,0
HP-06 لایه بندی خاک.txt,۱۲.۱,32
HP-06 لایه بندی خاک.txt,۱۲.۲,22
HP-06 لایه بندی خاک.txt,۱۲.۳,27
HP-06 لایه بندی خاک.txt,۱۲٫۱۳,0
HP-06 لایه بندی خاک.txt,۲.۱,11
HP-06 لایه بندی خاک.txt,۲.۲,9
HP-06 لایه بندی خاک.txt,۲.۳,11
HP-06 لایه بندی خاک.txt,۲.۴,9
HP-06 لایه بندی خاک.txt,۲.۵,11
HP-06 لایه بندی خاک.txt,۲.۶,8
HP-06 لایه بندی خاک.txt,۲.۷,10
HP-06 لایه بندی خاک.txt,۲٫۱۰,0
HP-06 لایه بندی خاک.txt,۲٫۱۱,0
HP-06 لایه بندی خاک.txt,۲٫۱۲,0
HP-06 لایه بندی خاک.txt,۲٫۱۳,0
HP-06 لایه بندی خاک.txt,۲٫۱۴,0
HP-06 لایه بندی خاک.txt,۲٫۱۵,0
HP-06 لایه بندی خاک.txt,۲٫۱۶,0
HP-06 لایه بندی خاک.txt,۲٫۱۷,0
HP-06 لایه بندی خاک.txt,۲٫۱۸,0
HP-06 لایه بندی خاک.txt,۲٫۱۹,0
HP-06 لایه بندی خاک.txt,۲٫۲۰,0
HP-06 لایه بندی خاک.txt,۲٫۲۱,0
HP-06 لایه بندی خاک.txt,۲٫۲۲,0
HP-06 لایه بندی خاک.txt,۲٫۸,0
HP-06 لایه بندی خاک.txt,۲٫۹,0
HP-06 لایه بندی خاک.txt,۳.۱,7
HP-06 لایه بندی خاک.txt,۳.۲,0
HP-06 لایه بندی خاک.txt,۳.۵,0
HP-06 لایه بندی خاک.txt,۳.۶,0
HP-06 لایه بندی خاک.txt,۳٫۱۱,0
HP-06 لایه بندی خاک.txt,۳٫۱۲,0
HP-06 لایه بندی خاک.txt,۳٫۱۳,0
HP-06 لایه بندی خاک.txt,۳٫۱۴,0
HP-06 لایه بندی خاک.txt,۳٫۱۵,0
HP-06 لایه بندی خاک.txt,۳٫۱۶,0
HP-06 لایه بندی خاک.txt,۳٫۱۷,0
HP-06 لایه بندی خاک.txt,۳٫۱۸,0
HP-06 لایه بندی خاک.txt,۳٫۱۹,0
HP-06 لایه بندی خاک.txt,۳٫۲۰,0
HP-06 لایه بندی خاک.txt,۳٫۲۱,0
HP-06 لایه بندی خاک.txt,۳٫۲۲,0
HP-06 لایه بندی خاک.txt,۳٫۲۳,0
HP-06 لایه بندی خاک.txt,۳٫۲۴,0
HP-06 لایه بندی خاک.txt,۴.۱,7
HP-06 لایه بندی خاک.txt,۴.۲,7
HP-06 لایه بندی خاک.txt,۴.۳,7
HP-06 لایه بندی خاک.txt,۴.۴,6
HP-06 لایه بندی خاک.txt,۴.۵,6
HP-06 لایه بندی خاک.txt,۴.۶,6
HP-06 لایه بندی خاک.txt,۴.۷,6
HP-06 لایه بندی خاک.txt,۴٫۱۰,0
HP-06 لایه بندی خاک.txt,۴٫۱۱,0
HP-06 لایه بندی خاک.txt,۴٫۱۲,0
HP-06 لایه بندی خاک.txt,۴٫۱۳,0
HP-06 لایه بندی خاک.txt,۴٫۱۴,0
HP-06 لایه بندی خاک.txt,۴٫۱۵,0
HP-06 لایه بندی خاک.txt,۴٫۵,0
HP-06 لایه بندی خاک.txt,۴٫۶,0
HP-06 لایه بندی خاک.txt,۴٫۷,0
HP-06 لایه بندی خاک.txt,۴٫۸,0
HP-06 لایه بندی خاک.txt,۴٫۹,0
HP-06 لایه بندی خاک.txt,۵.۱,8
HP-06 لایه بندی خاک.txt,۵.۲,10
HP-06 لایه بندی خاک.txt,۵.۳,9
HP-06 لایه بندی خاک.txt,۵٫۱,0
HP-06 لایه بندی خاک.txt,۵٫۱۰,0
HP-06 لایه بندی خاک.txt,۵٫۱۱,0
HP-06 لایه بندی خاک.txt,۵٫۱۲,0
HP-06 لایه بندی خاک.txt,۵٫۱۳,0
HP-06 لایه بندی خاک.txt,۵٫۱۴,0
HP-06 لایه بندی خاک.txt,۵٫۱۵,0
HP-06 لایه بندی خاک.txt,۵٫۱۶,0
HP-06 لایه بندی خاک.txt,۵٫۱۷,0
HP-06 لایه بندی خاک.txt,۵٫۲,0
HP-06 لایه بندی خاک.txt,۵٫۳,0
HP-06 لایه بندی خاک.txt,۵٫۵,0
HP-06 لایه بندی خاک.txt,۵٫۶,0
HP-06 لایه بندی خاک.txt,۵٫۷,0
HP-06 لایه بندی خاک.txt,۵٫۸,0
HP-06 لایه بندی خاک.txt,۵٫۹,0
HP-06 لایه بندی خاک.txt,۶.۱,12
HP-06 لایه بندی خاک.txt,۶٫۱۰,0
HP-06 لایه بندی خاک.txt,۶٫۱۱,0
HP-06 لایه بندی خاک.txt,۶٫۱۲,0
HP-06 لایه بندی خاک.txt,۶٫۱۳,0
HP-06 لایه بندی خاک.txt,۶٫۱۴,0
HP-06 لایه بندی خاک.txt,۶٫۱۵,0
HP-06 لایه بندی خاک.txt,۶٫۱۶,0
HP-06 لایه بندی خاک.txt,۶٫۱۷,0
HP-06 لایه بندی خاک.txt,۶٫۱۸,0
HP-06 لایه بندی خاک.txt,۶٫۲,0
HP-06 لایه بندی خاک.txt,۶٫۳,0
HP-06 لایه بندی خاک.txt,۶٫۴,0
HP-06 لایه بندی خاک.txt,۶٫۵,0
HP-06 لایه بندی خاک.txt,۶٫۶,0
HP-06 لایه بندی خاک.txt,۶٫۷,0
HP-06 لایه بندی خاک.txt,۶٫۸,0
HP-06 لایه بندی خاک.txt,۶٫۹,0
HP-06 لایه بندی خاک.txt,۷.۱,19
HP-06 لایه بندی خاک.txt,۷.۲,9
HP-06 لایه بندی خاک.txt,۷٫۱۰,0
HP-06 لایه بندی خاک.txt,۷٫۱۱,0
HP-06 لایه بندی خاک.txt,۷٫۲,0
HP-06 لایه بندی خاک.txt,۷٫۴,0
HP-06 لایه بندی خاک.txt,۷٫۵,0
HP-06 لایه بندی خاک.txt,۷٫۶,0
HP-06 لایه بندی خاک.txt,۷٫۷,0
HP-06 لایه بندی خاک.txt,۷٫۸,0
HP-06 لایه بندی خاک.txt,۷٫۹,0
HP-06 لایه بندی خاک.txt,۸.۱,8
HP-06 لایه بندی خاک.txt,۸.۲,7
HP-06 لایه بندی خاک.txt,۸.۳,7
HP-06 لایه بندی خاک.txt,۸٫۱۰,0
HP-06 لایه بندی خاک.txt,۸٫۱۱,0
HP-06 لایه بندی خاک.txt,۸٫۱۲,0
HP-06 لایه بندی خاک.txt,۸٫۱۳,0
HP-06 لایه بندی خاک.txt,۸٫۱۴,0
HP-06 لایه بندی خاک.txt,۸٫۱۵,0
HP-06 لایه بندی خاک.txt,۸٫۴,0
HP-06 لایه بندی خاک.txt,۸٫۵,0
HP-06 لایه بندی خاک.txt,۸٫۶,0
HP-06 لایه بندی خاک.txt,۸٫۷,0
HP-06 لایه بندی خاک.txt,۸٫۸,0
HP-06 لایه بندی خاک.txt,۸٫۹,0
HP-06 لایه بندی خاک.txt,۹٫۱,0
HP-06 لایه بندی خاک.txt,۹٫۱۰,0
HP-06 لایه بندی خاک.txt,۹٫۱۱,0
HP-06 لایه بندی خاک.txt,۹٫۱۲,0
HP-06 لایه بندی خاک.txt,۹٫۱۳,0
HP-06 لایه بندی خاک.txt,۹٫۱۴,0
HP-06 لایه بندی خاک.txt,۹٫۱۵,0
HP-06 لایه بندی خاک.txt,۹٫۱۶,0
HP-06 لایه بندی خاک.txt,۹٫۱۷,0
HP-06 لایه بندی خاک.txt,۹٫۱۸,0
HP-06 لایه بندی خاک.txt,۹٫۱۹,0
HP-06 لایه بندی خاک.txt,۹٫۲,0
HP-06 لایه بندی خاک.txt,۹٫۲۰,0
HP-06 لایه بندی خاک.txt,۹٫۳,0
HP-06 لایه بندی خاک.txt,۹٫۴,0
HP-06 لایه بندی خاک.txt,۹٫۵,0
HP-06 لایه بندی خاک.txt,۹٫۶,0
HP-06 لایه بندی خاک.txt,۹٫۷,0
HP-06 لایه بندی خاک.txt,۹٫۸,0
HP-06 لایه بندی خاک.txt,۹٫۹,0
HP-07 مالچ زیستی.txt,۱.۱,17
HP-07 مالچ زیستی.txt,۱.۱۰,9
HP-07 مالچ زیستی.txt,۱.۱۱,6
HP-07 مالچ زیستی.txt,۱.۱۲,6
HP-07 مالچ زیستی.txt,۱.۱۳,5
HP-07 مالچ زیستی.txt,۱.۱۴,5
HP-07 مالچ زیستی.txt,۱.۱۵,7
HP-07 مالچ زیستی.txt,۱.۱۶,12
HP-07 مالچ زیستی.txt,۱.۱۷,12
HP-07 مالچ زیستی.txt,۱.۱۸,12
HP-07 مالچ زیستی.txt,۱.۱۹,12
HP-07 مالچ زیستی.txt,۱.۲,8
HP-07 مالچ زیستی.txt,۱.۲۰,12
HP-07 مالچ زیستی.txt,۱.۲۱,5
HP-07 مالچ زیستی.txt,۱.۳,9
HP-07 مالچ زیستی.txt,۱.۴,7
HP-07 مالچ زیستی.txt,۱.۵,8
HP-07 مالچ زیستی.txt,۱.۶,5
HP-07 مالچ زیستی.txt,۱.۷,7
HP-07 مالچ زیستی.txt,۱.۸,4
HP-07 مالچ زیستی.txt,۱.۹,10
HP-07 مالچ زیستی.txt,۱۰.۱,7
HP-07 مالچ زیستی.txt,۱۰.۱۰,6
HP-07 مالچ زیستی.txt,۱۰.۱۱,6
HP-07 مالچ زیستی.txt,۱۰.۱۲,7
HP-07 مالچ زیستی.txt,۱۰.۱۳,7
HP-07 مالچ زیستی.txt,۱۰.۱۴,12
HP-07 مالچ زیستی.txt,۱۰.۱۵,10
HP-07 مالچ زیستی.txt,۱۰.۱۶,5
HP-07 مالچ زیستی.txt,۱۰.۲,18
HP-07 مالچ زیستی.txt,۱۰.۳,12
HP-07 مالچ زیستی.txt,۱۰.۴,16
HP-07 مالچ زیستی.txt,۱۰.۵,6
HP-07 مالچ زیستی.txt,۱۰.۶,5
HP-07 مالچ زیستی.txt,۱۰.۷,5
HP-07 مالچ زیستی.txt,۱۰.۸,6
HP-07 مالچ زیستی.txt,۱۰.۹,10
HP-07 مالچ زیستی.txt,۱۱.۱,17
HP-07 مالچ زیستی.txt,۱۱.۱۰,6
HP-07 مالچ زیستی.txt,۱۱.۱۱,5
HP-07 مالچ زیستی.txt,۱۱.۱۲,12
HP-07 مالچ زیستی.txt,۱۱.۱۳,5
HP-07 مالچ زیستی.txt,۱۱.۱۴,12
HP-07 مالچ زیستی.txt,۱۱.۱۵,12
HP-07 مالچ زیستی.txt,۱۱.۱۶,6
HP-07 مالچ زیستی.txt,۱۱.۱۷,5
HP-07 مالچ زیستی.txt,۱۱.۱۸,4
HP-07 مالچ زیستی.txt,۱۱.۱۹,10
HP-07 مالچ زیستی.txt,۱۱.۲,13
HP-07 مالچ زیستی.txt,۱۱.۳,7
HP-07 مالچ زیستی.txt,۱۱.۴,12
HP-07 مالچ زیستی.txt,۱۱.۵,14
HP-07 مالچ زیستی.txt,۱۱.۶,22
HP-07 مالچ زیستی.txt,۱۱.۷,16
HP-07 مالچ زیستی.txt,۱۱.۸,11
HP-07 مالچ زیستی.txt,۱۱.۹,5
HP-07 مالچ زیستی.txt,۱۲.۱,23
HP-07 مالچ زیستی.txt,۱۲.۱۰,6
HP-07 مالچ زیستی.txt,۱۲.۱۱,53
HP-07 مالچ زیستی.txt,۱۲.۲,21
HP-07 مالچ زیستی.txt,۱۲.۳,26
HP-07 مالچ زیستی.txt,۱۲.۴,14
HP-07 مالچ زیستی.txt,۱۲.۵,24
HP-07 مالچ زیستی.txt,۱۲.۶,11
HP-07 مالچ زیستی.txt,۱۲.۷,8
HP-07 مالچ زیستی.txt,۱۲.۸,12
HP-07 مالچ زیستی.txt,۱۲.۹,12
HP-07 مالچ زیستی.txt,۲.۱,13
HP-07 مالچ زیستی.txt,۲.۱۰,13
HP-07 مالچ زیستی.txt,۲.۱۱,8
HP-07 مالچ زیستی.txt,۲.۱۲,6
HP-07 مالچ زیستی.txt,۲.۱۳,8
HP-07 مالچ زیستی.txt,۲.۱۴,9
HP-07 مالچ زیستی.txt,۲.۱۵,9
HP-07 مالچ زیستی.txt,۲.۱۶,9
HP-07 مالچ زیستی.txt,۲.۱۷,7
HP-07 مالچ زیستی.txt,۲.۱۸,7
HP-07 مالچ زیستی.txt,۲.۱۹,7
HP-07 مالچ زیستی.txt,۲.۲,8
HP-07 مالچ زیستی.txt,۲.۲۰,8
HP-07 مالچ زیستی.txt,۲.۲۱,20
HP-07 مالچ زیستی.txt,۲.۲۲,12
HP-07 مالچ زیستی.txt,۲.۲۳,8
HP-07 مالچ زیستی.txt,۲.۲۴,5
HP-07 مالچ زیستی.txt,۲.۲۵,22
HP-07 مالچ زیستی.txt,۲.۳,8
HP-07 مالچ زیستی.txt,۲.۴,8
HP-07 مالچ زیستی.txt,۲.۵,8
HP-07 مالچ زیستی.txt,۲.۶,8
HP-07 مالچ زیستی.txt,۲.۷,7
HP-07 مالچ زیستی.txt,۲.۸,6
HP-07 مالچ زیستی.txt,۲.۹,7
HP-07 مالچ زیستی.txt,۳.۱,8
HP-07 مالچ زیستی.txt,۳.۱۰,7
HP-07 مالچ زیستی.txt,۳.۱۱,7
HP-07 مالچ زیستی.txt,۳.۱۲,8
HP-07 مالچ زیستی.txt,۳.۱۳,5
HP-07 مالچ زیستی.txt,۳.۱۴,6
HP-07 مالچ زیستی.txt,۳.۱۵,7
HP-07 مالچ زیستی.txt,۳.۱۶,6
HP-07 مالچ زیستی.txt,۳.۱۷,5
HP-07 مالچ زیستی.txt,۳.۱۸,9
HP-07 مالچ زیستی.txt,۳.۱۹,14
HP-07 مالچ زیستی.txt,۳.۲,8
HP-07 مالچ زیستی.txt,۳.۲۰,11
HP-07 مالچ زیستی.txt,۳.۳,8
HP-07 مالچ زیستی.txt,۳.۴,8
HP-07 مالچ زیستی.txt,۳.۵,8
HP-07 مالچ زیستی.txt,۳.۶,8
HP-07 مالچ زیستی.txt,۳.۷,13
HP-07 مالچ زیستی.txt,۳.۸,6
HP-07 مالچ زیستی.txt,۳.۹,6
HP-07 مالچ زیستی.txt,۴.۱,11
HP-07 مالچ زیستی.txt,۴.۱۰,12
HP-07 مالچ زیستی.txt,۴.۱۱,5
HP-07 مالچ زیستی.txt,۴.۱۲,5
HP-07 مالچ زیستی.txt,۴.۱۳,22
HP-07 مالچ زیستی.txt,۴.۱۴,5
HP-07 مالچ زیستی.txt,۴.۱۵,9
HP-07 مالچ زیستی.txt,۴.۱۶,11
HP-07 مالچ زیستی.txt,۴.۱۷,6
HP-07 مالچ زیستی.txt,۴.۱۸,5
HP-07 مالچ زیستی.txt,۴.۱۹,12
HP-07 مالچ زیستی.txt,۴.۲,16
HP-07 مالچ زیستی.txt,۴.۲۰,5
HP-07 مالچ زیستی.txt,۴.۲۱,22
HP-07 مالچ زیستی.txt,۴.۲۲,5
HP-07 مالچ زیستی.txt,۴.۳,16
HP-07 مالچ زیستی.txt,۴.۴,16
HP-07 مالچ زیستی.txt,۴.۵,15
HP-07 مالچ زیستی.txt,۴.۶,12
HP-07 مالچ زیستی.txt,۴.۷,12
HP-07 مالچ زیستی.txt,۴.۸,4
HP-07 مالچ زیستی.txt,۴.۹,10
HP-07 مالچ زیستی.txt,۵.۱,6
HP-07 مالچ زیستی.txt,۵.۱۰,10
HP-07 مالچ زیستی.txt,۵.۱۱,8
HP-07 مالچ زیستی.txt,۵.۱۲,12
HP-07 مالچ زیستی.txt,۵.۱۳,12
HP-07 مالچ زیستی.txt,۵.۲,9
HP-07 مالچ زیستی.txt,۵.۲۰,6
HP-07 مالچ زیستی.txt,۵.۲۱,6
HP-07 مالچ زیستی.txt,۵.۲۲,5
HP-07 مالچ زیستی.txt,۵.۲۳,5
HP-07 مالچ زیستی.txt,۵.۲۴,5
HP-07 مالچ زیستی.txt,۵.۲۵,5
HP-07 مالچ زیستی.txt,۵.۳,8
HP-07 مالچ زیستی.txt,۵.۴,6
HP-07 مالچ زیستی.txt,۵.۵,6
HP-07 مالچ زیستی.txt,۵.۶,14
HP-07 مالچ زیستی.txt,۵.۷,4
HP-07 مالچ زیستی.txt,۵.۸,10
HP-07 مالچ زیستی.txt,۵.۹,5
HP-07 مالچ زیستی.txt,۶.۱,8
HP-07 مالچ زیستی.txt,۶.۱۰,6
HP-07 مالچ زیستی.txt,۶.۱۱,5
HP-07 مالچ زیستی.txt,۶.۱۲,9
HP-07 مالچ زیستی.txt,۶.۱۳,9
HP-07 مالچ زیستی.txt,۶.۱۴,6
HP-07 مالچ زیستی.txt,۶.۱۵,10
HP-07 مالچ زیستی.txt,۶.۲,12
HP-07 مالچ زیستی.txt,۶.۲۰,12
HP-07 مالچ زیستی.txt,۶.۲۳,6
HP-07 مالچ زیستی.txt,۶.۲۴,6
HP-07 مالچ زیستی.txt,۶.۲۵,4
HP-07 مالچ زیستی.txt,۶.۲۶,6
HP-07 مالچ زیستی.txt,۶.۲۷,6
HP-07 مالچ زیستی.txt,۶.۳,9
HP-07 مالچ زیستی.txt,۶.۴,5
HP-07 مالچ زیستی.txt,۶.۵,4
HP-07 مالچ زیستی.txt,۶.۶,12
HP-07 مالچ زیستی.txt,۶.۷,7
HP-07 مالچ زیستی.txt,۶.۸,10
HP-07 مالچ زیستی.txt,۶.۹,5
HP-07 مالچ زیستی.txt,۷.۱,19
HP-07 مالچ زیستی.txt,۷.۲,9
HP-07 مالچ زیستی.txt,۷.۳,11
HP-07 مالچ زیستی.txt,۷.۴,10
HP-07 مالچ زیستی.txt,۷.۵,6
HP-07 مالچ زیستی.txt,۷.۶,8
HP-07 مالچ زیستی.txt,۷.۷,12
HP-07 مالچ زیستی.txt,۷.۸,12
HP-07 مالچ زیستی.txt,۸.۱,7
HP-07 مالچ زیستی.txt,۸.۱۰,12
HP-07 مالچ زیستی.txt,۸.۱۱,5
HP-07 مالچ زیستی.txt,۸.۱۲,5
HP-07 مالچ زیستی.txt,۸.۲,22
HP-07 مالچ زیستی.txt,۸.۳,10
HP-07 مالچ زیستی.txt,۸.۴,5
HP-07 مالچ زیستی.txt,۸.۵,6
HP-07 مالچ زیستی.txt,۸.۶,7
HP-07 مالچ زیستی.txt,۸.۷,14
HP-07 مالچ زیستی.txt,۸.۸,12
HP-07 مالچ زیستی.txt,۸.۹,12
HP-07 مالچ زیستی.txt,۹.۱,21
HP-07 مالچ زیستی.txt,۹.۱۰,6
HP-07 مالچ زیستی.txt,۹.۱۱,12
HP-07 مالچ زیستی.txt,۹.۱۲,14
HP-07 مالچ زیستی.txt,۹.۱۳,10
HP-07 مالچ زیستی.txt,۹.۱۴,12
HP-07 مالچ زیستی.txt,۹.۱۵,5
HP-07 مالچ زیستی.txt,۹.۱۶,5
HP-07 مالچ زیستی.txt,۹.۲,13
HP-07 مالچ زیستی.txt,۹.۳,10
HP-07 مالچ زیستی.txt,۹.۴,6
HP-07 مالچ زیستی.txt,۹.۵,5
HP-07 مالچ زیستی.txt,۹.۶,9
HP-07 مالچ زیستی.txt,۹.۷,7
HP-07 مالچ زیستی.txt,۹.۸,7
HP-07 مالچ زیستی.txt,۹.۹,10
HP-08 آگروفاستری.txt,۱.۱,17
HP-08 آگروفاستری.txt,۱.۱۰,6
HP-08 آگروفاستری.txt,۱.۱۱,6
HP-08 آگروفاستری.txt,۱.۱۲,7
HP-08 آگروفاستری.txt,۱.۱۳,7
HP-08 آگروفاستری.txt,۱.۱۴,22
HP-08 آگروفاستری.txt,۱.۱۵,6
HP-08 آگروفاستری.txt,۱.۱۶,7
HP-08 آگروفاستری.txt,۱.۱۷,6
HP-08 آگروفاستری.txt,۱.۱۸,5
HP-08 آگروفاستری.txt,۱.۱۹,7
HP-08 آگروفاستری.txt,۱.۲,9
HP-08 آگروفاستری.txt,۱.۲۰,5
HP-08 آگروفاستری.txt,۱.۲۱,5
HP-08 آگروفاستری.txt,۱.۲۲,5
HP-08 آگروفاستری.txt,۱.۳,14
HP-08 آگروفاستری.txt,۱.۵,7
HP-08 آگروفاستری.txt,۱.۶,13
HP-08 آگروفاستری.txt,۱.۷,5
HP-08 آگروفاستری.txt,۱.۸,6
HP-08 آگروفاستری.txt,۱.۹,8
HP-08 آگروفاستری.txt,۱۰.۱,9
HP-08 آگروفاستری.txt,۱۰.۱۰,5
HP-08 آگروفاستری.txt,۱۰.۱۱,14
HP-08 آگروفاستری.txt,۱۰.۱۲,7
HP-08 آگروفاستری.txt,۱۰.۱۳,7
HP-08 آگروفاستری.txt,۱۰.۱۴,6
HP-08 آگروفاستری.txt,۱۰.۱۵,5
HP-08 آگروفاستری.txt,۱۰.۱۶,5
HP-08 آگروفاستری.txt,۱۰.۱۷,4
HP-08 آگروفاستری.txt,۱۰.۱۸,5
HP-08 آگروفاستری.txt,۱۰.۱۹,5
HP-08 آگروفاستری.txt,۱۰.۲,12
HP-08 آگروفاستری.txt,۱۰.۲۰,5
HP-08 آگروفاستری.txt,۱۰.۲۱,5
HP-08 آگروفاستری.txt,۱۰.۲۲,6
HP-08 آگروفاستری.txt,۱۰.۲۳,5
HP-08 آگروفاستری.txt,۱۰.۲۴,6
HP-08 آگروفاستری.txt,۱۰.۲۵,5
HP-08 آگروفاستری.txt,۱۰.۲۶,5
HP-08 آگروفاستری.txt,۱۰.۲۷,6
HP-08 آگروفاستری.txt,۱۰.۲۸,5
HP-08 آگروفاستری.txt,۱۰.۲۹,6
HP-08 آگروفاستری.txt,۱۰.۳,10
HP-08 آگروفاستری.txt,۱۰.۳۰,5
HP-08 آگروفاستری.txt,۱۰.۳۱,6
HP-08 آگروفاستری.txt,۱۰.۴,9
HP-08 آگروفاستری.txt,۱۰.۵,7
HP-08 آگروفاستری.txt,۱۰.۶,14
HP-08 آگروفاستری.txt,۱۰.۷,14
HP-08 آگروفاستری.txt,۱۰.۸,12
HP-08 آگروفاستری.txt,۱۰.۹,5
HP-08 آگروفاستری.txt,۱۱.۱,15
HP-08 آگروفاستری.txt,۱۱.۱۰,5
HP-08 آگروفاستری.txt,۱۱.۱۱,5
HP-08 آگروفاستری.txt,۱۱.۱۲,10
HP-08 آگروفاستری.txt,۱۱.۱۳,6
HP-08 آگروفاستری.txt,۱۱.۱۴,5
HP-08 آگروفاستری.txt,۱۱.۱۵,5
HP-08 آگروفاستری.txt,۱۱.۱۶,6
HP-08 آگروفاستری.txt,۱۱.۱۷,5
HP-08 آگروفاستری.txt,۱۱.۱۸,6
HP-08 آگروفاستری.txt,۱۱.۱۹,5
HP-08 آگروفاستری.txt,۱۱.۲,9
HP-08 آگروفاستری.txt,۱۱.۲۰,6
HP-08 آگروفاستری.txt,۱۱.۲۱,5
HP-08 آگروفاستری.txt,۱۱.۲۲,6
HP-08 آگروفاستری.txt,۱۱.۳,9
HP-08 آگروفاستری.txt,۱۱.۴,12
HP-08 آگروفاستری.txt,۱۱.۵,10
HP-08 آگروفاستری.txt,۱۱.۶,15
HP-08 آگروفاستری.txt,۱۱.۷,5
HP-08 آگروفاستری.txt,۱۱.۸,7
HP-08 آگروفاستری.txt,۱۱.۹,5
HP-08 آگروفاستری.txt,۱۲.۱,22
HP-08 آگروفاستری.txt,۱۲.۲,16
HP-08 آگروفاستری.txt,۱۲.۳,22
HP-08 آگروفاستری.txt,۱۲.۴,5
HP-08 آگروفاستری.txt,۱۲.۵,11
HP-08 آگروفاستری.txt,۱۲.۶,10
HP-08 آگروفاستری.txt,۲.۱,17
HP-08 آگروفاستری.txt,۲.۱۰,16
HP-08 آگروفاستری.txt,۲.۱۱,15
HP-08 آگروفاستری.txt,۲.۱۲,15
HP-08 آگروفاستری.txt,۲.۱۳,15
HP-08 آگروفاستری.txt,۲.۱۴,15
HP-08 آگروفاستری.txt,۲.۱۵,16
HP-08 آگروفاستری.txt,۲.۱۶,15
HP-08 آگروفاستری.txt,۲.۱۷,16
HP-08 آگروفاستری.txt,۲.۱۸,16
HP-08 آگروفاستری.txt,۲.۱۹,16
HP-08 آگروفاستری.txt,۲.۲,17
HP-08 آگروفاستری.txt,۲.۲۰,17
HP-08 آگروفاستری.txt,۲.۲۱,17
HP-08 آگروفاستری.txt,۲.۲۲,17
HP-08 آگروفاستری.txt,۲.۲۳,18
HP-08 آگروفاستری.txt,۲.۲۴,5
HP-08 آگروفاستری.txt,۲.۲۵,8
HP-08 آگروفاستری.txt,۲.۳,17
HP-08 آگروفاستری.txt,۲.۴,17
HP-08 آگروفاستری.txt,۲.۵,17
HP-08 آگروفاستری.txt,۲.۶,17
HP-08 آگروفاستری.txt,۲.۷,16
HP-08 آگروفاستری.txt,۲.۸,17
HP-08 آگروفاستری.txt,۲.۹,17
HP-08 آگروفاستری.txt,۳.۱,5
HP-08 آگروفاستری.txt,۳.۱۰,9
HP-08 آگروفاستری.txt,۳.۱۱,14
HP-08 آگروفاستری.txt,۳.۱۲,5
HP-08 آگروفاستری.txt,۳.۱۳,14
HP-08 آگروفاستری.txt,۳.۱۴,9
HP-08 آگروفاستری.txt,۳.۱۵,14
HP-08 آگروفاستری.txt,۳.۱۶,9
HP-08 آگروفاستری.txt,۳.۱۷,6
HP-08 آگروفاستری.txt,۳.۱۸,10
HP-08 آگروفاستری.txt,۳.۱۹,5
HP-08 آگروفاستری.txt,۳.۲,7
HP-08 آگروفاستری.txt,۳.۲۰,5
HP-08 آگروفاستری.txt,۳.۲۱,12
HP-08 آگروفاستری.txt,۳.۲۲,5
HP-08 آگروفاستری.txt,۳.۲۳,5
HP-08 آگروفاستری.txt,۳.۳,4
HP-08 آگروفاستری.txt,۳.۴,5
HP-08 آگروفاستری.txt,۳.۵,5
HP-08 آگروفاستری.txt,۳.۶,4
HP-08 آگروفاستری.txt,۳.۷,7
HP-08 آگروفاستری.txt,۳.۸,6
HP-08 آگروفاستری.txt,۳.۹,5
HP-08 آگروفاستری.txt,۴.۱,7
HP-08 آگروفاستری.txt,۴.۱۰,5
HP-08 آگروفاستری.txt,۴.۱۱,9
HP-08 آگروفاستری.txt,۴.۱۲,5
HP-08 آگروفاستری.txt,۴.۱۳,7
HP-08 آگروفاستری.txt,۴.۱۴,9
HP-08 آگروفاستری.txt,۴.۱۵,8
HP-08 آگروفاستری.txt,۴.۲,7
HP-08 آگروفاستری.txt,۴.۳,9
HP-08 آگروفاستری.txt,۴.۴,9
HP-08 آگروفاستری.txt,۴.۵,7
HP-08 آگروفاستری.txt,۴.۶,8
HP-08 آگروفاستری.txt,۴.۷,9
HP-08 آگروفاستری.txt,۴.۸,6
HP-08 آگروفاستری.txt,۴.۹,9
HP-08 آگروفاستری.txt,۵.۱,8
HP-08 آگروفاستری.txt,۵.۱۰,5
HP-08 آگروفاستری.txt,۵.۱۱,5
HP-08 آگروفاستری.txt,۵.۱۲,6
HP-08 آگروفاستری.txt,۵.۱۳,5
HP-08 آگروفاستری.txt,۵.۱۴,5
HP-08 آگروفاستری.txt,۵.۱۵,7
HP-08 آگروفاستری.txt,۵.۱۶,5
HP-08 آگروفاستری.txt,۵.۱۷,5
HP-08 آگروفاستری.txt,۵.۱۸,5
HP-08 آگروفاستری.txt,۵.۱۹,6
HP-08 آگروفاستری.txt,۵.۲,9
HP-08 آگروفاستری.txt,۵.۳,11
HP-08 آگروفاستری.txt,۵.۴,8
HP-08 آگروفاستری.txt,۵.۵,9
HP-08 آگروفاستری.txt,۵.۶,7
HP-08 آگروفاستری.txt,۵.۷,5
HP-08 آگروفاستری.txt,۵.۸,12
HP-08 آگروفاستری.txt,۵.۹,4
HP-08 آگروفاستری.txt,۶.۱,6
HP-08 آگروفاستری.txt,۶.۱۰,5
HP-08 آگروفاستری.txt,۶.۱۱,11
HP-08 آگروفاستری.txt,۶.۱۲,5
HP-08 آگروفاستری.txt,۶.۱۳,5
HP-08 آگروفاستری.txt,۶.۱۴,5
HP-08 آگروفاستری.txt,۶.۱۵,6
HP-08 آگروفاستری.txt,۶.۱۶,5
HP-08 آگروفاستری.txt,۶.۱۷,6
HP-08 آگروفاستری.txt,۶.۱۸,4
HP-08 آگروفاستری.txt,۶.۱۹,6
HP-08 آگروفاستری.txt,۶.۲,6
HP-08 آگروفاستری.txt,۶.۲۰,6
HP-08 آگروفاستری.txt,۶.۲۱,8
HP-08 آگروفاستری.txt,۶.۳,7
HP-08 آگروفاستری.txt,۶.۴,6
HP-08 آگروفاستری.txt,۶.۵,25
HP-08 آگروفاستری.txt,۶.۶,5
HP-08 آگروفاستری.txt,۶.۷,9
HP-08 آگروفاستری.txt,۶.۸,4
HP-08 آگروفاستری.txt,۶.۹,6
HP-08 آگروفاستری.txt,۷.۱,11
HP-08 آگروفاستری.txt,۷.۲,9
HP-08 آگروفاستری.txt,۷.۳,9
HP-08 آگروفاستری.txt,۷.۴,8
HP-08 آگروفاستری.txt,۷.۵,9
HP-08 آگروفاستری.txt,۷.۶,7
HP-08 آگروفاستری.txt,۷.۷,5
HP-08 آگروفاستری.txt,۷.۸,6
HP-08 آگروفاستری.txt,۸.۱,8
HP-08 آگروفاستری.txt,۸.۱۰,5
HP-08 آگروفاستری.txt,۸.۱۱,5
HP-08 آگروفاستری.txt,۸.۱۲,5
HP-08 آگروفاستری.txt,۸.۱۳,5
HP-08 آگروفاستری.txt,۸.۱۴,5
HP-08 آگروفاستری.txt,۸.۱۵,5
HP-08 آگروفاستری.txt,۸.۱۶,6
HP-08 آگروفاستری.txt,۸.۲,8
HP-08 آگروفاستری.txt,۸.۳,8
HP-08 آگروفاستری.txt,۸.۴,4
HP-08 آگروفاستری.txt,۸.۵,8
HP-08 آگروفاستری.txt,۸.۶,7
HP-08 آگروفاستری.txt,۸.۷,12
HP-08 آگروفاستری.txt,۸.۸,6
HP-08 آگروفاستری.txt,۸.۹,5
HP-08 آگروفاستری.txt,۹.۱,12
HP-08 آگروفاستری.txt,۹.۱۰,7
HP-08 آگروفاستری.txt,۹.۱۱,6
HP-08 آگروفاستری.txt,۹.۱۲,7
HP-08 آگروفاستری.txt,۹.۱۳,5
HP-08 آگروفاستری.txt,۹.۱۴,6
HP-08 آگروفاستری.txt,۹.۱۵,5
HP-08 آگروفاستری.txt,۹.۱۶,5
HP-08 آگروفاستری.txt,۹.۱۷,5
HP-08 آگروفاستری.txt,۹.۱۸,6
HP-08 آگروفاستری.txt,۹.۱۹,5
HP-08 آگروفاستری.txt,۹.۲,12
HP-08 آگروفاستری.txt,۹.۲۰,6
HP-08 آگروفاستری.txt,۹.۲۱,5
HP-08 آگروفاستری.txt,۹.۲۲,6
HP-08 آگروفاستری.txt,۹.۲۳,6
HP-08 آگروفاستری.txt,۹.۲۴,5
HP-08 آگروفاستری.txt,۹.۳,13
HP-08 آگروفاستری.txt,۹.۴,9
HP-08 آگروفاستری.txt,۹.۵,13
HP-08 آگروفاستری.txt,۹.۶,7
HP-08 آگروفاستری.txt,۹.۷,8
HP-08 آگروفاستری.txt,۹.۸,8
HP-08 آگروفاستری.txt,۹.۹,7
HP-09 کنسرسیوم میکروبی.txt,۱.۱,21
HP-09 کنسرسیوم میکروبی.txt,۱.۱۰,6
HP-09 کنسرسیوم میکروبی.txt,۱.۱۱,7
HP-09 کنسرسیوم میکروبی.txt,۱.۱۲,7
HP-09 کنسرسیوم میکروبی.txt,۱.۱۳,7
HP-09 کنسرسیوم میکروبی.txt,۱.۱۴,6
HP-09 کنسرسیوم میکروبی.txt,۱.۱۵,5
HP-09 کنسرسیوم میکروبی.txt,۱.۱۶,9
HP-09 کنسرسیوم میکروبی.txt,۱.۱۷,10
HP-09 کنسرسیوم میکروبی.txt,۱.۱۸,5
HP-09 کنسرسیوم میکروبی.txt,۱.۱۹,11
HP-09 کنسرسیوم میکروبی.txt,۱.۲,10
HP-09 کنسرسیوم میکروبی.txt,۱.۲۰,6
HP-09 کنسرسیوم میکروبی.txt,۱.۳,10
HP-09 کنسرسیوم میکروبی.txt,۱.۴,8
HP-09 کنسرسیوم میکروبی.txt,۱.۵,8
HP-09 کنسرسیوم میکروبی.txt,۱.۶,6
HP-09 کنسرسیوم میکروبی.txt,۱.۷,6
HP-09 کنسرسیوم میکروبی.txt,۱.۸,8
HP-09 کنسرسیوم میکروبی.txt,۱۰.۱,7
HP-09 کنسرسیوم میکروبی.txt,۱۰.۱۰,5
HP-09 کنسرسیوم میکروبی.txt,۱۰.۱۱,5
HP-09 کنسرسیوم میکروبی.txt,۱۰.۱۲,6
HP-09 کنسرسیوم میکروبی.txt,۱۰.۱۳,8
HP-09 کنسرسیوم میکروبی.txt,۱۰.۱۴,5
HP-09 کنسرسیوم میکروبی.txt,۱۰.۱۵,6
HP-09 کنسرسیوم میکروبی.txt,۱۰.۱۶,10
HP-09 کنسرسیوم میکروبی.txt,۱۰.۱۷,6
HP-09 کنسرسیوم میکروبی.txt,۱۰.۱۸,7
HP-09 کنسرسیوم میکروبی.txt,۱۰.۱۹,13
HP-09 کنسرسیوم میکروبی.txt,۱۰.۲,8
HP-09 کنسرسیوم میکروبی.txt,۱۰.۲۰,5
HP-09 کنسرسیوم میکروبی.txt,۱۰.۲۱,12
HP-09 کنسرسیوم میکروبی.txt,۱۰.۲۲,5
HP-09 کنسرسیوم میکروبی.txt,۱۰.۲۳,6
HP-09 کنسرسیوم میکروبی.txt,۱۰.۲۴,5
HP-09 کنسرسیوم میکروبی.txt,۱۰.۲۵,5
HP-09 کنسرسیوم میکروبی.txt,۱۰.۲۶,6
HP-09 کنسرسیوم میکروبی.txt,۱۰.۲۷,6
HP-09 کنسرسیوم میکروبی.txt,۱۰.۲۸,6
HP-09 کنسرسیوم میکروبی.txt,۱۰.۳,11
HP-09 کنسرسیوم میکروبی.txt,۱۰.۴,8
HP-09 کنسرسیوم میکروبی.txt,۱۰.۵,5
HP-09 کنسرسیوم میکروبی.txt,۱۰.۶,7
HP-09 کنسرسیوم میکروبی.txt,۱۰.۷,7
HP-09 کنسرسیوم میکروبی.txt,۱۰.۸,18
HP-09 کنسرسیوم میکروبی.txt,۱۰.۹,18
HP-09 کنسرسیوم میکروبی.txt,۱۱.۱,9
HP-09 کنسرسیوم میکروبی.txt,۱۱.۱۰,5
HP-09 کنسرسیوم میکروبی.txt,۱۱.۱۱,7
HP-09 کنسرسیوم میکروبی.txt,۱۱.۱۲,8
HP-09 کنسرسیوم میکروبی.txt,۱۱.۱۳,5
HP-09 کنسرسیوم میکروبی.txt,۱۱.۱۴,10
HP-09 کنسرسیوم میکروبی.txt,۱۱.۱۵,6
HP-09 کنسرسیوم میکروبی.txt,۱۱.۱۶,6
HP-09 کنسرسیوم میکروبی.txt,۱۱.۱۷,6
HP-09 کنسرسیوم میکروبی.txt,۱۱.۱۸,12
HP-09 کنسرسیوم میکروبی.txt,۱۱.۱۹,5
HP-09 کنسرسیوم میکروبی.txt,۱۱.۲,22
HP-09 کنسرسیوم میکروبی.txt,۱۱.۲۰,8
HP-09 کنسرسیوم میکروبی.txt,۱۱.۲۱,6
HP-09 کنسرسیوم میکروبی.txt,۱۱.۲۲,6
HP-09 کنسرسیوم میکروبی.txt,۱۱.۳,7
HP-09 کنسرسیوم میکروبی.txt,۱۱.۴,7
HP-09 کنسرسیوم میکروبی.txt,۱۱.۵,12
HP-09 کنسرسیوم میکروبی.txt,۱۱.۶,22
HP-09 کنسرسیوم میکروبی.txt,۱۱.۷,6
HP-09 کنسرسیوم میکروبی.txt,۱۱.۸,6
HP-09 کنسرسیوم میکروبی.txt,۱۱.۹,8
HP-09 کنسرسیوم میکروبی.txt,۱۲.۱,18
HP-09 کنسرسیوم میکروبی.txt,۱۲.۱۰,14
HP-09 کنسرسیوم میکروبی.txt,۱۲.۱۱,10
HP-09 کنسرسیوم میکروبی.txt,۱۲.۱۲,6
HP-09 کنسرسیوم میکروبی.txt,۱۲.۲,18
HP-09 کنسرسیوم میکروبی.txt,۱۲.۳,18
HP-09 کنسرسیوم میکروبی.txt,۱۲.۴,9
HP-09 کنسرسیوم میکروبی.txt,۱۲.۵,23
HP-09 کنسرسیوم میکروبی.txt,۱۲.۶,19
HP-09 کنسرسیوم میکروبی.txt,۱۲.۷,6
HP-09 کنسرسیوم میکروبی.txt,۱۲.۸,9
HP-09 کنسرسیوم میکروبی.txt,۱۲.۹,6
HP-09 کنسرسیوم میکروبی.txt,۲.۱,6
HP-09 کنسرسیوم میکروبی.txt,۲.۱۰,10
HP-09 کنسرسیوم میکروبی.txt,۲.۱۱,5
HP-09 کنسرسیوم میکروبی.txt,۲.۱۴,14
HP-09 کنسرسیوم میکروبی.txt,۲.۱۵,9
HP-09 کنسرسیوم میکروبی.txt,۲.۱۶,10
HP-09 کنسرسیوم میکروبی.txt,۲.۱۷,6
HP-09 کنسرسیوم میکروبی.txt,۲.۱۸,6
HP-09 کنسرسیوم میکروبی.txt,۲.۲,6
HP-09 کنسرسیوم میکروبی.txt,۲.۳,6
HP-09 کنسرسیوم میکروبی.txt,۲.۴,8
HP-09 کنسرسیوم میکروبی.txt,۲.۵,7
HP-09 کنسرسیوم میکروبی.txt,۲.۶,8
HP-09 کنسرسیوم میکروبی.txt,۲.۷,5
HP-09 کنسرسیوم میکروبی.txt,۲.۸,14
HP-09 کنسرسیوم میکروبی.txt,۲.۹,14
HP-09 کنسرسیوم میکروبی.txt,۳.۰,14
HP-09 کنسرسیوم میکروبی.txt,۳.۱,8
HP-09 کنسرسیوم میکروبی.txt,۳.۱۰,5
HP-09 کنسرسیوم میکروبی.txt,۳.۱۱,6
HP-09 کنسرسیوم میکروبی.txt,۳.۱۲,7
HP-09 کنسرسیوم میکروبی.txt,۳.۱۳,4
HP-09 کنسرسیوم میکروبی.txt,۳.۱۴,3
HP-09 کنسرسیوم میکروبی.txt,۳.۱۵,4
HP-09 کنسرسیوم میکروبی.txt,۳.۱۶,10
HP-09 کنسرسیوم میکروبی.txt,۳.۱۷,8
HP-09 کنسرسیوم میکروبی.txt,۳.۱۸,14
HP-09 کنسرسیوم میکروبی.txt,۳.۱۹,14
HP-09 کنسرسیوم میکروبی.txt,۳.۲,5
HP-09 کنسرسیوم میکروبی.txt,۳.۲۰,14
HP-09 کنسرسیوم میکروبی.txt,۳.۳,5
HP-09 کنسرسیوم میکروبی.txt,۳.۴,5
HP-09 کنسرسیوم میکروبی.txt,۳.۵,5
HP-09 کنسرسیوم میکروبی.txt,۳.۶,5
HP-09 کنسرسیوم میکروبی.txt,۳.۷,6
HP-09 کنسرسیوم میکروبی.txt,۳.۸,4
HP-09 کنسرسیوم میکروبی.txt,۳.۹,6
HP-09 کنسرسیوم میکروبی.txt,۴.۱,0
HP-09 کنسرسیوم میکروبی.txt,۴.۱۰,9
HP-09 کنسرسیوم میکروبی.txt,۴.۱۱,9
HP-09 کنسرسیوم میکروبی.txt,۴.۱۲,6
HP-09 کنسرسیوم میکروبی.txt,۴.۱۳,6
HP-09 کنسرسیوم میکروبی.txt,۴.۲,6
HP-09 کنسرسیوم میکروبی.txt,۴.۳,9
HP-09 کنسرسیوم میکروبی.txt,۴.۴,8
HP-09 کنسرسیوم میکروبی.txt,۴.۵,7
HP-09 کنسرسیوم میکروبی.txt,۴.۶,11
HP-09 کنسرسیوم میکروبی.txt,۴.۷,9
HP-09 کنسرسیوم میکروبی.txt,۴.۸,9
HP-09 کنسرسیوم میکروبی.txt,۴.۹,8
HP-09 کنسرسیوم میکروبی.txt,۵.۱,10
HP-09 کنسرسیوم میکروبی.txt,۵.۱۰,6
HP-09 کنسرسیوم میکروبی.txt,۵.۱۱,8
HP-09 کنسرسیوم میکروبی.txt,۵.۱۲,11
HP-09 کنسرسیوم میکروبی.txt,۵.۱۳,8
HP-09 کنسرسیوم میکروبی.txt,۵.۱۴,6
HP-09 کنسرسیوم میکروبی.txt,۵.۱۵,6
HP-09 کنسرسیوم میکروبی.txt,۵.۱۶,6
HP-09 کنسرسیوم میکروبی.txt,۵.۲,11
HP-09 کنسرسیوم میکروبی.txt,۵.۳,9
HP-09 کنسرسیوم میکروبی.txt,۵.۴,6
HP-09 کنسرسیوم میکروبی.txt,۵.۵,6
HP-09 کنسرسیوم میکروبی.txt,۵.۶,6
HP-09 کنسرسیوم میکروبی.txt,۵.۷,6
HP-09 کنسرسیوم میکروبی.txt,۵.۸,9
HP-09 کنسرسیوم میکروبی.txt,۵.۹,6
HP-09 کنسرسیوم میکروبی.txt,۶.۱,6
HP-09 کنسرسیوم میکروبی.txt,۶.۱۰,5
HP-09 کنسرسیوم میکروبی.txt,۶.۱۱,10
HP-09 کنسرسیوم میکروبی.txt,۶.۱۲,6
HP-09 کنسرسیوم میکروبی.txt,۶.۱۳,12
HP-09 کنسرسیوم میکروبی.txt,۶.۱۴,6
HP-09 کنسرسیوم میکروبی.txt,۶.۱۵,6
HP-09 کنسرسیوم میکروبی.txt,۶.۱۶,6
HP-09 کنسرسیوم میکروبی.txt,۶.۱۷,6
HP-09 کنسرسیوم میکروبی.txt,۶.۲,9
HP-09 کنسرسیوم میکروبی.txt,۶.۳,5
HP-09 کنسرسیوم میکروبی.txt,۶.۴,14
HP-09 کنسرسیوم میکروبی.txt,۶.۵,5
HP-09 کنسرسیوم میکروبی.txt,۶.۶,7
HP-09 کنسرسیوم میکروبی.txt,۶.۷,7
HP-09 کنسرسیوم میکروبی.txt,۶.۸,7
HP-09 کنسرسیوم میکروبی.txt,۶.۹,6
HP-09 کنسرسیوم میکروبی.txt,۷.۱,7
HP-09 کنسرسیوم میکروبی.txt,۷.۱۰,6
HP-09 کنسرسیوم میکروبی.txt,۷.۱۱,6
HP-09 کنسرسیوم میکروبی.txt,۷.۲,6
HP-09 کنسرسیوم میکروبی.txt,۷.۳,10
HP-09 کنسرسیوم میکروبی.txt,۷.۴,5
HP-09 کنسرسیوم میکروبی.txt,۷.۵,9
HP-09 کنسرسیوم میکروبی.txt,۷.۶,7
HP-09 کنسرسیوم میکروبی.txt,۷.۷,6
HP-09 کنسرسیوم میکروبی.txt,۷.۸,7
HP-09 کنسرسیوم میکروبی.txt,۷.۹,8
HP-09 کنسرسیوم میکروبی.txt,۸.۱,10
HP-09 کنسرسیوم میکروبی.txt,۸.۱۰,6
HP-09 کنسرسیوم میکروبی.txt,۸.۱۱,6
HP-09 کنسرسیوم میکروبی.txt,۸.۱۲,6
HP-09 کنسرسیوم میکروبی.txt,۸.۲,8
HP-09 کنسرسیوم میکروبی.txt,۸.۳,7
HP-09 کنسرسیوم میکروبی.txt,۸.۴,14
HP-09 کنسرسیوم میکروبی.txt,۸.۵,6
HP-09 کنسرسیوم میکروبی.txt,۸.۶,5
HP-09 کنسرسیوم میکروبی.txt,۸.۷,7
HP-09 کنسرسیوم میکروبی.txt,۸.۸,5
HP-09 کنسرسیوم میکروبی.txt,۸.۹,8
HP-09 کنسرسیوم میکروبی.txt,۹.۱,9
HP-09 کنسرسیوم میکروبی.txt,۹.۱۰,5
HP-09 کنسرسیوم میکروبی.txt,۹.۱۱,8
HP-09 کنسرسیوم میکروبی.txt,۹.۱۲,6
HP-09 کنسرسیوم میکروبی.txt,۹.۱۳,14
HP-09 کنسرسیوم میکروبی.txt,۹.۱۴,9
HP-09 کنسرسیوم میکروبی.txt,۹.۱۵,5
HP-09 کنسرسیوم میکروبی.txt,۹.۱۶,9
HP-09 کنسرسیوم میکروبی.txt,۹.۱۷,5
HP-09 کنسرسیوم میکروبی.txt,۹.۱۸,10
HP-09 کنسرسیوم میکروبی.txt,۹.۱۹,6
HP-09 کنسرسیوم میکروبی.txt,۹.۲,7
HP-09 کنسرسیوم میکروبی.txt,۹.۲۰,6
HP-09 کنسرسیوم میکروبی.txt,۹.۲۱,6
HP-09 کنسرسیوم میکروبی.txt,۹.۳,10
HP-09 کنسرسیوم میکروبی.txt,۹.۴,8
HP-09 کنسرسیوم میکروبی.txt,۹.۵,6
HP-09 کنسرسیوم میکروبی.txt,۹.۶,5
HP-09 کنسرسیوم میکروبی.txt,۹.۷,5
HP-09 کنسرسیوم میکروبی.txt,۹.۸,10
HP-09 کنسرسیوم میکروبی.txt,۹.۹,4
HP-10 مدیریت آفات تلفیقی.txt,۱.۱,23
HP-10 مدیریت آفات تلفیقی.txt,۱.۲,10
HP-10 مدیریت آفات تلفیقی.txt,۱.۲۰,8
HP-10 مدیریت آفات تلفیقی.txt,۱.۲۵,9
HP-10 مدیریت آفات تلفیقی.txt,۱.۳,9
HP-10 مدیریت آفات تلفیقی.txt,۱.۴,8
HP-10 مدیریت آفات تلفیقی.txt,۱.۵,8
HP-10 مدیریت آفات تلفیقی.txt,۱.۶,11
HP-10 مدیریت آفات تلفیقی.txt,۱٫۱۰,6
HP-10 مدیریت آفات تلفیقی.txt,۱٫۱۱,8
HP-10 مدیریت آفات تلفیقی.txt,۱٫۱۲,8
HP-10 مدیریت آفات تلفیقی.txt,۱٫۱۳,5
HP-10 مدیریت آفات تلفیقی.txt,۱٫۱۴,6
HP-10 مدیریت آفات تلفیقی.txt,۱٫۱۵,9
HP-10 مدیریت آفات تلفیقی.txt,۱٫۱۶,10
HP-10 مدیریت آفات تلفیقی.txt,۱٫۱۷,8
HP-10 مدیریت آفات تلفیقی.txt,۱٫۱۸,6
HP-10 مدیریت آفات تلفیقی.txt,۱٫۱۹,8
HP-10 مدیریت آفات تلفیقی.txt,۱٫۲۰,15
HP-10 مدیریت آفات تلفیقی.txt,۱٫۲۱,6
HP-10 مدیریت آفات تلفیقی.txt,۱٫۲۲,6
HP-10 مدیریت آفات تلفیقی.txt,۱٫۲۳,6
HP-10 مدیریت آفات تلفیقی.txt,۱٫۲۴,6
HP-10 مدیریت آفات تلفیقی.txt,۱٫۷,8
HP-10 مدیریت آفات تلفیقی.txt,۱٫۸,8
HP-10 مدیریت آفات تلفیقی.txt,۱٫۹,10
HP-10 مدیریت آفات تلفیقی.txt,۱۰.۰,5
HP-10 مدیریت آفات تلفیقی.txt,۱۰.۱,16
HP-10 مدیریت آفات تلفیقی.txt,۱۰.۱۰,5
HP-10 مدیریت آفات تلفیقی.txt,۱۰.۱۱,16
HP-10 مدیریت آفات تلفیقی.txt,۱۰.۱۲,10
HP-10 مدیریت آفات تلفیقی.txt,۱۰.۱۳,6
HP-10 مدیریت آفات تلفیقی.txt,۱۰.۱۴,5
HP-10 مدیریت آفات تلفیقی.txt,۱۰.۱۵,5
HP-10 مدیریت آفات تلفیقی.txt,۱۰.۱۶,6
HP-10 مدیریت آفات تلفیقی.txt,۱۰.۱۷,5
HP-10 مدیریت آفات تلفیقی.txt,۱۰.۱۸,5
HP-10 مدیریت آفات تلفیقی.txt,۱۰.۱۹,7
HP-10 مدیریت آفات تلفیقی.txt,۱۰.۲,14
HP-10 مدیریت آفات تلفیقی.txt,۱۰.۲۰,5
HP-10 مدیریت آفات تلفیقی.txt,۱۰.۲۱,3
HP-10 مدیریت آفات تلفیقی.txt,۱۰.۲۲,10
HP-10 مدیریت آفات تلفیقی.txt,۱۰.۲۳,3
HP-10 مدیریت آفات تلفیقی.txt,۱۰.۲۴,11
HP-10 مدیریت آفات تلفیقی.txt,۱۰.۲۵,5
HP-10 مدیریت آفات تلفیقی.txt,۱۰.۲۶,5
HP-10 مدیریت آفات تلفیقی.txt,۱۰.۲۷,3
HP-10 مدیریت آفات تلفیقی.txt,۱۰.۲۸,6
HP-10 مدیریت آفات تلفیقی.txt,۱۰.۲۹,12
HP-10 مدیریت آفات تلفیقی.txt,۱۰.۳,13
HP-10 مدیریت آفات تلفیقی.txt,۱۰.۳۰,14
HP-10 مدیریت آفات تلفیقی.txt,۱۰.۳۱,7
HP-10 مدیریت آفات تلفیقی.txt,۱۰.۳۲,4
HP-10 مدیریت آفات تلفیقی.txt,۱۰.۳۳,4
HP-10 مدیریت آفات تلفیقی.txt,۱۰.۳۴,9
HP-10 مدیریت آفات تلفیقی.txt,۱۰.۳۵,6
HP-10 مدیریت آفات تلفیقی.txt,۱۰.۳۶,12
HP-10 مدیریت آفات تلفیقی.txt,۱۰.۳۷,5
HP-10 مدیریت آفات تلفیقی.txt,۱۰.۳۸,16
HP-10 مدیریت آفات تلفیقی.txt,۱۰.۳۹,3
HP-10 مدیریت آفات تلفیقی.txt,۱۰.۴,5
HP-10 مدیریت آفات تلفیقی.txt,۱۰.۴۰,7
HP-10 مدیریت آفات تلفیقی.txt,۱۰.۴۱,5
HP-10 مدیریت آفات تلفیقی.txt,۱۰.۴۲,5
HP-10 مدیریت آفات تلفیقی.txt,۱۰.۴۳,5
HP-10 مدیریت آفات تلفیقی.txt,۱۰.۴۴,10
HP-10 مدیریت آفات تلفیقی.txt,۱۰.۴۵,4
HP-10 مدیریت آفات تلفیقی.txt,۱۰.۴۶,5
HP-10 مدیریت آفات تلفیقی.txt,۱۰.۴۷,5
HP-10 مدیریت آفات تلفیقی.txt,۱۰.۴۸,9
HP-10 مدیریت آفات تلفیقی.txt,۱۰.۴۹,5
HP-10 مدیریت آفات تلفیقی.txt,۱۰.۵,5
HP-10 مدیریت آفات تلفیقی.txt,۱۰.۵۰,3
HP-10 مدیریت آفات تلفیقی.txt,۱۰.۵۱,5
HP-10 مدیریت آفات تلفیقی.txt,۱۰.۵۲,5
HP-10 مدیریت آفات تلفیقی.txt,۱۰.۵۳,12
HP-10 مدیریت آفات تلفیقی.txt,۱۰.۵۴,5
HP-10 مدیریت آفات تلفیقی.txt,۱۰.۵۵,12
HP-10 مدیریت آفات تلفیقی.txt,۱۰.۵۶,6
HP-10 مدیریت آفات تلفیقی.txt,۱۰.۵۷,6
HP-10 مدیریت آفات تلفیقی.txt,۱۰.۵۸,5
HP-10 مدیریت آفات تلفیقی.txt,۱۰.۵۹,3
HP-10 مدیریت آفات تلفیقی.txt,۱۰.۶,5
HP-10 مدیریت آفات تلفیقی.txt,۱۰.۶۰,6
HP-10 مدیریت آفات تلفیقی.txt,۱۰.۷,6
HP-10 مدیریت آفات تلفیقی.txt,۱۰.۸,6
HP-10 مدیریت آفات تلفیقی.txt,۱۰.۹,8
HP-10 مدیریت آفات تلفیقی.txt,۱۱.۰,6
HP-10 مدیریت آفات تلفیقی.txt,۱۱.۱,18
HP-10 مدیریت آفات تلفیقی.txt,۱۱.۱۰,11
HP-10 مدیریت آفات تلفیقی.txt,۱۱.۱۱,5
HP-10 مدیریت آفات تلفیقی.txt,۱۱.۱۲,7
HP-10 مدیریت آفات تلفیقی.txt,۱۱.۱۳,6
HP-10 مدیریت آفات تلفیقی.txt,۱۱.۱۴,5
HP-10 مدیریت آفات تلفیقی.txt,۱۱.۱۵,3
HP-10 مدیریت آفات تلفیقی.txt,۱۱.۱۶,12
HP-10 مدیریت آفات تلفیقی.txt,۱۱.۱۷,7
HP-10 مدیریت آفات تلفیقی.txt,۱۱.۱۸,3
HP-10 مدیریت آفات تلفیقی.txt,۱۱.۱۹,5
HP-10 مدیریت آفات تلفیقی.txt,۱۱.۲,16
HP-10 مدیریت آفات تلفیقی.txt,۱۱.۲۰,10
HP-10 مدیریت آفات تلفیقی.txt,۱۱.۲۱,3
HP-10 مدیریت آفات تلفیقی.txt,۱۱.۲۲,4
HP-10 مدیریت آفات تلفیقی.txt,۱۱.۲۳,5
HP-10 مدیریت آفات تلفیقی.txt,۱۱.۲۴,5
HP-10 مدیریت آفات تلفیقی.txt,۱۱.۲۵,5
HP-10 مدیریت آفات تلفیقی.txt,۱۱.۲۶,8
HP-10 مدیریت آفات تلفیقی.txt,۱۱.۲۷,3
HP-10 مدیریت آفات تلفیقی.txt,۱۱.۲۸,8
HP-10 مدیریت آفات تلفیقی.txt,۱۱.۲۹,5
HP-10 مدیریت آفات تلفیقی.txt,۱۱.۳,9
HP-10 مدیریت آفات تلفیقی.txt,۱۱.۳۰,5
HP-10 مدیریت آفات تلفیقی.txt,۱۱.۳۱,7
HP-10 مدیریت آفات تلفیقی.txt,۱۱.۳۲,5
HP-10 مدیریت آفات تلفیقی.txt,۱۱.۳۳,5
HP-10 مدیریت آفات تلفیقی.txt,۱۱.۳۴,5
HP-10 مدیریت آفات تلفیقی.txt,۱۱.۳۵,5
HP-10 مدیریت آفات تلفیقی.txt,۱۱.۳۶,3
HP-10 مدیریت آفات تلفیقی.txt,۱۱.۳۸,5
HP-10 مدیریت آفات تلفیقی.txt,۱۱.۳۹,6
HP-10 مدیریت آفات تلفیقی.txt,۱۱.۴,20
HP-10 مدیریت آفات تلفیقی.txt,۱۱.۴۰,6
HP-10 مدیریت آفات تلفیقی.txt,۱۱.۴۱,5
HP-10 مدیریت آفات تلفیقی.txt,۱۱.۴۲,6
HP-10 مدیریت آفات تلفیقی.txt,۱۱.۴۳,6
HP-10 مدیریت آفات تلفیقی.txt,۱۱.۵,5
HP-10 مدیریت آفات تلفیقی.txt,۱۱.۶,5
HP-10 مدیریت آفات تلفیقی.txt,۱۱.۷,5
HP-10 مدیریت آفات تلفیقی.txt,۱۱.۸,5
HP-10 مدیریت آفات تلفیقی.txt,۱۱.۹,5
HP-10 مدیریت آفات تلفیقی.txt,۱۲.۰,6
HP-10 مدیریت آفات تلفیقی.txt,۱۲.۱,19
HP-10 مدیریت آفات تلفیقی.txt,۱۲.۱۰,32
HP-10 مدیریت آفات تلفیقی.txt,۱۲.۱۱,5
HP-10 مدیریت آفات تلفیقی.txt,۱۲.۱۲,5
HP-10 مدیریت آفات تلفیقی.txt,۱۲.۱۳,5
HP-10 مدیریت آفات تلفیقی.txt,۱۲.۱۴,5
HP-10 مدیریت آفات تلفیقی.txt,۱۲.۱۵,5
HP-10 مدیریت آفات تلفیقی.txt,۱۲.۱۶,3
HP-10 مدیریت آفات تلفیقی.txt,۱۲.۱۷,6
HP-10 مدیریت آفات تلفیقی.txt,۱۲.۱۸,6
HP-10 مدیریت آفات تلفیقی.txt,۱۲.۱۹,8
HP-10 مدیریت آفات تلفیقی.txt,۱۲.۲,17
HP-10 مدیریت آفات تلفیقی.txt,۱۲.۲۰,4
HP-10 مدیریت آفات تلفیقی.txt,۱۲.۲۱,12
HP-10 مدیریت آفات تلفیقی.txt,۱۲.۲۲,6
HP-10 مدیریت آفات تلفیقی.txt,۱۲.۲۳,5
HP-10 مدیریت آفات تلفیقی.txt,۱۲.۲۴,6
HP-10 مدیریت آفات تلفیقی.txt,۱۲.۲۵,14
HP-10 مدیریت آفات تلفیقی.txt,۱۲.۲۶,4
HP-10 مدیریت آفات تلفیقی.txt,۱۲.۲۷,5
HP-10 مدیریت آفات تلفیقی.txt,۱۲.۲۸,5
HP-10 مدیریت آفات تلفیقی.txt,۱۲.۲۹,5
HP-10 مدیریت آفات تلفیقی.txt,۱۲.۳,20
HP-10 مدیریت آفات تلفیقی.txt,۱۲.۳۰,13
HP-10 مدیریت آفات تلفیقی.txt,۱۲.۳۲,9
HP-10 مدیریت آفات تلفیقی.txt,۱۲.۳۳,18
HP-10 مدیریت آفات تلفیقی.txt,۱۲.۳۴,10
HP-10 مدیریت آفات تلفیقی.txt,۱۲.۳۵,9
HP-10 مدیریت آفات تلفیقی.txt,۱۲.۴,3
HP-10 مدیریت آفات تلفیقی.txt,۱۲.۵,4
HP-10 مدیریت آفات تلفیقی.txt,۱۲.۶,1
HP-10 مدیریت آفات تلفیقی.txt,۱۲.۷,18
HP-10 مدیریت آفات تلفیقی.txt,۱۲.۸,5
HP-10 مدیریت آفات تلفیقی.txt,۱۲.۹,4
HP-10 مدیریت آفات تلفیقی.txt,۲.۱,9
HP-10 مدیریت آفات تلفیقی.txt,۲.۱۰,6
HP-10 مدیریت آفات تلفیقی.txt,۲.۱۱,7
HP-10 مدیریت آفات تلفیقی.txt,۲.۱۲,7
HP-10 مدیریت آفات تلفیقی.txt,۲.۱۳,12
HP-10 مدیریت آفات تلفیقی.txt,۲.۱۴,6
HP-10 مدیریت آفات تلفیقی.txt,۲.۱۵,5
HP-10 مدیریت آفات تلفیقی.txt,۲.۱۶,11
HP-10 مدیریت آفات تلفیقی.txt,۲.۱۷,7
HP-10 مدیریت آفات تلفیقی.txt,۲.۱۸,6
HP-10 مدیریت آفات تلفیقی.txt,۲.۱۹,8
HP-10 مدیریت آفات تلفیقی.txt,۲.۲,7
HP-10 مدیریت آفات تلفیقی.txt,۲.۲۰,5
HP-10 مدیریت آفات تلفیقی.txt,۲.۲۱,9
HP-10 مدیریت آفات تلفیقی.txt,۲.۲۲,7
HP-10 مدیریت آفات تلفیقی.txt,۲.۲۳,8
HP-10 مدیریت آفات تلفیقی.txt,۲.۲۴,10
HP-10 مدیریت آفات تلفیقی.txt,۲.۲۵,7
HP-10 مدیریت آفات تلفیقی.txt,۲.۲۶,5
HP-10 مدیریت آفات تلفیقی.txt,۲.۲۷,6
HP-10 مدیریت آفات تلفیقی.txt,۲.۲۸,5
HP-10 مدیریت آفات تلفیقی.txt,۲.۲۹,12
HP-10 مدیریت آفات تلفیقی.txt,۲.۳,8
HP-10 مدیریت آفات تلفیقی.txt,۲.۳۰,12
HP-10 مدیریت آفات تلفیقی.txt,۲.۳۱,10
HP-10 مدیریت آفات تلفیقی.txt,۲.۳۲,5
HP-10 مدیریت آفات تلفیقی.txt,۲.۳۳,6
HP-10 مدیریت آفات تلفیقی.txt,۲.۳۴,5
HP-10 مدیریت آفات تلفیقی.txt,۲.۳۵,8
HP-10 مدیریت آفات تلفیقی.txt,۲.۳۶,6
HP-10 مدیریت آفات تلفیقی.txt,۲.۳۷,6
HP-10 مدیریت آفات تلفیقی.txt,۲.۳۸,7
HP-10 مدیریت آفات تلفیقی.txt,۲.۳۹,5
HP-10 مدیریت آفات تلفیقی.txt,۲.۴,8
HP-10 مدیریت آفات تلفیقی.txt,۲.۴۰,5
HP-10 مدیریت آفات تلفیقی.txt,۲.۴۱,5
HP-10 مدیریت آفات تلفیقی.txt,۲.۴۲,10
HP-10 مدیریت آفات تلفیقی.txt,۲.۴۳,6
HP-10 مدیریت آفات تلفیقی.txt,۲.۵,8
HP-10 مدیریت آفات تلفیقی.txt,۲.۶,8
HP-10 مدیریت آفات تلفیقی.txt,۲.۷,6
HP-10 مدیریت آفات تلفیقی.txt,۲.۸,8
HP-10 مدیریت آفات تلفیقی.txt,۲.۹,7
HP-10 مدیریت آفات تلفیقی.txt,۳.۱,6
HP-10 مدیریت آفات تلفیقی.txt,۳.۱۰,5
HP-10 مدیریت آفات تلفیقی.txt,۳.۱۱,6
HP-10 مدیریت آفات تلفیقی.txt,۳.۱۲,6
HP-10 مدیریت آفات تلفیقی.txt,۳.۱۳,6
HP-10 مدیریت آفات تلفیقی.txt,۳.۱۴,9
HP-10 مدیریت آفات تلفیقی.txt,۳.۱۵,5
HP-10 مدیریت آفات تلفیقی.txt,۳.۱۶,6
HP-10 مدیریت آفات تلفیقی.txt,۳.۱۷,5
HP-10 مدیریت آفات تلفیقی.txt,۳.۱۸,6
HP-10 مدیریت آفات تلفیقی.txt,۳.۱۹,5
HP-10 مدیریت آفات تلفیقی.txt,۳.۲,6
HP-10 مدیریت آفات تلفیقی.txt,۳.۲۰,6
HP-10 مدیریت آفات تلفیقی.txt,۳.۲۱,5
HP-10 مدیریت آفات تلفیقی.txt,۳.۲۲,6
HP-10 مدیریت آفات تلفیقی.txt,۳.۲۳,5
HP-10 مدیریت آفات تلفیقی.txt,۳.۲۴,5
HP-10 مدیریت آفات تلفیقی.txt,۳.۲۵,6
HP-10 مدیریت آفات تلفیقی.txt,۳.۲۶,18
HP-10 مدیریت آفات تلفیقی.txt,۳.۲۷,18
HP-10 مدیریت آفات تلفیقی.txt,۳.۲۸,18
HP-10 مدیریت آفات تلفیقی.txt,۳.۲۹,6
HP-10 مدیریت آفات تلفیقی.txt,۳.۳,8
HP-10 مدیریت آفات تلفیقی.txt,۳.۳۰,8
HP-10 مدیریت آفات تلفیقی.txt,۳.۳۱,5
HP-10 مدیریت آفات تلفیقی.txt,۳.۳۲,6
HP-10 مدیریت آفات تلفیقی.txt,۳.۳۳,5
HP-10 مدیریت آفات تلفیقی.txt,۳.۳۴,12
HP-10 مدیریت آفات تلفیقی.txt,۳.۳۵,9
HP-10 مدیریت آفات تلفیقی.txt,۳.۳۶,5
HP-10 مدیریت آفات تلفیقی.txt,۳.۳۷,9
HP-10 مدیریت آفات تلفیقی.txt,۳.۳۸,5
HP-10 مدیریت آفات تلفیقی.txt,۳.۳۹,12
HP-10 مدیریت آفات تلفیقی.txt,۳.۴,7
HP-10 مدیریت آفات تلفیقی.txt,۳.۴۰,4
HP-10 مدیریت آفات تلفیقی.txt,۳.۴۱,5
HP-10 مدیریت آفات تلفیقی.txt,۳.۴۲,11
HP-10 مدیریت آفات تلفیقی.txt,۳.۴۳,7
HP-10 مدیریت آفات تلفیقی.txt,۳.۴۴,5
HP-10 مدیریت آفات تلفیقی.txt,۳.۴۵,8
HP-10 مدیریت آفات تلفیقی.txt,۳.۴۶,5
HP-10 مدیریت آفات تلفیقی.txt,۳.۴۷,5
HP-10 مدیریت آفات تلفیقی.txt,۳.۴۸,10
HP-10 مدیریت آفات تلفیقی.txt,۳.۴۹,4
HP-10 مدیریت آفات تلفیقی.txt,۳.۵,5
HP-10 مدیریت آفات تلفیقی.txt,۳.۵۰,5
HP-10 مدیریت آفات تلفیقی.txt,۳.۵۱,7
HP-10 مدیریت آفات تلفیقی.txt,۳.۵۲,9
HP-10 مدیریت آفات تلفیقی.txt,۳.۵۳,5
HP-10 مدیریت آفات تلفیقی.txt,۳.۵۴,12
HP-10 مدیریت آفات تلفیقی.txt,۳.۵۵,5
HP-10 مدیریت آفات تلفیقی.txt,۳.۶,6
HP-10 مدیریت آفات تلفیقی.txt,۳.۷,5
HP-10 مدیریت آفات تلفیقی.txt,۳.۸,6
HP-10 مدیریت آفات تلفیقی.txt,۳.۹,5
HP-10 مدیریت آفات تلفیقی.txt,۴.۱,19
HP-10 مدیریت آفات تلفیقی.txt,۴.۱۰,16
HP-10 مدیریت آفات تلفیقی.txt,۴.۱۱,10
HP-10 مدیریت آفات تلفیقی.txt,۴.۱۲,4
HP-10 مدیریت آفات تلفیقی.txt,۴.۱۳,10
HP-10 مدیریت آفات تلفیقی.txt,۴.۱۴,12
HP-10 مدیریت آفات تلفیقی.txt,۴.۱۵,10
HP-10 مدیریت آفات تلفیقی.txt,۴.۱۶,10
HP-10 مدیریت آفات تلفیقی.txt,۴.۱۷,14
HP-10 مدیریت آفات تلفیقی.txt,۴.۱۸,10
HP-10 مدیریت آفات تلفیقی.txt,۴.۱۹,5
HP-10 مدیریت آفات تلفیقی.txt,۴.۲,12
HP-10 مدیریت آفات تلفیقی.txt,۴.۲۰,5
HP-10 مدیریت آفات تلفیقی.txt,۴.۲۱,12
HP-10 مدیریت آفات تلفیقی.txt,۴.۲۲,13
HP-10 مدیریت آفات تلفیقی.txt,۴.۲۳,6
HP-10 مدیریت آفات تلفیقی.txt,۴.۲۴,5
HP-10 مدیریت آفات تلفیقی.txt,۴.۲۵,10
HP-10 مدیریت آفات تلفیقی.txt,۴.۲۶,5
HP-10 مدیریت آفات تلفیقی.txt,۴.۲۷,12
HP-10 مدیریت آفات تلفیقی.txt,۴.۲۸,5
HP-10 مدیریت آفات تلفیقی.txt,۴.۲۹,4
HP-10 مدیریت آفات تلفیقی.txt,۴.۳,7
HP-10 مدیریت آفات تلفیقی.txt,۴.۳۰,5
HP-10 مدیریت آفات تلفیقی.txt,۴.۳۱,6
HP-10 مدیریت آفات تلفیقی.txt,۴.۳۲,5
HP-10 مدیریت آفات تلفیقی.txt,۴.۳۳,5
HP-10 مدیریت آفات تلفیقی.txt,۴.۳۴,5
HP-10 مدیریت آفات تلفیقی.txt,۴.۴,5
HP-10 مدیریت آفات تلفیقی.txt,۴.۵,12
HP-10 مدیریت آفات تلفیقی.txt,۴.۶,9
HP-10 مدیریت آفات تلفیقی.txt,۴.۷,8
HP-10 مدیریت آفات تلفیقی.txt,۴.۸,10
HP-10 مدیریت آفات تلفیقی.txt,۴.۹,12
HP-10 مدیریت آفات تلفیقی.txt,۵.۰,12
HP-10 مدیریت آفات تلفیقی.txt,۵.۱,8
HP-10 مدیریت آفات تلفیقی.txt,۵.۲,9
HP-10 مدیریت آفات تلفیقی.txt,۶.۰,6
HP-10 مدیریت آفات تلفیقی.txt,۶.۱,5
HP-10 مدیریت آفات تلفیقی.txt,۷.۰,6
HP-10 مدیریت آفات تلفیقی.txt,۷.۱,18
HP-10 مدیریت آفات تلفیقی.txt,۷.۱۰,10
HP-10 مدیریت آفات تلفیقی.txt,۷.۱۱,5
HP-10 مدیریت آفات تلفیقی.txt,۷.۱۲,5
HP-10 مدیریت آفات تلفیقی.txt,۷.۱۳,5
HP-10 مدیریت آفات تلفیقی.txt,۷.۱۴,6
HP-10 مدیریت آفات تلفیقی.txt,۷.۱۵,6
HP-10 مدیریت آفات تلفیقی.txt,۷.۱۶,7
HP-10 مدیریت آفات تلفیقی.txt,۷.۱۷,12
HP-10 مدیریت آفات تلفیقی.txt,۷.۱۸,3
HP-10 مدیریت آفات تلفیقی.txt,۷.۱۹,5
HP-10 مدیریت آفات تلفیقی.txt,۷.۲,7
HP-10 مدیریت آفات تلفیقی.txt,۷.۲۰,8
HP-10 مدیریت آفات تلفیقی.txt,۷.۲۱,6
HP-10 مدیریت آفات تلفیقی.txt,۷.۲۲,4
HP-10 مدیریت آفات تلفیقی.txt,۷.۲۳,5
HP-10 مدیریت آفات تلفیقی.txt,۷.۲۴,6
HP-10 مدیریت آفات تلفیقی.txt,۷.۲۵,7
HP-10 مدیریت آفات تلفیقی.txt,۷.۲۶,5
HP-10 مدیریت آفات تلفیقی.txt,۷.۲۷,5
HP-10 مدیریت آفات تلفیقی.txt,۷.۲۸,6
HP-10 مدیریت آفات تلفیقی.txt,۷.۲۹,6
HP-10 مدیریت آفات تلفیقی.txt,۷.۳,12
HP-10 مدیریت آفات تلفیقی.txt,۷.۴,8
HP-10 مدیریت آفات تلفیقی.txt,۷.۵,5
HP-10 مدیریت آفات تلفیقی.txt,۷.۶,5
HP-10 مدیریت آفات تلفیقی.txt,۷.۷,4
HP-10 مدیریت آفات تلفیقی.txt,۷.۸,6
HP-10 مدیریت آفات تلفیقی.txt,۷.۹,5
HP-10 مدیریت آفات تلفیقی.txt,۸.۰,6
HP-10 مدیریت آفات تلفیقی.txt,۸.۱,18
HP-10 مدیریت آفات تلفیقی.txt,۸.۱۰,5
HP-10 مدیریت آفات تلفیقی.txt,۸.۱۱,6
HP-10 مدیریت آفات تلفیقی.txt,۸.۱۲,4
HP-10 مدیریت آفات تلفیقی.txt,۸.۱۳,8
HP-10 مدیریت آفات تلفیقی.txt,۸.۱۴,5
HP-10 مدیریت آفات تلفیقی.txt,۸.۱۵,8
HP-10 مدیریت آفات تلفیقی.txt,۸.۱۶,8
HP-10 مدیریت آفات تلفیقی.txt,۸.۱۷,5
HP-10 مدیریت آفات تلفیقی.txt,۸.۱۸,5
HP-10 مدیریت آفات تلفیقی.txt,۸.۱۹,8
HP-10 مدیریت آفات تلفیقی.txt,۸.۲,3
HP-10 مدیریت آفات تلفیقی.txt,۸.۲۰,3
HP-10 مدیریت آفات تلفیقی.txt,۸.۲۱,12
HP-10 مدیریت آفات تلفیقی.txt,۸.۲۲,5
HP-10 مدیریت آفات تلفیقی.txt,۸.۲۳,5
HP-10 مدیریت آفات تلفیقی.txt,۸.۲۴,5
HP-10 مدیریت آفات تلفیقی.txt,۸.۲۵,5
HP-10 مدیریت آفات تلفیقی.txt,۸.۲۶,7
HP-10 مدیریت آفات تلفیقی.txt,۸.۲۷,7
HP-10 مدیریت آفات تلفیقی.txt,۸.۲۸,5
HP-10 مدیریت آفات تلفیقی.txt,۸.۲۹,5
HP-10 مدیریت آفات تلفیقی.txt,۸.۳,5
HP-10 مدیریت آفات تلفیقی.txt,۸.۳۰,6
HP-10 مدیریت آفات تلفیقی.txt,۸.۳۱,6
HP-10 مدیریت آفات تلفیقی.txt,۸.۳۲,3
HP-10 مدیریت آفات تلفیقی.txt,۸.۳۳,7
HP-10 مدیریت آفات تلفیقی.txt,۸.۳۴,5
HP-10 مدیریت آفات تلفیقی.txt,۸.۳۵,6
HP-10 مدیریت آفات تلفیقی.txt,۸.۳۶,6
HP-10 مدیریت آفات تلفیقی.txt,۸.۳۷,12
HP-10 مدیریت آفات تلفیقی.txt,۸.۴,5
HP-10 مدیریت آفات تلفیقی.txt,۸.۵,6
HP-10 مدیریت آفات تلفیقی.txt,۸.۶,6
HP-10 مدیریت آفات تلفیقی.txt,۸.۷,6
HP-10 مدیریت آفات تلفیقی.txt,۸.۸,9
HP-10 مدیریت آفات تلفیقی.txt,۸.۹,4
HP-10 مدیریت آفات تلفیقی.txt,۹.۰,5
HP-10 مدیریت آفات تلفیقی.txt,۹.۱,14
HP-10 مدیریت آفات تلفیقی.txt,۹.۱۰,7
HP-10 مدیریت آفات تلفیقی.txt,۹.۱۱,7
HP-10 مدیریت آفات تلفیقی.txt,۹.۱۲,6
HP-10 مدیریت آفات تلفیقی.txt,۹.۱۳,4
HP-10 مدیریت آفات تلفیقی.txt,۹.۱۴,4
HP-10 مدیریت آفات تلفیقی.txt,۹.۱۵,7
HP-10 مدیریت آفات تلفیقی.txt,۹.۱۶,4
HP-10 مدیریت آفات تلفیقی.txt,۹.۱۷,4
HP-10 مدیریت آفات تلفیقی.txt,۹.۱۸,5
HP-10 مدیریت آفات تلفیقی.txt,۹.۱۹,4
HP-10 مدیریت آفات تلفیقی.txt,۹.۲,11
HP-10 مدیریت آفات تلفیقی.txt,۹.۲۰,5
HP-10 مدیریت آفات تلفیقی.txt,۹.۲۱,5
HP-10 مدیریت آفات تلفیقی.txt,۹.۲۲,4
HP-10 مدیریت آفات تلفیقی.txt,۹.۲۳,6
HP-10 مدیریت آفات تلفیقی.txt,۹.۲۴,4
HP-10 مدیریت آفات تلفیقی.txt,۹.۲۵,4
HP-10 مدیریت آفات تلفیقی.txt,۹.۲۶,6
HP-10 مدیریت آفات تلفیقی.txt,۹.۲۷,5
HP-10 مدیریت آفات تلفیقی.txt,۹.۲۸,5
HP-10 مدیریت آفات تلفیقی.txt,۹.۲۹,6
HP-10 مدیریت آفات تلفیقی.txt,۹.۳,8
HP-10 مدیریت آفات تلفیقی.txt,۹.۳۰,4
HP-10 مدیریت آفات تلفیقی.txt,۹.۳۱,4
HP-10 مدیریت آفات تلفیقی.txt,۹.۳۲,7
HP-10 مدیریت آفات تلفیقی.txt,۹.۳۳,7
HP-10 مدیریت آفات تلفیقی.txt,۹.۳۴,6
HP-10 مدیریت آفات تلفیقی.txt,۹.۳۵,6
HP-10 مدیریت آفات تلفیقی.txt,۹.۳۶,9
HP-10 مدیریت آفات تلفیقی.txt,۹.۳۷,5
HP-10 مدیریت آفات تلفیقی.txt,۹.۳۸,6
HP-10 مدیریت آفات تلفیقی.txt,۹.۳۹,4
HP-10 مدیریت آفات تلفیقی.txt,۹.۴,4
HP-10 مدیریت آفات تلفیقی.txt,۹.۴۰,5
HP-10 مدیریت آفات تلفیقی.txt,۹.۴۱,6
HP-10 مدیریت آفات تلفیقی.txt,۹.۴۲,3
HP-10 مدیریت آفات تلفیقی.txt,۹.۴۳,7
HP-10 مدیریت آفات تلفیقی.txt,۹.۴۴,4
HP-10 مدیریت آفات تلفیقی.txt,۹.۴۵,5
HP-10 مدیریت آفات تلفیقی.txt,۹.۴۶,3
HP-10 مدیریت آفات تلفیقی.txt,۹.۴۷,6
HP-10 مدیریت آفات تلفیقی.txt,۹.۴۸,5
HP-10 مدیریت آفات تلفیقی.txt,۹.۴۹,5
HP-10 مدیریت آفات تلفیقی.txt,۹.۵,7
HP-10 مدیریت آفات تلفیقی.txt,۹.۵۰,6
HP-10 مدیریت آفات تلفیقی.txt,۹.۵۱,7
HP-10 مدیریت آفات تلفیقی.txt,۹.۵۲,5
HP-10 مدیریت آفات تلفیقی.txt,۹.۵۳,6
HP-10 مدیریت آفات تلفیقی.txt,۹.۵۴,3
HP-10 مدیریت آفات تلفیقی.txt,۹.۵۵,12
HP-10 مدیریت آفات تلفیقی.txt,۹.۵۷,6
HP-10 مدیریت آفات تلفیقی.txt,۹.۵۸,3
HP-10 مدیریت آفات تلفیقی.txt,۹.۵۹,5
HP-10 مدیریت آفات تلفیقی.txt,۹.۶,5
HP-10 مدیریت آفات تلفیقی.txt,۹.۶۰,11
HP-10 مدیریت آفات تلفیقی.txt,۹.۷,5
HP-10 مدیریت آفات تلفیقی.txt,۹.۸,5
HP-10 مدیریت آفات تلفیقی.txt,۹.۹,6
HP-11 بادشکن زیستی.txt,۱.۱,17
HP-11 بادشکن زیستی.txt,۱.۲,9
HP-11 بادشکن زیستی.txt,۱.۳,9
HP-11 بادشکن زیستی.txt,۱.۴,7
HP-11 بادشکن زیستی.txt,۱.۵,8
HP-11 بادشکن زیستی.txt,۱.۷,10
HP-11 بادشکن زیستی.txt,۱.۸,7
HP-11 بادشکن زیستی.txt,۱.۹,6
HP-11 بادشکن زیستی.txt,۱۰.۰,21
HP-11 بادشکن زیستی.txt,۱۰.۱,8
HP-11 بادشکن زیستی.txt,۱۰.۱۰,6
HP-11 بادشکن زیستی.txt,۱۰.۱۱,6
HP-11 بادشکن زیستی.txt,۱۰.۱۲,6
HP-11 بادشکن زیستی.txt,۱۰.۱۳,6
HP-11 بادشکن زیستی.txt,۱۰.۱۴,9
HP-11 بادشکن زیستی.txt,۱۰.۱۵,8
HP-11 بادشکن زیستی.txt,۱۰.۱۶,5
HP-11 بادشکن زیستی.txt,۱۰.۱۷,19
HP-11 بادشکن زیستی.txt,۱۰.۱۸,19
HP-11 بادشکن زیستی.txt,۱۰.۱۹,13
HP-11 بادشکن زیستی.txt,۱۰.۲,6
HP-11 بادشکن زیستی.txt,۱۰.۲۰,5
HP-11 بادشکن زیستی.txt,۱۰.۲۱,5
HP-11 بادشکن زیستی.txt,۱۰.۲۲,5
HP-11 بادشکن زیستی.txt,۱۰.۲۳,19
HP-11 بادشکن زیستی.txt,۱۰.۳,10
HP-11 بادشکن زیستی.txt,۱۰.۴,10
HP-11 بادشکن زیستی.txt,۱۰.۵,5
HP-11 بادشکن زیستی.txt,۱۰.۶,6
HP-11 بادشکن زیستی.txt,۱۰.۷,6
HP-11 بادشکن زیستی.txt,۱۰.۸,6
HP-11 بادشکن زیستی.txt,۱۰.۹,5
HP-11 بادشکن زیستی.txt,۱۱.۱,9
HP-11 بادشکن زیستی.txt,۱۱.۲,22
HP-11 بادشکن زیستی.txt,۱۱.۳,12
HP-11 بادشکن زیستی.txt,۱۱.۴,8
HP-11 بادشکن زیستی.txt,۱۱.۵,10
HP-11 بادشکن زیستی.txt,۱۱.۶,6
HP-11 بادشکن زیستی.txt,۱۱.۷,11
HP-11 بادشکن زیستی.txt,۱۱.۸,12
HP-11 بادشکن زیستی.txt,۱۲.۱,28
HP-11 بادشکن زیستی.txt,۱۲.۲,18
HP-11 بادشکن زیستی.txt,۱۲.۳,19
HP-11 بادشکن زیستی.txt,۱۲.۴,9
HP-11 بادشکن زیستی.txt,۱۲.۵,18
HP-11 بادشکن زیستی.txt,۱۲.۶,8
HP-11 بادشکن زیستی.txt,۱۲.۷,6
HP-11 بادشکن زیستی.txt,۲.۱,5
HP-11 بادشکن زیستی.txt,۲.۲,5
HP-11 بادشکن زیستی.txt,۲.۳,5
HP-11 بادشکن زیستی.txt,۲.۴,5
HP-11 بادشکن زیستی.txt,۲.۵,10
HP-11 بادشکن زیستی.txt,۲.۶,5
HP-11 بادشکن زیستی.txt,۲.۷,6
HP-11 بادشکن زیستی.txt,۲.۸,20
HP-11 بادشکن زیستی.txt,۳.۰,13
HP-11 بادشکن زیستی.txt,۳.۱,6
HP-11 بادشکن زیستی.txt,۳.۱۰,5
HP-11 بادشکن زیستی.txt,۳.۱۱,5
HP-11 بادشکن زیستی.txt,۳.۱۲,6
HP-11 بادشکن زیستی.txt,۳.۱۳,14
HP-11 بادشکن زیستی.txt,۳.۱۴,9
HP-11 بادشکن زیستی.txt,۳.۱۵,10
HP-11 بادشکن زیستی.txt,۳.۱۶,14
HP-11 بادشکن زیستی.txt,۳.۲,7
HP-11 بادشکن زیستی.txt,۳.۳,6
HP-11 بادشکن زیستی.txt,۳.۴,4
HP-11 بادشکن زیستی.txt,۳.۵,5
HP-11 بادشکن زیستی.txt,۳.۶,7
HP-11 بادشکن زیستی.txt,۳.۷,7
HP-11 بادشکن زیستی.txt,۳.۸,6
HP-11 بادشکن زیستی.txt,۳.۹,6
HP-11 بادشکن زیستی.txt,۴.۱,8
HP-11 بادشکن زیستی.txt,۴.۲,16
HP-11 بادشکن زیستی.txt,۴.۳,6
HP-11 بادشکن زیستی.txt,۵.۱,10
HP-11 بادشکن زیستی.txt,۵.۲,12
HP-11 بادشکن زیستی.txt,۵.۳,9
HP-11 بادشکن زیستی.txt,۵.۴,5
HP-11 بادشکن زیستی.txt,۵.۵,6
HP-11 بادشکن زیستی.txt,۵.۶,6
HP-11 بادشکن زیستی.txt,۵.۷,5
HP-11 بادشکن زیستی.txt,۶.۱,5
HP-11 بادشکن زیستی.txt,۶.۲,5
HP-11 بادشکن زیستی.txt,۶.۳,7
HP-11 بادشکن زیستی.txt,۶.۴,6
HP-11 بادشکن زیستی.txt,۶.۵,4
HP-11 بادشکن زیستی.txt,۶.۶,9
HP-11 بادشکن زیستی.txt,۶.۷,6
HP-11 بادشکن زیستی.txt,۶.۸,6
HP-11 بادشکن زیستی.txt,۷.۱,7
HP-11 بادشکن زیستی.txt,۷.۱۰,8
HP-11 بادشکن زیستی.txt,۷.۱۱,8
HP-11 بادشکن زیستی.txt,۷.۲,5
HP-11 بادشکن زیستی.txt,۷.۳,5
HP-11 بادشکن زیستی.txt,۷.۴,4
HP-11 بادشکن زیستی.txt,۷.۵,6
HP-11 بادشکن زیستی.txt,۷.۶,6
HP-11 بادشکن زیستی.txt,۷.۷,5
HP-11 بادشکن زیستی.txt,۷.۸,5
HP-11 بادشکن زیستی.txt,۷.۹,5
HP-11 بادشکن زیستی.txt,۸.۱,8
HP-11 بادشکن زیستی.txt,۸.۲,10
HP-11 بادشکن زیستی.txt,۸.۳,10
HP-11 بادشکن زیستی.txt,۸.۴,5
HP-11 بادشکن زیستی.txt,۸.۵,5
HP-11 بادشکن زیستی.txt,۸.۶,6
HP-11 بادشکن زیستی.txt,۹.۱,11
HP-11 بادشکن زیستی.txt,۹.۲,8
HP-11 بادشکن زیستی.txt,۹.۳,4
HP-11 بادشکن زیستی.txt,۹.۴,7
HP-11 بادشکن زیستی.txt,۹.۵,6
HP-11 بادشکن زیستی.txt,۹.۶,6
HP-11 بادشکن زیستی.txt,۹.۷,6
HP-12 پایش هوشمند.txt,۱.۱,30
HP-12 پایش هوشمند.txt,۱.۱۰,7
HP-12 پایش هوشمند.txt,۱.۱۱,9
HP-12 پایش هوشمند.txt,۱.۱۲,5
HP-12 پایش هوشمند.txt,۱.۱۳,4
HP-12 پایش هوشمند.txt,۱.۱۴,9
HP-12 پایش هوشمند.txt,۱.۱۵,8
HP-12 پایش هوشمند.txt,۱.۱۶,4
HP-12 پایش هوشمند.txt,۱.۱۷,4
HP-12 پایش هوشمند.txt,۱.۱۸,5
HP-12 پایش هوشمند.txt,۱.۱۹,11
HP-12 پایش هوشمند.txt,۱.۲,9
HP-12 پایش هوشمند.txt,۱.۲۰,17
HP-12 پایش هوشمند.txt,۱.۲۱,8
HP-12 پایش هوشمند.txt,۱.۲۲,7
HP-12 پایش هوشمند.txt,۱.۲۳,4
HP-12 پایش هوشمند.txt,۱.۲۴,9
HP-12 پایش هوشمند.txt,۱.۳,12
HP-12 پایش هوشمند.txt,۱.۴,15
HP-12 پایش هوشمند.txt,۱.۵,15
HP-12 پایش هوشمند.txt,۱.۶,10
HP-12 پایش هوشمند.txt,۱.۷,5
HP-12 پایش هوشمند.txt,۱.۸,11
HP-12 پایش هوشمند.txt,۱.۹,4
HP-12 پایش هوشمند.txt,۱۰.۱,4
HP-12 پایش هوشمند.txt,۱۰.۱۰,5
HP-12 پایش هوشمند.txt,۱۰.۱۱,6
HP-12 پایش هوشمند.txt,۱۰.۱۲,15
HP-12 پایش هوشمند.txt,۱۰.۱۳,21
HP-12 پایش هوشمند.txt,۱۰.۱۴,5
HP-12 پایش هوشمند.txt,۱۰.۱۵,4
HP-12 پایش هوشمند.txt,۱۰.۱۶,4
HP-12 پایش هوشمند.txt,۱۰.۱۷,5
HP-12 پایش هوشمند.txt,۱۰.۱۸,7
HP-12 پایش هوشمند.txt,۱۰.۱۹,11
HP-12 پایش هوشمند.txt,۱۰.۲,12
HP-12 پایش هوشمند.txt,۱۰.۲۰,4
HP-12 پایش هوشمند.txt,۱۰.۳,4
HP-12 پایش هوشمند.txt,۱۰.۴,4
HP-12 پایش هوشمند.txt,۱۰.۵,5
HP-12 پایش هوشمند.txt,۱۰.۶,4
HP-12 پایش هوشمند.txt,۱۰.۷,9
HP-12 پایش هوشمند.txt,۱۰.۸,4
HP-12 پایش هوشمند.txt,۱۰.۹,9
HP-12 پایش هوشمند.txt,۱۰٫۲۲,10
HP-12 پایش هوشمند.txt,۱۰٫۲۳,4
HP-12 پایش هوشمند.txt,۱۰٫۲۴,5
HP-12 پایش هوشمند.txt,۱۰٫۲۵,14
HP-12 پایش هوشمند.txt,۱۰٫۲۶,5
HP-12 پایش هوشمند.txt,۱۰٫۲۷,10
HP-12 پایش هوشمند.txt,۱۰٫۲۸,21
HP-12 پایش هوشمند.txt,۱۰٫۲۹,10
HP-12 پایش هوشمند.txt,۱۰٫۳۰,5
HP-12 پایش هوشمند.txt,۱۰٫۳۱,11
HP-12 پایش هوشمند.txt,۱۰٫۳۲,11
HP-12 پایش هوشمند.txt,۱۱.۱,4
HP-12 پایش هوشمند.txt,۱۱.۱۰,8
HP-12 پایش هوشمند.txt,۱۱.۱۱,5
HP-12 پایش هوشمند.txt,۱۱.۱۲,5
HP-12 پایش هوشمند.txt,۱۱.۱۳,5
HP-12 پایش هوشمند.txt,۱۱.۱۴,5
HP-12 پایش هوشمند.txt,۱۱.۱۵,4
HP-12 پایش هوشمند.txt,۱۱.۲,5
HP-12 پایش هوشمند.txt,۱۱.۳,6
HP-12 پایش هوشمند.txt,۱۱.۴,4
HP-12 پایش هوشمند.txt,۱۱.۵,5
HP-12 پایش هوشمند.txt,۱۱.۶,4
HP-12 پایش هوشمند.txt,۱۱.۷,14
HP-12 پایش هوشمند.txt,۱۱.۸,16
HP-12 پایش هوشمند.txt,۱۱.۹,5
HP-12 پایش هوشمند.txt,۱۱٫۱۶,3
HP-12 پایش هوشمند.txt,۱۱٫۱۷,5
HP-12 پایش هوشمند.txt,۱۱٫۱۸,10
HP-12 پایش هوشمند.txt,۱۱٫۱۹,5
HP-12 پایش هوشمند.txt,۱۱٫۲۰,9
HP-12 پایش هوشمند.txt,۱۱٫۲۱,6
HP-12 پایش هوشمند.txt,۱۱٫۲۲,11
HP-12 پایش هوشمند.txt,۱۱٫۲۳,11
HP-12 پایش هوشمند.txt,۱۱٫۲۴,3
HP-12 پایش هوشمند.txt,۱۲.۱,43
HP-12 پایش هوشمند.txt,۱۲.۱۰,12
HP-12 پایش هوشمند.txt,۱۲.۱۱,16
HP-12 پایش هوشمند.txt,۱۲.۱۲,32
HP-12 پایش هوشمند.txt,۱۲.۱۳,6
HP-12 پایش هوشمند.txt,۱۲.۱۴,13
HP-12 پایش هوشمند.txt,۱۲.۱۵,9
HP-12 پایش هوشمند.txt,۱۲.۱۶,7
HP-12 پایش هوشمند.txt,۱۲.۱۷,5
HP-12 پایش هوشمند.txt,۱۲.۱۸,13
HP-12 پایش هوشمند.txt,۱۲.۱۹,10
HP-12 پایش هوشمند.txt,۱۲.۲,36
HP-12 پایش هوشمند.txt,۱۲.۲۰,7
HP-12 پایش هوشمند.txt,۱۲.۳,13
HP-12 پایش هوشمند.txt,۱۲.۴,14
HP-12 پایش هوشمند.txt,۱۲.۵,5
HP-12 پایش هوشمند.txt,۱۲.۶,20
HP-12 پایش هوشمند.txt,۱۲.۷,8
HP-12 پایش هوشمند.txt,۱۲.۸,8
HP-12 پایش هوشمند.txt,۱۲.۹,10
HP-12 پایش هوشمند.txt,۲.۱,4
HP-12 پایش هوشمند.txt,۲.۱۰,12
HP-12 پایش هوشمند.txt,۲.۱۱,9
HP-12 پایش هوشمند.txt,۲.۱۲,7
HP-12 پایش هوشمند.txt,۲.۱۳,5
HP-12 پایش هوشمند.txt,۲.۱۴,6
HP-12 پایش هوشمند.txt,۲.۱۵,4
HP-12 پایش هوشمند.txt,۲.۱۶,4
HP-12 پایش هوشمند.txt,۲.۱۷,8
HP-12 پایش هوشمند.txt,۲.۱۸,6
HP-12 پایش هوشمند.txt,۲.۱۹,5
HP-12 پایش هوشمند.txt,۲.۲,7
HP-12 پایش هوشمند.txt,۲.۲۰,9
HP-12 پایش هوشمند.txt,۲.۲۱,4
HP-12 پایش هوشمند.txt,۲.۳,14
HP-12 پایش هوشمند.txt,۲.۴,9
HP-12 پایش هوشمند.txt,۲.۵,5
HP-12 پایش هوشمند.txt,۲.۶,14
HP-12 پایش هوشمند.txt,۲.۷,5
HP-12 پایش هوشمند.txt,۲.۸,8
HP-12 پایش هوشمند.txt,۲.۹,7
HP-12 پایش هوشمند.txt,۲٫۲۲,10
HP-12 پایش هوشمند.txt,۲٫۲۳,8
HP-12 پایش هوشمند.txt,۲٫۲۴,7
HP-12 پایش هوشمند.txt,۳.۱,6
HP-12 پایش هوشمند.txt,۳.۱۰,13
HP-12 پایش هوشمند.txt,۳.۱۱,6
HP-12 پایش هوشمند.txt,۳.۱۲,4
HP-12 پایش هوشمند.txt,۳.۱۳,6
HP-12 پایش هوشمند.txt,۳.۱۴,9
HP-12 پایش هوشمند.txt,۳.۱۵,5
HP-12 پایش هوشمند.txt,۳.۱۶,4
HP-12 پایش هوشمند.txt,۳.۱۷,6
HP-12 پایش هوشمند.txt,۳.۱۸,11
HP-12 پایش هوشمند.txt,۳.۱۹,7
HP-12 پایش هوشمند.txt,۳.۲,7
HP-12 پایش هوشمند.txt,۳.۳,6
HP-12 پایش هوشمند.txt,۳.۴,5
HP-12 پایش هوشمند.txt,۳.۵,4
HP-12 پایش هوشمند.txt,۳.۶,7
HP-12 پایش هوشمند.txt,۳.۷,4
HP-12 پایش هوشمند.txt,۳.۸,6
HP-12 پایش هوشمند.txt,۳.۹,4
HP-12 پایش هوشمند.txt,۳٫۲۰,6
HP-12 پایش هوشمند.txt,۳٫۲۱,6
HP-12 پایش هوشمند.txt,۳٫۲۲,5
HP-12 پایش هوشمند.txt,۳٫۲۳,4
HP-12 پایش هوشمند.txt,۳٫۲۴,5
HP-12 پایش هوشمند.txt,۳٫۲۵,6
HP-12 پایش هوشمند.txt,۳٫۲۶,6
HP-12 پایش هوشمند.txt,۳٫۲۷,6
HP-12 پایش هوشمند.txt,۳٫۲۸,7
HP-12 پایش هوشمند.txt,۳٫۲۹,11
HP-12 پایش هوشمند.txt,۳٫۳۰,11
HP-12 پایش هوشمند.txt,۴.۱,9
HP-12 پایش هوشمند.txt,۴.۱۰,5
HP-12 پایش هوشمند.txt,۴.۱۱,4
HP-12 پایش هوشمند.txt,۴.۱۲,5
HP-12 پایش هوشمند.txt,۴.۱۳,4
HP-12 پایش هوشمند.txt,۴.۱۴,4
HP-12 پایش هوشمند.txt,۴.۱۵,7
HP-12 پایش هوشمند.txt,۴.۱۶,4
HP-12 پایش هوشمند.txt,۴.۱۷,5
HP-12 پایش هوشمند.txt,۴.۲,5
HP-12 پایش هوشمند.txt,۴.۳,5
HP-12 پایش هوشمند.txt,۴.۴,4
HP-12 پایش هوشمند.txt,۴.۵,4
HP-12 پایش هوشمند.txt,۴.۶,4
HP-12 پایش هوشمند.txt,۴.۷,4
HP-12 پایش هوشمند.txt,۴.۸,5
HP-12 پایش هوشمند.txt,۴.۹,4
HP-12 پایش هوشمند.txt,۴٫۱۶,5
HP-12 پایش هوشمند.txt,۵.۱,5
HP-12 پایش هوشمند.txt,۵.۱۰,4
HP-12 پایش هوشمند.txt,۵.۱۱,5
HP-12 پایش هوشمند.txt,۵.۱۲,7
HP-12 پایش هوشمند.txt,۵.۱۳,7
HP-12 پایش هوشمند.txt,۵.۱۴,7
HP-12 پایش هوشمند.txt,۵.۱۵,4
HP-12 پایش هوشمند.txt,۵.۱۶,4
HP-12 پایش هوشمند.txt,۵.۲,7
HP-12 پایش هوشمند.txt,۵.۳,5
HP-12 پایش هوشمند.txt,۵.۴,7
HP-12 پایش هوشمند.txt,۵.۵,5
HP-12 پایش هوشمند.txt,۵.۶,3
HP-12 پایش هوشمند.txt,۵.۷,5
HP-12 پایش هوشمند.txt,۵.۸,5
HP-12 پایش هوشمند.txt,۵.۹,5
HP-12 پایش هوشمند.txt,۵٫۱۳,7
HP-12 پایش هوشمند.txt,۵٫۱۴,7
HP-12 پایش هوشمند.txt,۵٫۱۵,4
HP-12 پایش هوشمند.txt,۶.۱,4
HP-12 پایش هوشمند.txt,۶.۱۰,4
HP-12 پایش هوشمند.txt,۶.۱۱,8
HP-12 پایش هوشمند.txt,۶.۱۲,4
HP-12 پایش هوشمند.txt,۶.۱۳,11
HP-12 پایش هوشمند.txt,۶.۱۴,7
HP-12 پایش هوشمند.txt,۶.۱۵,4
HP-12 پایش هوشمند.txt,۶.۱۶,4
HP-12 پایش هوشمند.txt,۶.۱۷,4
HP-12 پایش هوشمند.txt,۶.۲,7
HP-12 پایش هوشمند.txt,۶.۳,9
HP-12 پایش هوشمند.txt,۶.۴,5
HP-12 پایش هوشمند.txt,۶.۵,7
HP-12 پایش هوشمند.txt,۶.۶,4
HP-12 پایش هوشمند.txt,۶.۷,6
HP-12 پایش هوشمند.txt,۶.۸,6
HP-12 پایش هوشمند.txt,۶.۹,8
HP-12 پایش هوشمند.txt,۶٫۲۰,4
HP-12 پایش هوشمند.txt,۶٫۲۱,12
HP-12 پایش هوشمند.txt,۶٫۲۲,5
HP-12 پایش هوشمند.txt,۷.۱,5
HP-12 پایش هوشمند.txt,۷.۱۰,5
HP-12 پایش هوشمند.txt,۷.۱۱,5
HP-12 پایش هوشمند.txt,۷.۱۲,7
HP-12 پایش هوشمند.txt,۷.۱۳,5
HP-12 پایش هوشمند.txt,۷.۱۴,5
HP-12 پایش هوشمند.txt,۷.۲,5
HP-12 پایش هوشمند.txt,۷.۳,5
HP-12 پایش هوشمند.txt,۷.۴,6
HP-12 پایش هوشمند.txt,۷.۵,7
HP-12 پایش هوشمند.txt,۷.۶,5
HP-12 پایش هوشمند.txt,۷.۷,8
HP-12 پایش هوشمند.txt,۷.۸,5
HP-12 پایش هوشمند.txt,۷.۹,5
HP-12 پایش هوشمند.txt,۷٫۱۴,8
HP-12 پایش هوشمند.txt,۸.۱,12
HP-12 پایش هوشمند.txt,۸.۱۰,8
HP-12 پایش هوشمند.txt,۸.۱۱,8
HP-12 پایش هوشمند.txt,۸.۱۲,8
HP-12 پایش هوشمند.txt,۸.۱۳,8
HP-12 پایش هوشمند.txt,۸.۱۴,12
HP-12 پایش هوشمند.txt,۸.۱۵,4
HP-12 پایش هوشمند.txt,۸.۱۶,12
HP-12 پایش هوشمند.txt,۸.۱۷,13
HP-12 پایش هوشمند.txt,۸.۱۸,8
HP-12 پایش هوشمند.txt,۸.۱۹,9
HP-12 پایش هوشمند.txt,۸.۲,6
HP-12 پایش هوشمند.txt,۸.۲۰,5
HP-12 پایش هوشمند.txt,۸.۲۱,4
HP-12 پایش هوشمند.txt,۸.۳,8
HP-12 پایش هوشمند.txt,۸.۴,8
HP-12 پایش هوشمند.txt,۸.۵,8
HP-12 پایش هوشمند.txt,۸.۶,8
HP-12 پایش هوشمند.txt,۸.۷,8
HP-12 پایش هوشمند.txt,۸.۸,8
HP-12 پایش هوشمند.txt,۸.۹,8
HP-12 پایش هوشمند.txt,۹.۱,8
HP-12 پایش هوشمند.txt,۹.۱۰,7
HP-12 پایش هوشمند.txt,۹.۱۱,5
HP-12 پایش هوشمند.txt,۹.۱۲,6
HP-12 پایش هوشمند.txt,۹.۱۳,13
HP-12 پایش هوشمند.txt,۹.۱۴,4
HP-12 پایش هوشمند.txt,۹.۱۵,5
HP-12 پایش هوشمند.txt,۹.۱۶,4
HP-12 پایش هوشمند.txt,۹.۱۷,4
HP-12 پایش هوشمند.txt,۹.۱۸,6
HP-12 پایش هوشمند.txt,۹.۱۹,6
HP-12 پایش هوشمند.txt,۹.۲,4
HP-12 پایش هوشمند.txt,۹.۲۰,6
HP-12 پایش هوشمند.txt,۹.۲۱,17
HP-12 پایش هوشمند.txt,۹.۲۲,5
HP-12 پایش هوشمند.txt,۹.۲۳,4
HP-12 پایش هوشمند.txt,۹.۲۴,4
HP-12 پایش هوشمند.txt,۹.۲۵,5
HP-12 پایش هوشمند.txt,۹.۳,6
HP-12 پایش هوشمند.txt,۹.۴,8
HP-12 پایش هوشمند.txt,۹.۵,5
HP-12 پایش هوشمند.txt,۹.۶,4
HP-12 پایش هوشمند.txt,۹.۷,5
HP-12 پایش هوشمند.txt,۹.۸,8
HP-12 پایش هوشمند.txt,۹.۹,4
HP-12 پایش هوشمند.txt,۹٫۲۶,8
HP-12 پایش هوشمند.txt,۹٫۲۷,4
HP-12 پایش هوشمند.txt,۹٫۲۸,7
HP-12 پایش هوشمند.txt,۹٫۲۹,13
HP-13 مهندسی زیستی.txt,۱٫۱,18
HP-13 مهندسی زیستی.txt,۱٫۱۰,13
HP-13 مهندسی زیستی.txt,۱٫۱۱,8
HP-13 مهندسی زیستی.txt,۱٫۱۲,7
HP-13 مهندسی زیستی.txt,۱٫۱۳,7
HP-13 مهندسی زیستی.txt,۱٫۱۴,19
HP-13 مهندسی زیستی.txt,۱٫۱۵,5
HP-13 مهندسی زیستی.txt,۱٫۱۶,11
HP-13 مهندسی زیستی.txt,۱٫۱۷,13
HP-13 مهندسی زیستی.txt,۱٫۱۸,25
HP-13 مهندسی زیستی.txt,۱٫۱۹,14
HP-13 مهندسی زیستی.txt,۱٫۲,6
HP-13 مهندسی زیستی.txt,۱٫۲۰,5
HP-13 مهندسی زیستی.txt,۱٫۲۱,6
HP-13 مهندسی زیستی.txt,۱٫۲۲,9
HP-13 مهندسی زیستی.txt,۱٫۲۳,5
HP-13 مهندسی زیستی.txt,۱٫۲۴,5
HP-13 مهندسی زیستی.txt,۱٫۳,6
HP-13 مهندسی زیستی.txt,۱٫۴,8
HP-13 مهندسی زیستی.txt,۱٫۵,5
HP-13 مهندسی زیستی.txt,۱٫۶,6
HP-13 مهندسی زیستی.txt,۱٫۷,7
HP-13 مهندسی زیستی.txt,۱٫۸,6
HP-13 مهندسی زیستی.txt,۱٫۹,15
HP-13 مهندسی زیستی.txt,۱۰٫۱,12
HP-13 مهندسی زیستی.txt,۱۰٫۱۰,6
HP-13 مهندسی زیستی.txt,۱۰٫۱۱,4
HP-13 مهندسی زیستی.txt,۱۰٫۱۲,5
HP-13 مهندسی زیستی.txt,۱۰٫۱۳,7
HP-13 مهندسی زیستی.txt,۱۰٫۱۴,4
HP-13 مهندسی زیستی.txt,۱۰٫۱۵,11
HP-13 مهندسی زیستی.txt,۱۰٫۱۶,4
HP-13 مهندسی زیستی.txt,۱۰٫۱۷,3
HP-13 مهندسی زیستی.txt,۱۰٫۱۸,4
HP-13 مهندسی زیستی.txt,۱۰٫۱۹,5
HP-13 مهندسی زیستی.txt,۱۰٫۲,8
HP-13 مهندسی زیستی.txt,۱۰٫۲۰,7
HP-13 مهندسی زیستی.txt,۱۰٫۲۱,6
HP-13 مهندسی زیستی.txt,۱۰٫۲۲,7
HP-13 مهندسی زیستی.txt,۱۰٫۲۳,5
HP-13 مهندسی زیستی.txt,۱۰٫۲۴,5
HP-13 مهندسی زیستی.txt,۱۰٫۲۵,4
HP-13 مهندسی زیستی.txt,۱۰٫۲۶,11
HP-13 مهندسی زیستی.txt,۱۰٫۲۷,4
HP-13 مهندسی زیستی.txt,۱۰٫۲۸,11
HP-13 مهندسی زیستی.txt,۱۰٫۲۹,9
HP-13 مهندسی زیستی.txt,۱۰٫۳,9
HP-13 مهندسی زیستی.txt,۱۰٫۳۰,11
HP-13 مهندسی زیستی.txt,۱۰٫۳۱,9
HP-13 مهندسی زیستی.txt,۱۰٫۳۲,11
HP-13 مهندسی زیستی.txt,۱۰٫۳۳,5
HP-13 مهندسی زیستی.txt,۱۰٫۳۴,5
HP-13 مهندسی زیستی.txt,۱۰٫۳۵,9
HP-13 مهندسی زیستی.txt,۱۰٫۳۶,8
HP-13 مهندسی زیستی.txt,۱۰٫۳۷,9
HP-13 مهندسی زیستی.txt,۱۰٫۳۸,4
HP-13 مهندسی زیستی.txt,۱۰٫۳۹,7
HP-13 مهندسی زیستی.txt,۱۰٫۴,9
HP-13 مهندسی زیستی.txt,۱۰٫۴۲,9
HP-13 مهندسی زیستی.txt,۱۰٫۴۴,8
HP-13 مهندسی زیستی.txt,۱۰٫۴۵,5
HP-13 مهندسی زیستی.txt,۱۰٫۴۶,5
HP-13 مهندسی زیستی.txt,۱۰٫۵,9
HP-13 مهندسی زیستی.txt,۱۰٫۶,19
HP-13 مهندسی زیستی.txt,۱۰٫۷,4
HP-13 مهندسی زیستی.txt,۱۰٫۸,4
HP-13 مهندسی زیستی.txt,۱۰٫۹,7
HP-13 مهندسی زیستی.txt,۱۱٫۱,9
HP-13 مهندسی زیستی.txt,۱۱٫۱۰,4
HP-13 مهندسی زیستی.txt,۱۱٫۱۱,3
HP-13 مهندسی زیستی.txt,۱۱٫۱۲,4
HP-13 مهندسی زیستی.txt,۱۱٫۱۳,6
HP-13 مهندسی زیستی.txt,۱۱٫۱۴,5
HP-13 مهندسی زیستی.txt,۱۱٫۱۵,6
HP-13 مهندسی زیستی.txt,۱۱٫۱۶,6
HP-13 مهندسی زیستی.txt,۱۱٫۱۷,7
HP-13 مهندسی زیستی.txt,۱۱٫۱۸,11
HP-13 مهندسی زیستی.txt,۱۱٫۱۹,14
HP-13 مهندسی زیستی.txt,۱۱٫۲,9
HP-13 مهندسی زیستی.txt,۱۱٫۲۰,6
HP-13 مهندسی زیستی.txt,۱۱٫۲۱,4
HP-13 مهندسی زیستی.txt,۱۱٫۲۲,5
HP-13 مهندسی زیستی.txt,۱۱٫۲۳,4
HP-13 مهندسی زیستی.txt,۱۱٫۲۴,5
HP-13 مهندسی زیستی.txt,۱۱٫۲۵,11
HP-13 مهندسی زیستی.txt,۱۱٫۲۶,11
HP-13 مهندسی زیستی.txt,۱۱٫۲۷,4
HP-13 مهندسی زیستی.txt,۱۱٫۲۸,11
HP-13 مهندسی زیستی.txt,۱۱٫۲۹,8
HP-13 مهندسی زیستی.txt,۱۱٫۳,14
HP-13 مهندسی زیستی.txt,۱۱٫۳۰,4
HP-13 مهندسی زیستی.txt,۱۱٫۴,6
HP-13 مهندسی زیستی.txt,۱۱٫۵,7
HP-13 مهندسی زیستی.txt,۱۱٫۶,11
HP-13 مهندسی زیستی.txt,۱۱٫۷,11
HP-13 مهندسی زیستی.txt,۱۱٫۸,8
HP-13 مهندسی زیستی.txt,۱۱٫۹,4
HP-13 مهندسی زیستی.txt,۱۲٫۱,35
HP-13 مهندسی زیستی.txt,۱۲٫۱۰,11
HP-13 مهندسی زیستی.txt,۱۲٫۱۱,4
HP-13 مهندسی زیستی.txt,۱۲٫۱۲,21
HP-13 مهندسی زیستی.txt,۱۲٫۱۶,4
HP-13 مهندسی زیستی.txt,۱۲٫۱۷,11
HP-13 مهندسی زیستی.txt,۱۲٫۱۸,6
HP-13 مهندسی زیستی.txt,۱۲٫۱۹,11
HP-13 مهندسی زیستی.txt,۱۲٫۲,21
HP-13 مهندسی زیستی.txt,۱۲٫۲۰,13
HP-13 مهندسی زیستی.txt,۱۲٫۲۱,5
HP-13 مهندسی زیستی.txt,۱۲٫۲۲,11
HP-13 مهندسی زیستی.txt,۱۲٫۲۳,6
HP-13 مهندسی زیستی.txt,۱۲٫۲۴,9
HP-13 مهندسی زیستی.txt,۱۲٫۲۵,6
HP-13 مهندسی زیستی.txt,۱۲٫۲۶,4
HP-13 مهندسی زیستی.txt,۱۲٫۲۷,5
HP-13 مهندسی زیستی.txt,۱۲٫۲۸,5
HP-13 مهندسی زیستی.txt,۱۲٫۲۹,9
HP-13 مهندسی زیستی.txt,۱۲٫۳,31
HP-13 مهندسی زیستی.txt,۱۲٫۳۰,11
HP-13 مهندسی زیستی.txt,۱۲٫۳۱,7
HP-13 مهندسی زیستی.txt,۱۲٫۳۲,11
HP-13 مهندسی زیستی.txt,۱۲٫۴,4
HP-13 مهندسی زیستی.txt,۱۲٫۵,26
HP-13 مهندسی زیستی.txt,۱۲٫۶,11
HP-13 مهندسی زیستی.txt,۱۲٫۷,11
HP-13 مهندسی زیستی.txt,۱۲٫۸,4
HP-13 مهندسی زیستی.txt,۱۲٫۹,5
HP-13 مهندسی زیستی.txt,۲٫۱,5
HP-13 مهندسی زیستی.txt,۲٫۱۰,9
HP-13 مهندسی زیستی.txt,۲٫۱۱,10
HP-13 مهندسی زیستی.txt,۲٫۱۲,7
HP-13 مهندسی زیستی.txt,۲٫۱۳,6
HP-13 مهندسی زیستی.txt,۲٫۱۴,7
HP-13 مهندسی زیستی.txt,۲٫۱۵,8
HP-13 مهندسی زیستی.txt,۲٫۱۶,10
HP-13 مهندسی زیستی.txt,۲٫۱۷,7
HP-13 مهندسی زیستی.txt,۲٫۱۸,5
HP-13 مهندسی زیستی.txt,۲٫۱۹,10
HP-13 مهندسی زیستی.txt,۲٫۲,7
HP-13 مهندسی زیستی.txt,۲٫۲۰,5
HP-13 مهندسی زیستی.txt,۲٫۲۱,9
HP-13 مهندسی زیستی.txt,۲٫۲۲,5
HP-13 مهندسی زیستی.txt,۲٫۲۳,4
HP-13 مهندسی زیستی.txt,۲٫۲۴,11
HP-13 مهندسی زیستی.txt,۲٫۲۵,8
HP-13 مهندسی زیستی.txt,۲٫۲۶,13
HP-13 مهندسی زیستی.txt,۲٫۲۷,4
HP-13 مهندسی زیستی.txt,۲٫۲۸,9
HP-13 مهندسی زیستی.txt,۲٫۲۹,9
HP-13 مهندسی زیستی.txt,۲٫۳,13
HP-13 مهندسی زیستی.txt,۲٫۳۰,7
HP-13 مهندسی زیستی.txt,۲٫۳۱,11
HP-13 مهندسی زیستی.txt,۲٫۳۲,7
HP-13 مهندسی زیستی.txt,۲٫۳۳,5
HP-13 مهندسی زیستی.txt,۲٫۳۴,4
HP-13 مهندسی زیستی.txt,۲٫۳۵,4
HP-13 مهندسی زیستی.txt,۲٫۳۶,8
HP-13 مهندسی زیستی.txt,۲٫۳۷,8
HP-13 مهندسی زیستی.txt,۲٫۳۸,15
HP-13 مهندسی زیستی.txt,۲٫۳۹,4
HP-13 مهندسی زیستی.txt,۲٫۴,8
HP-13 مهندسی زیستی.txt,۲٫۴۰,13
HP-13 مهندسی زیستی.txt,۲٫۴۱,9
HP-13 مهندسی زیستی.txt,۲٫۵,13
HP-13 مهندسی زیستی.txt,۲٫۶,8
HP-13 مهندسی زیستی.txt,۲٫۷,7
HP-13 مهندسی زیستی.txt,۲٫۸,15
HP-13 مهندسی زیستی.txt,۲٫۹,8
HP-13 مهندسی زیستی.txt,۳٫۱,9
HP-13 مهندسی زیستی.txt,۳٫۱۰,7
HP-13 مهندسی زیستی.txt,۳٫۱۱,9
HP-13 مهندسی زیستی.txt,۳٫۱۲,15
HP-13 مهندسی زیستی.txt,۳٫۱۳,6
HP-13 مهندسی زیستی.txt,۳٫۱۴,7
HP-13 مهندسی زیستی.txt,۳٫۱۵,8
HP-13 مهندسی زیستی.txt,۳٫۱۶,7
HP-13 مهندسی زیستی.txt,۳٫۱۷,10
HP-13 مهندسی زیستی.txt,۳٫۱۸,7
HP-13 مهندسی زیستی.txt,۳٫۱۹,7
HP-13 مهندسی زیستی.txt,۳٫۲,5
HP-13 مهندسی زیستی.txt,۳٫۲۰,6
HP-13 مهندسی زیستی.txt,۳٫۲۱,7
HP-13 مهندسی زیستی.txt,۳٫۲۲,7
HP-13 مهندسی زیستی.txt,۳٫۲۳,5
HP-13 مهندسی زیستی.txt,۳٫۲۴,7
HP-13 مهندسی زیستی.txt,۳٫۲۵,21
HP-13 مهندسی زیستی.txt,۳٫۲۶,21
HP-13 مهندسی زیستی.txt,۳٫۲۷,11
HP-13 مهندسی زیستی.txt,۳٫۲۸,8
HP-13 مهندسی زیستی.txt,۳٫۲۹,5
HP-13 مهندسی زیستی.txt,۳٫۳,6
HP-13 مهندسی زیستی.txt,۳٫۳۰,5
HP-13 مهندسی زیستی.txt,۳٫۳۱,4
HP-13 مهندسی زیستی.txt,۳٫۳۲,5
HP-13 مهندسی زیستی.txt,۳٫۳۳,5
HP-13 مهندسی زیستی.txt,۳٫۴,5
HP-13 مهندسی زیستی.txt,۳٫۵,5
HP-13 مهندسی زیستی.txt,۳٫۶,12
HP-13 مهندسی زیستی.txt,۳٫۷,6
HP-13 مهندسی زیستی.txt,۳٫۸,7
HP-13 مهندسی زیستی.txt,۳٫۹,5
HP-13 مهندسی زیستی.txt,۴٫۱,3
HP-13 مهندسی زیستی.txt,۴٫۱۰,31
HP-13 مهندسی زیستی.txt,۴٫۱۱,4
HP-13 مهندسی زیستی.txt,۴٫۱۲,4
HP-13 مهندسی زیستی.txt,۴٫۱۳,8
HP-13 مهندسی زیستی.txt,۴٫۱۴,7
HP-13 مهندسی زیستی.txt,۴٫۱۵,4
HP-13 مهندسی زیستی.txt,۴٫۱۶,5
HP-13 مهندسی زیستی.txt,۴٫۱۷,5
HP-13 مهندسی زیستی.txt,۴٫۱۸,47
HP-13 مهندسی زیستی.txt,۴٫۲,12
HP-13 مهندسی زیستی.txt,۴٫۳,8
HP-13 مهندسی زیستی.txt,۴٫۴,16
HP-13 مهندسی زیستی.txt,۴٫۵,8
HP-13 مهندسی زیستی.txt,۴٫۶,4
HP-13 مهندسی زیستی.txt,۴٫۷,8
HP-13 مهندسی زیستی.txt,۴٫۸,12
HP-13 مهندسی زیستی.txt,۴٫۹,7
HP-13 مهندسی زیستی.txt,۵٫۱,7
HP-13 مهندسی زیستی.txt,۵٫۱۰,10
HP-13 مهندسی زیستی.txt,۵٫۱۱,4
HP-13 مهندسی زیستی.txt,۵٫۱۲,7
HP-13 مهندسی زیستی.txt,۵٫۱۳,5
HP-13 مهندسی زیستی.txt,۵٫۱۴,15
HP-13 مهندسی زیستی.txt,۵٫۱۵,7
HP-13 مهندسی زیستی.txt,۵٫۱۶,6
HP-13 مهندسی زیستی.txt,۵٫۱۷,7
HP-13 مهندسی زیستی.txt,۵٫۱۸,5
HP-13 مهندسی زیستی.txt,۵٫۱۹,6
HP-13 مهندسی زیستی.txt,۵٫۲,5
HP-13 مهندسی زیستی.txt,۵٫۲۰,7
HP-13 مهندسی زیستی.txt,۵٫۲۱,5
HP-13 مهندسی زیستی.txt,۵٫۲۲,5
HP-13 مهندسی زیستی.txt,۵٫۲۳,6
HP-13 مهندسی زیستی.txt,۵٫۲۴,4
HP-13 مهندسی زیستی.txt,۵٫۲۵,7
HP-13 مهندسی زیستی.txt,۵٫۲۶,8
HP-13 مهندسی زیستی.txt,۵٫۲۷,5
HP-13 مهندسی زیستی.txt,۵٫۲۸,7
HP-13 مهندسی زیستی.txt,۵٫۲۹,5
HP-13 مهندسی زیستی.txt,۵٫۳,7
HP-13 مهندسی زیستی.txt,۵٫۳۰,10
HP-13 مهندسی زیستی.txt,۵٫۳۱,4
HP-13 مهندسی زیستی.txt,۵٫۳۲,5
HP-13 مهندسی زیستی.txt,۵٫۳۳,15
HP-13 مهندسی زیستی.txt,۵٫۳۴,4
HP-13 مهندسی زیستی.txt,۵٫۳۵,8
HP-13 مهندسی زیستی.txt,۵٫۳۶,4
HP-13 مهندسی زیستی.txt,۵٫۳۷,7
HP-13 مهندسی زیستی.txt,۵٫۴,8
HP-13 مهندسی زیستی.txt,۵٫۵,6
HP-13 مهندسی زیستی.txt,۵٫۶,8
HP-13 مهندسی زیستی.txt,۵٫۷,8
HP-13 مهندسی زیستی.txt,۵٫۸,10
HP-13 مهندسی زیستی.txt,۵٫۹,6
HP-13 مهندسی زیستی.txt,۶٫۱,8
HP-13 مهندسی زیستی.txt,۶٫۱۰,13
HP-13 مهندسی زیستی.txt,۶٫۱۱,8
HP-13 مهندسی زیستی.txt,۶٫۱۲,4
HP-13 مهندسی زیستی.txt,۶٫۱۳,7
HP-13 مهندسی زیستی.txt,۶٫۱۴,5
HP-13 مهندسی زیستی.txt,۶٫۱۵,4
HP-13 مهندسی زیستی.txt,۶٫۱۶,7
HP-13 مهندسی زیستی.txt,۶٫۱۷,5
HP-13 مهندسی زیستی.txt,۶٫۱۸,8
HP-13 مهندسی زیستی.txt,۶٫۱۹,5
HP-13 مهندسی زیستی.txt,۶٫۲,7
HP-13 مهندسی زیستی.txt,۶٫۲۰,7
HP-13 مهندسی زیستی.txt,۶٫۲۱,13
HP-13 مهندسی زیستی.txt,۶٫۲۲,4
HP-13 مهندسی زیستی.txt,۶٫۲۳,7
HP-13 مهندسی زیستی.txt,۶٫۲۴,4
HP-13 مهندسی زیستی.txt,۶٫۲۵,7
HP-13 مهندسی زیستی.txt,۶٫۲۶,7
HP-13 مهندسی زیستی.txt,۶٫۲۷,4
HP-13 مهندسی زیستی.txt,۶٫۲۸,7
HP-13 مهندسی زیستی.txt,۶٫۲۹,5
HP-13 مهندسی زیستی.txt,۶٫۳,14
HP-13 مهندسی زیستی.txt,۶٫۳۰,5
HP-13 مهندسی زیستی.txt,۶٫۳۱,18
HP-13 مهندسی زیستی.txt,۶٫۳۲,4
HP-13 مهندسی زیستی.txt,۶٫۳۳,6
HP-13 مهندسی زیستی.txt,۶٫۳۴,7
HP-13 مهندسی زیستی.txt,۶٫۴,12
HP-13 مهندسی زیستی.txt,۶٫۵,5
HP-13 مهندسی زیستی.txt,۶٫۶,9
HP-13 مهندسی زیستی.txt,۶٫۷,10
HP-13 مهندسی زیستی.txt,۶٫۸,17
HP-13 مهندسی زیستی.txt,۶٫۹,7
HP-13 مهندسی زیستی.txt,۷٫۱,9
HP-13 مهندسی زیستی.txt,۷٫۱۰,6
HP-13 مهندسی زیستی.txt,۷٫۱۱,5
HP-13 مهندسی زیستی.txt,۷٫۱۲,4
HP-13 مهندسی زیستی.txt,۷٫۱۳,8
HP-13 مهندسی زیستی.txt,۷٫۱۴,12
HP-13 مهندسی زیستی.txt,۷٫۱۵,5
HP-13 مهندسی زیستی.txt,۷٫۱۶,8
HP-13 مهندسی زیستی.txt,۷٫۱۷,6
HP-13 مهندسی زیستی.txt,۷٫۱۸,4
HP-13 مهندسی زیستی.txt,۷٫۱۹,6
HP-13 مهندسی زیستی.txt,۷٫۲,19
HP-13 مهندسی زیستی.txt,۷٫۲۰,4
HP-13 مهندسی زیستی.txt,۷٫۲۱,6
HP-13 مهندسی زیستی.txt,۷٫۳,6
HP-13 مهندسی زیستی.txt,۷٫۴,19
HP-13 مهندسی زیستی.txt,۷٫۵,6
HP-13 مهندسی زیستی.txt,۷٫۶,11
HP-13 مهندسی زیستی.txt,۷٫۷,6
HP-13 مهندسی زیستی.txt,۷٫۸,5
HP-13 مهندسی زیستی.txt,۷٫۹,7
HP-13 مهندسی زیستی.txt,۸٫۱,14
HP-13 مهندسی زیستی.txt,۸٫۱۰,6
HP-13 مهندسی زیستی.txt,۸٫۱۱,14
HP-13 مهندسی زیستی.txt,۸٫۱۲,14
HP-13 مهندسی زیستی.txt,۸٫۱۳,6
HP-13 مهندسی زیستی.txt,۸٫۱۴,8
HP-13 مهندسی زیستی.txt,۸٫۱۵,6
HP-13 مهندسی زیستی.txt,۸٫۱۶,6
HP-13 مهندسی زیستی.txt,۸٫۱۷,4
HP-13 مهندسی زیستی.txt,۸٫۱۸,7
HP-13 مهندسی زیستی.txt,۸٫۱۹,10
HP-13 مهندسی زیستی.txt,۸٫۲,5
HP-13 مهندسی زیستی.txt,۸٫۲۰,4
HP-13 مهندسی زیستی.txt,۸٫۲۱,3
HP-13 مهندسی زیستی.txt,۸٫۲۲,5
HP-13 مهندسی زیستی.txt,۸٫۲۳,4
HP-13 مهندسی زیستی.txt,۸٫۲۴,8
HP-13 مهندسی زیستی.txt,۸٫۲۵,7
HP-13 مهندسی زیستی.txt,۸٫۲۶,10
HP-13 مهندسی زیستی.txt,۸٫۲۷,8
HP-13 مهندسی زیستی.txt,۸٫۲۸,4
HP-13 مهندسی زیستی.txt,۸٫۲۹,5
HP-13 مهندسی زیستی.txt,۸٫۳,5
HP-13 مهندسی زیستی.txt,۸٫۳۰,5
HP-13 مهندسی زیستی.txt,۸٫۴,3
HP-13 مهندسی زیستی.txt,۸٫۵,6
HP-13 مهندسی زیستی.txt,۸٫۶,7
HP-13 مهندسی زیستی.txt,۸٫۷,4
HP-13 مهندسی زیستی.txt,۸٫۸,5
HP-13 مهندسی زیستی.txt,۸٫۹,3
HP-13 مهندسی زیستی.txt,۹٫۱,15
HP-13 مهندسی زیستی.txt,۹٫۱۰,5
HP-13 مهندسی زیستی.txt,۹٫۱۱,6
HP-13 مهندسی زیستی.txt,۹٫۱۲,5
HP-13 مهندسی زیستی.txt,۹٫۱۳,14
HP-13 مهندسی زیستی.txt,۹٫۱۴,8
HP-13 مهندسی زیستی.txt,۹٫۱۵,8
HP-13 مهندسی زیستی.txt,۹٫۱۶,5
HP-13 مهندسی زیستی.txt,۹٫۱۷,4
HP-13 مهندسی زیستی.txt,۹٫۱۸,5
HP-13 مهندسی زیستی.txt,۹٫۱۹,13
HP-13 مهندسی زیستی.txt,۹٫۲,6
HP-13 مهندسی زیستی.txt,۹٫۲۰,5
HP-13 مهندسی زیستی.txt,۹٫۲۱,5
HP-13 مهندسی زیستی.txt,۹٫۲۲,4
HP-13 مهندسی زیستی.txt,۹٫۲۳,14
HP-13 مهندسی زیستی.txt,۹٫۲۴,5
HP-13 مهندسی زیستی.txt,۹٫۲۵,9
HP-13 مهندسی زیستی.txt,۹٫۲۶,5
HP-13 مهندسی زیستی.txt,۹٫۲۷,5
HP-13 مهندسی زیستی.txt,۹٫۲۸,10
HP-13 مهندسی زیستی.txt,۹٫۳,7
HP-13 مهندسی زیستی.txt,۹٫۳۶,4
HP-13 مهندسی زیستی.txt,۹٫۳۷,4
HP-13 مهندسی زیستی.txt,۹٫۳۸,6
HP-13 مهندسی زیستی.txt,۹٫۳۹,9
HP-13 مهندسی زیستی.txt,۹٫۴,5
HP-13 مهندسی زیستی.txt,۹٫۴۰,6
HP-13 مهندسی زیستی.txt,۹٫۴۱,8
HP-13 مهندسی زیستی.txt,۹٫۴۲,5
HP-13 مهندسی زیستی.txt,۹٫۴۳,5
HP-13 مهندسی زیستی.txt,۹٫۴۴,6
HP-13 مهندسی زیستی.txt,۹٫۴۵,11
HP-13 مهندسی زیستی.txt,۹٫۴۶,4
HP-13 مهندسی زیستی.txt,۹٫۴۷,6
HP-13 مهندسی زیستی.txt,۹٫۴۸,9
HP-13 مهندسی زیستی.txt,۹٫۴۹,5
HP-13 مهندسی زیستی.txt,۹٫۵,4
HP-13 مهندسی زیستی.txt,۹٫۶,5
HP-13 مهندسی زیستی.txt,۹٫۷,7
HP-13 مهندسی زیستی.txt,۹٫۸,5
HP-13 مهندسی زیستی.txt,۹٫۹,4
HP-14 اصلاح زاگرس.txt,۱٫۱,19
HP-14 اصلاح زاگرس.txt,۱٫۱۰,5
HP-14 اصلاح زاگرس.txt,۱٫۱۱,22
HP-14 اصلاح زاگرس.txt,۱٫۱۲,26
HP-14 اصلاح زاگرس.txt,۱٫۱۳,5
HP-14 اصلاح زاگرس.txt,۱٫۲,12
HP-14 اصلاح زاگرس.txt,۱٫۳,8
HP-14 اصلاح زاگرس.txt,۱٫۴,7
HP-14 اصلاح زاگرس.txt,۱٫۵,11
HP-14 اصلاح زاگرس.txt,۱٫۶,10
HP-14 اصلاح زاگرس.txt,۱٫۷,7
HP-14 اصلاح زاگرس.txt,۱٫۸,9
HP-14 اصلاح زاگرس.txt,۱٫۹,6
HP-14 اصلاح زاگرس.txt,۱۰٫۱,10
HP-14 اصلاح زاگرس.txt,۱۰٫۱۰,12
HP-14 اصلاح زاگرس.txt,۱۰٫۱۱,8
HP-14 اصلاح زاگرس.txt,۱۰٫۱۲,6
HP-14 اصلاح زاگرس.txt,۱۰٫۱۳,12
HP-14 اصلاح زاگرس.txt,۱۰٫۱۴,17
HP-14 اصلاح زاگرس.txt,۱۰٫۱۵,7
HP-14 اصلاح زاگرس.txt,۱۰٫۱۶,18
HP-14 اصلاح زاگرس.txt,۱۰٫۱۷,9
HP-14 اصلاح زاگرس.txt,۱۰٫۱۸,7
HP-14 اصلاح زاگرس.txt,۱۰٫۱۹,17
HP-14 اصلاح زاگرس.txt,۱۰٫۲,9
HP-14 اصلاح زاگرس.txt,۱۰٫۲۰,6
HP-14 اصلاح زاگرس.txt,۱۰٫۲۱,13
HP-14 اصلاح زاگرس.txt,۱۰٫۲۲,6
HP-14 اصلاح زاگرس.txt,۱۰٫۲۳,22
HP-14 اصلاح زاگرس.txt,۱۰٫۲۴,7
HP-14 اصلاح زاگرس.txt,۱۰٫۲۵,6
HP-14 اصلاح زاگرس.txt,۱۰٫۲۶,5
HP-14 اصلاح زاگرس.txt,۱۰٫۳,8
HP-14 اصلاح زاگرس.txt,۱۰٫۴,8
HP-14 اصلاح زاگرس.txt,۱۰٫۵,10
HP-14 اصلاح زاگرس.txt,۱۰٫۶,9
HP-14 اصلاح زاگرس.txt,۱۰٫۷,5
HP-14 اصلاح زاگرس.txt,۱۰٫۸,17
HP-14 اصلاح زاگرس.txt,۱۰٫۹,6
HP-14 اصلاح زاگرس.txt,۱۱٫۱,17
HP-14 اصلاح زاگرس.txt,۱۱٫۱۰,5
HP-14 اصلاح زاگرس.txt,۱۱٫۱۱,5
HP-14 اصلاح زاگرس.txt,۱۱٫۱۲,8
HP-14 اصلاح زاگرس.txt,۱۱٫۱۳,17
HP-14 اصلاح زاگرس.txt,۱۱٫۱۴,12
HP-14 اصلاح زاگرس.txt,۱۱٫۱۵,8
HP-14 اصلاح زاگرس.txt,۱۱٫۱۶,15
HP-14 اصلاح زاگرس.txt,۱۱٫۱۷,12
HP-14 اصلاح زاگرس.txt,۱۱٫۱۸,13
HP-14 اصلاح زاگرس.txt,۱۱٫۲,6
HP-14 اصلاح زاگرس.txt,۱۱٫۳,16
HP-14 اصلاح زاگرس.txt,۱۱٫۴,17
HP-14 اصلاح زاگرس.txt,۱۱٫۵,6
HP-14 اصلاح زاگرس.txt,۱۱٫۶,6
HP-14 اصلاح زاگرس.txt,۱۱٫۷,11
HP-14 اصلاح زاگرس.txt,۱۱٫۸,13
HP-14 اصلاح زاگرس.txt,۱۱٫۹,10
HP-14 اصلاح زاگرس.txt,۱۲٫۱,49
HP-14 اصلاح زاگرس.txt,۱۲٫۱۰,22
HP-14 اصلاح زاگرس.txt,۱۲٫۱۱,14
HP-14 اصلاح زاگرس.txt,۱۲٫۱۲,14
HP-14 اصلاح زاگرس.txt,۱۲٫۱۳,8
HP-14 اصلاح زاگرس.txt,۱۲٫۱۴,11
HP-14 اصلاح زاگرس.txt,۱۲٫۱۵,15
HP-14 اصلاح زاگرس.txt,۱۲٫۱۶,13
HP-14 اصلاح زاگرس.txt,۱۲٫۱۷,15
HP-14 اصلاح زاگرس.txt,۱۲٫۱۸,12
HP-14 اصلاح زاگرس.txt,۱۲٫۲,41
HP-14 اصلاح زاگرس.txt,۱۲٫۳,5
HP-14 اصلاح زاگرس.txt,۱۲٫۴,22
HP-14 اصلاح زاگرس.txt,۱۲٫۵,22
HP-14 اصلاح زاگرس.txt,۱۲٫۶,22
HP-14 اصلاح زاگرس.txt,۱۲٫۷,18
HP-14 اصلاح زاگرس.txt,۱۲٫۸,15
HP-14 اصلاح زاگرس.txt,۱۲٫۹,6
HP-14 اصلاح زاگرس.txt,۲٫۱,25
HP-14 اصلاح زاگرس.txt,۲٫۱۰,17
HP-14 اصلاح زاگرس.txt,۲٫۱۱,8
HP-14 اصلاح زاگرس.txt,۲٫۱۲,5
HP-14 اصلاح زاگرس.txt,۲٫۱۳,15
HP-14 اصلاح زاگرس.txt,۲٫۱۴,19
HP-14 اصلاح زاگرس.txt,۲٫۱۵,6
HP-14 اصلاح زاگرس.txt,۲٫۱۶,12
HP-14 اصلاح زاگرس.txt,۲٫۱۷,6
HP-14 اصلاح زاگرس.txt,۲٫۱۸,8
HP-14 اصلاح زاگرس.txt,۲٫۱۹,20
HP-14 اصلاح زاگرس.txt,۲٫۲,18
HP-14 اصلاح زاگرس.txt,۲٫۲۰,19
HP-14 اصلاح زاگرس.txt,۲٫۲۱,8
HP-14 اصلاح زاگرس.txt,۲٫۲۲,20
HP-14 اصلاح زاگرس.txt,۲٫۲۳,10
HP-14 اصلاح زاگرس.txt,۲٫۲۴,9
HP-14 اصلاح زاگرس.txt,۲٫۲۵,13
HP-14 اصلاح زاگرس.txt,۲٫۳,13
HP-14 اصلاح زاگرس.txt,۲٫۴,12
HP-14 اصلاح زاگرس.txt,۲٫۵,12
HP-14 اصلاح زاگرس.txt,۲٫۶,12
HP-14 اصلاح زاگرس.txt,۲٫۷,19
HP-14 اصلاح زاگرس.txt,۲٫۸,9
HP-14 اصلاح زاگرس.txt,۲٫۹,16
HP-14 اصلاح زاگرس.txt,۳٫۱,8
HP-14 اصلاح زاگرس.txt,۳٫۲,8
HP-14 اصلاح زاگرس.txt,۳٫۳,7
HP-14 اصلاح زاگرس.txt,۳٫۴,6
HP-14 اصلاح زاگرس.txt,۳٫۵,5
HP-14 اصلاح زاگرس.txt,۳٫۶,5
HP-14 اصلاح زاگرس.txt,۳٫۷,18
HP-14 اصلاح زاگرس.txt,۳٫۸,21
HP-14 اصلاح زاگرس.txt,۳٫۹,25
HP-14 اصلاح زاگرس.txt,۴٫۱,7
HP-14 اصلاح زاگرس.txt,۴٫۱۰,26
HP-14 اصلاح زاگرس.txt,۴٫۱۱,4
HP-14 اصلاح زاگرس.txt,۴٫۱۲,12
HP-14 اصلاح زاگرس.txt,۴٫۱۳,22
HP-14 اصلاح زاگرس.txt,۴٫۱۴,11
HP-14 اصلاح زاگرس.txt,۴٫۱۵,18
HP-14 اصلاح زاگرس.txt,۴٫۱۶,12
HP-14 اصلاح زاگرس.txt,۴٫۲,7
HP-14 اصلاح زاگرس.txt,۴٫۳,21
HP-14 اصلاح زاگرس.txt,۴٫۴,4
HP-14 اصلاح زاگرس.txt,۴٫۵,8
HP-14 اصلاح زاگرس.txt,۴٫۶,11
HP-14 اصلاح زاگرس.txt,۴٫۷,14
HP-14 اصلاح زاگرس.txt,۴٫۸,18
HP-14 اصلاح زاگرس.txt,۴٫۹,6
HP-14 اصلاح زاگرس.txt,۵٫۱,24
HP-14 اصلاح زاگرس.txt,۵٫۱۰,8
HP-14 اصلاح زاگرس.txt,۵٫۱۱,7
HP-14 اصلاح زاگرس.txt,۵٫۱۲,12
HP-14 اصلاح زاگرس.txt,۵٫۱۳,6
HP-14 اصلاح زاگرس.txt,۵٫۱۴,11
HP-14 اصلاح زاگرس.txt,۵٫۱۵,10
HP-14 اصلاح زاگرس.txt,۵٫۱۶,9
HP-14 اصلاح زاگرس.txt,۵٫۱۷,14
HP-14 اصلاح زاگرس.txt,۵٫۱۸,13
HP-14 اصلاح زاگرس.txt,۵٫۲,25
HP-14 اصلاح زاگرس.txt,۵٫۳,5
HP-14 اصلاح زاگرس.txt,۵٫۴,5
HP-14 اصلاح زاگرس.txt,۵٫۵,23
HP-14 اصلاح زاگرس.txt,۵٫۶,13
HP-14 اصلاح زاگرس.txt,۵٫۷,9
HP-14 اصلاح زاگرس.txt,۵٫۸,16
HP-14 اصلاح زاگرس.txt,۵٫۹,12
HP-14 اصلاح زاگرس.txt,۶٫۱,9
HP-14 اصلاح زاگرس.txt,۶٫۱۰,9
HP-14 اصلاح زاگرس.txt,۶٫۱۱,5
HP-14 اصلاح زاگرس.txt,۶٫۱۲,9
HP-14 اصلاح زاگرس.txt,۶٫۱۳,11
HP-14 اصلاح زاگرس.txt,۶٫۱۴,23
HP-14 اصلاح زاگرس.txt,۶٫۱۵,13
HP-14 اصلاح زاگرس.txt,۶٫۲,11
HP-14 اصلاح زاگرس.txt,۶٫۳,6
HP-14 اصلاح زاگرس.txt,۶٫۴,6
HP-14 اصلاح زاگرس.txt,۶٫۵,6
HP-14 اصلاح زاگرس.txt,۶٫۶,6
HP-14 اصلاح زاگرس.txt,۶٫۷,31
HP-14 اصلاح زاگرس.txt,۶٫۸,19
HP-14 اصلاح زاگرس.txt,۶٫۹,8
HP-14 اصلاح زاگرس.txt,۷٫۱,10
HP-14 اصلاح زاگرس.txt,۷٫۲,20
HP-14 اصلاح زاگرس.txt,۷٫۳,10
HP-14 اصلاح زاگرس.txt,۷٫۴,11
HP-14 اصلاح زاگرس.txt,۷٫۵,9
HP-14 اصلاح زاگرس.txt,۷٫۶,8
HP-14 اصلاح زاگرس.txt,۷٫۷,6
HP-14 اصلاح زاگرس.txt,۷٫۸,11
HP-14 اصلاح زاگرس.txt,۸٫۱,10
HP-14 اصلاح زاگرس.txt,۸٫۱۰,5
HP-14 اصلاح زاگرس.txt,۸٫۱۱,13
HP-14 اصلاح زاگرس.txt,۸٫۱۲,14
HP-14 اصلاح زاگرس.txt,۸٫۱۳,7
HP-14 اصلاح زاگرس.txt,۸٫۱۴,14
HP-14 اصلاح زاگرس.txt,۸٫۱۵,10
HP-14 اصلاح زاگرس.txt,۸٫۱۶,14
HP-14 اصلاح زاگرس.txt,۸٫۲,6
HP-14 اصلاح زاگرس.txt,۸٫۳,19
HP-14 اصلاح زاگرس.txt,۸٫۴,6
HP-14 اصلاح زاگرس.txt,۸٫۵,14
HP-14 اصلاح زاگرس.txt,۸٫۶,5
HP-14 اصلاح زاگرس.txt,۸٫۷,21
HP-14 اصلاح زاگرس.txt,۸٫۸,14
HP-14 اصلاح زاگرس.txt,۸٫۹,6
HP-14 اصلاح زاگرس.txt,۹٫۱,5
HP-14 اصلاح زاگرس.txt,۹٫۱۰,7
HP-14 اصلاح زاگرس.txt,۹٫۱۱,10
HP-14 اصلاح زاگرس.txt,۹٫۱۲,5
HP-14 اصلاح زاگرس.txt,۹٫۱۳,9
HP-14 اصلاح زاگرس.txt,۹٫۱۴,15
HP-14 اصلاح زاگرس.txt,۹٫۱۵,5
HP-14 اصلاح زاگرس.txt,۹٫۱۶,5
HP-14 اصلاح زاگرس.txt,۹٫۱۷,17
HP-14 اصلاح زاگرس.txt,۹٫۱۸,7
HP-14 اصلاح زاگرس.txt,۹٫۱۹,6
HP-14 اصلاح زاگرس.txt,۹٫۲,7
HP-14 اصلاح زاگرس.txt,۹٫۳,6
HP-14 اصلاح زاگرس.txt,۹٫۴,32
HP-14 اصلاح زاگرس.txt,۹٫۵,13
HP-14 اصلاح زاگرس.txt,۹٫۶,7
HP-14 اصلاح زاگرس.txt,۹٫۷,7
HP-14 اصلاح زاگرس.txt,۹٫۸,11
HP-14 اصلاح زاگرس.txt,۹٫۹,10
HP-15 شوری و زهکشی.txt,۱.۱,21
HP-15 شوری و زهکشی.txt,۱.۱۰,15
HP-15 شوری و زهکشی.txt,۱.۱۱,5
HP-15 شوری و زهکشی.txt,۱.۱۲,9
HP-15 شوری و زهکشی.txt,۱.۱۳,4
HP-15 شوری و زهکشی.txt,۱.۱۴,6
HP-15 شوری و زهکشی.txt,۱.۱۵,6
HP-15 شوری و زهکشی.txt,۱.۱۶,6
HP-15 شوری و زهکشی.txt,۱.۱۷,3
HP-15 شوری و زهکشی.txt,۱.۱۸,13
HP-15 شوری و زهکشی.txt,۱.۱۹,3
HP-15 شوری و زهکشی.txt,۱.۲,21
HP-15 شوری و زهکشی.txt,۱.۲۰,8
HP-15 شوری و زهکشی.txt,۱.۲۱,5
HP-15 شوری و زهکشی.txt,۱.۲۲,4
HP-15 شوری و زهکشی.txt,۱.۲۳,5
HP-15 شوری و زهکشی.txt,۱.۲۴,4
HP-15 شوری و زهکشی.txt,۱.۲۵,4
HP-15 شوری و زهکشی.txt,۱.۲۶,4
HP-15 شوری و زهکشی.txt,۱.۲۷,4
HP-15 شوری و زهکشی.txt,۱.۲۸,4
HP-15 شوری و زهکشی.txt,۱.۴,21
HP-15 شوری و زهکشی.txt,۱.۵,12
HP-15 شوری و زهکشی.txt,۱.۶,12
HP-15 شوری و زهکشی.txt,۱.۷,9
HP-15 شوری و زهکشی.txt,۱.۸,5
HP-15 شوری و زهکشی.txt,۱.۹,8
HP-15 شوری و زهکشی.txt,۱۰.۱,12
HP-15 شوری و زهکشی.txt,۱۰.۱۰,9
HP-15 شوری و زهکشی.txt,۱۰.۱۱,5
HP-15 شوری و زهکشی.txt,۱۰.۱۲,5
HP-15 شوری و زهکشی.txt,۱۰.۱۳,5
HP-15 شوری و زهکشی.txt,۱۰.۱۴,4
HP-15 شوری و زهکشی.txt,۱۰.۱۵,8
HP-15 شوری و زهکشی.txt,۱۰.۱۶,8
HP-15 شوری و زهکشی.txt,۱۰.۱۷,9
HP-15 شوری و زهکشی.txt,۱۰.۱۸,4
HP-15 شوری و زهکشی.txt,۱۰.۱۹,5
HP-15 شوری و زهکشی.txt,۱۰.۲,9
HP-15 شوری و زهکشی.txt,۱۰.۲۰,9
HP-15 شوری و زهکشی.txt,۱۰.۲۱,8
HP-15 شوری و زهکشی.txt,۱۰.۲۲,5
HP-15 شوری و زهکشی.txt,۱۰.۲۳,4
HP-15 شوری و زهکشی.txt,۱۰.۳,10
HP-15 شوری و زهکشی.txt,۱۰.۴,11
HP-15 شوری و زهکشی.txt,۱۰.۵,9
HP-15 شوری و زهکشی.txt,۱۰.۶,7
HP-15 شوری و زهکشی.txt,۱۰.۷,15
HP-15 شوری و زهکشی.txt,۱۰.۸,6
HP-15 شوری و زهکشی.txt,۱۰.۹,15
HP-15 شوری و زهکشی.txt,۱۱.۱,14
HP-15 شوری و زهکشی.txt,۱۱.۱۰,4
HP-15 شوری و زهکشی.txt,۱۱.۱۱,5
HP-15 شوری و زهکشی.txt,۱۱.۱۲,4
HP-15 شوری و زهکشی.txt,۱۱.۱۳,8
HP-15 شوری و زهکشی.txt,۱۱.۱۴,7
HP-15 شوری و زهکشی.txt,۱۱.۲,4
HP-15 شوری و زهکشی.txt,۱۱.۳,18
HP-15 شوری و زهکشی.txt,۱۱.۴,8
HP-15 شوری و زهکشی.txt,۱۱.۵,10
HP-15 شوری و زهکشی.txt,۱۱.۶,11
HP-15 شوری و زهکشی.txt,۱۱.۷,4
HP-15 شوری و زهکشی.txt,۱۱.۸,5
HP-15 شوری و زهکشی.txt,۱۱.۹,7
HP-15 شوری و زهکشی.txt,۱۲.۱,31
HP-15 شوری و زهکشی.txt,۱۲.۲,21
HP-15 شوری و زهکشی.txt,۱۲.۳,31
HP-15 شوری و زهکشی.txt,۱۲.۴,26
HP-15 شوری و زهکشی.txt,۱۲.۵,26
HP-15 شوری و زهکشی.txt,۱۲.۶,13
HP-15 شوری و زهکشی.txt,۱۲.۷,5
HP-15 شوری و زهکشی.txt,۱۲.۸,10
HP-15 شوری و زهکشی.txt,۱۲.۹,11
HP-15 شوری و زهکشی.txt,۱۲٫۱۰,22
HP-15 شوری و زهکشی.txt,۲.۱,9
HP-15 شوری و زهکشی.txt,۲.۱۰,7
HP-15 شوری و زهکشی.txt,۲.۱۱,7
HP-15 شوری و زهکشی.txt,۲.۱۲,6
HP-15 شوری و زهکشی.txt,۲.۱۳,5
HP-15 شوری و زهکشی.txt,۲.۱۴,13
HP-15 شوری و زهکشی.txt,۲.۱۵,4
HP-15 شوری و زهکشی.txt,۲.۱۶,10
HP-15 شوری و زهکشی.txt,۲.۱۷,6
HP-15 شوری و زهکشی.txt,۲.۱۸,8
HP-15 شوری و زهکشی.txt,۲.۱۹,6
HP-15 شوری و زهکشی.txt,۲.۲,6
HP-15 شوری و زهکشی.txt,۲.۲۰,8
HP-15 شوری و زهکشی.txt,۲.۲۱,8
HP-15 شوری و زهکشی.txt,۲.۲۲,7
HP-15 شوری و زهکشی.txt,۲.۲۳,6
HP-15 شوری و زهکشی.txt,۲.۲۴,4
HP-15 شوری و زهکشی.txt,۲.۲۵,7
HP-15 شوری و زهکشی.txt,۲.۲۶,4
HP-15 شوری و زهکشی.txt,۲.۲۷,5
HP-15 شوری و زهکشی.txt,۲.۲۸,2
HP-15 شوری و زهکشی.txt,۲.۲۹,4
HP-15 شوری و زهکشی.txt,۲.۳,6
HP-15 شوری و زهکشی.txt,۲.۳۰,4
HP-15 شوری و زهکشی.txt,۲.۳۱,4
HP-15 شوری و زهکشی.txt,۲.۳۲,4
HP-15 شوری و زهکشی.txt,۲.۳۳,4
HP-15 شوری و زهکشی.txt,۲.۳۴,4
HP-15 شوری و زهکشی.txt,۲.۳۵,5
HP-15 شوری و زهکشی.txt,۲.۳۶,4
HP-15 شوری و زهکشی.txt,۲.۳۷,4
HP-15 شوری و زهکشی.txt,۲.۳۸,5
HP-15 شوری و زهکشی.txt,۲.۳۹,6
HP-15 شوری و زهکشی.txt,۲.۴,6
HP-15 شوری و زهکشی.txt,۲.۴۰,4
HP-15 شوری و زهکشی.txt,۲.۴۱,4
HP-15 شوری و زهکشی.txt,۲.۴۳,10
HP-15 شوری و زهکشی.txt,۲.۴۴,4
HP-15 شوری و زهکشی.txt,۲.۴۵,4
HP-15 شوری و زهکشی.txt,۲.۴۶,4
HP-15 شوری و زهکشی.txt,۲.۵,5
HP-15 شوری و زهکشی.txt,۲.۶,7
HP-15 شوری و زهکشی.txt,۲.۷,5
HP-15 شوری و زهکشی.txt,۲.۸,7
HP-15 شوری و زهکشی.txt,۲.۹,6
HP-15 شوری و زهکشی.txt,۳.۱,11
HP-15 شوری و زهکشی.txt,۳.۱۰,14
HP-15 شوری و زهکشی.txt,۳.۱۱,6
HP-15 شوری و زهکشی.txt,۳.۱۲,14
HP-15 شوری و زهکشی.txt,۳.۱۳,8
HP-15 شوری و زهکشی.txt,۳.۱۴,14
HP-15 شوری و زهکشی.txt,۳.۱۵,7
HP-15 شوری و زهکشی.txt,۳.۱۶,14
HP-15 شوری و زهکشی.txt,۳.۱۷,7
HP-15 شوری و زهکشی.txt,۳.۱۸,12
HP-15 شوری و زهکشی.txt,۳.۱۹,6
HP-15 شوری و زهکشی.txt,۳.۲,12
HP-15 شوری و زهکشی.txt,۳.۲۰,11
HP-15 شوری و زهکشی.txt,۳.۲۱,6
HP-15 شوری و زهکشی.txt,۳.۲۲,11
HP-15 شوری و زهکشی.txt,۳.۲۳,7
HP-15 شوری و زهکشی.txt,۳.۲۴,14
HP-15 شوری و زهکشی.txt,۳.۲۵,6
HP-15 شوری و زهکشی.txt,۳.۲۶,9
HP-15 شوری و زهکشی.txt,۳.۲۷,6
HP-15 شوری و زهکشی.txt,۳.۲۸,11
HP-15 شوری و زهکشی.txt,۳.۲۹,21
HP-15 شوری و زهکشی.txt,۳.۳,5
HP-15 شوری و زهکشی.txt,۳.۳۰,6
HP-15 شوری و زهکشی.txt,۳.۳۱,6
HP-15 شوری و زهکشی.txt,۳.۳۲,5
HP-15 شوری و زهکشی.txt,۳.۳۳,3
HP-15 شوری و زهکشی.txt,۳.۳۴,6
HP-15 شوری و زهکشی.txt,۳.۳۵,7
HP-15 شوری و زهکشی.txt,۳.۳۶,6
HP-15 شوری و زهکشی.txt,۳.۳۷,4
HP-15 شوری و زهکشی.txt,۳.۳۸,4
HP-15 شوری و زهکشی.txt,۳.۳۹,15
HP-15 شوری و زهکشی.txt,۳.۴,5
HP-15 شوری و زهکشی.txt,۳.۴۰,4
HP-15 شوری و زهکشی.txt,۳.۴۱,10
HP-15 شوری و زهکشی.txt,۳.۴۲,4
HP-15 شوری و زهکشی.txt,۳.۴۳,4
HP-15 شوری و زهکشی.txt,۳.۴۴,7
HP-15 شوری و زهکشی.txt,۳.۴۵,4
HP-15 شوری و زهکشی.txt,۳.۴۶,5
HP-15 شوری و زهکشی.txt,۳.۴۷,3
HP-15 شوری و زهکشی.txt,۳.۴۸,4
HP-15 شوری و زهکشی.txt,۳.۵,6
HP-15 شوری و زهکشی.txt,۳.۶,6
HP-15 شوری و زهکشی.txt,۳.۷,9
HP-15 شوری و زهکشی.txt,۳.۸,8
HP-15 شوری و زهکشی.txt,۳.۹,8
HP-15 شوری و زهکشی.txt,۴.۱,7
HP-15 شوری و زهکشی.txt,۴.۱۰,7
HP-15 شوری و زهکشی.txt,۴.۱۱,6
HP-15 شوری و زهکشی.txt,۴.۱۲,7
HP-15 شوری و زهکشی.txt,۴.۱۳,7
HP-15 شوری و زهکشی.txt,۴.۱۴,9
HP-15 شوری و زهکشی.txt,۴.۱۵,5
HP-15 شوری و زهکشی.txt,۴.۱۶,5
HP-15 شوری و زهکشی.txt,۴.۱۷,6
HP-15 شوری و زهکشی.txt,۴.۱۸,5
HP-15 شوری و زهکشی.txt,۴.۱۹,6
HP-15 شوری و زهکشی.txt,۴.۲,6
HP-15 شوری و زهکشی.txt,۴.۲۰,7
HP-15 شوری و زهکشی.txt,۴.۲۱,4
HP-15 شوری و زهکشی.txt,۴.۲۲,4
HP-15 شوری و زهکشی.txt,۴.۲۳,2
HP-15 شوری و زهکشی.txt,۴.۲۴,7
HP-15 شوری و زهکشی.txt,۴.۲۵,4
HP-15 شوری و زهکشی.txt,۴.۲۶,3
HP-15 شوری و زهکشی.txt,۴.۲۷,4
HP-15 شوری و زهکشی.txt,۴.۲۸,7
HP-15 شوری و زهکشی.txt,۴.۲۹,4
HP-15 شوری و زهکشی.txt,۴.۳,6
HP-15 شوری و زهکشی.txt,۴.۴,5
HP-15 شوری و زهکشی.txt,۴.۵,6
HP-15 شوری و زهکشی.txt,۴.۶,6
HP-15 شوری و زهکشی.txt,۴.۷,6
HP-15 شوری و زهکشی.txt,۴.۸,7
HP-15 شوری و زهکشی.txt,۴.۹,8
HP-15 شوری و زهکشی.txt,۵.۱,8
HP-15 شوری و زهکشی.txt,۵.۱۰,5
HP-15 شوری و زهکشی.txt,۵.۱۱,8
HP-15 شوری و زهکشی.txt,۵.۱۲,9
HP-15 شوری و زهکشی.txt,۵.۱۳,7
HP-15 شوری و زهکشی.txt,۵.۱۴,9
HP-15 شوری و زهکشی.txt,۵.۱۵,15
HP-15 شوری و زهکشی.txt,۵.۱۶,8
HP-15 شوری و زهکشی.txt,۵.۱۷,5
HP-15 شوری و زهکشی.txt,۵.۱۸,4
HP-15 شوری و زهکشی.txt,۵.۱۹,6
HP-15 شوری و زهکشی.txt,۵.۲,12
HP-15 شوری و زهکشی.txt,۵.۲۰,4
HP-15 شوری و زهکشی.txt,۵.۲۱,4
HP-15 شوری و زهکشی.txt,۵.۲۲,4
HP-15 شوری و زهکشی.txt,۵.۲۳,4
HP-15 شوری و زهکشی.txt,۵.۲۴,4
HP-15 شوری و زهکشی.txt,۵.۲۵,4
HP-15 شوری و زهکشی.txt,۵.۲۶,4
HP-15 شوری و زهکشی.txt,۵.۲۷,7
HP-15 شوری و زهکشی.txt,۵.۲۸,4
HP-15 شوری و زهکشی.txt,۵.۲۹,5
HP-15 شوری و زهکشی.txt,۵.۳,6
HP-15 شوری و زهکشی.txt,۵.۳۰,8
HP-15 شوری و زهکشی.txt,۵.۳۱,4
HP-15 شوری و زهکشی.txt,۵.۳۲,4
HP-15 شوری و زهکشی.txt,۵.۳۳,6
HP-15 شوری و زهکشی.txt,۵.۳۴,4
HP-15 شوری و زهکشی.txt,۵.۳۵,4
HP-15 شوری و زهکشی.txt,۵.۳۶,4
HP-15 شوری و زهکشی.txt,۵.۳۷,4
HP-15 شوری و زهکشی.txt,۵.۴,5
HP-15 شوری و زهکشی.txt,۵.۵,5
HP-15 شوری و زهکشی.txt,۵.۶,5
HP-15 شوری و زهکشی.txt,۵.۷,5
HP-15 شوری و زهکشی.txt,۵.۸,4
HP-15 شوری و زهکشی.txt,۵.۹,8
HP-15 شوری و زهکشی.txt,۶.۱۰,7
HP-15 شوری و زهکشی.txt,۶.۱۱,6
HP-15 شوری و زهکشی.txt,۶.۱۲,5
HP-15 شوری و زهکشی.txt,۶.۱۳,4
HP-15 شوری و زهکشی.txt,۶.۱۴,9
HP-15 شوری و زهکشی.txt,۶.۱۵,14
HP-15 شوری و زهکشی.txt,۶.۱۶,4
HP-15 شوری و زهکشی.txt,۶.۱۷,11
HP-15 شوری و زهکشی.txt,۶.۱۸,6
HP-15 شوری و زهکشی.txt,۶.۱۹,5
HP-15 شوری و زهکشی.txt,۶.۲۰,5
HP-15 شوری و زهکشی.txt,۶.۲۱,4
HP-15 شوری و زهکشی.txt,۶.۲۲,5
HP-15 شوری و زهکشی.txt,۶.۲۳,4
HP-15 شوری و زهکشی.txt,۶.۲۴,4
HP-15 شوری و زهکشی.txt,۶.۲۵,4
HP-15 شوری و زهکشی.txt,۶.۲۶,4
HP-15 شوری و زهکشی.txt,۶.۲۷,6
HP-15 شوری و زهکشی.txt,۶.۲۸,5
HP-15 شوری و زهکشی.txt,۶.۲۹,8
HP-15 شوری و زهکشی.txt,۶.۳,6
HP-15 شوری و زهکشی.txt,۶.۳۰,8
HP-15 شوری و زهکشی.txt,۶.۳۱,7
HP-15 شوری و زهکشی.txt,۶.۳۲,7
HP-15 شوری و زهکشی.txt,۶.۳۳,4
HP-15 شوری و زهکشی.txt,۷.۰,4
HP-15 شوری و زهکشی.txt,۷.۱,19
HP-15 شوری و زهکشی.txt,۷.۱۰,4
HP-15 شوری و زهکشی.txt,۷.۱۱,4
HP-15 شوری و زهکشی.txt,۷.۲,9
HP-15 شوری و زهکشی.txt,۷.۳,9
HP-15 شوری و زهکشی.txt,۷.۴,5
HP-15 شوری و زهکشی.txt,۷.۵,10
HP-15 شوری و زهکشی.txt,۷.۶,6
HP-15 شوری و زهکشی.txt,۷.۷,9
HP-15 شوری و زهکشی.txt,۷.۸,4
HP-15 شوری و زهکشی.txt,۷.۹,4
HP-15 شوری و زهکشی.txt,۸.۱,15
HP-15 شوری و زهکشی.txt,۸.۱۰,4
HP-15 شوری و زهکشی.txt,۸.۱۱,4
HP-15 شوری و زهکشی.txt,۸.۱۲,4
HP-15 شوری و زهکشی.txt,۸.۱۳,4
HP-15 شوری و زهکشی.txt,۸.۱۴,4
HP-15 شوری و زهکشی.txt,۸.۲,11
HP-15 شوری و زهکشی.txt,۸.۳,5
HP-15 شوری و زهکشی.txt,۸.۴,5
HP-15 شوری و زهکشی.txt,۸.۵,6
HP-15 شوری و زهکشی.txt,۸.۶,6
HP-15 شوری و زهکشی.txt,۸.۷,4
HP-15 شوری و زهکشی.txt,۸.۸,4
HP-15 شوری و زهکشی.txt,۸.۹,9
HP-15 شوری و زهکشی.txt,۹.۱,16
HP-15 شوری و زهکشی.txt,۹.۱۰,9
HP-15 شوری و زهکشی.txt,۹.۱۱,6
HP-15 شوری و زهکشی.txt,۹.۱۲,5
HP-15 شوری و زهکشی.txt,۹.۱۳,4
HP-15 شوری و زهکشی.txt,۹.۱۴,10
HP-15 شوری و زهکشی.txt,۹.۱۵,10
HP-15 شوری و زهکشی.txt,۹.۱۶,9
HP-15 شوری و زهکشی.txt,۹.۲,7
HP-15 شوری و زهکشی.txt,۹.۳,4
HP-15 شوری و زهکشی.txt,۹.۴,7
HP-15 شوری و زهکشی.txt,۹.۵,4
HP-15 شوری و زهکشی.txt,۹.۶,6
HP-15 شوری و زهکشی.txt,۹.۷,6
HP-15 شوری و زهکشی.txt,۹.۸,6
HP-15 شوری و زهکشی.txt,۹.۹,5
HP-16 پایداری شیب.txt,۱٫۱,18
HP-16 پایداری شیب.txt,۱٫۱۰,6
HP-16 پایداری شیب.txt,۱٫۱۱,14
HP-16 پایداری شیب.txt,۱٫۱۲,13
HP-16 پایداری شیب.txt,۱٫۱۳,8
HP-16 پایداری شیب.txt,۱٫۱۴,7
HP-16 پایداری شیب.txt,۱٫۱۵,6
HP-16 پایداری شیب.txt,۱٫۱۶,10
HP-16 پایداری شیب.txt,۱٫۱۷,16
HP-16 پایداری شیب.txt,۱٫۱۸,15
HP-16 پایداری شیب.txt,۱٫۱۹,9
HP-16 پایداری شیب.txt,۱٫۲,8
HP-16 پایداری شیب.txt,۱٫۲۰,14
HP-16 پایداری شیب.txt,۱٫۲۱,9
HP-16 پایداری شیب.txt,۱٫۲۲,11
HP-16 پایداری شیب.txt,۱٫۲۳,10
HP-16 پایداری شیب.txt,۱٫۳,8
HP-16 پایداری شیب.txt,۱٫۴,12
HP-16 پایداری شیب.txt,۱٫۵,7
HP-16 پایداری شیب.txt,۱٫۶,6
HP-16 پایداری شیب.txt,۱٫۷,6
HP-16 پایداری شیب.txt,۱٫۸,14
HP-16 پایداری شیب.txt,۱٫۹,16
HP-16 پایداری شیب.txt,۱۰٫۱,15
HP-16 پایداری شیب.txt,۱۰٫۱۰,6
HP-16 پایداری شیب.txt,۱۰٫۱۱,5
HP-16 پایداری شیب.txt,۱۰٫۱۲,6
HP-16 پایداری شیب.txt,۱۰٫۱۳,8
HP-16 پایداری شیب.txt,۱۰٫۱۴,18
HP-16 پایداری شیب.txt,۱۰٫۱۵,6
HP-16 پایداری شیب.txt,۱۰٫۱۶,10
HP-16 پایداری شیب.txt,۱۰٫۱۷,6
HP-16 پایداری شیب.txt,۱۰٫۱۸,5
HP-16 پایداری شیب.txt,۱۰٫۱۹,6
HP-16 پایداری شیب.txt,۱۰٫۲,12
HP-16 پایداری شیب.txt,۱۰٫۲۰,7
HP-16 پایداری شیب.txt,۱۰٫۳,10
HP-16 پایداری شیب.txt,۱۰٫۴,13
HP-16 پایداری شیب.txt,۱۰٫۵,10
HP-16 پایداری شیب.txt,۱۰٫۶,7
HP-16 پایداری شیب.txt,۱۰٫۷,18
HP-16 پایداری شیب.txt,۱۰٫۸,18
HP-16 پایداری شیب.txt,۱۰٫۹,6
HP-16 پایداری شیب.txt,۱۱٫۱,16
HP-16 پایداری شیب.txt,۱۱٫۱۰,9
HP-16 پایداری شیب.txt,۱۱٫۱۱,5
HP-16 پایداری شیب.txt,۱۱٫۱۲,14
HP-16 پایداری شیب.txt,۱۱٫۱۳,14
HP-16 پایداری شیب.txt,۱۱٫۱۴,14
HP-16 پایداری شیب.txt,۱۱٫۱۵,8
HP-16 پایداری شیب.txt,۱۱٫۲,5
HP-16 پایداری شیب.txt,۱۱٫۳,5
HP-16 پایداری شیب.txt,۱۱٫۴,26
HP-16 پایداری شیب.txt,۱۱٫۵,4
HP-16 پایداری شیب.txt,۱۱٫۶,6
HP-16 پایداری شیب.txt,۱۱٫۷,7
HP-16 پایداری شیب.txt,۱۱٫۸,7
HP-16 پایداری شیب.txt,۱۱٫۹,8
HP-16 پایداری شیب.txt,۱۲٫۱,50
HP-16 پایداری شیب.txt,۱۲٫۲,13
HP-16 پایداری شیب.txt,۲٫۱,15
HP-16 پایداری شیب.txt,۲٫۱۰,9
HP-16 پایداری شیب.txt,۲٫۱۱,5
HP-16 پایداری شیب.txt,۲٫۱۲,9
HP-16 پایداری شیب.txt,۲٫۱۳,5
HP-16 پایداری شیب.txt,۲٫۱۴,4
HP-16 پایداری شیب.txt,۲٫۱۵,10
HP-16 پایداری شیب.txt,۲٫۱۶,16
HP-16 پایداری شیب.txt,۲٫۱۷,15
HP-16 پایداری شیب.txt,۲٫۲,20
HP-16 پایداری شیب.txt,۲٫۲۱,6
HP-16 پایداری شیب.txt,۲٫۲۲,20
HP-16 پایداری شیب.txt,۲٫۲۳,6
HP-16 پایداری شیب.txt,۲٫۲۴,12
HP-16 پایداری شیب.txt,۲٫۲۵,13
HP-16 پایداری شیب.txt,۲٫۲۶,10
HP-16 پایداری شیب.txt,۲٫۲۷,12
HP-16 پایداری شیب.txt,۲٫۲۸,20
HP-16 پایداری شیب.txt,۲٫۲۹,16
HP-16 پایداری شیب.txt,۲٫۳,18
HP-16 پایداری شیب.txt,۲٫۳۰,8
HP-16 پایداری شیب.txt,۲٫۳۱,6
HP-16 پایداری شیب.txt,۲٫۴,10
HP-16 پایداری شیب.txt,۲٫۵,10
HP-16 پایداری شیب.txt,۲٫۶,11
HP-16 پایداری شیب.txt,۲٫۷,10
HP-16 پایداری شیب.txt,۲٫۸,8
HP-16 پایداری شیب.txt,۲٫۹,10
HP-16 پایداری شیب.txt,۳٫۱,8
HP-16 پایداری شیب.txt,۳٫۱۱,7
HP-16 پایداری شیب.txt,۳٫۱۲,5
HP-16 پایداری شیب.txt,۳٫۱۳,5
HP-16 پایداری شیب.txt,۳٫۱۴,7
HP-16 پایداری شیب.txt,۳٫۱۵,34
HP-16 پایداری شیب.txt,۳٫۱۶,6
HP-16 پایداری شیب.txt,۳٫۱۷,6
HP-16 پایداری شیب.txt,۳٫۱۸,6
HP-16 پایداری شیب.txt,۳٫۱۹,6
HP-16 پایداری شیب.txt,۳٫۲,6
HP-16 پایداری شیب.txt,۳٫۲۰,8
HP-16 پایداری شیب.txt,۳٫۲۱,0
HP-16 پایداری شیب.txt,۳٫۲۲,20
HP-16 پایداری شیب.txt,۳٫۲۳,6
HP-16 پایداری شیب.txt,۳٫۲۴,5
HP-16 پایداری شیب.txt,۳٫۲۵,10
HP-16 پایداری شیب.txt,۳٫۲۶,5
HP-16 پایداری شیب.txt,۳٫۲۷,6
HP-16 پایداری شیب.txt,۳٫۲۸,6
HP-16 پایداری شیب.txt,۳٫۲۹,9
HP-16 پایداری شیب.txt,۳٫۳,9
HP-16 پایداری شیب.txt,۳٫۳۰,6
HP-16 پایداری شیب.txt,۳٫۳۱,8
HP-16 پایداری شیب.txt,۳٫۳۲,10
HP-16 پایداری شیب.txt,۳٫۴,10
HP-16 پایداری شیب.txt,۳٫۵,8
HP-16 پایداری شیب.txt,۳٫۶,9
HP-16 پایداری شیب.txt,۳٫۷,7
HP-16 پایداری شیب.txt,۳٫۸,13
HP-16 پایداری شیب.txt,۳٫۹,10
HP-16 پایداری شیب.txt,۴٫۱,11
HP-16 پایداری شیب.txt,۴٫۱۰,11
HP-16 پایداری شیب.txt,۴٫۱۱,13
HP-16 پایداری شیب.txt,۴٫۱۲,7
HP-16 پایداری شیب.txt,۴٫۱۳,9
HP-16 پایداری شیب.txt,۴٫۱۴,19
HP-16 پایداری شیب.txt,۴٫۱۵,10
HP-16 پایداری شیب.txt,۴٫۱۶,9
HP-16 پایداری شیب.txt,۴٫۱۷,14
HP-16 پایداری شیب.txt,۴٫۲,16
HP-16 پایداری شیب.txt,۴٫۳,10
HP-16 پایداری شیب.txt,۴٫۴,9
HP-16 پایداری شیب.txt,۴٫۵,10
HP-16 پایداری شیب.txt,۴٫۶,8
HP-16 پایداری شیب.txt,۴٫۷,7
HP-16 پایداری شیب.txt,۴٫۸,10
HP-16 پایداری شیب.txt,۴٫۹,11
HP-16 پایداری شیب.txt,۵٫۱,9
HP-16 پایداری شیب.txt,۵٫۱۰,12
HP-16 پایداری شیب.txt,۵٫۱۱,11
HP-16 پایداری شیب.txt,۵٫۱۲,3
HP-16 پایداری شیب.txt,۵٫۱۳,13
HP-16 پایداری شیب.txt,۵٫۱۴,11
HP-16 پایداری شیب.txt,۵٫۱۵,13
HP-16 پایداری شیب.txt,۵٫۱۶,9
HP-16 پایداری شیب.txt,۵٫۱۷,12
HP-16 پایداری شیب.txt,۵٫۱۸,9
HP-16 پایداری شیب.txt,۵٫۱۹,8
HP-16 پایداری شیب.txt,۵٫۲,12
HP-16 پایداری شیب.txt,۵٫۲۰,9
HP-16 پایداری شیب.txt,۵٫۲۱,5
HP-16 پایداری شیب.txt,۵٫۲۲,7
HP-16 پایداری شیب.txt,۵٫۲۳,8
HP-16 پایداری شیب.txt,۵٫۲۴,8
HP-16 پایداری شیب.txt,۵٫۲۵,6
HP-16 پایداری شیب.txt,۵٫۲۶,5
HP-16 پایداری شیب.txt,۵٫۲۷,6
HP-16 پایداری شیب.txt,۵٫۳,11
HP-16 پایداری شیب.txt,۵٫۴,19
HP-16 پایداری شیب.txt,۵٫۵,9
HP-16 پایداری شیب.txt,۵٫۶,10
HP-16 پایداری شیب.txt,۵٫۷,8
HP-16 پایداری شیب.txt,۵٫۸,5
HP-16 پایداری شیب.txt,۵٫۹,10
HP-16 پایداری شیب.txt,۶٫۱,25
HP-16 پایداری شیب.txt,۶٫۱۰,6
HP-16 پایداری شیب.txt,۶٫۱۱,9
HP-16 پایداری شیب.txt,۶٫۱۲,9
HP-16 پایداری شیب.txt,۶٫۲,9
HP-16 پایداری شیب.txt,۶٫۳,8
HP-16 پایداری شیب.txt,۶٫۴,10
HP-16 پایداری شیب.txt,۶٫۵,8
HP-16 پایداری شیب.txt,۶٫۶,6
HP-16 پایداری شیب.txt,۶٫۷,6
HP-16 پایداری شیب.txt,۶٫۸,5
HP-16 پایداری شیب.txt,۶٫۹,8
HP-16 پایداری شیب.txt,۷٫۱,7
HP-16 پایداری شیب.txt,۷٫۱۰,12
HP-16 پایداری شیب.txt,۷٫۲,20
HP-16 پایداری شیب.txt,۷٫۳,6
HP-16 پایداری شیب.txt,۷٫۴,6
HP-16 پایداری شیب.txt,۷٫۵,6
HP-16 پایداری شیب.txt,۷٫۶,9
HP-16 پایداری شیب.txt,۷٫۷,20
HP-16 پایداری شیب.txt,۷٫۸,6
HP-16 پایداری شیب.txt,۷٫۹,8
HP-16 پایداری شیب.txt,۸٫۱,17
HP-16 پایداری شیب.txt,۸٫۱۰,9
HP-16 پایداری شیب.txt,۸٫۱۱,6
HP-16 پایداری شیب.txt,۸٫۲,11
HP-16 پایداری شیب.txt,۸٫۳,5
HP-16 پایداری شیب.txt,۸٫۴,5
HP-16 پایداری شیب.txt,۸٫۵,5
HP-16 پایداری شیب.txt,۸٫۶,6
HP-16 پایداری شیب.txt,۸٫۷,7
HP-16 پایداری شیب.txt,۸٫۸,18
HP-16 پایداری شیب.txt,۸٫۹,8
HP-16 پایداری شیب.txt,۹٫۱,19
HP-16 پایداری شیب.txt,۹٫۱۰,6
HP-16 پایداری شیب.txt,۹٫۱۱,10
HP-16 پایداری شیب.txt,۹٫۱۲,15
HP-16 پایداری شیب.txt,۹٫۱۳,5
HP-16 پایداری شیب.txt,۹٫۱۴,7
HP-16 پایداری شیب.txt,۹٫۱۵,8
HP-16 پایداری شیب.txt,۹٫۲,10
HP-16 پایداری شیب.txt,۹٫۳,9
HP-16 پایداری شیب.txt,۹٫۴,5
HP-16 پایداری شیب.txt,۹٫۵,7
HP-16 پایداری شیب.txt,۹٫۶,6
HP-16 پایداری شیب.txt,۹٫۷,15
HP-16 پایداری شیب.txt,۹٫۸,8
HP-16 پایداری شیب.txt,۹٫۹,6
HP-17 مدیریت برف.txt,۱.۱,18
HP-17 مدیریت برف.txt,۱.۱۰,14
HP-17 مدیریت برف.txt,۱.۱۱,14
HP-17 مدیریت برف.txt,۱.۱۲,6
HP-17 مدیریت برف.txt,۱.۱۳,7
HP-17 مدیریت برف.txt,۱.۱۴,9
HP-17 مدیریت برف.txt,۱.۲,10
HP-17 مدیریت برف.txt,۱.۳,7
HP-17 مدیریت برف.txt,۱.۴,9
HP-17 مدیریت برف.txt,۱.۵,10
HP-17 مدیریت برف.txt,۱.۶,10
HP-17 مدیریت برف.txt,۱.۷,8
HP-17 مدیریت برف.txt,۱.۸,5
HP-17 مدیریت برف.txt,۱.۹,6
HP-17 مدیریت برف.txt,۱۰.۱,8
HP-17 مدیریت برف.txt,۱۰.۱۰,6
HP-17 مدیریت برف.txt,۱۰.۱۱,6
HP-17 مدیریت برف.txt,۱۰.۲,9
HP-17 مدیریت برف.txt,۱۰.۳,9
HP-17 مدیریت برف.txt,۱۰.۴,10
HP-17 مدیریت برف.txt,۱۰.۵,8
HP-17 مدیریت برف.txt,۱۰.۶,8
HP-17 مدیریت برف.txt,۱۰.۷,7
HP-17 مدیریت برف.txt,۱۰.۸,6
HP-17 مدیریت برف.txt,۱۰.۹,8
HP-17 مدیریت برف.txt,۱۱.۱,13
HP-17 مدیریت برف.txt,۱۱.۱۰,6
HP-17 مدیریت برف.txt,۱۱.۱۱,5
HP-17 مدیریت برف.txt,۱۱.۱۲,7
HP-17 مدیریت برف.txt,۱۱.۲,9
HP-17 مدیریت برف.txt,۱۱.۳,15
HP-17 مدیریت برف.txt,۱۱.۴,21
HP-17 مدیریت برف.txt,۱۱.۵,10
HP-17 مدیریت برف.txt,۱۱.۶,7
HP-17 مدیریت برف.txt,۱۱.۷,12
HP-17 مدیریت برف.txt,۱۱.۸,9
HP-17 مدیریت برف.txt,۱۱.۹,8
HP-17 مدیریت برف.txt,۱۲.۱,62
HP-17 مدیریت برف.txt,۱۲.۲,18
HP-17 مدیریت برف.txt,۱۲.۳,32
HP-17 مدیریت برف.txt,۲.۱,9
HP-17 مدیریت برف.txt,۲.۱۰,6
HP-17 مدیریت برف.txt,۲.۱۱,7
HP-17 مدیریت برف.txt,۲.۱۲,6
HP-17 مدیریت برف.txt,۲.۱۳,22
HP-17 مدیریت برف.txt,۲.۱۴,22
HP-17 مدیریت برف.txt,۲.۱۵,17
HP-17 مدیریت برف.txt,۲.۱۶,7
HP-17 مدیریت برف.txt,۲.۱۷,11
HP-17 مدیریت برف.txt,۲.۲,8
HP-17 مدیریت برف.txt,۲.۳,9
HP-17 مدیریت برف.txt,۲.۴,8
HP-17 مدیریت برف.txt,۲.۵,8
HP-17 مدیریت برف.txt,۲.۶,8
HP-17 مدیریت برف.txt,۲.۷,8
HP-17 مدیریت برف.txt,۲.۸,8
HP-17 مدیریت برف.txt,۲.۹,20
HP-17 مدیریت برف.txt,۳.۱,6
HP-17 مدیریت برف.txt,۳.۱۰,9
HP-17 مدیریت برف.txt,۳.۱۱,10
HP-17 مدیریت برف.txt,۳.۱۲,9
HP-17 مدیریت برف.txt,۳.۱۳,8
HP-17 مدیریت برف.txt,۳.۱۴,10
HP-17 مدیریت برف.txt,۳.۱۵,8
HP-17 مدیریت برف.txt,۳.۱۶,8
HP-17 مدیریت برف.txt,۳.۱۷,11
HP-17 مدیریت برف.txt,۳.۱۸,6
HP-17 مدیریت برف.txt,۳.۱۹,5
HP-17 مدیریت برف.txt,۳.۲,12
HP-17 مدیریت برف.txt,۳.۲۰,19
HP-17 مدیریت برف.txt,۳.۳,7
HP-17 مدیریت برف.txt,۳.۴,7
HP-17 مدیریت برف.txt,۳.۵,9
HP-17 مدیریت برف.txt,۳.۶,10
HP-17 مدیریت برف.txt,۳.۷,8
HP-17 مدیریت برف.txt,۳.۸,9
HP-17 مدیریت برف.txt,۳.۹,10
HP-17 مدیریت برف.txt,۴.۱,6
HP-17 مدیریت برف.txt,۴.۱۰,6
HP-17 مدیریت برف.txt,۴.۱۱,6
HP-17 مدیریت برف.txt,۴.۱۲,8
HP-17 مدیریت برف.txt,۴.۱۳,6
HP-17 مدیریت برف.txt,۴.۱۴,6
HP-17 مدیریت برف.txt,۴.۲,14
HP-17 مدیریت برف.txt,۴.۳,7
HP-17 مدیریت برف.txt,۴.۴,7
HP-17 مدیریت برف.txt,۴.۵,7
HP-17 مدیریت برف.txt,۴.۶,6
HP-17 مدیریت برف.txt,۴.۷,8
HP-17 مدیریت برف.txt,۴.۸,8
HP-17 مدیریت برف.txt,۴.۹,6
HP-17 مدیریت برف.txt,۵.۱,10
HP-17 مدیریت برف.txt,۵.۱۰,8
HP-17 مدیریت برف.txt,۵.۱۱,6
HP-17 مدیریت برف.txt,۵.۱۲,6
HP-17 مدیریت برف.txt,۵.۲,15
HP-17 مدیریت برف.txt,۵.۳,8
HP-17 مدیریت برف.txt,۵.۴,7
HP-17 مدیریت برف.txt,۵.۵,9
HP-17 مدیریت برف.txt,۵.۶,7
HP-17 مدیریت برف.txt,۵.۷,7
HP-17 مدیریت برف.txt,۵.۸,6
HP-17 مدیریت برف.txt,۵.۹,9
HP-17 مدیریت برف.txt,۶.۱,24
HP-17 مدیریت برف.txt,۶.۱۰,20
HP-17 مدیریت برف.txt,۶.۲,9
HP-17 مدیریت برف.txt,۶.۳,10
HP-17 مدیریت برف.txt,۶.۴,8
HP-17 مدیریت برف.txt,۶.۵,7
HP-17 مدیریت برف.txt,۶.۶,9
HP-17 مدیریت برف.txt,۶.۷,7
HP-17 مدیریت برف.txt,۶.۸,14
HP-17 مدیریت برف.txt,۶.۹,6
HP-17 مدیریت برف.txt,۷.۱,12
HP-17 مدیریت برف.txt,۷.۱۰,6
HP-17 مدیریت برف.txt,۷.۲,9
HP-17 مدیریت برف.txt,۷.۳,9
HP-17 مدیریت برف.txt,۷.۴,7
HP-17 مدیریت برف.txt,۷.۵,5
HP-17 مدیریت برف.txt,۷.۶,8
HP-17 مدیریت برف.txt,۷.۷,14
HP-17 مدیریت برف.txt,۷.۸,12
HP-17 مدیریت برف.txt,۷.۹,12
HP-17 مدیریت برف.txt,۸.۱,11
HP-17 مدیریت برف.txt,۸.۱۰,9
HP-17 مدیریت برف.txt,۸.۱۱,14
HP-17 مدیریت برف.txt,۸.۱۲,6
HP-17 مدیریت برف.txt,۸.۲,10
HP-17 مدیریت برف.txt,۸.۳,6
HP-17 مدیریت برف.txt,۸.۴,9
HP-17 مدیریت برف.txt,۸.۵,7
HP-17 مدیریت برف.txt,۸.۶,6
HP-17 مدیریت برف.txt,۸.۷,5
HP-17 مدیریت برف.txt,۸.۸,7
HP-17 مدیریت برف.txt,۸.۹,6
HP-17 مدیریت برف.txt,۹.۱,9
HP-17 مدیریت برف.txt,۹.۱۰,7
HP-17 مدیریت برف.txt,۹.۱۱,5
HP-17 مدیریت برف.txt,۹.۱۲,6
HP-17 مدیریت برف.txt,۹.۱۳,6
HP-17 مدیریت برف.txt,۹.۱۴,9
HP-17 مدیریت برف.txt,۹.۱۵,7
HP-17 مدیریت برف.txt,۹.۲,8
HP-17 مدیریت برف.txt,۹.۳,7
HP-17 مدیریت برف.txt,۹.۴,7
HP-17 مدیریت برف.txt,۹.۵,8
HP-17 مدیریت برف.txt,۹.۶,5
HP-17 مدیریت برف.txt,۹.۷,6
HP-17 مدیریت برف.txt,۹.۸,5
HP-17 مدیریت برف.txt,۹.۹,17
HP-18 بیابان و شن.txt,۱٫۱,24
HP-18 بیابان و شن.txt,۱٫۱۰,7
HP-18 بیابان و شن.txt,۱٫۱۱,4
HP-18 بیابان و شن.txt,۱٫۲,10
HP-18 بیابان و شن.txt,۱٫۳,6
HP-18 بیابان و شن.txt,۱٫۴,11
HP-18 بیابان و شن.txt,۱٫۵,10
HP-18 بیابان و شن.txt,۱٫۶,10
HP-18 بیابان و شن.txt,۱٫۷,7
HP-18 بیابان و شن.txt,۱٫۸,11
HP-18 بیابان و شن.txt,۱٫۹,11
HP-18 بیابان و شن.txt,۱۰٫۱,23
HP-18 بیابان و شن.txt,۱۰٫۲,11
HP-18 بیابان و شن.txt,۱۰٫۳,10
HP-18 بیابان و شن.txt,۱۰٫۴,13
HP-18 بیابان و شن.txt,۱۰٫۵,11
HP-18 بیابان و شن.txt,۱۰٫۶,6
HP-18 بیابان و شن.txt,۱۰٫۷,4
HP-18 بیابان و شن.txt,۱۰٫۸,16
HP-18 بیابان و شن.txt,۱۰٫۹,17
HP-18 بیابان و شن.txt,۱۱٫۱,11
HP-18 بیابان و شن.txt,۱۱٫۱۰,13
HP-18 بیابان و شن.txt,۱۱٫۲,8
HP-18 بیابان و شن.txt,۱۱٫۳,9
HP-18 بیابان و شن.txt,۱۱٫۴,21
HP-18 بیابان و شن.txt,۱۱٫۵,4
HP-18 بیابان و شن.txt,۱۱٫۶,12
HP-18 بیابان و شن.txt,۱۱٫۷,12
HP-18 بیابان و شن.txt,۱۱٫۸,5
HP-18 بیابان و شن.txt,۱۱٫۹,9
HP-18 بیابان و شن.txt,۱۲٫۱,31
HP-18 بیابان و شن.txt,۱۲٫۲,18
HP-18 بیابان و شن.txt,۱۲٫۳,15
HP-18 بیابان و شن.txt,۱۲٫۴,9
HP-18 بیابان و شن.txt,۱۲٫۵,13
HP-18 بیابان و شن.txt,۱۲٫۶,11
HP-18 بیابان و شن.txt,۱۲٫۷,13
HP-18 بیابان و شن.txt,۱۲٫۸,7
HP-18 بیابان و شن.txt,۱۲٫۹,4
HP-18 بیابان و شن.txt,۲٫۱,8
HP-18 بیابان و شن.txt,۲٫۱۰,6
HP-18 بیابان و شن.txt,۲٫۱۱,9
HP-18 بیابان و شن.txt,۲٫۱۲,7
HP-18 بیابان و شن.txt,۲٫۱۳,8
HP-18 بیابان و شن.txt,۲٫۱۴,9
HP-18 بیابان و شن.txt,۲٫۱۵,8
HP-18 بیابان و شن.txt,۲٫۱۶,7
HP-18 بیابان و شن.txt,۲٫۱۷,6
HP-18 بیابان و شن.txt,۲٫۱۸,7
HP-18 بیابان و شن.txt,۲٫۱۹,7
HP-18 بیابان و شن.txt,۲٫۲,15
HP-18 بیابان و شن.txt,۲٫۲۰,7
HP-18 بیابان و شن.txt,۲٫۲۱,7
HP-18 بیابان و شن.txt,۲٫۲۲,8
HP-18 بیابان و شن.txt,۲٫۲۳,5
HP-18 بیابان و شن.txt,۲٫۳,9
HP-18 بیابان و شن.txt,۲٫۴,8
HP-18 بیابان و شن.txt,۲٫۵,8
HP-18 بیابان و شن.txt,۲٫۶,6
HP-18 بیابان و شن.txt,۲٫۷,6
HP-18 بیابان و شن.txt,۲٫۸,11
HP-18 بیابان و شن.txt,۲٫۹,13
HP-18 بیابان و شن.txt,۳٫۱,9
HP-18 بیابان و شن.txt,۳٫۱۰,7
HP-18 بیابان و شن.txt,۳٫۱۱,7
HP-18 بیابان و شن.txt,۳٫۱۲,7
HP-18 بیابان و شن.txt,۳٫۱۳,7
HP-18 بیابان و شن.txt,۳٫۱۴,13
HP-18 بیابان و شن.txt,۳٫۱۵,14
HP-18 بیابان و شن.txt,۳٫۱۶,13
HP-18 بیابان و شن.txt,۳٫۱۷,14
HP-18 بیابان و شن.txt,۳٫۱۸,5
HP-18 بیابان و شن.txt,۳٫۲,6
HP-18 بیابان و شن.txt,۳٫۳,10
HP-18 بیابان و شن.txt,۳٫۴,10
HP-18 بیابان و شن.txt,۳٫۵,11
HP-18 بیابان و شن.txt,۳٫۶,8
HP-18 بیابان و شن.txt,۳٫۷,7
HP-18 بیابان و شن.txt,۳٫۸,6
HP-18 بیابان و شن.txt,۳٫۹,7
HP-18 بیابان و شن.txt,۴٫۱,17
HP-18 بیابان و شن.txt,۴٫۲,26
HP-18 بیابان و شن.txt,۴٫۳,8
HP-18 بیابان و شن.txt,۴٫۴,20
HP-18 بیابان و شن.txt,۴٫۵,5
HP-18 بیابان و شن.txt,۴٫۶,14
HP-18 بیابان و شن.txt,۴٫۷,5
HP-18 بیابان و شن.txt,۵٫۱,5
HP-18 بیابان و شن.txt,۵٫۱۰,16
HP-18 بیابان و شن.txt,۵٫۱۱,6
HP-18 بیابان و شن.txt,۵٫۱۲,4
HP-18 بیابان و شن.txt,۵٫۲,14
HP-18 بیابان و شن.txt,۵٫۳,15
HP-18 بیابان و شن.txt,۵٫۴,8
HP-18 بیابان و شن.txt,۵٫۵,8
HP-18 بیابان و شن.txt,۵٫۶,11
HP-18 بیابان و شن.txt,۵٫۷,13
HP-18 بیابان و شن.txt,۵٫۸,4
HP-18 بیابان و شن.txt,۵٫۹,6
HP-18 بیابان و شن.txt,۶٫۱,17
HP-18 بیابان و شن.txt,۶٫۲,15
HP-18 بیابان و شن.txt,۶٫۳,9
HP-18 بیابان و شن.txt,۶٫۴,13
HP-18 بیابان و شن.txt,۶٫۵,4
HP-18 بیابان و شن.txt,۶٫۶,15
HP-18 بیابان و شن.txt,۷٫۱,16
HP-18 بیابان و شن.txt,۷٫۲,19
HP-18 بیابان و شن.txt,۷٫۳,8
HP-18 بیابان و شن.txt,۷٫۴,7
HP-18 بیابان و شن.txt,۷٫۵,6
HP-18 بیابان و شن.txt,۷٫۶,8
HP-18 بیابان و شن.txt,۷٫۷,5
HP-18 بیابان و شن.txt,۷٫۸,7
HP-18 بیابان و شن.txt,۸٫۱,14
HP-18 بیابان و شن.txt,۸٫۱۰,11
HP-18 بیابان و شن.txt,۸٫۲,11
HP-18 بیابان و شن.txt,۸٫۳,6
HP-18 بیابان و شن.txt,۸٫۴,8
HP-18 بیابان و شن.txt,۸٫۵,11
HP-18 بیابان و شن.txt,۸٫۶,4
HP-18 بیابان و شن.txt,۸٫۷,8
HP-18 بیابان و شن.txt,۸٫۸,12
HP-18 بیابان و شن.txt,۸٫۹,8
HP-18 بیابان و شن.txt,۹٫۱,21
HP-18 بیابان و شن.txt,۹٫۱۰,7
HP-18 بیابان و شن.txt,۹٫۱۱,5
HP-18 بیابان و شن.txt,۹٫۲,15
HP-18 بیابان و شن.txt,۹٫۳,7
HP-18 بیابان و شن.txt,۹٫۴,7
HP-18 بیابان و شن.txt,۹٫۵,8
HP-18 بیابان و شن.txt,۹٫۶,9
HP-18 بیابان و شن.txt,۹٫۷,5
HP-18 بیابان و شن.txt,۹٫۸,8
HP-18 بیابان و شن.txt,۹٫۹,12
HP-19 گرده‌افشانی.txt,۱٫۱,19
HP-19 گرده‌افشانی.txt,۱٫۱۰,11
HP-19 گرده‌افشانی.txt,۱٫۱۱,5
HP-19 گرده‌افشانی.txt,۱٫۱۲,5
HP-19 گرده‌افشانی.txt,۱٫۱۳,5
HP-19 گرده‌افشانی.txt,۱٫۱۴,5
HP-19 گرده‌افشانی.txt,۱٫۱۵,5
HP-19 گرده‌افشانی.txt,۱٫۱۶,5
HP-19 گرده‌افشانی.txt,۱٫۱۷,5
HP-19 گرده‌افشانی.txt,۱٫۲,10
HP-19 گرده‌افشانی.txt,۱٫۳,5
HP-19 گرده‌افشانی.txt,۱٫۴,14
HP-19 گرده‌افشانی.txt,۱٫۵,12
HP-19 گرده‌افشانی.txt,۱٫۶,8
HP-19 گرده‌افشانی.txt,۱٫۷,5
HP-19 گرده‌افشانی.txt,۱٫۸,4
HP-19 گرده‌افشانی.txt,۱٫۹,6
HP-19 گرده‌افشانی.txt,۱۰٫۱,10
HP-19 گرده‌افشانی.txt,۱۰٫۱۰,6
HP-19 گرده‌افشانی.txt,۱۰٫۱۱,5
HP-19 گرده‌افشانی.txt,۱۰٫۱۲,12
HP-19 گرده‌افشانی.txt,۱۰٫۱۳,7
HP-19 گرده‌افشانی.txt,۱۰٫۱۴,4
HP-19 گرده‌افشانی.txt,۱۰٫۱۵,9
HP-19 گرده‌افشانی.txt,۱۰٫۱۶,3
HP-19 گرده‌افشانی.txt,۱۰٫۱۷,5
HP-19 گرده‌افشانی.txt,۱۰٫۱۸,11
HP-19 گرده‌افشانی.txt,۱۰٫۱۹,5
HP-19 گرده‌افشانی.txt,۱۰٫۲,11
HP-19 گرده‌افشانی.txt,۱۰٫۲۰,5
HP-19 گرده‌افشانی.txt,۱۰٫۲۱,5
HP-19 گرده‌افشانی.txt,۱۰٫۲۲,13
HP-19 گرده‌افشانی.txt,۱۰٫۲۳,5
HP-19 گرده‌افشانی.txt,۱۰٫۲۴,5
HP-19 گرده‌افشانی.txt,۱۰٫۲۵,5
HP-19 گرده‌افشانی.txt,۱۰٫۲۶,6
HP-19 گرده‌افشانی.txt,۱۰٫۳,8
HP-19 گرده‌افشانی.txt,۱۰٫۴,12
HP-19 گرده‌افشانی.txt,۱۰٫۵,13
HP-19 گرده‌افشانی.txt,۱۰٫۶,13
HP-19 گرده‌افشانی.txt,۱۰٫۷,7
HP-19 گرده‌افشانی.txt,۱۰٫۸,13
HP-19 گرده‌افشانی.txt,۱۰٫۹,5
HP-19 گرده‌افشانی.txt,۱۱٫۱,6
HP-19 گرده‌افشانی.txt,۱۱٫۱۰,5
HP-19 گرده‌افشانی.txt,۱۱٫۱۱,5
HP-19 گرده‌افشانی.txt,۱۱٫۱۲,5
HP-19 گرده‌افشانی.txt,۱۱٫۱۳,5
HP-19 گرده‌افشانی.txt,۱۱٫۱۴,5
HP-19 گرده‌افشانی.txt,۱۱٫۱۵,5
HP-19 گرده‌افشانی.txt,۱۱٫۱۶,5
HP-19 گرده‌افشانی.txt,۱۱٫۲,6
HP-19 گرده‌افشانی.txt,۱۱٫۳,7
HP-19 گرده‌افشانی.txt,۱۱٫۴,7
HP-19 گرده‌افشانی.txt,۱۱٫۵,3
HP-19 گرده‌افشانی.txt,۱۱٫۶,10
HP-19 گرده‌افشانی.txt,۱۱٫۷,5
HP-19 گرده‌افشانی.txt,۱۱٫۸,10
HP-19 گرده‌افشانی.txt,۱۱٫۹,9
HP-19 گرده‌افشانی.txt,۱۲٫۱,18
HP-19 گرده‌افشانی.txt,۱۲٫۲,8
HP-19 گرده‌افشانی.txt,۱۲٫۳,31
HP-19 گرده‌افشانی.txt,۱۲٫۴,8
HP-19 گرده‌افشانی.txt,۱۲٫۵,5
HP-19 گرده‌افشانی.txt,۱۲٫۶,5
HP-19 گرده‌افشانی.txt,۲٫۱,11
HP-19 گرده‌افشانی.txt,۲٫۱۰,5
HP-19 گرده‌افشانی.txt,۲٫۱۱,10
HP-19 گرده‌افشانی.txt,۲٫۱۲,6
HP-19 گرده‌افشانی.txt,۲٫۱۳,6
HP-19 گرده‌افشانی.txt,۲٫۱۴,13
HP-19 گرده‌افشانی.txt,۲٫۱۵,5
HP-19 گرده‌افشانی.txt,۲٫۱۶,5
HP-19 گرده‌افشانی.txt,۲٫۱۷,5
HP-19 گرده‌افشانی.txt,۲٫۱۸,5
HP-19 گرده‌افشانی.txt,۲٫۱۹,5
HP-19 گرده‌افشانی.txt,۲٫۲,12
HP-19 گرده‌افشانی.txt,۲٫۲۰,5
HP-19 گرده‌افشانی.txt,۲٫۲۱,5
HP-19 گرده‌افشانی.txt,۲٫۴,5
HP-19 گرده‌افشانی.txt,۲٫۶,9
HP-19 گرده‌افشانی.txt,۲٫۷,9
HP-19 گرده‌افشانی.txt,۲٫۸,9
HP-19 گرده‌افشانی.txt,۲٫۹,4
HP-19 گرده‌افشانی.txt,۳٫۱,8
HP-19 گرده‌افشانی.txt,۳٫۱۰,5
HP-19 گرده‌افشانی.txt,۳٫۲,5
HP-19 گرده‌افشانی.txt,۳٫۳,5
HP-19 گرده‌افشانی.txt,۳٫۴,13
HP-19 گرده‌افشانی.txt,۳٫۵,10
HP-19 گرده‌افشانی.txt,۳٫۶,4
HP-19 گرده‌افشانی.txt,۳٫۷,15
HP-19 گرده‌افشانی.txt,۳٫۸,5
HP-19 گرده‌افشانی.txt,۳٫۹,4
HP-19 گرده‌افشانی.txt,۴٫۰,10
HP-19 گرده‌افشانی.txt,۴٫۰۱,5
HP-19 گرده‌افشانی.txt,۴٫۱,6
HP-19 گرده‌افشانی.txt,۴٫۱۰,4
HP-19 گرده‌افشانی.txt,۴٫۱۱,8
HP-19 گرده‌افشانی.txt,۴٫۱۲,5
HP-19 گرده‌افشانی.txt,۴٫۱۳,11
HP-19 گرده‌افشانی.txt,۴٫۱۴,5
HP-19 گرده‌افشانی.txt,۴٫۲,5
HP-19 گرده‌افشانی.txt,۴٫۳,6
HP-19 گرده‌افشانی.txt,۴٫۴,5
HP-19 گرده‌افشانی.txt,۴٫۵,5
HP-19 گرده‌افشانی.txt,۴٫۶,5
HP-19 گرده‌افشانی.txt,۴٫۷,5
HP-19 گرده‌افشانی.txt,۴٫۸,9
HP-19 گرده‌افشانی.txt,۴٫۹,8
HP-19 گرده‌افشانی.txt,۵٫۱,6
HP-19 گرده‌افشانی.txt,۵٫۱۰,5
HP-19 گرده‌افشانی.txt,۵٫۱۱,5
HP-19 گرده‌افشانی.txt,۵٫۱۲,5
HP-19 گرده‌افشانی.txt,۵٫۲,17
HP-19 گرده‌افشانی.txt,۵٫۳,12
HP-19 گرده‌افشانی.txt,۵٫۴,5
HP-19 گرده‌افشانی.txt,۵٫۵,5
HP-19 گرده‌افشانی.txt,۵٫۶,5
HP-19 گرده‌افشانی.txt,۵٫۷,5
HP-19 گرده‌افشانی.txt,۵٫۸,5
HP-19 گرده‌افشانی.txt,۵٫۹,9
HP-19 گرده‌افشانی.txt,۶٫۱,12
HP-19 گرده‌افشانی.txt,۶٫۱۰,5
HP-19 گرده‌افشانی.txt,۶٫۱۱,5
HP-19 گرده‌افشانی.txt,۶٫۱۲,5
HP-19 گرده‌افشانی.txt,۶٫۱۳,5
HP-19 گرده‌افشانی.txt,۶٫۱۴,4
HP-19 گرده‌افشانی.txt,۶٫۱۵,4
HP-19 گرده‌افشانی.txt,۶٫۲,10
HP-19 گرده‌افشانی.txt,۶٫۳,5
HP-19 گرده‌افشانی.txt,۶٫۴,8
HP-19 گرده‌افشانی.txt,۶٫۵,25
HP-19 گرده‌افشانی.txt,۶٫۶,21
HP-19 گرده‌افشانی.txt,۶٫۷,11
HP-19 گرده‌افشانی.txt,۶٫۸,5
HP-19 گرده‌افشانی.txt,۶٫۹,11
HP-19 گرده‌افشانی.txt,۷٫۱,8
HP-19 گرده‌افشانی.txt,۷٫۱۰,5
HP-19 گرده‌افشانی.txt,۷٫۱۱,5
HP-19 گرده‌افشانی.txt,۷٫۱۲,12
HP-19 گرده‌افشانی.txt,۷٫۲,8
HP-19 گرده‌افشانی.txt,۷٫۳,5
HP-19 گرده‌افشانی.txt,۷٫۴,6
HP-19 گرده‌افشانی.txt,۷٫۵,5
HP-19 گرده‌افشانی.txt,۷٫۶,5
HP-19 گرده‌افشانی.txt,۷٫۷,5
HP-19 گرده‌افشانی.txt,۷٫۸,5
HP-19 گرده‌افشانی.txt,۷٫۹,5
HP-19 گرده‌افشانی.txt,۸٫۱,11
HP-19 گرده‌افشانی.txt,۸٫۱۰,5
HP-19 گرده‌افشانی.txt,۸٫۱۱,5
HP-19 گرده‌افشانی.txt,۸٫۱۲,5
HP-19 گرده‌افشانی.txt,۸٫۱۳,13
HP-19 گرده‌افشانی.txt,۸٫۲,13
HP-19 گرده‌افشانی.txt,۸٫۳,6
HP-19 گرده‌افشانی.txt,۸٫۴,5
HP-19 گرده‌افشانی.txt,۸٫۵,5
HP-19 گرده‌افشانی.txt,۸٫۶,6
HP-19 گرده‌افشانی.txt,۸٫۷,5
HP-19 گرده‌افشانی.txt,۸٫۸,5
HP-19 گرده‌افشانی.txt,۸٫۹,5
HP-19 گرده‌افشانی.txt,۹٫۱,18
HP-19 گرده‌افشانی.txt,۹٫۱۰,8
HP-19 گرده‌افشانی.txt,۹٫۱۱,5
HP-19 گرده‌افشانی.txt,۹٫۱۲,5
HP-19 گرده‌افشانی.txt,۹٫۱۳,5
HP-19 گرده‌افشانی.txt,۹٫۱۴,5
HP-19 گرده‌افشانی.txt,۹٫۱۵,5
HP-19 گرده‌افشانی.txt,۹٫۱۶,6
HP-19 گرده‌افشانی.txt,۹٫۱۷,4
HP-19 گرده‌افشانی.txt,۹٫۲,9
HP-19 گرده‌افشانی.txt,۹٫۳,5
HP-19 گرده‌افشانی.txt,۹٫۴,9
HP-19 گرده‌افشانی.txt,۹٫۵,8
HP-19 گرده‌افشانی.txt,۹٫۶,6
HP-19 گرده‌افشانی.txt,۹٫۷,4
HP-19 گرده‌افشانی.txt,۹٫۸,5
HP-19 گرده‌افشانی.txt,۹٫۹,5
HP-20 آبیاری سازگار.txt,۱٫۱,20
HP-20 آبیاری سازگار.txt,۱٫۱۰,11
HP-20 آبیاری سازگار.txt,۱٫۱۱,10
HP-20 آبیاری سازگار.txt,۱٫۱۲,6
HP-20 آبیاری سازگار.txt,۱٫۱۳,6
HP-20 آبیاری سازگار.txt,۱٫۱۴,10
HP-20 آبیاری سازگار.txt,۱٫۱۵,5
HP-20 آبیاری سازگار.txt,۱٫۱۶,6
HP-20 آبیاری سازگار.txt,۱٫۱۷,6
HP-20 آبیاری سازگار.txt,۱٫۱۸,6
HP-20 آبیاری سازگار.txt,۱٫۲,12
HP-20 آبیاری سازگار.txt,۱٫۳,6
HP-20 آبیاری سازگار.txt,۱٫۴,12
HP-20 آبیاری سازگار.txt,۱٫۵,12
HP-20 آبیاری سازگار.txt,۱٫۶,9
HP-20 آبیاری سازگار.txt,۱٫۷,7
HP-20 آبیاری سازگار.txt,۱٫۸,7
HP-20 آبیاری سازگار.txt,۱٫۹,11
HP-20 آبیاری سازگار.txt,۱۰٫۱,12
HP-20 آبیاری سازگار.txt,۱۰٫۱۰,6
HP-20 آبیاری سازگار.txt,۱۰٫۱۱,6
HP-20 آبیاری سازگار.txt,۱۰٫۱۲,7
HP-20 آبیاری سازگار.txt,۱۰٫۱۳,9
HP-20 آبیاری سازگار.txt,۱۰٫۱۴,13
HP-20 آبیاری سازگار.txt,۱۰٫۱۵,12
HP-20 آبیاری سازگار.txt,۱۰٫۲,8
HP-20 آبیاری سازگار.txt,۱۰٫۳,10
HP-20 آبیاری سازگار.txt,۱۰٫۴,9
HP-20 آبیاری سازگار.txt,۱۰٫۵,16
HP-20 آبیاری سازگار.txt,۱۰٫۶,8
HP-20 آبیاری سازگار.txt,۱۰٫۷,10
HP-20 آبیاری سازگار.txt,۱۰٫۸,9
HP-20 آبیاری سازگار.txt,۱۰٫۹,6
HP-20 آبیاری سازگار.txt,۱۱٫۱,13
HP-20 آبیاری سازگار.txt,۱۱٫۱۲,7
HP-20 آبیاری سازگار.txt,۱۱٫۱۳,13
HP-20 آبیاری سازگار.txt,۱۱٫۱۴,11
HP-20 آبیاری سازگار.txt,۱۱٫۱۵,7
HP-20 آبیاری سازگار.txt,۱۱٫۱۶,8
HP-20 آبیاری سازگار.txt,۱۱٫۱۷,20
HP-20 آبیاری سازگار.txt,۱۱٫۱۸,9
HP-20 آبیاری سازگار.txt,۱۱٫۲,10
HP-20 آبیاری سازگار.txt,۱۱٫۴,18
HP-20 آبیاری سازگار.txt,۱۱٫۵,18
HP-20 آبیاری سازگار.txt,۱۱٫۶,5
HP-20 آبیاری سازگار.txt,۱۱٫۷,6
HP-20 آبیاری سازگار.txt,۱۱٫۸,8
HP-20 آبیاری سازگار.txt,۱۱٫۹,8
HP-20 آبیاری سازگار.txt,۱۲٫۱,17
HP-20 آبیاری سازگار.txt,۱۲٫۱۰,13
HP-20 آبیاری سازگار.txt,۱۲٫۱۱,13
HP-20 آبیاری سازگار.txt,۱۲٫۱۳,14
HP-20 آبیاری سازگار.txt,۱۲٫۱۴,15
HP-20 آبیاری سازگار.txt,۱۲٫۲,55
HP-20 آبیاری سازگار.txt,۱۲٫۳,39
HP-20 آبیاری سازگار.txt,۱۲٫۴,12
HP-20 آبیاری سازگار.txt,۱۲٫۵,13
HP-20 آبیاری سازگار.txt,۱۲٫۶,10
HP-20 آبیاری سازگار.txt,۱۲٫۷,11
HP-20 آبیاری سازگار.txt,۱۲٫۸,18
HP-20 آبیاری سازگار.txt,۱۲٫۹,10
HP-20 آبیاری سازگار.txt,۲٫۱,11
HP-20 آبیاری سازگار.txt,۲٫۱۰,6
HP-20 آبیاری سازگار.txt,۲٫۱۱,9
HP-20 آبیاری سازگار.txt,۲٫۱۲,6
HP-20 آبیاری سازگار.txt,۲٫۱۳,14
HP-20 آبیاری سازگار.txt,۲٫۱۴,9
HP-20 آبیاری سازگار.txt,۲٫۱۵,5
HP-20 آبیاری سازگار.txt,۲٫۱۶,9
HP-20 آبیاری سازگار.txt,۲٫۱۷,7
HP-20 آبیاری سازگار.txt,۲٫۱۸,9
HP-20 آبیاری سازگار.txt,۲٫۱۹,7
HP-20 آبیاری سازگار.txt,۲٫۲,8
HP-20 آبیاری سازگار.txt,۲٫۲۰,7
HP-20 آبیاری سازگار.txt,۲٫۲۱,12
HP-20 آبیاری سازگار.txt,۲٫۲۲,6
HP-20 آبیاری سازگار.txt,۲٫۲۳,10
HP-20 آبیاری سازگار.txt,۲٫۲۴,7
HP-20 آبیاری سازگار.txt,۲٫۲۵,7
HP-20 آبیاری سازگار.txt,۲٫۲۶,10
HP-20 آبیاری سازگار.txt,۲٫۳,8
HP-20 آبیاری سازگار.txt,۲٫۴,6
HP-20 آبیاری سازگار.txt,۲٫۵,7
HP-20 آبیاری سازگار.txt,۲٫۶,5
HP-20 آبیاری سازگار.txt,۲٫۷,5
HP-20 آبیاری سازگار.txt,۲٫۸,9
HP-20 آبیاری سازگار.txt,۲٫۹,8
HP-20 آبیاری سازگار.txt,۳٫۱,11
HP-20 آبیاری سازگار.txt,۳٫۱۰,6
HP-20 آبیاری سازگار.txt,۳٫۱۱,8
HP-20 آبیاری سازگار.txt,۳٫۱۲,6
HP-20 آبیاری سازگار.txt,۳٫۱۳,7
HP-20 آبیاری سازگار.txt,۳٫۱۴,7
HP-20 آبیاری سازگار.txt,۳٫۱۵,8
HP-20 آبیاری سازگار.txt,۳٫۱۶,7
HP-20 آبیاری سازگار.txt,۳٫۱۷,7
HP-20 آبیاری سازگار.txt,۳٫۱۸,8
HP-20 آبیاری سازگار.txt,۳٫۱۹,15
HP-20 آبیاری سازگار.txt,۳٫۲,10
HP-20 آبیاری سازگار.txt,۳٫۲۰,17
HP-20 آبیاری سازگار.txt,۳٫۲۱,15
HP-20 آبیاری سازگار.txt,۳٫۲۲,9
HP-20 آبیاری سازگار.txt,۳٫۲۳,8
HP-20 آبیاری سازگار.txt,۳٫۲۴,6
HP-20 آبیاری سازگار.txt,۳٫۲۵,6
HP-20 آبیاری سازگار.txt,۳٫۲۶,12
HP-20 آبیاری سازگار.txt,۳٫۲۷,8
HP-20 آبیاری سازگار.txt,۳٫۳,8
HP-20 آبیاری سازگار.txt,۳٫۴,7
HP-20 آبیاری سازگار.txt,۳٫۵,7
HP-20 آبیاری سازگار.txt,۳٫۶,10
HP-20 آبیاری سازگار.txt,۳٫۸,9
HP-20 آبیاری سازگار.txt,۳٫۹,9
HP-20 آبیاری سازگار.txt,۴٫۱,7
HP-20 آبیاری سازگار.txt,۴٫۱۰,5
HP-20 آبیاری سازگار.txt,۴٫۱۱,7
HP-20 آبیاری سازگار.txt,۴٫۱۲,7
HP-20 آبیاری سازگار.txt,۴٫۱۳,10
HP-20 آبیاری سازگار.txt,۴٫۱۴,13
HP-20 آبیاری سازگار.txt,۴٫۲,8
HP-20 آبیاری سازگار.txt,۴٫۳,7
HP-20 آبیاری سازگار.txt,۴٫۴,9
HP-20 آبیاری سازگار.txt,۴٫۵,8
HP-20 آبیاری سازگار.txt,۴٫۶,7
HP-20 آبیاری سازگار.txt,۴٫۷,15
HP-20 آبیاری سازگار.txt,۴٫۸,9
HP-20 آبیاری سازگار.txt,۴٫۹,8
HP-20 آبیاری سازگار.txt,۵٫۱,8
HP-20 آبیاری سازگار.txt,۵٫۱۰,5
HP-20 آبیاری سازگار.txt,۵٫۱۱,13
HP-20 آبیاری سازگار.txt,۵٫۱۲,7
HP-20 آبیاری سازگار.txt,۵٫۱۳,10
HP-20 آبیاری سازگار.txt,۵٫۲,12
HP-20 آبیاری سازگار.txt,۵٫۳,11
HP-20 آبیاری سازگار.txt,۵٫۴,8
HP-20 آبیاری سازگار.txt,۵٫۵,9
HP-20 آبیاری سازگار.txt,۵٫۶,8
HP-20 آبیاری سازگار.txt,۵٫۷,6
HP-20 آبیاری سازگار.txt,۵٫۸,17
HP-20 آبیاری سازگار.txt,۵٫۹,9
HP-20 آبیاری سازگار.txt,۶٫۱,15
HP-20 آبیاری سازگار.txt,۶٫۱۰,6
HP-20 آبیاری سازگار.txt,۶٫۱۱,12
HP-20 آبیاری سازگار.txt,۶٫۱۲,11
HP-20 آبیاری سازگار.txt,۶٫۱۳,13
HP-20 آبیاری سازگار.txt,۶٫۱۴,7
HP-20 آبیاری سازگار.txt,۶٫۱۵,7
HP-20 آبیاری سازگار.txt,۶٫۱۶,7
HP-20 آبیاری سازگار.txt,۶٫۲,6
HP-20 آبیاری سازگار.txt,۶٫۳,4
HP-20 آبیاری سازگار.txt,۶٫۴,5
HP-20 آبیاری سازگار.txt,۶٫۵,13
HP-20 آبیاری سازگار.txt,۶٫۶,11
HP-20 آبیاری سازگار.txt,۶٫۷,6
HP-20 آبیاری سازگار.txt,۶٫۸,8
HP-20 آبیاری سازگار.txt,۶٫۹,5
HP-20 آبیاری سازگار.txt,۷٫۱,7
HP-20 آبیاری سازگار.txt,۷٫۱۰,13
HP-20 آبیاری سازگار.txt,۷٫۲,16
HP-20 آبیاری سازگار.txt,۷٫۳,9
HP-20 آبیاری سازگار.txt,۷٫۴,9
HP-20 آبیاری سازگار.txt,۷٫۵,5
HP-20 آبیاری سازگار.txt,۷٫۶,9
HP-20 آبیاری سازگار.txt,۷٫۷,10
HP-20 آبیاری سازگار.txt,۷٫۸,5
HP-20 آبیاری سازگار.txt,۷٫۹,10
HP-20 آبیاری سازگار.txt,۸٫۱,9
HP-20 آبیاری سازگار.txt,۸٫۱۰,8
HP-20 آبیاری سازگار.txt,۸٫۱۱,7
HP-20 آبیاری سازگار.txt,۸٫۱۲,13
HP-20 آبیاری سازگار.txt,۸٫۱۳,9
HP-20 آبیاری سازگار.txt,۸٫۱۴,11
HP-20 آبیاری سازگار.txt,۸٫۱۵,7
HP-20 آبیاری سازگار.txt,۸٫۲,10
HP-20 آبیاری سازگار.txt,۸٫۳,6
HP-20 آبیاری سازگار.txt,۸٫۴,5
HP-20 آبیاری سازگار.txt,۸٫۵,6
HP-20 آبیاری سازگار.txt,۸٫۶,7
HP-20 آبیاری سازگار.txt,۸٫۷,11
HP-20 آبیاری سازگار.txt,۸٫۸,5
HP-20 آبیاری سازگار.txt,۸٫۹,7
HP-20 آبیاری سازگار.txt,۹٫۱,16
HP-20 آبیاری سازگار.txt,۹٫۱۰,10
HP-20 آبیاری سازگار.txt,۹٫۱۱,9
HP-20 آبیاری سازگار.txt,۹٫۱۲,8
HP-20 آبیاری سازگار.txt,۹٫۱۳,6
HP-20 آبیاری سازگار.txt,۹٫۱۴,13
HP-20 آبیاری سازگار.txt,۹٫۱۵,14
HP-20 آبیاری سازگار.txt,۹٫۱۶,6
HP-20 آبیاری سازگار.txt,۹٫۱۷,6
HP-20 آبیاری سازگار.txt,۹٫۱۸,9
HP-20 آبیاری سازگار.txt,۹٫۱۹,11
HP-20 آبیاری سازگار.txt,۹٫۲,9
HP-20 آبیاری سازگار.txt,۹٫۲۰,7
HP-20 آبیاری سازگار.txt,۹٫۳,11
HP-20 آبیاری سازگار.txt,۹٫۴,7
HP-20 آبیاری سازگار.txt,۹٫۵,7
HP-20 آبیاری سازگار.txt,۹٫۶,8
HP-20 آبیاری سازگار.txt,۹٫۷,5
HP-20 آبیاری سازگار.txt,۹٫۸,6
HP-20 آبیاری سازگار.txt,۹٫۹,7
HP-21 گردشگری و بوم گردی.txt,۱.۱,4
HP-21 گردشگری و بوم گردی.txt,۱.۱۰,9
HP-21 گردشگری و بوم گردی.txt,۱.۲,4
HP-21 گردشگری و بوم گردی.txt,۱.۳,10
HP-21 گردشگری و بوم گردی.txt,۱.۴,12
HP-21 گردشگری و بوم گردی.txt,۱.۵,6
HP-21 گردشگری و بوم گردی.txt,۱.۶,4
HP-21 گردشگری و بوم گردی.txt,۱.۷,4
HP-21 گردشگری و بوم گردی.txt,۱.۸,6
HP-21 گردشگری و بوم گردی.txt,۱.۹,5
HP-21 گردشگری و بوم گردی.txt,۱۰.۱,4
HP-21 گردشگری و بوم گردی.txt,۱۰.۱۰,9
HP-21 گردشگری و بوم گردی.txt,۱۰.۱۱,7
HP-21 گردشگری و بوم گردی.txt,۱۰.۱۲,9
HP-21 گردشگری و بوم گردی.txt,۱۰.۱۳,5
HP-21 گردشگری و بوم گردی.txt,۱۰.۱۴,12
HP-21 گردشگری و بوم گردی.txt,۱۰.۱۵,11
HP-21 گردشگری و بوم گردی.txt,۱۰.۱۶,6
HP-21 گردشگری و بوم گردی.txt,۱۰.۱۷,6
HP-21 گردشگری و بوم گردی.txt,۱۰.۲,10
HP-21 گردشگری و بوم گردی.txt,۱۰.۳,9
HP-21 گردشگری و بوم گردی.txt,۱۰.۴,7
HP-21 گردشگری و بوم گردی.txt,۱۰.۵,6
HP-21 گردشگری و بوم گردی.txt,۱۰.۶,12
HP-21 گردشگری و بوم گردی.txt,۱۰.۷,9
HP-21 گردشگری و بوم گردی.txt,۱۰.۸,5
HP-21 گردشگری و بوم گردی.txt,۱۰.۹,12
HP-21 گردشگری و بوم گردی.txt,۱۱.۰,5
HP-21 گردشگری و بوم گردی.txt,۱۱.۱,6
HP-21 گردشگری و بوم گردی.txt,۱۱.۲,6
HP-21 گردشگری و بوم گردی.txt,۱۱.۳,12
HP-21 گردشگری و بوم گردی.txt,۱۱.۴,8
HP-21 گردشگری و بوم گردی.txt,۱۱.۵,11
HP-21 گردشگری و بوم گردی.txt,۱۱.۶,9
HP-21 گردشگری و بوم گردی.txt,۱۱.۹,6
HP-21 گردشگری و بوم گردی.txt,۱۲.۰,6
HP-21 گردشگری و بوم گردی.txt,۱۲.۱,43
HP-21 گردشگری و بوم گردی.txt,۱۲.۲,16
HP-21 گردشگری و بوم گردی.txt,۱۲.۳,35
HP-21 گردشگری و بوم گردی.txt,۱۲.۴,15
HP-21 گردشگری و بوم گردی.txt,۱۲.۵,2
HP-21 گردشگری و بوم گردی.txt,۱۲.۶,16
HP-21 گردشگری و بوم گردی.txt,۱۲.۷,5
HP-21 گردشگری و بوم گردی.txt,۱۲.۸,9
HP-21 گردشگری و بوم گردی.txt,۲.۱,8
HP-21 گردشگری و بوم گردی.txt,۲.۱۰,7
HP-21 گردشگری و بوم گردی.txt,۲.۱۱,7
HP-21 گردشگری و بوم گردی.txt,۲.۱۲,7
HP-21 گردشگری و بوم گردی.txt,۲.۱۳,12
HP-21 گردشگری و بوم گردی.txt,۲.۲,7
HP-21 گردشگری و بوم گردی.txt,۲.۳,7
HP-21 گردشگری و بوم گردی.txt,۲.۴,7
HP-21 گردشگری و بوم گردی.txt,۲.۵,7
HP-21 گردشگری و بوم گردی.txt,۲.۶,7
HP-21 گردشگری و بوم گردی.txt,۲.۷,7
HP-21 گردشگری و بوم گردی.txt,۲.۸,7
HP-21 گردشگری و بوم گردی.txt,۲.۹,7
HP-21 گردشگری و بوم گردی.txt,۳.۱,4
HP-21 گردشگری و بوم گردی.txt,۳.۱۰,8
HP-21 گردشگری و بوم گردی.txt,۳.۱۱,8
HP-21 گردشگری و بوم گردی.txt,۳.۱۲,11
HP-21 گردشگری و بوم گردی.txt,۳.۱۳,4
HP-21 گردشگری و بوم گردی.txt,۳.۱۴,5
HP-21 گردشگری و بوم گردی.txt,۳.۱۵,5
HP-21 گردشگری و بوم گردی.txt,۳.۲,7
HP-21 گردشگری و بوم گردی.txt,۳.۳,13
HP-21 گردشگری و بوم گردی.txt,۳.۴,13
HP-21 گردشگری و بوم گردی.txt,۳.۵,6
HP-21 گردشگری و بوم گردی.txt,۳.۶,5
HP-21 گردشگری و بوم گردی.txt,۳.۷,7
HP-21 گردشگری و بوم گردی.txt,۳.۸,9
HP-21 گردشگری و بوم گردی.txt,۳.۹,8
HP-21 گردشگری و بوم گردی.txt,۴.۱,6
HP-21 گردشگری و بوم گردی.txt,۴.۱۰,12
HP-21 گردشگری و بوم گردی.txt,۴.۱۱,5
HP-21 گردشگری و بوم گردی.txt,۴.۱۲,9
HP-21 گردشگری و بوم گردی.txt,۴.۱۳,5
HP-21 گردشگری و بوم گردی.txt,۴.۱۴,8
HP-21 گردشگری و بوم گردی.txt,۴.۲,11
HP-21 گردشگری و بوم گردی.txt,۴.۳,5
HP-21 گردشگری و بوم گردی.txt,۴.۴,8
HP-21 گردشگری و بوم گردی.txt,۴.۵,13
HP-21 گردشگری و بوم گردی.txt,۴.۶,7
HP-21 گردشگری و بوم گردی.txt,۴.۷,4
HP-21 گردشگری و بوم گردی.txt,۴.۸,7
HP-21 گردشگری و بوم گردی.txt,۴.۹,5
HP-21 گردشگری و بوم گردی.txt,۵.۱,4
HP-21 گردشگری و بوم گردی.txt,۵.۱۰,5
HP-21 گردشگری و بوم گردی.txt,۵.۱۱,3
HP-21 گردشگری و بوم گردی.txt,۵.۱۲,13
HP-21 گردشگری و بوم گردی.txt,۵.۱۳,4
HP-21 گردشگری و بوم گردی.txt,۵.۱۴,6
HP-21 گردشگری و بوم گردی.txt,۵.۱۵,6
HP-21 گردشگری و بوم گردی.txt,۵.۱۶,5
HP-21 گردشگری و بوم گردی.txt,۵.۱۷,5
HP-21 گردشگری و بوم گردی.txt,۵.۱۸,5
HP-21 گردشگری و بوم گردی.txt,۵.۱۹,6
HP-21 گردشگری و بوم گردی.txt,۵.۲,13
HP-21 گردشگری و بوم گردی.txt,۵.۲۰,4
HP-21 گردشگری و بوم گردی.txt,۵.۲۱,5
HP-21 گردشگری و بوم گردی.txt,۵.۲۲,5
HP-21 گردشگری و بوم گردی.txt,۵.۳,11
HP-21 گردشگری و بوم گردی.txt,۵.۴,10
HP-21 گردشگری و بوم گردی.txt,۵.۵,13
HP-21 گردشگری و بوم گردی.txt,۵.۶,12
HP-21 گردشگری و بوم گردی.txt,۵.۷,11
HP-21 گردشگری و بوم گردی.txt,۵.۸,8
HP-21 گردشگری و بوم گردی.txt,۵.۹,9
HP-21 گردشگری و بوم گردی.txt,۶.۱,4
HP-21 گردشگری و بوم گردی.txt,۶.۱۰,4
HP-21 گردشگری و بوم گردی.txt,۶.۱۱,9
HP-21 گردشگری و بوم گردی.txt,۶.۱۲,12
HP-21 گردشگری و بوم گردی.txt,۶.۱۳,12
HP-21 گردشگری و بوم گردی.txt,۶.۱۴,5
HP-21 گردشگری و بوم گردی.txt,۶.۱۵,6
HP-21 گردشگری و بوم گردی.txt,۶.۱۶,6
HP-21 گردشگری و بوم گردی.txt,۶.۱۷,5
HP-21 گردشگری و بوم گردی.txt,۶.۱۸,6
HP-21 گردشگری و بوم گردی.txt,۶.۱۹,5
HP-21 گردشگری و بوم گردی.txt,۶.۲,6
HP-21 گردشگری و بوم گردی.txt,۶.۲۰,6
HP-21 گردشگری و بوم گردی.txt,۶.۲۱,6
HP-21 گردشگری و بوم گردی.txt,۶.۲۲,6
HP-21 گردشگری و بوم گردی.txt,۶.۳,4
HP-21 گردشگری و بوم گردی.txt,۶.۴,10
HP-21 گردشگری و بوم گردی.txt,۶.۵,8
HP-21 گردشگری و بوم گردی.txt,۶.۶,13
HP-21 گردشگری و بوم گردی.txt,۶.۷,7
HP-21 گردشگری و بوم گردی.txt,۶.۸,4
HP-21 گردشگری و بوم گردی.txt,۶.۹,7
HP-21 گردشگری و بوم گردی.txt,۷.۱,6
HP-21 گردشگری و بوم گردی.txt,۷.۲,12
HP-21 گردشگری و بوم گردی.txt,۷.۳,6
HP-21 گردشگری و بوم گردی.txt,۷.۴,7
HP-21 گردشگری و بوم گردی.txt,۷.۵,8
HP-21 گردشگری و بوم گردی.txt,۷.۶,5
HP-21 گردشگری و بوم گردی.txt,۷.۷,5
HP-21 گردشگری و بوم گردی.txt,۷.۸,5
HP-21 گردشگری و بوم گردی.txt,۷.۹,6
HP-21 گردشگری و بوم گردی.txt,۸.۱,10
HP-21 گردشگری و بوم گردی.txt,۸.۱۰,6
HP-21 گردشگری و بوم گردی.txt,۸.۱۱,6
HP-21 گردشگری و بوم گردی.txt,۸.۱۲,6
HP-21 گردشگری و بوم گردی.txt,۸.۱۳,6
HP-21 گردشگری و بوم گردی.txt,۸.۱۴,6
HP-21 گردشگری و بوم گردی.txt,۸.۱۵,6
HP-21 گردشگری و بوم گردی.txt,۸.۱۶,6
HP-21 گردشگری و بوم گردی.txt,۸.۲,5
HP-21 گردشگری و بوم گردی.txt,۸.۳,4
HP-21 گردشگری و بوم گردی.txt,۸.۴,4
HP-21 گردشگری و بوم گردی.txt,۸.۵,4
HP-21 گردشگری و بوم گردی.txt,۸.۶,6
HP-21 گردشگری و بوم گردی.txt,۸.۷,6
HP-21 گردشگری و بوم گردی.txt,۸.۸,9
HP-21 گردشگری و بوم گردی.txt,۸.۹,6
HP-21 گردشگری و بوم گردی.txt,۹.۱,8
HP-21 گردشگری و بوم گردی.txt,۹.۲,6
HP-21 گردشگری و بوم گردی.txt,۹.۳,11
HP-21 گردشگری و بوم گردی.txt,۹.۴,10
HP-21 گردشگری و بوم گردی.txt,۹.۵,6
HP-21 گردشگری و بوم گردی.txt,۹.۶,8
HP-21 گردشگری و بوم گردی.txt,۹.۷,8
HP-21 گردشگری و بوم گردی.txt,۹.۸,6
HP-21 گردشگری و بوم گردی.txt,۹.۹,6
HP-22 صنایع تبدیل.txt,۱٫۱,19
HP-22 صنایع تبدیل.txt,۱٫۱۰,6
HP-22 صنایع تبدیل.txt,۱٫۲,8
HP-22 صنایع تبدیل.txt,۱٫۳,6
HP-22 صنایع تبدیل.txt,۱٫۴,8
HP-22 صنایع تبدیل.txt,۱٫۵,11
HP-22 صنایع تبدیل.txt,۱٫۶,10
HP-22 صنایع تبدیل.txt,۱٫۷,24
HP-22 صنایع تبدیل.txt,۱٫۸,12
HP-22 صنایع تبدیل.txt,۱٫۹,4
HP-22 صنایع تبدیل.txt,۱۰٫۱,16
HP-22 صنایع تبدیل.txt,۱۰٫۱۰,10
HP-22 صنایع تبدیل.txt,۱۰٫۱۱,9
HP-22 صنایع تبدیل.txt,۱۰٫۱۲,5
HP-22 صنایع تبدیل.txt,۱۰٫۲,8
HP-22 صنایع تبدیل.txt,۱۰٫۳,8
HP-22 صنایع تبدیل.txt,۱۰٫۴,10
HP-22 صنایع تبدیل.txt,۱۰٫۵,11
HP-22 صنایع تبدیل.txt,۱۰٫۶,9
HP-22 صنایع تبدیل.txt,۱۰٫۷,19
HP-22 صنایع تبدیل.txt,۱۰٫۸,6
HP-22 صنایع تبدیل.txt,۱۰٫۹,9
HP-22 صنایع تبدیل.txt,۱۱٫۱,15
HP-22 صنایع تبدیل.txt,۱۱٫۱۰,5
HP-22 صنایع تبدیل.txt,۱۱٫۱۱,6
HP-22 صنایع تبدیل.txt,۱۱٫۲,7
HP-22 صنایع تبدیل.txt,۱۱٫۳,8
HP-22 صنایع تبدیل.txt,۱۱٫۴,13
HP-22 صنایع تبدیل.txt,۱۱٫۵,23
HP-22 صنایع تبدیل.txt,۱۱٫۶,11
HP-22 صنایع تبدیل.txt,۱۱٫۷,11
HP-22 صنایع تبدیل.txt,۱۱٫۸,7
HP-22 صنایع تبدیل.txt,۱۱٫۹,11
HP-22 صنایع تبدیل.txt,۱۲٫۱,54
HP-22 صنایع تبدیل.txt,۱۲٫۲,25
HP-22 صنایع تبدیل.txt,۱۲٫۳,30
HP-22 صنایع تبدیل.txt,۱۲٫۴,10
HP-22 صنایع تبدیل.txt,۱۲٫۵,18
HP-22 صنایع تبدیل.txt,۱۲٫۶,14
HP-22 صنایع تبدیل.txt,۱۲٫۷,31
HP-22 صنایع تبدیل.txt,۱۲٫۸,8
HP-22 صنایع تبدیل.txt,۲٫۱,7
HP-22 صنایع تبدیل.txt,۲٫۱۰,12
HP-22 صنایع تبدیل.txt,۲٫۱۱,10
HP-22 صنایع تبدیل.txt,۲٫۱۲,11
HP-22 صنایع تبدیل.txt,۲٫۱۳,5
HP-22 صنایع تبدیل.txt,۲٫۱۴,7
HP-22 صنایع تبدیل.txt,۲٫۱۵,6
HP-22 صنایع تبدیل.txt,۲٫۲,7
HP-22 صنایع تبدیل.txt,۲٫۳,6
HP-22 صنایع تبدیل.txt,۲٫۴,7
HP-22 صنایع تبدیل.txt,۲٫۵,6
HP-22 صنایع تبدیل.txt,۲٫۶,8
HP-22 صنایع تبدیل.txt,۲٫۷,8
HP-22 صنایع تبدیل.txt,۲٫۸,10
HP-22 صنایع تبدیل.txt,۲٫۹,4
HP-22 صنایع تبدیل.txt,۳٫۱,7
HP-22 صنایع تبدیل.txt,۳٫۱۰,9
HP-22 صنایع تبدیل.txt,۳٫۱۱,6
HP-22 صنایع تبدیل.txt,۳٫۱۲,5
HP-22 صنایع تبدیل.txt,۳٫۱۳,6
HP-22 صنایع تبدیل.txt,۳٫۱۴,5
HP-22 صنایع تبدیل.txt,۳٫۱۵,7
HP-22 صنایع تبدیل.txt,۳٫۱۶,7
HP-22 صنایع تبدیل.txt,۳٫۱۷,5
HP-22 صنایع تبدیل.txt,۳٫۱۸,5
HP-22 صنایع تبدیل.txt,۳٫۱۹,16
HP-22 صنایع تبدیل.txt,۳٫۲,4
HP-22 صنایع تبدیل.txt,۳٫۲۰,9
HP-22 صنایع تبدیل.txt,۳٫۲۱,8
HP-22 صنایع تبدیل.txt,۳٫۳,6
HP-22 صنایع تبدیل.txt,۳٫۴,6
HP-22 صنایع تبدیل.txt,۳٫۵,5
HP-22 صنایع تبدیل.txt,۳٫۶,6
HP-22 صنایع تبدیل.txt,۳٫۷,7
HP-22 صنایع تبدیل.txt,۳٫۸,7
HP-22 صنایع تبدیل.txt,۳٫۹,5
HP-22 صنایع تبدیل.txt,۴٫۱,7
HP-22 صنایع تبدیل.txt,۴٫۱۰,8
HP-22 صنایع تبدیل.txt,۴٫۱۱,8
HP-22 صنایع تبدیل.txt,۴٫۱۲,12
HP-22 صنایع تبدیل.txt,۴٫۱۳,8
HP-22 صنایع تبدیل.txt,۴٫۲,7
HP-22 صنایع تبدیل.txt,۴٫۳,7
HP-22 صنایع تبدیل.txt,۴٫۴,7
HP-22 صنایع تبدیل.txt,۴٫۵,7
HP-22 صنایع تبدیل.txt,۴٫۶,7
HP-22 صنایع تبدیل.txt,۴٫۷,8
HP-22 صنایع تبدیل.txt,۴٫۸,16
HP-22 صنایع تبدیل.txt,۴٫۹,4
HP-22 صنایع تبدیل.txt,۵٫۱,7
HP-22 صنایع تبدیل.txt,۵٫۱۰,6
HP-22 صنایع تبدیل.txt,۵٫۱۱,5
HP-22 صنایع تبدیل.txt,۵٫۱۲,6
HP-22 صنایع تبدیل.txt,۵٫۲,18
HP-22 صنایع تبدیل.txt,۵٫۳,8
HP-22 صنایع تبدیل.txt,۵٫۴,6
HP-22 صنایع تبدیل.txt,۵٫۵,7
HP-22 صنایع تبدیل.txt,۵٫۶,11
HP-22 صنایع تبدیل.txt,۵٫۷,8
HP-22 صنایع تبدیل.txt,۵٫۸,5
HP-22 صنایع تبدیل.txt,۵٫۹,5
HP-22 صنایع تبدیل.txt,۶٫۱,13
HP-22 صنایع تبدیل.txt,۶٫۱۰,6
HP-22 صنایع تبدیل.txt,۶٫۱۱,6
HP-22 صنایع تبدیل.txt,۶٫۲,5
HP-22 صنایع تبدیل.txt,۶٫۳,9
HP-22 صنایع تبدیل.txt,۶٫۴,5
HP-22 صنایع تبدیل.txt,۶٫۵,10
HP-22 صنایع تبدیل.txt,۶٫۶,6
HP-22 صنایع تبدیل.txt,۶٫۷,6
HP-22 صنایع تبدیل.txt,۶٫۸,5
HP-22 صنایع تبدیل.txt,۶٫۹,7
HP-22 صنایع تبدیل.txt,۷٫۱,9
HP-22 صنایع تبدیل.txt,۷٫۱۰,10
HP-22 صنایع تبدیل.txt,۷٫۱۱,7
HP-22 صنایع تبدیل.txt,۷٫۱۲,7
HP-22 صنایع تبدیل.txt,۷٫۲,13
HP-22 صنایع تبدیل.txt,۷٫۳,4
HP-22 صنایع تبدیل.txt,۷٫۴,9
HP-22 صنایع تبدیل.txt,۷٫۵,7
HP-22 صنایع تبدیل.txt,۷٫۶,6
HP-22 صنایع تبدیل.txt,۷٫۷,8
HP-22 صنایع تبدیل.txt,۷٫۸,9
HP-22 صنایع تبدیل.txt,۷٫۹,8
HP-22 صنایع تبدیل.txt,۸٫۱,14
HP-22 صنایع تبدیل.txt,۸٫۱۰,5
HP-22 صنایع تبدیل.txt,۸٫۱۱,5
HP-22 صنایع تبدیل.txt,۸٫۱۲,5
HP-22 صنایع تبدیل.txt,۸٫۲,8
HP-22 صنایع تبدیل.txt,۸٫۳,6
HP-22 صنایع تبدیل.txt,۸٫۴,7
HP-22 صنایع تبدیل.txt,۸٫۵,14
HP-22 صنایع تبدیل.txt,۸٫۶,7
HP-22 صنایع تبدیل.txt,۸٫۷,12
HP-22 صنایع تبدیل.txt,۸٫۸,8
HP-22 صنایع تبدیل.txt,۸٫۹,6
HP-22 صنایع تبدیل.txt,۹٫۱,16
HP-22 صنایع تبدیل.txt,۹٫۱۰,17
HP-22 صنایع تبدیل.txt,۹٫۱۱,9
HP-22 صنایع تبدیل.txt,۹٫۱۲,9
HP-22 صنایع تبدیل.txt,۹٫۱۳,7
HP-22 صنایع تبدیل.txt,۹٫۱۴,9
HP-22 صنایع تبدیل.txt,۹٫۱۵,5
HP-22 صنایع تبدیل.txt,۹٫۲,9
HP-22 صنایع تبدیل.txt,۹٫۳,12
HP-22 صنایع تبدیل.txt,۹٫۴,5
HP-22 صنایع تبدیل.txt,۹٫۵,11
HP-22 صنایع تبدیل.txt,۹٫۶,8
HP-22 صنایع تبدیل.txt,۹٫۷,5
HP-22 صنایع تبدیل.txt,۹٫۸,9
HP-22 صنایع تبدیل.txt,۹٫۹,5
HP-23 حکمرانی و اشتغال.txt,۱٫۱,17
HP-23 حکمرانی و اشتغال.txt,۱٫۱۰,6
HP-23 حکمرانی و اشتغال.txt,۱٫۱۱,6
HP-23 حکمرانی و اشتغال.txt,۱٫۱۲,11
HP-23 حکمرانی و اشتغال.txt,۱٫۱۳,8
HP-23 حکمرانی و اشتغال.txt,۱٫۱۴,5
HP-23 حکمرانی و اشتغال.txt,۱٫۱۵,12
HP-23 حکمرانی و اشتغال.txt,۱٫۲,12
HP-23 حکمرانی و اشتغال.txt,۱٫۳,8
HP-23 حکمرانی و اشتغال.txt,۱٫۴,4
HP-23 حکمرانی و اشتغال.txt,۱٫۵,12
HP-23 حکمرانی و اشتغال.txt,۱٫۶,24
HP-23 حکمرانی و اشتغال.txt,۱٫۷,8
HP-23 حکمرانی و اشتغال.txt,۱٫۸,6
HP-23 حکمرانی و اشتغال.txt,۱٫۹,5
HP-23 حکمرانی و اشتغال.txt,۱۰٫۱,12
HP-23 حکمرانی و اشتغال.txt,۱۰٫۱۰,7
HP-23 حکمرانی و اشتغال.txt,۱۰٫۱۱,5
HP-23 حکمرانی و اشتغال.txt,۱۰٫۱۲,9
HP-23 حکمرانی و اشتغال.txt,۱۰٫۱۳,5
HP-23 حکمرانی و اشتغال.txt,۱۰٫۲,7
HP-23 حکمرانی و اشتغال.txt,۱۰٫۳,9
HP-23 حکمرانی و اشتغال.txt,۱۰٫۴,10
HP-23 حکمرانی و اشتغال.txt,۱۰٫۵,8
HP-23 حکمرانی و اشتغال.txt,۱۰٫۶,8
HP-23 حکمرانی و اشتغال.txt,۱۰٫۷,12
HP-23 حکمرانی و اشتغال.txt,۱۰٫۸,12
HP-23 حکمرانی و اشتغال.txt,۱۰٫۹,12
HP-23 حکمرانی و اشتغال.txt,۱۱٫۱,11
HP-23 حکمرانی و اشتغال.txt,۱۱٫۱۰,5
HP-23 حکمرانی و اشتغال.txt,۱۱٫۲,8
HP-23 حکمرانی و اشتغال.txt,۱۱٫۳,14
HP-23 حکمرانی و اشتغال.txt,۱۱٫۴,21
HP-23 حکمرانی و اشتغال.txt,۱۱٫۵,9
HP-23 حکمرانی و اشتغال.txt,۱۱٫۶,9
HP-23 حکمرانی و اشتغال.txt,۱۱٫۷,6
HP-23 حکمرانی و اشتغال.txt,۱۱٫۸,5
HP-23 حکمرانی و اشتغال.txt,۱۱٫۹,11
HP-23 حکمرانی و اشتغال.txt,۱۲٫۱,23
HP-23 حکمرانی و اشتغال.txt,۱۲٫۱۱,21
HP-23 حکمرانی و اشتغال.txt,۱۲٫۱۲,32
HP-23 حکمرانی و اشتغال.txt,۱۲٫۱۳,12
HP-23 حکمرانی و اشتغال.txt,۱۲٫۱۴,18
HP-23 حکمرانی و اشتغال.txt,۱۲٫۱۵,14
HP-23 حکمرانی و اشتغال.txt,۱۲٫۱۶,15
HP-23 حکمرانی و اشتغال.txt,۱۲٫۱۷,1
HP-23 حکمرانی و اشتغال.txt,۱۲٫۱۸,17
HP-23 حکمرانی و اشتغال.txt,۱۲٫۱۹,7
HP-23 حکمرانی و اشتغال.txt,۱۲٫۲,28
HP-23 حکمرانی و اشتغال.txt,۱۲٫۲۰,22
HP-23 حکمرانی و اشتغال.txt,۱۲٫۲۱,5
HP-23 حکمرانی و اشتغال.txt,۱۲٫۳,36
HP-23 حکمرانی و اشتغال.txt,۲٫۱,8
HP-23 حکمرانی و اشتغال.txt,۲٫۱۰,8
HP-23 حکمرانی و اشتغال.txt,۲٫۱۱,9
HP-23 حکمرانی و اشتغال.txt,۲٫۱۲,14
HP-23 حکمرانی و اشتغال.txt,۲٫۱۳,6
HP-23 حکمرانی و اشتغال.txt,۲٫۱۴,12
HP-23 حکمرانی و اشتغال.txt,۲٫۱۵,9
HP-23 حکمرانی و اشتغال.txt,۲٫۱۶,9
HP-23 حکمرانی و اشتغال.txt,۲٫۱۷,5
HP-23 حکمرانی و اشتغال.txt,۲٫۱۸,5
HP-23 حکمرانی و اشتغال.txt,۲٫۱۹,5
HP-23 حکمرانی و اشتغال.txt,۲٫۲,8
HP-23 حکمرانی و اشتغال.txt,۲٫۲۰,6
HP-23 حکمرانی و اشتغال.txt,۲٫۲۱,12
HP-23 حکمرانی و اشتغال.txt,۲٫۳,7
HP-23 حکمرانی و اشتغال.txt,۲٫۴,7
HP-23 حکمرانی و اشتغال.txt,۲٫۵,8
HP-23 حکمرانی و اشتغال.txt,۲٫۶,8
HP-23 حکمرانی و اشتغال.txt,۲٫۷,7
HP-23 حکمرانی و اشتغال.txt,۲٫۸,7
HP-23 حکمرانی و اشتغال.txt,۲٫۹,8
HP-23 حکمرانی و اشتغال.txt,۳٫۱,7
HP-23 حکمرانی و اشتغال.txt,۳٫۱۰,6
HP-23 حکمرانی و اشتغال.txt,۳٫۱۱,7
HP-23 حکمرانی و اشتغال.txt,۳٫۱۲,25
HP-23 حکمرانی و اشتغال.txt,۳٫۱۳,8
HP-23 حکمرانی و اشتغال.txt,۳٫۱۴,6
HP-23 حکمرانی و اشتغال.txt,۳٫۱۵,8
HP-23 حکمرانی و اشتغال.txt,۳٫۱۶,6
HP-23 حکمرانی و اشتغال.txt,۳٫۱۷,11
HP-23 حکمرانی و اشتغال.txt,۳٫۱۸,5
HP-23 حکمرانی و اشتغال.txt,۳٫۱۹,7
HP-23 حکمرانی و اشتغال.txt,۳٫۲,6
HP-23 حکمرانی و اشتغال.txt,۳٫۲۰,6
HP-23 حکمرانی و اشتغال.txt,۳٫۲۱,8
HP-23 حکمرانی و اشتغال.txt,۳٫۲۲,9
HP-23 حکمرانی و اشتغال.txt,۳٫۲۳,5
HP-23 حکمرانی و اشتغال.txt,۳٫۲۴,6
HP-23 حکمرانی و اشتغال.txt,۳٫۲۵,5
HP-23 حکمرانی و اشتغال.txt,۳٫۲۶,8
HP-23 حکمرانی و اشتغال.txt,۳٫۲۷,5
HP-23 حکمرانی و اشتغال.txt,۳٫۲۸,10
HP-23 حکمرانی و اشتغال.txt,۳٫۲۹,16
HP-23 حکمرانی و اشتغال.txt,۳٫۳,7
HP-23 حکمرانی و اشتغال.txt,۳٫۳۰,12
HP-23 حکمرانی و اشتغال.txt,۳٫۳۱,14
HP-23 حکمرانی و اشتغال.txt,۳٫۳۲,8
HP-23 حکمرانی و اشتغال.txt,۳٫۳۳,14
HP-23 حکمرانی و اشتغال.txt,۳٫۳۴,14
HP-23 حکمرانی و اشتغال.txt,۳٫۳۵,12
HP-23 حکمرانی و اشتغال.txt,۳٫۴,4
HP-23 حکمرانی و اشتغال.txt,۳٫۵,8
HP-23 حکمرانی و اشتغال.txt,۳٫۶,7
HP-23 حکمرانی و اشتغال.txt,۳٫۷,5
HP-23 حکمرانی و اشتغال.txt,۳٫۹,11
HP-23 حکمرانی و اشتغال.txt,۴٫۱,6
HP-23 حکمرانی و اشتغال.txt,۴٫۱۰,8
HP-23 حکمرانی و اشتغال.txt,۴٫۱۱,5
HP-23 حکمرانی و اشتغال.txt,۴٫۱۲,5
HP-23 حکمرانی و اشتغال.txt,۴٫۱۳,9
HP-23 حکمرانی و اشتغال.txt,۴٫۱۴,8
HP-23 حکمرانی و اشتغال.txt,۴٫۱۵,9
HP-23 حکمرانی و اشتغال.txt,۴٫۱۶,10
HP-23 حکمرانی و اشتغال.txt,۴٫۲,8
HP-23 حکمرانی و اشتغال.txt,۴٫۳,7
HP-23 حکمرانی و اشتغال.txt,۴٫۴,7
HP-23 حکمرانی و اشتغال.txt,۴٫۵,7
HP-23 حکمرانی و اشتغال.txt,۴٫۶,8
HP-23 حکمرانی و اشتغال.txt,۴٫۷,8
HP-23 حکمرانی و اشتغال.txt,۴٫۸,7
HP-23 حکمرانی و اشتغال.txt,۴٫۹,8
HP-23 حکمرانی و اشتغال.txt,۵٫۱,14
HP-23 حکمرانی و اشتغال.txt,۵٫۱۰,6
HP-23 حکمرانی و اشتغال.txt,۵٫۱۱,21
HP-23 حکمرانی و اشتغال.txt,۵٫۱۲,12
HP-23 حکمرانی و اشتغال.txt,۵٫۱۳,6
HP-23 حکمرانی و اشتغال.txt,۵٫۱۴,8
HP-23 حکمرانی و اشتغال.txt,۵٫۱۵,10
HP-23 حکمرانی و اشتغال.txt,۵٫۱۶,6
HP-23 حکمرانی و اشتغال.txt,۵٫۲,16
HP-23 حکمرانی و اشتغال.txt,۵٫۳,9
HP-23 حکمرانی و اشتغال.txt,۵٫۴,6
HP-23 حکمرانی و اشتغال.txt,۵٫۵,8
HP-23 حکمرانی و اشتغال.txt,۵٫۶,6
HP-23 حکمرانی و اشتغال.txt,۵٫۷,6
HP-23 حکمرانی و اشتغال.txt,۵٫۸,8
HP-23 حکمرانی و اشتغال.txt,۵٫۹,8
HP-23 حکمرانی و اشتغال.txt,۶٫۱,20
HP-23 حکمرانی و اشتغال.txt,۶٫۱۰,6
HP-23 حکمرانی و اشتغال.txt,۶٫۱۱,7
HP-23 حکمرانی و اشتغال.txt,۶٫۱۲,6
HP-23 حکمرانی و اشتغال.txt,۶٫۲,9
HP-23 حکمرانی و اشتغال.txt,۶٫۳,6
HP-23 حکمرانی و اشتغال.txt,۶٫۴,6
HP-23 حکمرانی و اشتغال.txt,۶٫۵,9
HP-23 حکمرانی و اشتغال.txt,۶٫۶,9
HP-23 حکمرانی و اشتغال.txt,۶٫۷,9
HP-23 حکمرانی و اشتغال.txt,۶٫۸,5
HP-23 حکمرانی و اشتغال.txt,۶٫۹,6
HP-23 حکمرانی و اشتغال.txt,۷٫۱,8
HP-23 حکمرانی و اشتغال.txt,۷٫۲,17
HP-23 حکمرانی و اشتغال.txt,۷٫۳,6
HP-23 حکمرانی و اشتغال.txt,۷٫۴,6
HP-23 حکمرانی و اشتغال.txt,۷٫۵,7
HP-23 حکمرانی و اشتغال.txt,۷٫۶,5
HP-23 حکمرانی و اشتغال.txt,۷٫۷,9
HP-23 حکمرانی و اشتغال.txt,۷٫۸,10
HP-23 حکمرانی و اشتغال.txt,۷٫۹,9
HP-23 حکمرانی و اشتغال.txt,۸٫۱,13
HP-23 حکمرانی و اشتغال.txt,۸٫۱۰,5
HP-23 حکمرانی و اشتغال.txt,۸٫۱۱,10
HP-23 حکمرانی و اشتغال.txt,۸٫۲,17
HP-23 حکمرانی و اشتغال.txt,۸٫۳,8
HP-23 حکمرانی و اشتغال.txt,۸٫۴,8
HP-23 حکمرانی و اشتغال.txt,۸٫۵,5
HP-23 حکمرانی و اشتغال.txt,۸٫۶,5
HP-23 حکمرانی و اشتغال.txt,۸٫۷,5
HP-23 حکمرانی و اشتغال.txt,۸٫۸,10
HP-23 حکمرانی و اشتغال.txt,۸٫۹,6
HP-23 حکمرانی و اشتغال.txt,۹٫۱,13
HP-23 حکمرانی و اشتغال.txt,۹٫۱۰,7
HP-23 حکمرانی و اشتغال.txt,۹٫۱۱,7
HP-23 حکمرانی و اشتغال.txt,۹٫۱۲,5
HP-23 حکمرانی و اشتغال.txt,۹٫۱۳,7
HP-23 حکمرانی و اشتغال.txt,۹٫۱۴,10
HP-23 حکمرانی و اشتغال.txt,۹٫۲,8
HP-23 حکمرانی و اشتغال.txt,۹٫۳,5
HP-23 حکمرانی و اشتغال.txt,۹٫۴,9
HP-23 حکمرانی و اشتغال.txt,۹٫۵,9
HP-23 حکمرانی و اشتغال.txt,۹٫۶,9
HP-23 حکمرانی و اشتغال.txt,۹٫۷,9
HP-23 حکمرانی و اشتغال.txt,۹٫۸,9
HP-23 حکمرانی و اشتغال.txt,۹٫۹,7
